"BillOfMaterialsID","ProductAssemblyID","ComponentID","StartDate","EndDate","UnitMeasureCode","BOMLevel","PerAssemblyQty","ModifiedDate"
"893","","749","5/26/2010 12:00:00 AM","","EA ","0","1.00","5/12/2010 12:00:00 AM"
"271","","750","3/4/2010 12:00:00 AM","5/3/2010 12:00:00 AM","EA ","0","1.00","5/3/2010 12:00:00 AM"
"34","","750","5/4/2010 12:00:00 AM","","EA ","0","1.00","4/20/2010 12:00:00 AM"
"830","","751","5/26/2010 12:00:00 AM","","EA ","0","1.00","5/12/2010 12:00:00 AM"
"2074","","752","7/8/2010 12:00:00 AM","","EA ","0","1.00","6/24/2010 12:00:00 AM"
"1950","","753","6/19/2010 12:00:00 AM","8/18/2010 12:00:00 AM","EA ","0","1.00","8/18/2010 12:00:00 AM"
"1761","","753","8/19/2010 12:00:00 AM","","EA ","0","1.00","8/5/2010 12:00:00 AM"
"3088","","754","12/15/2010 12:00:00 AM","","EA ","0","1.00","12/1/2010 12:00:00 AM"
"3351","","755","12/23/2010 12:00:00 AM","","EA ","0","1.00","12/9/2010 12:00:00 AM"
"3246","","756","12/23/2010 12:00:00 AM","","EA ","0","1.00","12/9/2010 12:00:00 AM"
"2760","","757","9/15/2010 12:00:00 AM","","EA ","0","1.00","9/1/2010 12:00:00 AM"
"2395","","758","8/5/2010 12:00:00 AM","","EA ","0","1.00","7/22/2010 12:00:00 AM"
"3087","","759","12/15/2010 12:00:00 AM","","EA ","0","1.00","12/1/2010 12:00:00 AM"
"3350","","760","12/23/2010 12:00:00 AM","","EA ","0","1.00","12/9/2010 12:00:00 AM"
"2822","","761","9/15/2010 12:00:00 AM","","EA ","0","1.00","9/1/2010 12:00:00 AM"
"3245","","762","12/23/2010 12:00:00 AM","","EA ","0","1.00","12/9/2010 12:00:00 AM"
"2759","","763","9/15/2010 12:00:00 AM","","EA ","0","1.00","9/1/2010 12:00:00 AM"
"2394","","764","8/5/2010 12:00:00 AM","","EA ","0","1.00","7/22/2010 12:00:00 AM"
"3341","","765","12/23/2010 12:00:00 AM","","EA ","0","1.00","12/9/2010 12:00:00 AM"
"2815","","766","9/15/2010 12:00:00 AM","","EA ","0","1.00","9/1/2010 12:00:00 AM"
"2449","","767","8/5/2010 12:00:00 AM","","EA ","0","1.00","7/22/2010 12:00:00 AM"
"2899","","768","9/15/2010 12:00:00 AM","11/14/2010 12:00:00 AM","EA ","0","1.00","11/14/2010 12:00:00 AM"
"2738","","768","11/15/2010 12:00:00 AM","","EA ","0","1.00","11/1/2010 12:00:00 AM"
"2363","","769","8/5/2010 12:00:00 AM","","EA ","0","1.00","7/22/2010 12:00:00 AM"
"1265","","770","6/9/2010 12:00:00 AM","","EA ","0","1.00","5/26/2010 12:00:00 AM"
"1195","","771","6/9/2010 12:00:00 AM","","EA ","0","1.00","5/26/2010 12:00:00 AM"
"3017","","772","12/15/2010 12:00:00 AM","","EA ","0","1.00","12/1/2010 12:00:00 AM"
"3281","","773","12/23/2010 12:00:00 AM","","EA ","0","1.00","12/9/2010 12:00:00 AM"
"2783","","774","9/15/2010 12:00:00 AM","","EA ","0","1.00","9/1/2010 12:00:00 AM"
"5","","775","3/4/2010 12:00:00 AM","","EA ","0","1.00","2/18/2010 12:00:00 AM"
"2737","","776","9/15/2010 12:00:00 AM","","EA ","0","1.00","9/1/2010 12:00:00 AM"
"2362","","777","8/5/2010 12:00:00 AM","","EA ","0","1.00","7/22/2010 12:00:00 AM"
"1264","","778","6/9/2010 12:00:00 AM","","EA ","0","1.00","5/26/2010 12:00:00 AM"
"1642","","779","6/19/2010 12:00:00 AM","","EA ","0","1.00","6/5/2010 12:00:00 AM"
"393","","780","3/18/2010 12:00:00 AM","","EA ","0","1.00","3/4/2010 12:00:00 AM"
"52","","781","3/4/2010 12:00:00 AM","","EA ","0","1.00","2/18/2010 12:00:00 AM"
"3217","","782","12/23/2010 12:00:00 AM","","EA ","0","1.00","12/9/2010 12:00:00 AM"
"808","","783","5/26/2010 12:00:00 AM","","EA ","0","1.00","5/12/2010 12:00:00 AM"
"2049","","784","7/8/2010 12:00:00 AM","","EA ","0","1.00","6/24/2010 12:00:00 AM"
"4","","785","3/4/2010 12:00:00 AM","","EA ","0","1.00","2/18/2010 12:00:00 AM"
"2736","","786","9/15/2010 12:00:00 AM","","EA ","0","1.00","9/1/2010 12:00:00 AM"
"2361","","787","8/5/2010 12:00:00 AM","","EA ","0","1.00","7/22/2010 12:00:00 AM"
"1263","","788","6/9/2010 12:00:00 AM","","EA ","0","1.00","5/26/2010 12:00:00 AM"
"3247","","789","12/23/2010 12:00:00 AM","","EA ","0","1.00","12/9/2010 12:00:00 AM"
"2761","","790","9/15/2010 12:00:00 AM","","EA ","0","1.00","9/1/2010 12:00:00 AM"
"2396","","791","8/5/2010 12:00:00 AM","","EA ","0","1.00","7/22/2010 12:00:00 AM"
"3089","","792","12/15/2010 12:00:00 AM","","EA ","0","1.00","12/1/2010 12:00:00 AM"
"2739","","793","9/15/2010 12:00:00 AM","","EA ","0","1.00","9/1/2010 12:00:00 AM"
"2364","","794","8/5/2010 12:00:00 AM","","EA ","0","1.00","7/22/2010 12:00:00 AM"
"1266","","795","6/9/2010 12:00:00 AM","","EA ","0","1.00","5/26/2010 12:00:00 AM"
"482","","796","3/18/2010 12:00:00 AM","","EA ","0","1.00","3/4/2010 12:00:00 AM"
"1024","","797","5/26/2010 12:00:00 AM","7/25/2010 12:00:00 AM","EA ","0","1.00","7/25/2010 12:00:00 AM"
"783","","797","7/26/2010 12:00:00 AM","","EA ","0","1.00","7/12/2010 12:00:00 AM"
"2333","","798","8/5/2010 12:00:00 AM","","EA ","0","1.00","7/22/2010 12:00:00 AM"
"1240","","799","6/9/2010 12:00:00 AM","","EA ","0","1.00","5/26/2010 12:00:00 AM"
"450","","800","3/18/2010 12:00:00 AM","","EA ","0","1.00","3/4/2010 12:00:00 AM"
"92","","801","3/4/2010 12:00:00 AM","","EA ","0","1.00","2/18/2010 12:00:00 AM"
"1303","","953","6/9/2010 12:00:00 AM","","EA ","0","1.00","5/26/2010 12:00:00 AM"
"1699","","954","6/19/2010 12:00:00 AM","","EA ","0","1.00","6/5/2010 12:00:00 AM"
"3060","","955","12/15/2010 12:00:00 AM","","EA ","0","1.00","12/1/2010 12:00:00 AM"
"3326","","956","12/23/2010 12:00:00 AM","","EA ","0","1.00","12/9/2010 12:00:00 AM"
"2107","","957","7/8/2010 12:00:00 AM","","EA ","0","1.00","6/24/2010 12:00:00 AM"
"2800","","958","9/15/2010 12:00:00 AM","","EA ","0","1.00","9/1/2010 12:00:00 AM"
"1778","","959","6/19/2010 12:00:00 AM","","EA ","0","1.00","6/5/2010 12:00:00 AM"
"3102","","960","12/15/2010 12:00:00 AM","","EA ","0","1.00","12/1/2010 12:00:00 AM"
"2027","","961","7/8/2010 12:00:00 AM","","EA ","0","1.00","6/24/2010 12:00:00 AM"
"1698","","962","6/19/2010 12:00:00 AM","","EA ","0","1.00","6/5/2010 12:00:00 AM"
"3059","","963","12/15/2010 12:00:00 AM","","EA ","0","1.00","12/1/2010 12:00:00 AM"
"879","","964","5/26/2010 12:00:00 AM","","EA ","0","1.00","5/12/2010 12:00:00 AM"
"1789","","965","6/19/2010 12:00:00 AM","","EA ","0","1.00","6/5/2010 12:00:00 AM"
"3037","","966","12/15/2010 12:00:00 AM","","EA ","0","1.00","12/1/2010 12:00:00 AM"
"3304","","967","12/23/2010 12:00:00 AM","","EA ","0","1.00","12/9/2010 12:00:00 AM"
"2801","","968","9/15/2010 12:00:00 AM","","EA ","0","1.00","9/1/2010 12:00:00 AM"
"1779","","969","6/19/2010 12:00:00 AM","","EA ","0","1.00","6/5/2010 12:00:00 AM"
"419","","970","3/18/2010 12:00:00 AM","","EA ","0","1.00","3/4/2010 12:00:00 AM"
"73","","971","3/4/2010 12:00:00 AM","","EA ","0","1.00","2/18/2010 12:00:00 AM"
"1071","","972","5/26/2010 12:00:00 AM","7/25/2010 12:00:00 AM","EA ","0","1.00","7/25/2010 12:00:00 AM"
"867","","972","7/26/2010 12:00:00 AM","","EA ","0","1.00","7/12/2010 12:00:00 AM"
"2993","","973","12/15/2010 12:00:00 AM","","EA ","0","1.00","12/1/2010 12:00:00 AM"
"33","","974","3/4/2010 12:00:00 AM","","EA ","0","1.00","2/18/2010 12:00:00 AM"
"829","","975","5/26/2010 12:00:00 AM","","EA ","0","1.00","5/12/2010 12:00:00 AM"
"2073","","976","7/8/2010 12:00:00 AM","","EA ","0","1.00","6/24/2010 12:00:00 AM"
"103","","977","3/4/2010 12:00:00 AM","","EA ","0","1.00","2/18/2010 12:00:00 AM"
"1668","","978","6/19/2010 12:00:00 AM","","EA ","0","1.00","6/5/2010 12:00:00 AM"
"3036","","979","12/15/2010 12:00:00 AM","","EA ","0","1.00","12/1/2010 12:00:00 AM"
"1641","","980","6/19/2010 12:00:00 AM","","EA ","0","1.00","6/5/2010 12:00:00 AM"
"392","","981","3/18/2010 12:00:00 AM","","EA ","0","1.00","3/4/2010 12:00:00 AM"
"51","","982","3/4/2010 12:00:00 AM","","EA ","0","1.00","2/18/2010 12:00:00 AM"
"850","","983","5/26/2010 12:00:00 AM","","EA ","0","1.00","5/12/2010 12:00:00 AM"
"1194","","984","6/9/2010 12:00:00 AM","","EA ","0","1.00","5/26/2010 12:00:00 AM"
"3016","","985","12/15/2010 12:00:00 AM","","EA ","0","1.00","12/1/2010 12:00:00 AM"
"3280","","986","12/23/2010 12:00:00 AM","","EA ","0","1.00","12/9/2010 12:00:00 AM"
"2782","","987","9/15/2010 12:00:00 AM","","EA ","0","1.00","9/1/2010 12:00:00 AM"
"2422","","988","8/5/2010 12:00:00 AM","","EA ","0","1.00","7/22/2010 12:00:00 AM"
"3","","989","3/4/2010 12:00:00 AM","","EA ","0","1.00","2/18/2010 12:00:00 AM"
"2735","","990","9/15/2010 12:00:00 AM","","EA ","0","1.00","9/1/2010 12:00:00 AM"
"2360","","991","8/5/2010 12:00:00 AM","","EA ","0","1.00","7/22/2010 12:00:00 AM"
"1262","","992","6/9/2010 12:00:00 AM","","EA ","0","1.00","5/26/2010 12:00:00 AM"
"481","","993","3/18/2010 12:00:00 AM","","EA ","0","1.00","3/4/2010 12:00:00 AM"
"809","","997","5/26/2010 12:00:00 AM","","EA ","0","1.00","5/12/2010 12:00:00 AM"
"2050","","998","7/8/2010 12:00:00 AM","","EA ","0","1.00","6/24/2010 12:00:00 AM"
"1938","","999","6/19/2010 12:00:00 AM","8/18/2010 12:00:00 AM","EA ","0","1.00","8/18/2010 12:00:00 AM"
"1731","","999","8/19/2010 12:00:00 AM","","EA ","0","1.00","8/5/2010 12:00:00 AM"
"2000","3","2","7/8/2010 12:00:00 AM","","EA ","3","10.00","6/24/2010 12:00:00 AM"
"1657","3","461","6/19/2010 12:00:00 AM","","EA ","3","1.00","6/5/2010 12:00:00 AM"
"389","3","504","3/18/2010 12:00:00 AM","","EA ","3","2.00","3/4/2010 12:00:00 AM"
"805","3","505","5/26/2010 12:00:00 AM","","EA ","3","2.00","5/12/2010 12:00:00 AM"
"2433","316","486","8/5/2010 12:00:00 AM","","EA ","4","1.00","7/22/2010 12:00:00 AM"
"1290","324","486","6/9/2010 12:00:00 AM","","EA ","3","1.00","5/26/2010 12:00:00 AM"
"875","327","483","5/26/2010 12:00:00 AM","","EA ","3","1.00","5/12/2010 12:00:00 AM"
"3337","328","482","12/23/2010 12:00:00 AM","","EA ","3","1.00","12/9/2010 12:00:00 AM"
"2806","329","482","9/15/2010 12:00:00 AM","","EA ","3","1.00","9/1/2010 12:00:00 AM"
"2432","330","482","8/5/2010 12:00:00 AM","","EA ","3","1.00","7/22/2010 12:00:00 AM"
"1289","331","482","6/9/2010 12:00:00 AM","","EA ","4","1.00","5/26/2010 12:00:00 AM"
"492","350","486","3/18/2010 12:00:00 AM","","EA ","4","1.00","3/4/2010 12:00:00 AM"
"876","398","487","5/26/2010 12:00:00 AM","","EA ","3","1.00","5/12/2010 12:00:00 AM"
"3338","399","485","12/23/2010 12:00:00 AM","","EA ","3","1.00","12/9/2010 12:00:00 AM"
"543","400","523","3/18/2010 12:00:00 AM","","EA ","3","1.00","3/4/2010 12:00:00 AM"
"2162","400","525","7/8/2010 12:00:00 AM","","EA ","3","1.00","6/24/2010 12:00:00 AM"
"935","401","524","5/26/2010 12:00:00 AM","","EA ","3","1.00","5/12/2010 12:00:00 AM"
"2487","401","526","8/5/2010 12:00:00 AM","","EA ","3","1.00","7/22/2010 12:00:00 AM"
"2327","514","497","8/5/2010 12:00:00 AM","","EA ","2","4.00","7/22/2010 12:00:00 AM"
"3138","514","528","12/15/2010 12:00:00 AM","","EA ","2","1.00","12/1/2010 12:00:00 AM"
"1830","514","530","6/19/2010 12:00:00 AM","","EA ","2","1.00","6/5/2010 12:00:00 AM"
"3135","514","908","12/15/2010 12:00:00 AM","","EA ","2","1.00","12/1/2010 12:00:00 AM"
"1219","515","497","6/9/2010 12:00:00 AM","","EA ","2","4.00","5/26/2010 12:00:00 AM"
"3400","515","528","12/23/2010 12:00:00 AM","","EA ","2","1.00","12/9/2010 12:00:00 AM"
"3140","515","530","12/15/2010 12:00:00 AM","","EA ","2","1.00","12/1/2010 12:00:00 AM"
"2858","515","909","9/15/2010 12:00:00 AM","","EA ","2","1.00","9/1/2010 12:00:00 AM"
"386","516","497","3/18/2010 12:00:00 AM","","EA ","2","4.00","3/4/2010 12:00:00 AM"
"2862","516","528","9/15/2010 12:00:00 AM","","EA ","2","1.00","9/1/2010 12:00:00 AM"
"3402","516","530","12/23/2010 12:00:00 AM","","EA ","2","1.00","12/9/2010 12:00:00 AM"
"1357","516","910","6/9/2010 12:00:00 AM","","EA ","2","1.00","5/26/2010 12:00:00 AM"
"28","517","497","3/4/2010 12:00:00 AM","","EA ","2","4.00","2/18/2010 12:00:00 AM"
"2489","517","528","8/5/2010 12:00:00 AM","","EA ","2","1.00","7/22/2010 12:00:00 AM"
"2864","517","530","9/15/2010 12:00:00 AM","","EA ","2","1.00","9/1/2010 12:00:00 AM"
"348","517","911","3/4/2010 12:00:00 AM","5/3/2010 12:00:00 AM","EA ","1","2.00","5/3/2010 12:00:00 AM"
"140","517","911","5/4/2010 12:00:00 AM","","EA ","2","1.00","4/20/2010 12:00:00 AM"
"1032","518","497","5/26/2010 12:00:00 AM","7/25/2010 12:00:00 AM","EA ","1","5.00","7/25/2010 12:00:00 AM"
"803","518","497","7/26/2010 12:00:00 AM","","EA ","2","4.00","7/12/2010 12:00:00 AM"
"1360","518","528","6/9/2010 12:00:00 AM","","EA ","2","1.00","5/26/2010 12:00:00 AM"
"2491","518","530","8/5/2010 12:00:00 AM","","EA ","2","1.00","7/22/2010 12:00:00 AM"
"2161","518","912","7/8/2010 12:00:00 AM","","EA ","2","1.00","6/24/2010 12:00:00 AM"
"2022","519","497","7/8/2010 12:00:00 AM","","EA ","2","4.00","6/24/2010 12:00:00 AM"
"546","519","528","3/18/2010 12:00:00 AM","","EA ","2","1.00","3/4/2010 12:00:00 AM"
"1362","519","530","6/9/2010 12:00:00 AM","","EA ","2","1.00","5/26/2010 12:00:00 AM"
"3136","519","913","12/15/2010 12:00:00 AM","","EA ","2","1.00","12/1/2010 12:00:00 AM"
"1660","520","497","6/19/2010 12:00:00 AM","","EA ","2","4.00","6/5/2010 12:00:00 AM"
"144","520","528","3/4/2010 12:00:00 AM","","EA ","2","1.00","2/18/2010 12:00:00 AM"
"548","520","530","3/18/2010 12:00:00 AM","","EA ","2","1.00","3/4/2010 12:00:00 AM"
"2859","520","914","9/15/2010 12:00:00 AM","","EA ","2","1.00","9/1/2010 12:00:00 AM"
"3012","521","497","12/15/2010 12:00:00 AM","","EA ","2","4.00","12/1/2010 12:00:00 AM"
"938","521","528","5/26/2010 12:00:00 AM","","EA ","2","1.00","5/12/2010 12:00:00 AM"
"146","521","530","3/4/2010 12:00:00 AM","","EA ","2","1.00","2/18/2010 12:00:00 AM"
"1358","521","915","6/9/2010 12:00:00 AM","","EA ","2","1.00","5/26/2010 12:00:00 AM"
"3239","522","497","12/23/2010 12:00:00 AM","","EA ","2","4.00","12/9/2010 12:00:00 AM"
"2165","522","528","7/8/2010 12:00:00 AM","","EA ","2","1.00","6/24/2010 12:00:00 AM"
"1124","522","530","5/26/2010 12:00:00 AM","7/25/2010 12:00:00 AM","EA ","1","2.00","7/25/2010 12:00:00 AM"
"940","522","530","7/26/2010 12:00:00 AM","","EA ","2","1.00","7/12/2010 12:00:00 AM"
"141","522","916","3/4/2010 12:00:00 AM","","EA ","2","1.00","2/18/2010 12:00:00 AM"
"1288","529","477","6/9/2010 12:00:00 AM","","EA ","3","1.00","5/26/2010 12:00:00 AM"
"2094","531","487","7/8/2010 12:00:00 AM","","EA ","4","1.00","6/24/2010 12:00:00 AM"
"1956","532","484","6/19/2010 12:00:00 AM","8/18/2010 12:00:00 AM","EA ","2","2.00","8/18/2010 12:00:00 AM"
"1769","532","484","8/19/2010 12:00:00 AM","","EA ","3","1.00","8/5/2010 12:00:00 AM"
"100","533","478","3/4/2010 12:00:00 AM","","EA ","3","1.00","2/18/2010 12:00:00 AM"
"491","534","482","3/18/2010 12:00:00 AM","","EA ","3","1.00","3/4/2010 12:00:00 AM"
"1445","680","324","6/9/2010 12:00:00 AM","","EA ","2","2.00","5/26/2010 12:00:00 AM"
"1881","680","325","6/19/2010 12:00:00 AM","","EA ","2","2.00","6/5/2010 12:00:00 AM"
"3453","680","326","12/23/2010 12:00:00 AM","","EA ","2","1.00","12/9/2010 12:00:00 AM"
"2541","680","327","8/5/2010 12:00:00 AM","","EA ","2","1.00","7/22/2010 12:00:00 AM"
"3190","680","399","12/15/2010 12:00:00 AM","","EA ","2","1.00","12/1/2010 12:00:00 AM"
"1617","680","492","6/9/2010 12:00:00 AM","8/8/2010 12:00:00 AM","OZ ","1","9.00","8/8/2010 12:00:00 AM"
"1446","680","492","8/9/2010 12:00:00 AM","","OZ ","2","8.00","7/26/2010 12:00:00 AM"
"626","680","532","3/18/2010 12:00:00 AM","","EA ","2","4.00","3/4/2010 12:00:00 AM"
"987","680","533","5/26/2010 12:00:00 AM","","EA ","2","1.00","5/12/2010 12:00:00 AM"
"220","680","534","3/4/2010 12:00:00 AM","","EA ","2","1.00","2/18/2010 12:00:00 AM"
"219","680","804","3/4/2010 12:00:00 AM","","EA ","2","1.00","2/18/2010 12:00:00 AM"
"776","706","324","3/18/2010 12:00:00 AM","","EA ","2","2.00","3/4/2010 12:00:00 AM"
"1999","706","325","6/19/2010 12:00:00 AM","","EA ","2","2.00","6/5/2010 12:00:00 AM"
"3482","706","326","12/23/2010 12:00:00 AM","","EA ","2","1.00","12/9/2010 12:00:00 AM"
"2709","706","327","8/5/2010 12:00:00 AM","","EA ","2","1.00","7/22/2010 12:00:00 AM"
"3215","706","399","12/15/2010 12:00:00 AM","","EA ","2","1.00","12/1/2010 12:00:00 AM"
"777","706","493","3/18/2010 12:00:00 AM","","OZ ","2","8.00","3/4/2010 12:00:00 AM"
"778","706","532","3/18/2010 12:00:00 AM","","EA ","2","4.00","3/4/2010 12:00:00 AM"
"1190","706","533","5/26/2010 12:00:00 AM","","EA ","2","1.00","5/12/2010 12:00:00 AM"
"779","706","534","5/6/2010 12:00:00 AM","","EA ","2","1.00","4/22/2010 12:00:00 AM"
"360","706","804","3/4/2010 12:00:00 AM","","EA ","2","1.00","2/18/2010 12:00:00 AM"
"1453","717","324","6/9/2010 12:00:00 AM","","EA ","2","2.00","5/26/2010 12:00:00 AM"
"1887","717","325","6/19/2010 12:00:00 AM","","EA ","2","2.00","6/5/2010 12:00:00 AM"
"3459","717","326","12/23/2010 12:00:00 AM","","EA ","2","1.00","12/9/2010 12:00:00 AM"
"2547","717","327","8/5/2010 12:00:00 AM","","EA ","2","1.00","7/22/2010 12:00:00 AM"
"3196","717","399","12/15/2010 12:00:00 AM","","EA ","2","1.00","12/1/2010 12:00:00 AM"
"771","717","493","3/18/2010 12:00:00 AM","5/17/2010 12:00:00 AM","OZ ","1","9.00","5/17/2010 12:00:00 AM"
"636","717","493","5/18/2010 12:00:00 AM","","OZ ","2","8.00","5/4/2010 12:00:00 AM"
"637","717","532","3/18/2010 12:00:00 AM","","EA ","2","4.00","3/4/2010 12:00:00 AM"
"993","717","533","5/26/2010 12:00:00 AM","","EA ","2","1.00","5/12/2010 12:00:00 AM"
"232","717","534","3/4/2010 12:00:00 AM","","EA ","2","1.00","2/18/2010 12:00:00 AM"
"231","717","804","3/4/2010 12:00:00 AM","","EA ","2","1.00","2/18/2010 12:00:00 AM"
"1449","718","324","6/9/2010 12:00:00 AM","","EA ","2","2.00","5/26/2010 12:00:00 AM"
"1883","718","325","6/19/2010 12:00:00 AM","","EA ","2","2.00","6/5/2010 12:00:00 AM"
"3455","718","326","12/23/2010 12:00:00 AM","","EA ","2","1.00","12/9/2010 12:00:00 AM"
"2689","718","327","8/5/2010 12:00:00 AM","10/4/2010 12:00:00 AM","EA ","1","2.00","10/4/2010 12:00:00 AM"
"2543","718","327","10/5/2010 12:00:00 AM","","EA ","2","1.00","9/21/2010 12:00:00 AM"
"3192","718","399","12/15/2010 12:00:00 AM","","EA ","2","1.00","12/1/2010 12:00:00 AM"
"628","718","493","3/18/2010 12:00:00 AM","","OZ ","2","8.00","3/4/2010 12:00:00 AM"
"629","718","532","3/18/2010 12:00:00 AM","","EA ","2","4.00","3/4/2010 12:00:00 AM"
"989","718","533","5/26/2010 12:00:00 AM","","EA ","2","1.00","5/12/2010 12:00:00 AM"
"224","718","534","3/4/2010 12:00:00 AM","","EA ","2","1.00","2/18/2010 12:00:00 AM"
"223","718","804","3/4/2010 12:00:00 AM","","EA ","2","1.00","2/18/2010 12:00:00 AM"
"1450","719","324","6/9/2010 12:00:00 AM","","EA ","2","2.00","5/26/2010 12:00:00 AM"
"1884","719","325","6/19/2010 12:00:00 AM","","EA ","2","2.00","6/5/2010 12:00:00 AM"
"3456","719","326","12/23/2010 12:00:00 AM","","EA ","2","1.00","12/9/2010 12:00:00 AM"
"2544","719","327","8/5/2010 12:00:00 AM","","EA ","2","1.00","7/22/2010 12:00:00 AM"
"3193","719","399","12/15/2010 12:00:00 AM","","EA ","2","1.00","12/1/2010 12:00:00 AM"
"770","719","493","3/18/2010 12:00:00 AM","5/17/2010 12:00:00 AM","OZ ","1","9.00","5/17/2010 12:00:00 AM"
"630","719","493","5/18/2010 12:00:00 AM","","OZ ","2","8.00","5/4/2010 12:00:00 AM"
"631","719","532","3/18/2010 12:00:00 AM","","EA ","2","4.00","3/4/2010 12:00:00 AM"
"990","719","533","5/26/2010 12:00:00 AM","","EA ","2","1.00","5/12/2010 12:00:00 AM"
"226","719","534","3/4/2010 12:00:00 AM","","EA ","2","1.00","2/18/2010 12:00:00 AM"
"225","719","804","3/4/2010 12:00:00 AM","","EA ","2","1.00","2/18/2010 12:00:00 AM"
"1451","720","324","6/9/2010 12:00:00 AM","","EA ","2","2.00","5/26/2010 12:00:00 AM"
"1885","720","325","6/19/2010 12:00:00 AM","","EA ","2","2.00","6/5/2010 12:00:00 AM"
"3457","720","326","12/23/2010 12:00:00 AM","","EA ","2","1.00","12/9/2010 12:00:00 AM"
"2545","720","327","8/5/2010 12:00:00 AM","","EA ","2","1.00","7/22/2010 12:00:00 AM"
"3194","720","399","12/15/2010 12:00:00 AM","","EA ","2","1.00","12/1/2010 12:00:00 AM"
"632","720","493","3/18/2010 12:00:00 AM","","OZ ","2","8.00","3/4/2010 12:00:00 AM"
"633","720","532","3/18/2010 12:00:00 AM","","EA ","2","4.00","3/4/2010 12:00:00 AM"
"1167","720","533","5/26/2010 12:00:00 AM","7/25/2010 12:00:00 AM","EA ","1","2.00","7/25/2010 12:00:00 AM"
"991","720","533","7/26/2010 12:00:00 AM","","EA ","2","1.00","7/12/2010 12:00:00 AM"
"228","720","534","3/4/2010 12:00:00 AM","","EA ","2","1.00","2/18/2010 12:00:00 AM"
"227","720","804","3/4/2010 12:00:00 AM","","EA ","2","1.00","2/18/2010 12:00:00 AM"
"1452","721","324","6/9/2010 12:00:00 AM","","EA ","2","2.00","5/26/2010 12:00:00 AM"
"1886","721","325","6/19/2010 12:00:00 AM","","EA ","2","2.00","6/5/2010 12:00:00 AM"
"3458","721","326","12/23/2010 12:00:00 AM","","EA ","2","1.00","12/9/2010 12:00:00 AM"
"2546","721","327","8/5/2010 12:00:00 AM","","EA ","2","1.00","7/22/2010 12:00:00 AM"
"3195","721","399","12/15/2010 12:00:00 AM","","EA ","2","1.00","12/1/2010 12:00:00 AM"
"634","721","493","3/18/2010 12:00:00 AM","","OZ ","2","8.00","3/4/2010 12:00:00 AM"
"635","721","532","3/18/2010 12:00:00 AM","","EA ","2","4.00","3/4/2010 12:00:00 AM"
"992","721","533","5/26/2010 12:00:00 AM","","EA ","2","1.00","5/12/2010 12:00:00 AM"
"230","721","534","3/4/2010 12:00:00 AM","","EA ","2","1.00","2/18/2010 12:00:00 AM"
"229","721","804","3/4/2010 12:00:00 AM","","EA ","2","1.00","2/18/2010 12:00:00 AM"
"1409","722","324","6/9/2010 12:00:00 AM","","EA ","2","2.00","5/26/2010 12:00:00 AM"
"1860","722","325","6/19/2010 12:00:00 AM","","EA ","2","2.00","6/5/2010 12:00:00 AM"
"3432","722","326","12/23/2010 12:00:00 AM","","EA ","2","1.00","12/9/2010 12:00:00 AM"
"2520","722","327","8/5/2010 12:00:00 AM","","EA ","2","1.00","7/22/2010 12:00:00 AM"
"3169","722","399","12/15/2010 12:00:00 AM","","EA ","2","1.00","12/1/2010 12:00:00 AM"
"1411","722","492","6/9/2010 12:00:00 AM","","OZ ","2","8.00","5/26/2010 12:00:00 AM"
"585","722","532","3/18/2010 12:00:00 AM","","EA ","2","4.00","3/4/2010 12:00:00 AM"
"1151","722","533","5/26/2010 12:00:00 AM","7/25/2010 12:00:00 AM","EA ","1","2.00","7/25/2010 12:00:00 AM"
"966","722","533","7/26/2010 12:00:00 AM","","EA ","2","1.00","7/12/2010 12:00:00 AM"
"195","722","534","3/4/2010 12:00:00 AM","","EA ","2","1.00","2/18/2010 12:00:00 AM"
"1410","722","802","6/9/2010 12:00:00 AM","","EA ","2","1.00","5/26/2010 12:00:00 AM"
"1412","723","324","6/9/2010 12:00:00 AM","","EA ","2","2.00","5/26/2010 12:00:00 AM"
"1861","723","325","6/19/2010 12:00:00 AM","","EA ","2","2.00","6/5/2010 12:00:00 AM"
"3433","723","326","12/23/2010 12:00:00 AM","","EA ","2","1.00","12/9/2010 12:00:00 AM"
"2521","723","327","8/5/2010 12:00:00 AM","","EA ","2","1.00","7/22/2010 12:00:00 AM"
"3170","723","399","12/15/2010 12:00:00 AM","","EA ","2","1.00","12/1/2010 12:00:00 AM"
"1414","723","492","6/9/2010 12:00:00 AM","","OZ ","2","8.00","5/26/2010 12:00:00 AM"
"586","723","532","3/18/2010 12:00:00 AM","","EA ","2","4.00","3/4/2010 12:00:00 AM"
"967","723","533","5/26/2010 12:00:00 AM","","EA ","2","1.00","5/12/2010 12:00:00 AM"
"196","723","534","3/4/2010 12:00:00 AM","","EA ","2","1.00","2/18/2010 12:00:00 AM"
"1413","723","802","6/9/2010 12:00:00 AM","","EA ","2","1.00","5/26/2010 12:00:00 AM"
"1602","724","324","6/9/2010 12:00:00 AM","8/8/2010 12:00:00 AM","EA ","1","3.00","8/8/2010 12:00:00 AM"
"1415","724","324","8/9/2010 12:00:00 AM","","EA ","2","2.00","7/26/2010 12:00:00 AM"
"1862","724","325","6/19/2010 12:00:00 AM","","EA ","2","2.00","6/5/2010 12:00:00 AM"
"3434","724","326","12/23/2010 12:00:00 AM","","EA ","2","1.00","12/9/2010 12:00:00 AM"
"2522","724","327","8/5/2010 12:00:00 AM","","EA ","2","1.00","7/22/2010 12:00:00 AM"
"3171","724","399","12/15/2010 12:00:00 AM","","EA ","2","1.00","12/1/2010 12:00:00 AM"
"1417","724","492","6/9/2010 12:00:00 AM","","OZ ","2","8.00","5/26/2010 12:00:00 AM"
"587","724","532","3/18/2010 12:00:00 AM","","EA ","2","4.00","3/4/2010 12:00:00 AM"
"968","724","533","5/26/2010 12:00:00 AM","","EA ","2","1.00","5/12/2010 12:00:00 AM"
"197","724","534","3/4/2010 12:00:00 AM","","EA ","2","1.00","2/18/2010 12:00:00 AM"
"1416","724","802","6/9/2010 12:00:00 AM","","EA ","2","1.00","5/26/2010 12:00:00 AM"
"1418","725","324","6/9/2010 12:00:00 AM","","EA ","2","2.00","5/26/2010 12:00:00 AM"
"1863","725","325","6/19/2010 12:00:00 AM","","EA ","2","2.00","6/5/2010 12:00:00 AM"
"3435","725","326","12/23/2010 12:00:00 AM","","EA ","2","1.00","12/9/2010 12:00:00 AM"
"2675","725","327","8/5/2010 12:00:00 AM","10/4/2010 12:00:00 AM","EA ","1","2.00","10/4/2010 12:00:00 AM"
"2523","725","327","10/5/2010 12:00:00 AM","","EA ","2","1.00","9/21/2010 12:00:00 AM"
"3172","725","399","12/15/2010 12:00:00 AM","","EA ","2","1.00","12/1/2010 12:00:00 AM"
"588","725","493","3/18/2010 12:00:00 AM","","OZ ","2","8.00","3/4/2010 12:00:00 AM"
"589","725","532","3/18/2010 12:00:00 AM","","EA ","2","4.00","3/4/2010 12:00:00 AM"
"969","725","533","5/26/2010 12:00:00 AM","","EA ","2","1.00","5/12/2010 12:00:00 AM"
"198","725","534","3/4/2010 12:00:00 AM","","EA ","2","1.00","2/18/2010 12:00:00 AM"
"1419","725","802","6/9/2010 12:00:00 AM","","EA ","2","1.00","5/26/2010 12:00:00 AM"
"1420","726","324","6/9/2010 12:00:00 AM","","EA ","2","2.00","5/26/2010 12:00:00 AM"
"1864","726","325","6/19/2010 12:00:00 AM","","EA ","2","2.00","6/5/2010 12:00:00 AM"
"3436","726","326","12/23/2010 12:00:00 AM","","EA ","2","1.00","12/9/2010 12:00:00 AM"
"2524","726","327","8/5/2010 12:00:00 AM","","EA ","2","1.00","7/22/2010 12:00:00 AM"
"3173","726","399","12/15/2010 12:00:00 AM","","EA ","2","1.00","12/1/2010 12:00:00 AM"
"766","726","493","3/18/2010 12:00:00 AM","5/17/2010 12:00:00 AM","OZ ","1","9.00","5/17/2010 12:00:00 AM"
"590","726","493","5/18/2010 12:00:00 AM","","OZ ","2","8.00","5/4/2010 12:00:00 AM"
"591","726","532","3/18/2010 12:00:00 AM","","EA ","2","4.00","3/4/2010 12:00:00 AM"
"970","726","533","5/26/2010 12:00:00 AM","","EA ","2","1.00","5/12/2010 12:00:00 AM"
"199","726","534","3/4/2010 12:00:00 AM","","EA ","2","1.00","2/18/2010 12:00:00 AM"
"1421","726","802","6/9/2010 12:00:00 AM","","EA ","2","1.00","5/26/2010 12:00:00 AM"
"1422","727","324","6/9/2010 12:00:00 AM","","EA ","2","2.00","5/26/2010 12:00:00 AM"
"1865","727","325","6/19/2010 12:00:00 AM","","EA ","2","2.00","6/5/2010 12:00:00 AM"
"3437","727","326","12/23/2010 12:00:00 AM","","EA ","2","1.00","12/9/2010 12:00:00 AM"
"2525","727","327","8/5/2010 12:00:00 AM","","EA ","2","1.00","7/22/2010 12:00:00 AM"
"3174","727","399","12/15/2010 12:00:00 AM","","EA ","2","1.00","12/1/2010 12:00:00 AM"
"592","727","493","3/18/2010 12:00:00 AM","","OZ ","2","8.00","3/4/2010 12:00:00 AM"
"593","727","532","3/18/2010 12:00:00 AM","","EA ","2","4.00","3/4/2010 12:00:00 AM"
"1152","727","533","5/26/2010 12:00:00 AM","7/25/2010 12:00:00 AM","EA ","1","2.00","7/25/2010 12:00:00 AM"
"971","727","533","7/26/2010 12:00:00 AM","","EA ","2","1.00","7/12/2010 12:00:00 AM"
"200","727","534","3/4/2010 12:00:00 AM","","EA ","2","1.00","2/18/2010 12:00:00 AM"
"1423","727","802","6/9/2010 12:00:00 AM","","EA ","2","1.00","5/26/2010 12:00:00 AM"
"1603","728","324","6/9/2010 12:00:00 AM","8/8/2010 12:00:00 AM","EA ","1","3.00","8/8/2010 12:00:00 AM"
"1424","728","324","8/9/2010 12:00:00 AM","","EA ","2","2.00","7/26/2010 12:00:00 AM"
"1866","728","325","6/19/2010 12:00:00 AM","","EA ","2","2.00","6/5/2010 12:00:00 AM"
"3438","728","326","12/23/2010 12:00:00 AM","","EA ","2","1.00","12/9/2010 12:00:00 AM"
"2526","728","327","8/5/2010 12:00:00 AM","","EA ","2","1.00","7/22/2010 12:00:00 AM"
"3175","728","399","12/15/2010 12:00:00 AM","","EA ","2","1.00","12/1/2010 12:00:00 AM"
"594","728","493","3/18/2010 12:00:00 AM","","OZ ","2","8.00","3/4/2010 12:00:00 AM"
"595","728","532","3/18/2010 12:00:00 AM","","EA ","2","4.00","3/4/2010 12:00:00 AM"
"972","728","533","5/26/2010 12:00:00 AM","","EA ","2","1.00","5/12/2010 12:00:00 AM"
"201","728","534","3/4/2010 12:00:00 AM","","EA ","2","1.00","2/18/2010 12:00:00 AM"
"1425","728","802","6/9/2010 12:00:00 AM","","EA ","2","1.00","5/26/2010 12:00:00 AM"
"1426","729","324","6/9/2010 12:00:00 AM","","EA ","2","2.00","5/26/2010 12:00:00 AM"
"1867","729","325","6/19/2010 12:00:00 AM","","EA ","2","2.00","6/5/2010 12:00:00 AM"
"3439","729","326","12/23/2010 12:00:00 AM","","EA ","2","1.00","12/9/2010 12:00:00 AM"
"2676","729","327","8/5/2010 12:00:00 AM","10/4/2010 12:00:00 AM","EA ","1","2.00","10/4/2010 12:00:00 AM"
"2527","729","327","10/5/2010 12:00:00 AM","","EA ","2","1.00","9/21/2010 12:00:00 AM"
"3176","729","399","12/15/2010 12:00:00 AM","","EA ","2","1.00","12/1/2010 12:00:00 AM"
"596","729","493","3/18/2010 12:00:00 AM","","OZ ","2","8.00","3/4/2010 12:00:00 AM"
"597","729","532","3/18/2010 12:00:00 AM","","EA ","2","4.00","3/4/2010 12:00:00 AM"
"973","729","533","5/26/2010 12:00:00 AM","","EA ","2","1.00","5/12/2010 12:00:00 AM"
"202","729","534","3/4/2010 12:00:00 AM","","EA ","2","1.00","2/18/2010 12:00:00 AM"
"1427","729","802","6/9/2010 12:00:00 AM","","EA ","2","1.00","5/26/2010 12:00:00 AM"
"1428","730","324","6/9/2010 12:00:00 AM","","EA ","2","2.00","5/26/2010 12:00:00 AM"
"1868","730","325","6/19/2010 12:00:00 AM","","EA ","2","2.00","6/5/2010 12:00:00 AM"
"3440","730","326","12/23/2010 12:00:00 AM","","EA ","2","1.00","12/9/2010 12:00:00 AM"
"2528","730","327","8/5/2010 12:00:00 AM","","EA ","2","1.00","7/22/2010 12:00:00 AM"
"3177","730","399","12/15/2010 12:00:00 AM","","EA ","2","1.00","12/1/2010 12:00:00 AM"
"767","730","493","3/18/2010 12:00:00 AM","5/17/2010 12:00:00 AM","OZ ","1","9.00","5/17/2010 12:00:00 AM"
"598","730","493","5/18/2010 12:00:00 AM","","OZ ","2","8.00","5/4/2010 12:00:00 AM"
"599","730","532","3/18/2010 12:00:00 AM","","EA ","2","4.00","3/4/2010 12:00:00 AM"
"974","730","533","5/26/2010 12:00:00 AM","","EA ","2","1.00","5/12/2010 12:00:00 AM"
"203","730","534","3/4/2010 12:00:00 AM","","EA ","2","1.00","2/18/2010 12:00:00 AM"
"1429","730","802","6/9/2010 12:00:00 AM","","EA ","2","1.00","5/26/2010 12:00:00 AM"
"1430","731","324","6/9/2010 12:00:00 AM","","EA ","2","2.00","5/26/2010 12:00:00 AM"
"1869","731","325","6/19/2010 12:00:00 AM","","EA ","2","2.00","6/5/2010 12:00:00 AM"
"3441","731","326","12/23/2010 12:00:00 AM","","EA ","2","1.00","12/9/2010 12:00:00 AM"
"2682","731","327","8/5/2010 12:00:00 AM","10/4/2010 12:00:00 AM","EA ","1","2.00","10/4/2010 12:00:00 AM"
"2529","731","327","10/5/2010 12:00:00 AM","","EA ","2","1.00","9/21/2010 12:00:00 AM"
"3178","731","399","12/15/2010 12:00:00 AM","","EA ","2","1.00","12/1/2010 12:00:00 AM"
"601","731","493","3/18/2010 12:00:00 AM","","OZ ","2","8.00","3/4/2010 12:00:00 AM"
"602","731","532","3/18/2010 12:00:00 AM","","EA ","2","4.00","3/4/2010 12:00:00 AM"
"975","731","533","5/26/2010 12:00:00 AM","","EA ","2","1.00","5/12/2010 12:00:00 AM"
"204","731","534","3/4/2010 12:00:00 AM","","EA ","2","1.00","2/18/2010 12:00:00 AM"
"600","731","803","3/18/2010 12:00:00 AM","","EA ","2","1.00","3/4/2010 12:00:00 AM"
"1431","732","324","6/9/2010 12:00:00 AM","","EA ","2","2.00","5/26/2010 12:00:00 AM"
"1870","732","325","6/19/2010 12:00:00 AM","","EA ","2","2.00","6/5/2010 12:00:00 AM"
"3442","732","326","12/23/2010 12:00:00 AM","","EA ","2","1.00","12/9/2010 12:00:00 AM"
"2530","732","327","8/5/2010 12:00:00 AM","","EA ","2","1.00","7/22/2010 12:00:00 AM"
"3179","732","399","12/15/2010 12:00:00 AM","","EA ","2","1.00","12/1/2010 12:00:00 AM"
"768","732","493","3/18/2010 12:00:00 AM","5/17/2010 12:00:00 AM","OZ ","1","9.00","5/17/2010 12:00:00 AM"
"604","732","493","5/18/2010 12:00:00 AM","","OZ ","2","8.00","5/4/2010 12:00:00 AM"
"605","732","532","3/18/2010 12:00:00 AM","","EA ","2","4.00","3/4/2010 12:00:00 AM"
"976","732","533","5/26/2010 12:00:00 AM","","EA ","2","1.00","5/12/2010 12:00:00 AM"
"205","732","534","3/4/2010 12:00:00 AM","","EA ","2","1.00","2/18/2010 12:00:00 AM"
"603","732","803","3/18/2010 12:00:00 AM","","EA ","2","1.00","3/4/2010 12:00:00 AM"
"1432","733","324","6/9/2010 12:00:00 AM","","EA ","2","2.00","5/26/2010 12:00:00 AM"
"1871","733","325","6/19/2010 12:00:00 AM","","EA ","2","2.00","6/5/2010 12:00:00 AM"
"3443","733","326","12/23/2010 12:00:00 AM","","EA ","2","1.00","12/9/2010 12:00:00 AM"
"2531","733","327","8/5/2010 12:00:00 AM","","EA ","2","1.00","7/22/2010 12:00:00 AM"
"3180","733","399","12/15/2010 12:00:00 AM","","EA ","2","1.00","12/1/2010 12:00:00 AM"
"607","733","493","3/18/2010 12:00:00 AM","","OZ ","2","8.00","3/4/2010 12:00:00 AM"
"608","733","532","3/18/2010 12:00:00 AM","","EA ","2","4.00","3/4/2010 12:00:00 AM"
"1160","733","533","5/26/2010 12:00:00 AM","7/25/2010 12:00:00 AM","EA ","1","2.00","7/25/2010 12:00:00 AM"
"977","733","533","7/26/2010 12:00:00 AM","","EA ","2","1.00","7/12/2010 12:00:00 AM"
"206","733","534","3/4/2010 12:00:00 AM","","EA ","2","1.00","2/18/2010 12:00:00 AM"
"606","733","803","3/18/2010 12:00:00 AM","","EA ","2","1.00","3/4/2010 12:00:00 AM"
"1611","734","324","6/9/2010 12:00:00 AM","8/8/2010 12:00:00 AM","EA ","1","3.00","8/8/2010 12:00:00 AM"
"1433","734","324","8/9/2010 12:00:00 AM","","EA ","2","2.00","7/26/2010 12:00:00 AM"
"1872","734","325","6/19/2010 12:00:00 AM","","EA ","2","2.00","6/5/2010 12:00:00 AM"
"3444","734","326","12/23/2010 12:00:00 AM","","EA ","2","1.00","12/9/2010 12:00:00 AM"
"2532","734","327","8/5/2010 12:00:00 AM","","EA ","2","1.00","7/22/2010 12:00:00 AM"
"3181","734","399","12/15/2010 12:00:00 AM","","EA ","2","1.00","12/1/2010 12:00:00 AM"
"610","734","493","3/18/2010 12:00:00 AM","","OZ ","2","8.00","3/4/2010 12:00:00 AM"
"611","734","532","3/18/2010 12:00:00 AM","","EA ","2","4.00","3/4/2010 12:00:00 AM"
"978","734","533","5/26/2010 12:00:00 AM","","EA ","2","1.00","5/12/2010 12:00:00 AM"
"207","734","534","3/4/2010 12:00:00 AM","","EA ","2","1.00","2/18/2010 12:00:00 AM"
"609","734","803","3/18/2010 12:00:00 AM","","EA ","2","1.00","3/4/2010 12:00:00 AM"
"1434","735","324","6/9/2010 12:00:00 AM","","EA ","2","2.00","5/26/2010 12:00:00 AM"
"1873","735","325","6/19/2010 12:00:00 AM","","EA ","2","2.00","6/5/2010 12:00:00 AM"
"3445","735","326","12/23/2010 12:00:00 AM","","EA ","2","1.00","12/9/2010 12:00:00 AM"
"2683","735","327","8/5/2010 12:00:00 AM","10/4/2010 12:00:00 AM","EA ","1","2.00","10/4/2010 12:00:00 AM"
"2533","735","327","10/5/2010 12:00:00 AM","","EA ","2","1.00","9/21/2010 12:00:00 AM"
"3182","735","399","12/15/2010 12:00:00 AM","","EA ","2","1.00","12/1/2010 12:00:00 AM"
"613","735","493","3/18/2010 12:00:00 AM","","OZ ","2","8.00","3/4/2010 12:00:00 AM"
"614","735","532","3/18/2010 12:00:00 AM","","EA ","2","4.00","3/4/2010 12:00:00 AM"
"979","735","533","5/26/2010 12:00:00 AM","","EA ","2","1.00","5/12/2010 12:00:00 AM"
"208","735","534","3/4/2010 12:00:00 AM","","EA ","2","1.00","2/18/2010 12:00:00 AM"
"612","735","803","3/18/2010 12:00:00 AM","","EA ","2","1.00","3/4/2010 12:00:00 AM"
"1400","736","324","6/9/2010 12:00:00 AM","","EA ","2","2.00","5/26/2010 12:00:00 AM"
"1857","736","325","6/19/2010 12:00:00 AM","","EA ","2","2.00","6/5/2010 12:00:00 AM"
"3429","736","326","12/23/2010 12:00:00 AM","","EA ","2","1.00","12/9/2010 12:00:00 AM"
"2517","736","327","8/5/2010 12:00:00 AM","","EA ","2","1.00","7/22/2010 12:00:00 AM"
"3166","736","399","12/15/2010 12:00:00 AM","","EA ","2","1.00","12/1/2010 12:00:00 AM"
"1402","736","492","6/9/2010 12:00:00 AM","","OZ ","2","8.00","5/26/2010 12:00:00 AM"
"582","736","532","3/18/2010 12:00:00 AM","","EA ","2","4.00","3/4/2010 12:00:00 AM"
"963","736","533","5/26/2010 12:00:00 AM","","EA ","2","1.00","5/12/2010 12:00:00 AM"
"192","736","534","3/4/2010 12:00:00 AM","","EA ","2","1.00","2/18/2010 12:00:00 AM"
"1401","736","802","6/9/2010 12:00:00 AM","","EA ","2","1.00","5/26/2010 12:00:00 AM"
"1600","737","324","6/9/2010 12:00:00 AM","8/8/2010 12:00:00 AM","EA ","1","3.00","8/8/2010 12:00:00 AM"
"1403","737","324","8/9/2010 12:00:00 AM","","EA ","2","2.00","7/26/2010 12:00:00 AM"
"1858","737","325","6/19/2010 12:00:00 AM","","EA ","2","2.00","6/5/2010 12:00:00 AM"
"3430","737","326","12/23/2010 12:00:00 AM","","EA ","2","1.00","12/9/2010 12:00:00 AM"
"2518","737","327","8/5/2010 12:00:00 AM","","EA ","2","1.00","7/22/2010 12:00:00 AM"
"3167","737","399","12/15/2010 12:00:00 AM","","EA ","2","1.00","12/1/2010 12:00:00 AM"
"1405","737","492","6/9/2010 12:00:00 AM","","OZ ","2","8.00","5/26/2010 12:00:00 AM"
"583","737","532","3/18/2010 12:00:00 AM","","EA ","2","4.00","3/4/2010 12:00:00 AM"
"964","737","533","5/26/2010 12:00:00 AM","","EA ","2","1.00","5/12/2010 12:00:00 AM"
"193","737","534","3/4/2010 12:00:00 AM","","EA ","2","1.00","2/18/2010 12:00:00 AM"
"1404","737","802","6/9/2010 12:00:00 AM","","EA ","2","1.00","5/26/2010 12:00:00 AM"
"1406","738","324","6/9/2010 12:00:00 AM","","EA ","2","2.00","5/26/2010 12:00:00 AM"
"1859","738","325","6/19/2010 12:00:00 AM","","EA ","2","2.00","6/5/2010 12:00:00 AM"
"3431","738","326","12/23/2010 12:00:00 AM","","EA ","2","1.00","12/9/2010 12:00:00 AM"
"2674","738","327","8/5/2010 12:00:00 AM","10/4/2010 12:00:00 AM","EA ","1","2.00","10/4/2010 12:00:00 AM"
"2519","738","327","10/5/2010 12:00:00 AM","","EA ","2","1.00","9/21/2010 12:00:00 AM"
"3168","738","399","12/15/2010 12:00:00 AM","","EA ","2","1.00","12/1/2010 12:00:00 AM"
"1408","738","492","6/9/2010 12:00:00 AM","","OZ ","2","8.00","5/26/2010 12:00:00 AM"
"584","738","532","3/18/2010 12:00:00 AM","","EA ","2","4.00","3/4/2010 12:00:00 AM"
"965","738","533","5/26/2010 12:00:00 AM","","EA ","2","1.00","5/12/2010 12:00:00 AM"
"194","738","534","3/4/2010 12:00:00 AM","","EA ","2","1.00","2/18/2010 12:00:00 AM"
"1407","738","802","6/9/2010 12:00:00 AM","","EA ","2","1.00","5/26/2010 12:00:00 AM"
"1396","739","324","6/9/2010 12:00:00 AM","","EA ","2","2.00","5/26/2010 12:00:00 AM"
"1853","739","325","6/19/2010 12:00:00 AM","","EA ","2","2.00","6/5/2010 12:00:00 AM"
"3425","739","326","12/23/2010 12:00:00 AM","","EA ","2","1.00","12/9/2010 12:00:00 AM"
"2513","739","327","8/5/2010 12:00:00 AM","","EA ","2","1.00","7/22/2010 12:00:00 AM"
"3162","739","399","12/15/2010 12:00:00 AM","","EA ","2","1.00","12/1/2010 12:00:00 AM"
"181","739","494","3/4/2010 12:00:00 AM","","OZ ","2","8.00","2/18/2010 12:00:00 AM"
"578","739","532","3/18/2010 12:00:00 AM","","EA ","2","4.00","3/4/2010 12:00:00 AM"
"1145","739","533","5/26/2010 12:00:00 AM","7/25/2010 12:00:00 AM","EA ","1","2.00","7/25/2010 12:00:00 AM"
"959","739","533","7/26/2010 12:00:00 AM","","EA ","2","1.00","7/12/2010 12:00:00 AM"
"182","739","534","3/4/2010 12:00:00 AM","","EA ","2","1.00","2/18/2010 12:00:00 AM"
"180","739","804","3/4/2010 12:00:00 AM","","EA ","2","1.00","2/18/2010 12:00:00 AM"
"1397","740","324","6/9/2010 12:00:00 AM","","EA ","2","2.00","5/26/2010 12:00:00 AM"
"1854","740","325","6/19/2010 12:00:00 AM","","EA ","2","2.00","6/5/2010 12:00:00 AM"
"3426","740","326","12/23/2010 12:00:00 AM","","EA ","2","1.00","12/9/2010 12:00:00 AM"
"2514","740","327","8/5/2010 12:00:00 AM","","EA ","2","1.00","7/22/2010 12:00:00 AM"
"3163","740","399","12/15/2010 12:00:00 AM","","EA ","2","1.00","12/1/2010 12:00:00 AM"
"184","740","494","3/4/2010 12:00:00 AM","","OZ ","2","8.00","2/18/2010 12:00:00 AM"
"579","740","532","3/18/2010 12:00:00 AM","","EA ","2","4.00","3/4/2010 12:00:00 AM"
"960","740","533","5/26/2010 12:00:00 AM","","EA ","2","1.00","5/12/2010 12:00:00 AM"
"185","740","534","3/4/2010 12:00:00 AM","","EA ","2","1.00","2/18/2010 12:00:00 AM"
"183","740","804","3/4/2010 12:00:00 AM","","EA ","2","1.00","2/18/2010 12:00:00 AM"
"1596","741","324","6/9/2010 12:00:00 AM","8/8/2010 12:00:00 AM","EA ","1","3.00","8/8/2010 12:00:00 AM"
"1398","741","324","8/9/2010 12:00:00 AM","","EA ","2","2.00","7/26/2010 12:00:00 AM"
"1855","741","325","6/19/2010 12:00:00 AM","","EA ","2","2.00","6/5/2010 12:00:00 AM"
"3427","741","326","12/23/2010 12:00:00 AM","","EA ","2","1.00","12/9/2010 12:00:00 AM"
"2515","741","327","8/5/2010 12:00:00 AM","","EA ","2","1.00","7/22/2010 12:00:00 AM"
"3164","741","399","12/15/2010 12:00:00 AM","","EA ","2","1.00","12/1/2010 12:00:00 AM"
"187","741","494","3/4/2010 12:00:00 AM","","OZ ","2","8.00","2/18/2010 12:00:00 AM"
"580","741","532","3/18/2010 12:00:00 AM","","EA ","2","4.00","3/4/2010 12:00:00 AM"
"961","741","533","5/26/2010 12:00:00 AM","","EA ","2","1.00","5/12/2010 12:00:00 AM"
"188","741","534","3/4/2010 12:00:00 AM","","EA ","2","1.00","2/18/2010 12:00:00 AM"
"186","741","804","3/4/2010 12:00:00 AM","","EA ","2","1.00","2/18/2010 12:00:00 AM"
"1399","742","324","6/9/2010 12:00:00 AM","","EA ","2","2.00","5/26/2010 12:00:00 AM"
"1856","742","325","6/19/2010 12:00:00 AM","","EA ","2","2.00","6/5/2010 12:00:00 AM"
"3428","742","326","12/23/2010 12:00:00 AM","","EA ","2","1.00","12/9/2010 12:00:00 AM"
"2670","742","327","8/5/2010 12:00:00 AM","10/4/2010 12:00:00 AM","EA ","1","2.00","10/4/2010 12:00:00 AM"
"2516","742","327","10/5/2010 12:00:00 AM","","EA ","2","1.00","9/21/2010 12:00:00 AM"
"3165","742","399","12/15/2010 12:00:00 AM","","EA ","2","1.00","12/1/2010 12:00:00 AM"
"190","742","494","3/4/2010 12:00:00 AM","","OZ ","2","8.00","2/18/2010 12:00:00 AM"
"581","742","532","3/18/2010 12:00:00 AM","","EA ","2","4.00","3/4/2010 12:00:00 AM"
"962","742","533","5/26/2010 12:00:00 AM","","EA ","2","1.00","5/12/2010 12:00:00 AM"
"191","742","534","3/4/2010 12:00:00 AM","","EA ","2","1.00","2/18/2010 12:00:00 AM"
"189","742","804","3/4/2010 12:00:00 AM","","EA ","2","1.00","2/18/2010 12:00:00 AM"
"1388","743","324","6/9/2010 12:00:00 AM","","EA ","2","2.00","5/26/2010 12:00:00 AM"
"1849","743","325","6/19/2010 12:00:00 AM","","EA ","2","2.00","6/5/2010 12:00:00 AM"
"3421","743","326","12/23/2010 12:00:00 AM","","EA ","2","1.00","12/9/2010 12:00:00 AM"
"2509","743","327","8/5/2010 12:00:00 AM","","EA ","2","1.00","7/22/2010 12:00:00 AM"
"3158","743","399","12/15/2010 12:00:00 AM","","EA ","2","1.00","12/1/2010 12:00:00 AM"
"1389","743","492","6/9/2010 12:00:00 AM","","OZ ","2","8.00","5/26/2010 12:00:00 AM"
"574","743","532","3/18/2010 12:00:00 AM","","EA ","2","4.00","3/4/2010 12:00:00 AM"
"955","743","533","5/26/2010 12:00:00 AM","","EA ","2","1.00","5/12/2010 12:00:00 AM"
"173","743","534","3/4/2010 12:00:00 AM","","EA ","2","1.00","2/18/2010 12:00:00 AM"
"172","743","804","3/4/2010 12:00:00 AM","","EA ","2","1.00","2/18/2010 12:00:00 AM"
"1592","744","324","6/9/2010 12:00:00 AM","8/8/2010 12:00:00 AM","EA ","1","3.00","8/8/2010 12:00:00 AM"
"1390","744","324","8/9/2010 12:00:00 AM","","EA ","2","2.00","7/26/2010 12:00:00 AM"
"1850","744","325","6/19/2010 12:00:00 AM","","EA ","2","2.00","6/5/2010 12:00:00 AM"
"3422","744","326","12/23/2010 12:00:00 AM","","EA ","2","1.00","12/9/2010 12:00:00 AM"
"2510","744","327","8/5/2010 12:00:00 AM","","EA ","2","1.00","7/22/2010 12:00:00 AM"
"3159","744","399","12/15/2010 12:00:00 AM","","EA ","2","1.00","12/1/2010 12:00:00 AM"
"1391","744","492","6/9/2010 12:00:00 AM","","OZ ","2","8.00","5/26/2010 12:00:00 AM"
"575","744","532","3/18/2010 12:00:00 AM","","EA ","2","4.00","3/4/2010 12:00:00 AM"
"956","744","533","5/26/2010 12:00:00 AM","","EA ","2","1.00","5/12/2010 12:00:00 AM"
"175","744","534","3/4/2010 12:00:00 AM","","EA ","2","1.00","2/18/2010 12:00:00 AM"
"174","744","804","3/4/2010 12:00:00 AM","","EA ","2","1.00","2/18/2010 12:00:00 AM"
"1392","745","324","6/9/2010 12:00:00 AM","","EA ","2","2.00","5/26/2010 12:00:00 AM"
"1851","745","325","6/19/2010 12:00:00 AM","","EA ","2","2.00","6/5/2010 12:00:00 AM"
"3423","745","326","12/23/2010 12:00:00 AM","","EA ","2","1.00","12/9/2010 12:00:00 AM"
"2667","745","327","8/5/2010 12:00:00 AM","10/4/2010 12:00:00 AM","EA ","1","2.00","10/4/2010 12:00:00 AM"
"2511","745","327","10/5/2010 12:00:00 AM","","EA ","2","1.00","9/21/2010 12:00:00 AM"
"3160","745","399","12/15/2010 12:00:00 AM","","EA ","2","1.00","12/1/2010 12:00:00 AM"
"1393","745","492","6/9/2010 12:00:00 AM","","OZ ","2","8.00","5/26/2010 12:00:00 AM"
"576","745","532","3/18/2010 12:00:00 AM","","EA ","2","4.00","3/4/2010 12:00:00 AM"
"957","745","533","5/26/2010 12:00:00 AM","","EA ","2","1.00","5/12/2010 12:00:00 AM"
"177","745","534","3/4/2010 12:00:00 AM","","EA ","2","1.00","2/18/2010 12:00:00 AM"
"176","745","804","3/4/2010 12:00:00 AM","","EA ","2","1.00","2/18/2010 12:00:00 AM"
"1394","746","324","6/9/2010 12:00:00 AM","","EA ","2","2.00","5/26/2010 12:00:00 AM"
"1852","746","325","6/19/2010 12:00:00 AM","","EA ","2","2.00","6/5/2010 12:00:00 AM"
"3424","746","326","12/23/2010 12:00:00 AM","","EA ","2","1.00","12/9/2010 12:00:00 AM"
"2512","746","327","8/5/2010 12:00:00 AM","","EA ","2","1.00","7/22/2010 12:00:00 AM"
"3161","746","399","12/15/2010 12:00:00 AM","","EA ","2","1.00","12/1/2010 12:00:00 AM"
"1593","746","492","6/9/2010 12:00:00 AM","8/8/2010 12:00:00 AM","OZ ","1","9.00","8/8/2010 12:00:00 AM"
"1395","746","492","8/9/2010 12:00:00 AM","","OZ ","2","8.00","7/26/2010 12:00:00 AM"
"577","746","532","3/18/2010 12:00:00 AM","","EA ","2","4.00","3/4/2010 12:00:00 AM"
"958","746","533","5/26/2010 12:00:00 AM","","EA ","2","1.00","5/12/2010 12:00:00 AM"
"179","746","534","3/4/2010 12:00:00 AM","","EA ","2","1.00","2/18/2010 12:00:00 AM"
"178","746","804","3/4/2010 12:00:00 AM","","EA ","2","1.00","2/18/2010 12:00:00 AM"
"2305","747","324","8/5/2010 12:00:00 AM","","EA ","2","2.00","7/22/2010 12:00:00 AM"
"2720","747","325","9/15/2010 12:00:00 AM","","EA ","2","2.00","9/1/2010 12:00:00 AM"
"2307","747","326","8/5/2010 12:00:00 AM","","EA ","2","1.00","7/22/2010 12:00:00 AM"
"1202","747","327","6/9/2010 12:00:00 AM","","EA ","2","1.00","5/26/2010 12:00:00 AM"
"3236","747","399","12/23/2010 12:00:00 AM","","EA ","2","1.00","12/9/2010 12:00:00 AM"
"3011","747","492","12/15/2010 12:00:00 AM","","OZ ","2","8.00","12/1/2010 12:00:00 AM"
"2653","747","532","8/5/2010 12:00:00 AM","10/4/2010 12:00:00 AM","EA ","1","5.00","10/4/2010 12:00:00 AM"
"2493","747","532","10/5/2010 12:00:00 AM","","EA ","2","4.00","9/21/2010 12:00:00 AM"
"1364","747","533","6/9/2010 12:00:00 AM","","EA ","2","1.00","5/26/2010 12:00:00 AM"
"1838","747","534","6/19/2010 12:00:00 AM","","EA ","2","1.00","6/5/2010 12:00:00 AM"
"18","747","804","3/4/2010 12:00:00 AM","","EA ","2","1.00","2/18/2010 12:00:00 AM"
"368","748","324","3/18/2010 12:00:00 AM","","EA ","2","2.00","3/4/2010 12:00:00 AM"
"1200","748","325","6/9/2010 12:00:00 AM","","EA ","2","2.00","5/26/2010 12:00:00 AM"
"371","748","326","3/18/2010 12:00:00 AM","","EA ","2","1.00","3/4/2010 12:00:00 AM"
"262","748","327","3/4/2010 12:00:00 AM","5/3/2010 12:00:00 AM","EA ","1","2.00","5/3/2010 12:00:00 AM"
"11","748","327","5/4/2010 12:00:00 AM","","EA ","2","1.00","4/20/2010 12:00:00 AM"
"2323","748","399","8/5/2010 12:00:00 AM","","EA ","2","1.00","7/22/2010 12:00:00 AM"
"2203","748","494","7/8/2010 12:00:00 AM","9/6/2010 12:00:00 AM","OZ ","1","9.00","9/6/2010 12:00:00 AM"
"2020","748","494","9/7/2010 12:00:00 AM","","OZ ","2","8.00","8/24/2010 12:00:00 AM"
"550","748","532","3/18/2010 12:00:00 AM","","EA ","2","4.00","3/4/2010 12:00:00 AM"
"148","748","533","3/4/2010 12:00:00 AM","","EA ","2","1.00","2/18/2010 12:00:00 AM"
"3409","748","534","12/23/2010 12:00:00 AM","","EA ","2","1.00","12/9/2010 12:00:00 AM"
"2012","748","804","7/8/2010 12:00:00 AM","","EA ","2","1.00","6/24/2010 12:00:00 AM"
"2989","749","519","9/15/2010 12:00:00 AM","11/14/2010 12:00:00 AM","EA ","1","2.00","11/14/2010 12:00:00 AM"
"2857","749","519","11/15/2010 12:00:00 AM","","EA ","1","1.00","11/1/2010 12:00:00 AM"
"1793","749","717","6/19/2010 12:00:00 AM","","EA ","1","1.00","6/5/2010 12:00:00 AM"
"3108","749","807","12/15/2010 12:00:00 AM","","EA ","1","1.00","12/1/2010 12:00:00 AM"
"3363","749","813","12/23/2010 12:00:00 AM","","EA ","1","1.00","12/9/2010 12:00:00 AM"
"511","749","820","3/18/2010 12:00:00 AM","","EA ","1","1.00","3/4/2010 12:00:00 AM"
"752","749","828","3/18/2010 12:00:00 AM","5/17/2010 12:00:00 AM","EA ","1","2.00","5/17/2010 12:00:00 AM"
"531","749","828","5/18/2010 12:00:00 AM","","EA ","1","1.00","5/4/2010 12:00:00 AM"
"2464","749","894","8/5/2010 12:00:00 AM","","EA ","1","1.00","7/22/2010 12:00:00 AM"
"3110","749","907","12/15/2010 12:00:00 AM","","EA ","1","1.00","12/1/2010 12:00:00 AM"
"3364","749","940","12/23/2010 12:00:00 AM","","EA ","1","1.00","12/9/2010 12:00:00 AM"
"1319","749","945","6/9/2010 12:00:00 AM","","EA ","1","1.00","5/26/2010 12:00:00 AM"
"111","749","948","3/4/2010 12:00:00 AM","","EA ","1","1.00","2/18/2010 12:00:00 AM"
"1317","749","951","6/9/2010 12:00:00 AM","","EA ","1","1.00","5/26/2010 12:00:00 AM"
"2823","749","952","9/15/2010 12:00:00 AM","","EA ","1","1.00","9/1/2010 12:00:00 AM"
"1316","749","996","6/9/2010 12:00:00 AM","","EA ","1","1.00","5/26/2010 12:00:00 AM"
"2980","750","519","9/15/2010 12:00:00 AM","11/14/2010 12:00:00 AM","EA ","1","2.00","11/14/2010 12:00:00 AM"
"2852","750","519","11/15/2010 12:00:00 AM","","EA ","1","1.00","11/1/2010 12:00:00 AM"
"2036","750","718","7/8/2010 12:00:00 AM","","EA ","1","1.00","6/24/2010 12:00:00 AM"
"411","750","807","3/18/2010 12:00:00 AM","","EA ","1","1.00","3/4/2010 12:00:00 AM"
"44","750","813","3/4/2010 12:00:00 AM","","EA ","1","1.00","2/18/2010 12:00:00 AM"
"3025","750","820","12/15/2010 12:00:00 AM","","EA ","1","1.00","12/1/2010 12:00:00 AM"
"746","750","828","3/18/2010 12:00:00 AM","5/17/2010 12:00:00 AM","EA ","1","2.00","5/17/2010 12:00:00 AM"
"526","750","828","5/18/2010 12:00:00 AM","","EA ","1","1.00","5/4/2010 12:00:00 AM"
"2456","750","894","8/5/2010 12:00:00 AM","","EA ","1","1.00","7/22/2010 12:00:00 AM"
"416","750","907","3/18/2010 12:00:00 AM","","EA ","1","1.00","3/4/2010 12:00:00 AM"
"46","750","940","3/4/2010 12:00:00 AM","","EA ","1","1.00","2/18/2010 12:00:00 AM"
"1674","750","945","6/19/2010 12:00:00 AM","","EA ","1","1.00","6/5/2010 12:00:00 AM"
"3256","750","948","12/23/2010 12:00:00 AM","","EA ","1","1.00","12/9/2010 12:00:00 AM"
"1671","750","951","6/19/2010 12:00:00 AM","","EA ","1","1.00","6/5/2010 12:00:00 AM"
"1037","750","952","5/26/2010 12:00:00 AM","7/25/2010 12:00:00 AM","EA ","1","2.00","7/25/2010 12:00:00 AM"
"811","750","952","7/26/2010 12:00:00 AM","","EA ","1","1.00","7/12/2010 12:00:00 AM"
"1667","750","996","6/19/2010 12:00:00 AM","","EA ","1","1.00","6/5/2010 12:00:00 AM"
"1116","751","519","5/26/2010 12:00:00 AM","7/25/2010 12:00:00 AM","EA ","1","2.00","7/25/2010 12:00:00 AM"
"928","751","519","7/26/2010 12:00:00 AM","","EA ","1","1.00","7/12/2010 12:00:00 AM"
"1710","751","719","6/19/2010 12:00:00 AM","","EA ","1","1.00","6/5/2010 12:00:00 AM"
"441","751","807","3/18/2010 12:00:00 AM","","EA ","1","1.00","3/4/2010 12:00:00 AM"
"64","751","813","3/4/2010 12:00:00 AM","","EA ","1","1.00","2/18/2010 12:00:00 AM"
"3047","751","820","12/15/2010 12:00:00 AM","","EA ","1","1.00","12/1/2010 12:00:00 AM"
"3124","751","828","12/15/2010 12:00:00 AM","","EA ","1","1.00","12/1/2010 12:00:00 AM"
"2125","751","894","7/8/2010 12:00:00 AM","","EA ","1","1.00","6/24/2010 12:00:00 AM"
"447","751","907","3/18/2010 12:00:00 AM","","EA ","1","1.00","3/4/2010 12:00:00 AM"
"68","751","940","3/4/2010 12:00:00 AM","","EA ","1","1.00","2/18/2010 12:00:00 AM"
"1707","751","945","6/19/2010 12:00:00 AM","","EA ","1","1.00","6/5/2010 12:00:00 AM"
"3290","751","948","12/23/2010 12:00:00 AM","","EA ","1","1.00","12/9/2010 12:00:00 AM"
"1932","751","951","6/19/2010 12:00:00 AM","8/18/2010 12:00:00 AM","EA ","1","2.00","8/18/2010 12:00:00 AM"
"1703","751","951","8/19/2010 12:00:00 AM","","EA ","1","1.00","8/5/2010 12:00:00 AM"
"832","751","952","5/26/2010 12:00:00 AM","","EA ","1","1.00","5/12/2010 12:00:00 AM"
"1697","751","996","6/19/2010 12:00:00 AM","","EA ","1","1.00","6/5/2010 12:00:00 AM"
"2983","752","519","9/15/2010 12:00:00 AM","11/14/2010 12:00:00 AM","EA ","1","2.00","11/14/2010 12:00:00 AM"
"2855","752","519","11/15/2010 12:00:00 AM","","EA ","1","1.00","11/1/2010 12:00:00 AM"
"3067","752","720","12/15/2010 12:00:00 AM","","EA ","1","1.00","12/1/2010 12:00:00 AM"
"472","752","807","3/18/2010 12:00:00 AM","","EA ","1","1.00","3/4/2010 12:00:00 AM"
"85","752","813","3/4/2010 12:00:00 AM","","EA ","1","1.00","2/18/2010 12:00:00 AM"
"3069","752","820","12/15/2010 12:00:00 AM","","EA ","1","1.00","12/1/2010 12:00:00 AM"
"748","752","828","3/18/2010 12:00:00 AM","5/17/2010 12:00:00 AM","EA ","1","2.00","5/17/2010 12:00:00 AM"
"530","752","828","5/18/2010 12:00:00 AM","","EA ","1","1.00","5/4/2010 12:00:00 AM"
"2461","752","894","8/5/2010 12:00:00 AM","","EA ","1","1.00","7/22/2010 12:00:00 AM"
"703","752","907","3/18/2010 12:00:00 AM","5/17/2010 12:00:00 AM","EA ","1","2.00","5/17/2010 12:00:00 AM"
"478","752","907","5/18/2010 12:00:00 AM","","EA ","1","1.00","5/4/2010 12:00:00 AM"
"291","752","940","3/4/2010 12:00:00 AM","5/3/2010 12:00:00 AM","EA ","1","2.00","5/3/2010 12:00:00 AM"
"89","752","940","5/4/2010 12:00:00 AM","","EA ","1","1.00","4/20/2010 12:00:00 AM"
"1738","752","945","6/19/2010 12:00:00 AM","","EA ","1","1.00","6/5/2010 12:00:00 AM"
"3313","752","948","12/23/2010 12:00:00 AM","","EA ","1","1.00","12/9/2010 12:00:00 AM"
"1734","752","951","6/19/2010 12:00:00 AM","","EA ","1","1.00","6/5/2010 12:00:00 AM"
"852","752","952","5/26/2010 12:00:00 AM","","EA ","1","1.00","5/12/2010 12:00:00 AM"
"1730","752","996","6/19/2010 12:00:00 AM","","EA ","1","1.00","6/5/2010 12:00:00 AM"
"1119","753","519","5/26/2010 12:00:00 AM","7/25/2010 12:00:00 AM","EA ","1","2.00","7/25/2010 12:00:00 AM"
"931","753","519","7/26/2010 12:00:00 AM","","EA ","1","1.00","7/12/2010 12:00:00 AM"
"3334","753","721","12/23/2010 12:00:00 AM","","EA ","1","1.00","12/9/2010 12:00:00 AM"
"490","753","807","3/18/2010 12:00:00 AM","","EA ","1","1.00","3/4/2010 12:00:00 AM"
"97","753","813","3/4/2010 12:00:00 AM","","EA ","1","1.00","2/18/2010 12:00:00 AM"
"3080","753","820","12/15/2010 12:00:00 AM","","EA ","1","1.00","12/1/2010 12:00:00 AM"
"3126","753","828","12/15/2010 12:00:00 AM","","EA ","1","1.00","12/1/2010 12:00:00 AM"
"2129","753","894","7/8/2010 12:00:00 AM","","EA ","1","1.00","6/24/2010 12:00:00 AM"
"3086","753","907","12/15/2010 12:00:00 AM","","EA ","1","1.00","12/1/2010 12:00:00 AM"
"3339","753","940","12/23/2010 12:00:00 AM","","EA ","1","1.00","12/9/2010 12:00:00 AM"
"1765","753","945","6/19/2010 12:00:00 AM","","EA ","1","1.00","6/5/2010 12:00:00 AM"
"3331","753","948","12/23/2010 12:00:00 AM","","EA ","1","1.00","12/9/2010 12:00:00 AM"
"1763","753","951","6/19/2010 12:00:00 AM","","EA ","1","1.00","6/5/2010 12:00:00 AM"
"868","753","952","5/26/2010 12:00:00 AM","","EA ","1","1.00","5/12/2010 12:00:00 AM"
"1760","753","996","6/19/2010 12:00:00 AM","","EA ","1","1.00","6/5/2010 12:00:00 AM"
"139","754","518","3/4/2010 12:00:00 AM","","EA ","1","1.00","2/18/2010 12:00:00 AM"
"3347","754","734","12/23/2010 12:00:00 AM","","EA ","1","1.00","12/9/2010 12:00:00 AM"
"1298","754","806","6/9/2010 12:00:00 AM","","EA ","1","1.00","5/26/2010 12:00:00 AM"
"496","754","812","3/18/2010 12:00:00 AM","","EA ","1","1.00","3/4/2010 12:00:00 AM"
"1776","754","819","6/19/2010 12:00:00 AM","","EA ","1","1.00","6/5/2010 12:00:00 AM"
"1818","754","827","6/19/2010 12:00:00 AM","","EA ","1","1.00","6/5/2010 12:00:00 AM"
"2131","754","894","7/8/2010 12:00:00 AM","","EA ","1","1.00","6/24/2010 12:00:00 AM"
"499","754","907","3/18/2010 12:00:00 AM","","EA ","1","1.00","3/4/2010 12:00:00 AM"
"497","754","939","3/18/2010 12:00:00 AM","","EA ","1","1.00","3/4/2010 12:00:00 AM"
"1774","754","945","6/19/2010 12:00:00 AM","","EA ","1","1.00","6/5/2010 12:00:00 AM"
"3345","754","948","12/23/2010 12:00:00 AM","","EA ","1","1.00","12/9/2010 12:00:00 AM"
"2098","754","950","7/8/2010 12:00:00 AM","","EA ","1","1.00","6/24/2010 12:00:00 AM"
"881","754","952","5/26/2010 12:00:00 AM","","EA ","1","1.00","5/12/2010 12:00:00 AM"
"2238","754","995","7/8/2010 12:00:00 AM","9/6/2010 12:00:00 AM","EA ","1","2.00","9/6/2010 12:00:00 AM"
"2096","754","995","9/7/2010 12:00:00 AM","","EA ","1","1.00","8/24/2010 12:00:00 AM"
"3395","755","518","12/23/2010 12:00:00 AM","","EA ","1","1.00","12/9/2010 12:00:00 AM"
"2818","755","735","9/15/2010 12:00:00 AM","","EA ","1","1.00","9/1/2010 12:00:00 AM"
"1311","755","806","6/9/2010 12:00:00 AM","","EA ","1","1.00","5/26/2010 12:00:00 AM"
"502","755","812","3/18/2010 12:00:00 AM","","EA ","1","1.00","3/4/2010 12:00:00 AM"
"1785","755","819","6/19/2010 12:00:00 AM","","EA ","1","1.00","6/5/2010 12:00:00 AM"
"1348","755","827","6/9/2010 12:00:00 AM","","EA ","1","1.00","5/26/2010 12:00:00 AM"
"2463","755","894","8/5/2010 12:00:00 AM","","EA ","1","1.00","7/22/2010 12:00:00 AM"
"507","755","907","3/18/2010 12:00:00 AM","","EA ","1","1.00","3/4/2010 12:00:00 AM"
"505","755","939","3/18/2010 12:00:00 AM","","EA ","1","1.00","3/4/2010 12:00:00 AM"
"1784","755","945","6/19/2010 12:00:00 AM","","EA ","1","1.00","6/5/2010 12:00:00 AM"
"3354","755","948","12/23/2010 12:00:00 AM","","EA ","1","1.00","12/9/2010 12:00:00 AM"
"2109","755","950","7/8/2010 12:00:00 AM","","EA ","1","1.00","6/24/2010 12:00:00 AM"
"887","755","952","5/26/2010 12:00:00 AM","","EA ","1","1.00","5/12/2010 12:00:00 AM"
"2106","755","995","7/8/2010 12:00:00 AM","","EA ","1","1.00","6/24/2010 12:00:00 AM"
"130","756","518","3/4/2010 12:00:00 AM","","EA ","1","1.00","2/18/2010 12:00:00 AM"
"2750","756","731","9/15/2010 12:00:00 AM","","EA ","1","1.00","9/1/2010 12:00:00 AM"
"1685","756","806","6/19/2010 12:00:00 AM","","EA ","1","1.00","6/5/2010 12:00:00 AM"
"3026","756","812","12/15/2010 12:00:00 AM","","EA ","1","1.00","12/1/2010 12:00:00 AM"
"1505","756","819","6/9/2010 12:00:00 AM","8/8/2010 12:00:00 AM","EA ","1","2.00","8/8/2010 12:00:00 AM"
"1231","756","819","8/9/2010 12:00:00 AM","","EA ","1","1.00","7/26/2010 12:00:00 AM"
"1808","756","827","6/19/2010 12:00:00 AM","","EA ","1","1.00","6/5/2010 12:00:00 AM"
"2122","756","894","7/8/2010 12:00:00 AM","","EA ","1","1.00","6/24/2010 12:00:00 AM"
"3032","756","907","12/15/2010 12:00:00 AM","","EA ","1","1.00","12/1/2010 12:00:00 AM"
"3029","756","939","12/15/2010 12:00:00 AM","","EA ","1","1.00","12/1/2010 12:00:00 AM"
"1227","756","945","6/9/2010 12:00:00 AM","","EA ","1","1.00","5/26/2010 12:00:00 AM"
"39","756","948","3/4/2010 12:00:00 AM","","EA ","1","1.00","2/18/2010 12:00:00 AM"
"2338","756","950","8/5/2010 12:00:00 AM","","EA ","1","1.00","7/22/2010 12:00:00 AM"
"2741","756","952","9/15/2010 12:00:00 AM","","EA ","1","1.00","9/1/2010 12:00:00 AM"
"2331","756","995","8/5/2010 12:00:00 AM","","EA ","1","1.00","7/22/2010 12:00:00 AM"
"3386","757","518","12/23/2010 12:00:00 AM","","EA ","1","1.00","12/9/2010 12:00:00 AM"
"2379","757","732","8/5/2010 12:00:00 AM","","EA ","1","1.00","7/22/2010 12:00:00 AM"
"1719","757","806","6/19/2010 12:00:00 AM","","EA ","1","1.00","6/5/2010 12:00:00 AM"
"3048","757","812","12/15/2010 12:00:00 AM","","EA ","1","1.00","12/1/2010 12:00:00 AM"
"1252","757","819","6/9/2010 12:00:00 AM","","EA ","1","1.00","5/26/2010 12:00:00 AM"
"1340","757","827","6/9/2010 12:00:00 AM","","EA ","1","1.00","5/26/2010 12:00:00 AM"
"2458","757","894","8/5/2010 12:00:00 AM","","EA ","1","1.00","7/22/2010 12:00:00 AM"
"3055","757","907","12/15/2010 12:00:00 AM","","EA ","1","1.00","12/1/2010 12:00:00 AM"
"3052","757","939","12/15/2010 12:00:00 AM","","EA ","1","1.00","12/1/2010 12:00:00 AM"
"1246","757","945","6/9/2010 12:00:00 AM","","EA ","1","1.00","5/26/2010 12:00:00 AM"
"279","757","948","3/4/2010 12:00:00 AM","5/3/2010 12:00:00 AM","EA ","1","2.00","5/3/2010 12:00:00 AM"
"58","757","948","5/4/2010 12:00:00 AM","","EA ","1","1.00","4/20/2010 12:00:00 AM"
"2369","757","950","8/5/2010 12:00:00 AM","","EA ","1","1.00","7/22/2010 12:00:00 AM"
"2763","757","952","9/15/2010 12:00:00 AM","","EA ","1","1.00","9/1/2010 12:00:00 AM"
"2587","757","995","8/5/2010 12:00:00 AM","10/4/2010 12:00:00 AM","EA ","1","2.00","10/4/2010 12:00:00 AM"
"2358","757","995","10/5/2010 12:00:00 AM","","EA ","1","1.00","9/21/2010 12:00:00 AM"
"135","758","518","3/4/2010 12:00:00 AM","","EA ","1","1.00","2/18/2010 12:00:00 AM"
"1273","758","733","6/9/2010 12:00:00 AM","","EA ","1","1.00","5/26/2010 12:00:00 AM"
"1945","758","806","6/19/2010 12:00:00 AM","8/18/2010 12:00:00 AM","EA ","1","2.00","8/18/2010 12:00:00 AM"
"1748","758","806","8/19/2010 12:00:00 AM","","EA ","1","1.00","8/5/2010 12:00:00 AM"
"3070","758","812","12/15/2010 12:00:00 AM","","EA ","1","1.00","12/1/2010 12:00:00 AM"
"1275","758","819","6/9/2010 12:00:00 AM","","EA ","1","1.00","5/26/2010 12:00:00 AM"
"1814","758","827","6/19/2010 12:00:00 AM","","EA ","1","1.00","6/5/2010 12:00:00 AM"
"2127","758","894","7/8/2010 12:00:00 AM","","EA ","1","1.00","6/24/2010 12:00:00 AM"
"3076","758","907","12/15/2010 12:00:00 AM","","EA ","1","1.00","12/1/2010 12:00:00 AM"
"3073","758","939","12/15/2010 12:00:00 AM","","EA ","1","1.00","12/1/2010 12:00:00 AM"
"1270","758","945","6/9/2010 12:00:00 AM","","EA ","1","1.00","5/26/2010 12:00:00 AM"
"78","758","948","3/4/2010 12:00:00 AM","","EA ","1","1.00","2/18/2010 12:00:00 AM"
"2401","758","950","8/5/2010 12:00:00 AM","","EA ","1","1.00","7/22/2010 12:00:00 AM"
"2785","758","952","9/15/2010 12:00:00 AM","","EA ","1","1.00","9/1/2010 12:00:00 AM"
"2392","758","995","8/5/2010 12:00:00 AM","","EA ","1","1.00","7/22/2010 12:00:00 AM"
"540","759","517","3/18/2010 12:00:00 AM","","EA ","1","1.00","3/4/2010 12:00:00 AM"
"2438","759","728","8/5/2010 12:00:00 AM","","EA ","1","1.00","7/22/2010 12:00:00 AM"
"1297","759","806","6/9/2010 12:00:00 AM","","EA ","1","1.00","5/26/2010 12:00:00 AM"
"1296","759","811","6/9/2010 12:00:00 AM","","EA ","1","1.00","5/26/2010 12:00:00 AM"
"2243","759","818","7/8/2010 12:00:00 AM","9/6/2010 12:00:00 AM","EA ","1","2.00","9/6/2010 12:00:00 AM"
"2102","759","818","9/7/2010 12:00:00 AM","","EA ","1","1.00","8/24/2010 12:00:00 AM"
"2146","759","826","7/8/2010 12:00:00 AM","","EA ","1","1.00","6/24/2010 12:00:00 AM"
"2130","759","894","7/8/2010 12:00:00 AM","","EA ","1","1.00","6/24/2010 12:00:00 AM"
"498","759","907","3/18/2010 12:00:00 AM","","EA ","1","1.00","3/4/2010 12:00:00 AM"
"1300","759","938","6/9/2010 12:00:00 AM","","EA ","1","1.00","5/26/2010 12:00:00 AM"
"1773","759","945","6/19/2010 12:00:00 AM","","EA ","1","1.00","6/5/2010 12:00:00 AM"
"3344","759","948","12/23/2010 12:00:00 AM","","EA ","1","1.00","12/9/2010 12:00:00 AM"
"2097","759","950","7/8/2010 12:00:00 AM","","EA ","1","1.00","6/24/2010 12:00:00 AM"
"1079","759","952","5/26/2010 12:00:00 AM","7/25/2010 12:00:00 AM","EA ","1","2.00","7/25/2010 12:00:00 AM"
"880","759","952","7/26/2010 12:00:00 AM","","EA ","1","1.00","7/12/2010 12:00:00 AM"
"2809","759","994","9/15/2010 12:00:00 AM","","EA ","1","1.00","9/1/2010 12:00:00 AM"
"3133","760","517","12/15/2010 12:00:00 AM","","EA ","1","1.00","12/1/2010 12:00:00 AM"
"1307","760","729","6/9/2010 12:00:00 AM","","EA ","1","1.00","5/26/2010 12:00:00 AM"
"1310","760","806","6/9/2010 12:00:00 AM","","EA ","1","1.00","5/26/2010 12:00:00 AM"
"1309","760","811","6/9/2010 12:00:00 AM","","EA ","1","1.00","5/26/2010 12:00:00 AM"
"2112","760","818","7/8/2010 12:00:00 AM","","EA ","1","1.00","6/24/2010 12:00:00 AM"
"2475","760","826","8/5/2010 12:00:00 AM","","EA ","1","1.00","7/22/2010 12:00:00 AM"
"2462","760","894","8/5/2010 12:00:00 AM","","EA ","1","1.00","7/22/2010 12:00:00 AM"
"506","760","907","3/18/2010 12:00:00 AM","","EA ","1","1.00","3/4/2010 12:00:00 AM"
"1312","760","938","6/9/2010 12:00:00 AM","","EA ","1","1.00","5/26/2010 12:00:00 AM"
"1783","760","945","6/19/2010 12:00:00 AM","","EA ","1","1.00","6/5/2010 12:00:00 AM"
"3353","760","948","12/23/2010 12:00:00 AM","","EA ","1","1.00","12/9/2010 12:00:00 AM"
"2108","760","950","7/8/2010 12:00:00 AM","","EA ","1","1.00","6/24/2010 12:00:00 AM"
"886","760","952","5/26/2010 12:00:00 AM","","EA ","1","1.00","5/12/2010 12:00:00 AM"
"2813","760","994","9/15/2010 12:00:00 AM","","EA ","1","1.00","9/1/2010 12:00:00 AM"
"542","761","517","3/18/2010 12:00:00 AM","","EA ","1","1.00","3/4/2010 12:00:00 AM"
"510","761","730","3/18/2010 12:00:00 AM","","EA ","1","1.00","3/4/2010 12:00:00 AM"
"1322","761","806","6/9/2010 12:00:00 AM","","EA ","1","1.00","5/26/2010 12:00:00 AM"
"1321","761","811","6/9/2010 12:00:00 AM","","EA ","1","1.00","5/26/2010 12:00:00 AM"
"2118","761","818","7/8/2010 12:00:00 AM","","EA ","1","1.00","6/24/2010 12:00:00 AM"
"2149","761","826","7/8/2010 12:00:00 AM","","EA ","1","1.00","6/24/2010 12:00:00 AM"
"2133","761","894","7/8/2010 12:00:00 AM","","EA ","1","1.00","6/24/2010 12:00:00 AM"
"513","761","907","3/18/2010 12:00:00 AM","","EA ","1","1.00","3/4/2010 12:00:00 AM"
"1323","761","938","6/9/2010 12:00:00 AM","","EA ","1","1.00","5/26/2010 12:00:00 AM"
"1792","761","945","6/19/2010 12:00:00 AM","","EA ","1","1.00","6/5/2010 12:00:00 AM"
"3360","761","948","12/23/2010 12:00:00 AM","","EA ","1","1.00","12/9/2010 12:00:00 AM"
"2116","761","950","7/8/2010 12:00:00 AM","","EA ","1","1.00","6/24/2010 12:00:00 AM"
"894","761","952","5/26/2010 12:00:00 AM","","EA ","1","1.00","5/12/2010 12:00:00 AM"
"2821","761","994","9/15/2010 12:00:00 AM","","EA ","1","1.00","9/1/2010 12:00:00 AM"
"534","762","517","3/18/2010 12:00:00 AM","","EA ","1","1.00","3/4/2010 12:00:00 AM"
"1230","762","725","6/9/2010 12:00:00 AM","","EA ","1","1.00","5/26/2010 12:00:00 AM"
"1684","762","806","6/19/2010 12:00:00 AM","","EA ","1","1.00","6/5/2010 12:00:00 AM"
"1682","762","811","6/19/2010 12:00:00 AM","","EA ","1","1.00","6/5/2010 12:00:00 AM"
"2351","762","818","8/5/2010 12:00:00 AM","","EA ","1","1.00","7/22/2010 12:00:00 AM"
"2138","762","826","7/8/2010 12:00:00 AM","","EA ","1","1.00","6/24/2010 12:00:00 AM"
"2121","762","894","7/8/2010 12:00:00 AM","","EA ","1","1.00","6/24/2010 12:00:00 AM"
"3031","762","907","12/15/2010 12:00:00 AM","","EA ","1","1.00","12/1/2010 12:00:00 AM"
"1689","762","938","6/19/2010 12:00:00 AM","","EA ","1","1.00","6/5/2010 12:00:00 AM"
"1226","762","945","6/9/2010 12:00:00 AM","","EA ","1","1.00","5/26/2010 12:00:00 AM"
"273","762","948","3/4/2010 12:00:00 AM","5/3/2010 12:00:00 AM","EA ","1","2.00","5/3/2010 12:00:00 AM"
"38","762","948","5/4/2010 12:00:00 AM","","EA ","1","1.00","4/20/2010 12:00:00 AM"
"2337","762","950","8/5/2010 12:00:00 AM","","EA ","1","1.00","7/22/2010 12:00:00 AM"
"2740","762","952","9/15/2010 12:00:00 AM","","EA ","1","1.00","9/1/2010 12:00:00 AM"
"806","762","994","5/26/2010 12:00:00 AM","","EA ","1","1.00","5/12/2010 12:00:00 AM"
"3132","763","517","12/15/2010 12:00:00 AM","","EA ","1","1.00","12/1/2010 12:00:00 AM"
"432","763","726","3/18/2010 12:00:00 AM","","EA ","1","1.00","3/4/2010 12:00:00 AM"
"1718","763","806","6/19/2010 12:00:00 AM","","EA ","1","1.00","6/5/2010 12:00:00 AM"
"1716","763","811","6/19/2010 12:00:00 AM","","EA ","1","1.00","6/5/2010 12:00:00 AM"
"2382","763","818","8/5/2010 12:00:00 AM","","EA ","1","1.00","7/22/2010 12:00:00 AM"
"2471","763","826","8/5/2010 12:00:00 AM","","EA ","1","1.00","7/22/2010 12:00:00 AM"
"2457","763","894","8/5/2010 12:00:00 AM","","EA ","1","1.00","7/22/2010 12:00:00 AM"
"3054","763","907","12/15/2010 12:00:00 AM","","EA ","1","1.00","12/1/2010 12:00:00 AM"
"1723","763","938","6/19/2010 12:00:00 AM","","EA ","1","1.00","6/5/2010 12:00:00 AM"
"1245","763","945","6/9/2010 12:00:00 AM","","EA ","1","1.00","5/26/2010 12:00:00 AM"
"57","763","948","3/4/2010 12:00:00 AM","","EA ","1","1.00","2/18/2010 12:00:00 AM"
"2368","763","950","8/5/2010 12:00:00 AM","","EA ","1","1.00","7/22/2010 12:00:00 AM"
"2762","763","952","9/15/2010 12:00:00 AM","","EA ","1","1.00","9/1/2010 12:00:00 AM"
"1047","763","994","5/26/2010 12:00:00 AM","7/25/2010 12:00:00 AM","EA ","1","2.00","7/25/2010 12:00:00 AM"
"826","763","994","7/26/2010 12:00:00 AM","","EA ","1","1.00","7/12/2010 12:00:00 AM"
"538","764","517","3/18/2010 12:00:00 AM","","EA ","1","1.00","3/4/2010 12:00:00 AM"
"82","764","727","3/4/2010 12:00:00 AM","","EA ","1","1.00","2/18/2010 12:00:00 AM"
"1747","764","806","6/19/2010 12:00:00 AM","","EA ","1","1.00","6/5/2010 12:00:00 AM"
"1745","764","811","6/19/2010 12:00:00 AM","","EA ","1","1.00","6/5/2010 12:00:00 AM"
"2601","764","818","8/5/2010 12:00:00 AM","10/4/2010 12:00:00 AM","EA ","1","2.00","10/4/2010 12:00:00 AM"
"2413","764","818","10/5/2010 12:00:00 AM","","EA ","1","1.00","9/21/2010 12:00:00 AM"
"2142","764","826","7/8/2010 12:00:00 AM","","EA ","1","1.00","6/24/2010 12:00:00 AM"
"2126","764","894","7/8/2010 12:00:00 AM","","EA ","1","1.00","6/24/2010 12:00:00 AM"
"3075","764","907","12/15/2010 12:00:00 AM","","EA ","1","1.00","12/1/2010 12:00:00 AM"
"1752","764","938","6/19/2010 12:00:00 AM","","EA ","1","1.00","6/5/2010 12:00:00 AM"
"1269","764","945","6/9/2010 12:00:00 AM","","EA ","1","1.00","5/26/2010 12:00:00 AM"
"77","764","948","3/4/2010 12:00:00 AM","","EA ","1","1.00","2/18/2010 12:00:00 AM"
"2400","764","950","8/5/2010 12:00:00 AM","","EA ","1","1.00","7/22/2010 12:00:00 AM"
"2784","764","952","9/15/2010 12:00:00 AM","","EA ","1","1.00","9/1/2010 12:00:00 AM"
"848","764","994","5/26/2010 12:00:00 AM","","EA ","1","1.00","5/12/2010 12:00:00 AM"
"1572","765","517","6/9/2010 12:00:00 AM","8/8/2010 12:00:00 AM","EA ","1","2.00","8/8/2010 12:00:00 AM"
"1355","765","517","8/9/2010 12:00:00 AM","","EA ","1","1.00","7/26/2010 12:00:00 AM"
"2437","765","722","8/5/2010 12:00:00 AM","","EA ","1","1.00","7/22/2010 12:00:00 AM"
"2440","765","806","8/5/2010 12:00:00 AM","","EA ","1","1.00","7/22/2010 12:00:00 AM"
"2439","765","811","8/5/2010 12:00:00 AM","","EA ","1","1.00","7/22/2010 12:00:00 AM"
"884","765","818","5/26/2010 12:00:00 AM","","EA ","1","1.00","5/12/2010 12:00:00 AM"
"1109","765","826","5/26/2010 12:00:00 AM","7/25/2010 12:00:00 AM","EA ","1","2.00","7/25/2010 12:00:00 AM"
"923","765","826","7/26/2010 12:00:00 AM","","EA ","1","1.00","7/12/2010 12:00:00 AM"
"911","765","894","5/26/2010 12:00:00 AM","","EA ","1","1.00","5/12/2010 12:00:00 AM"
"1301","765","907","6/9/2010 12:00:00 AM","","EA ","1","1.00","5/26/2010 12:00:00 AM"
"2441","765","938","8/5/2010 12:00:00 AM","","EA ","1","1.00","7/22/2010 12:00:00 AM"
"2100","765","945","7/8/2010 12:00:00 AM","","EA ","1","1.00","6/24/2010 12:00:00 AM"
"3092","765","948","12/15/2010 12:00:00 AM","","EA ","1","1.00","12/1/2010 12:00:00 AM"
"1080","765","950","5/26/2010 12:00:00 AM","7/25/2010 12:00:00 AM","EA ","1","2.00","7/25/2010 12:00:00 AM"
"883","765","950","7/26/2010 12:00:00 AM","","EA ","1","1.00","7/12/2010 12:00:00 AM"
"104","765","952","3/4/2010 12:00:00 AM","","EA ","1","1.00","2/18/2010 12:00:00 AM"
"3340","765","994","12/23/2010 12:00:00 AM","","EA ","1","1.00","12/9/2010 12:00:00 AM"
"1827","766","517","6/19/2010 12:00:00 AM","","EA ","1","1.00","6/5/2010 12:00:00 AM"
"1306","766","723","6/9/2010 12:00:00 AM","","EA ","1","1.00","5/26/2010 12:00:00 AM"
"2447","766","806","8/5/2010 12:00:00 AM","","EA ","1","1.00","7/22/2010 12:00:00 AM"
"2446","766","811","8/5/2010 12:00:00 AM","","EA ","1","1.00","7/22/2010 12:00:00 AM"
"889","766","818","5/26/2010 12:00:00 AM","","EA ","1","1.00","5/12/2010 12:00:00 AM"
"2850","766","826","9/15/2010 12:00:00 AM","","EA ","1","1.00","9/1/2010 12:00:00 AM"
"2839","766","894","9/15/2010 12:00:00 AM","","EA ","1","1.00","9/1/2010 12:00:00 AM"
"1314","766","907","6/9/2010 12:00:00 AM","","EA ","1","1.00","5/26/2010 12:00:00 AM"
"2448","766","938","8/5/2010 12:00:00 AM","","EA ","1","1.00","7/22/2010 12:00:00 AM"
"2111","766","945","7/8/2010 12:00:00 AM","","EA ","1","1.00","6/24/2010 12:00:00 AM"
"3098","766","948","12/15/2010 12:00:00 AM","","EA ","1","1.00","12/1/2010 12:00:00 AM"
"888","766","950","5/26/2010 12:00:00 AM","","EA ","1","1.00","5/12/2010 12:00:00 AM"
"108","766","952","3/4/2010 12:00:00 AM","","EA ","1","1.00","2/18/2010 12:00:00 AM"
"3348","766","994","12/23/2010 12:00:00 AM","","EA ","1","1.00","12/9/2010 12:00:00 AM"
"1573","767","517","6/9/2010 12:00:00 AM","8/8/2010 12:00:00 AM","EA ","1","2.00","8/8/2010 12:00:00 AM"
"1356","767","517","8/9/2010 12:00:00 AM","","EA ","1","1.00","7/26/2010 12:00:00 AM"
"740","767","724","3/18/2010 12:00:00 AM","5/17/2010 12:00:00 AM","EA ","1","2.00","5/17/2010 12:00:00 AM"
"509","767","724","5/18/2010 12:00:00 AM","","EA ","1","1.00","5/4/2010 12:00:00 AM"
"2453","767","806","8/5/2010 12:00:00 AM","","EA ","1","1.00","7/22/2010 12:00:00 AM"
"2452","767","811","8/5/2010 12:00:00 AM","","EA ","1","1.00","7/22/2010 12:00:00 AM"
"896","767","818","5/26/2010 12:00:00 AM","","EA ","1","1.00","5/12/2010 12:00:00 AM"
"1111","767","826","5/26/2010 12:00:00 AM","7/25/2010 12:00:00 AM","EA ","1","2.00","7/25/2010 12:00:00 AM"
"924","767","826","7/26/2010 12:00:00 AM","","EA ","1","1.00","7/12/2010 12:00:00 AM"
"912","767","894","5/26/2010 12:00:00 AM","","EA ","1","1.00","5/12/2010 12:00:00 AM"
"1324","767","907","6/9/2010 12:00:00 AM","","EA ","1","1.00","5/26/2010 12:00:00 AM"
"2454","767","938","8/5/2010 12:00:00 AM","","EA ","1","1.00","7/22/2010 12:00:00 AM"
"2117","767","945","7/8/2010 12:00:00 AM","","EA ","1","1.00","6/24/2010 12:00:00 AM"
"3105","767","948","12/15/2010 12:00:00 AM","","EA ","1","1.00","12/1/2010 12:00:00 AM"
"895","767","950","5/26/2010 12:00:00 AM","","EA ","1","1.00","5/12/2010 12:00:00 AM"
"110","767","952","3/4/2010 12:00:00 AM","","EA ","1","1.00","2/18/2010 12:00:00 AM"
"3359","767","994","12/23/2010 12:00:00 AM","","EA ","1","1.00","12/9/2010 12:00:00 AM"
"1570","768","517","6/9/2010 12:00:00 AM","8/8/2010 12:00:00 AM","EA ","1","2.00","8/8/2010 12:00:00 AM"
"1350","768","517","8/9/2010 12:00:00 AM","","EA ","1","1.00","7/26/2010 12:00:00 AM"
"1229","768","736","6/9/2010 12:00:00 AM","","EA ","1","1.00","5/26/2010 12:00:00 AM"
"2041","768","806","7/8/2010 12:00:00 AM","","EA ","1","1.00","6/24/2010 12:00:00 AM"
"2038","768","811","7/8/2010 12:00:00 AM","","EA ","1","1.00","6/24/2010 12:00:00 AM"
"2751","768","818","9/15/2010 12:00:00 AM","","EA ","1","1.00","9/1/2010 12:00:00 AM"
"1105","768","826","5/26/2010 12:00:00 AM","7/25/2010 12:00:00 AM","EA ","1","2.00","7/25/2010 12:00:00 AM"
"917","768","826","7/26/2010 12:00:00 AM","","EA ","1","1.00","7/12/2010 12:00:00 AM"
"902","768","894","5/26/2010 12:00:00 AM","","EA ","1","1.00","5/12/2010 12:00:00 AM"
"1693","768","907","6/19/2010 12:00:00 AM","","EA ","1","1.00","6/5/2010 12:00:00 AM"
"2043","768","938","7/8/2010 12:00:00 AM","","EA ","1","1.00","6/24/2010 12:00:00 AM"
"2579","768","945","8/5/2010 12:00:00 AM","10/4/2010 12:00:00 AM","EA ","1","2.00","10/4/2010 12:00:00 AM"
"2344","768","945","10/5/2010 12:00:00 AM","","EA ","1","1.00","9/21/2010 12:00:00 AM"
"400","768","948","3/18/2010 12:00:00 AM","","EA ","1","1.00","3/4/2010 12:00:00 AM"
"2744","768","950","9/15/2010 12:00:00 AM","","EA ","1","1.00","9/1/2010 12:00:00 AM"
"3251","768","952","12/23/2010 12:00:00 AM","","EA ","1","1.00","12/9/2010 12:00:00 AM"
"32","768","994","3/4/2010 12:00:00 AM","","EA ","1","1.00","2/18/2010 12:00:00 AM"
"1822","769","517","6/19/2010 12:00:00 AM","","EA ","1","1.00","6/5/2010 12:00:00 AM"
"689","769","737","3/18/2010 12:00:00 AM","5/17/2010 12:00:00 AM","EA ","1","2.00","5/17/2010 12:00:00 AM"
"431","769","737","5/18/2010 12:00:00 AM","","EA ","1","1.00","5/4/2010 12:00:00 AM"
"2065","769","806","7/8/2010 12:00:00 AM","","EA ","1","1.00","6/24/2010 12:00:00 AM"
"2062","769","811","7/8/2010 12:00:00 AM","","EA ","1","1.00","6/24/2010 12:00:00 AM"
"2772","769","818","9/15/2010 12:00:00 AM","","EA ","1","1.00","9/1/2010 12:00:00 AM"
"2845","769","826","9/15/2010 12:00:00 AM","","EA ","1","1.00","9/1/2010 12:00:00 AM"
"2833","769","894","9/15/2010 12:00:00 AM","","EA ","1","1.00","9/1/2010 12:00:00 AM"
"1728","769","907","6/19/2010 12:00:00 AM","","EA ","1","1.00","6/5/2010 12:00:00 AM"
"2067","769","938","7/8/2010 12:00:00 AM","","EA ","1","1.00","6/24/2010 12:00:00 AM"
"2376","769","945","8/5/2010 12:00:00 AM","","EA ","1","1.00","7/22/2010 12:00:00 AM"
"427","769","948","3/18/2010 12:00:00 AM","","EA ","1","1.00","3/4/2010 12:00:00 AM"
"2907","769","950","9/15/2010 12:00:00 AM","11/14/2010 12:00:00 AM","EA ","1","2.00","11/14/2010 12:00:00 AM"
"2766","769","950","11/15/2010 12:00:00 AM","","EA ","1","1.00","11/1/2010 12:00:00 AM"
"3285","769","952","12/23/2010 12:00:00 AM","","EA ","1","1.00","12/9/2010 12:00:00 AM"
"49","769","994","3/4/2010 12:00:00 AM","","EA ","1","1.00","2/18/2010 12:00:00 AM"
"1571","770","517","6/9/2010 12:00:00 AM","8/8/2010 12:00:00 AM","EA ","1","2.00","8/8/2010 12:00:00 AM"
"1353","770","517","8/9/2010 12:00:00 AM","","EA ","1","1.00","7/26/2010 12:00:00 AM"
"81","770","738","3/4/2010 12:00:00 AM","","EA ","1","1.00","2/18/2010 12:00:00 AM"
"2083","770","806","7/8/2010 12:00:00 AM","","EA ","1","1.00","6/24/2010 12:00:00 AM"
"2080","770","811","7/8/2010 12:00:00 AM","","EA ","1","1.00","6/24/2010 12:00:00 AM"
"2793","770","818","9/15/2010 12:00:00 AM","","EA ","1","1.00","9/1/2010 12:00:00 AM"
"1107","770","826","5/26/2010 12:00:00 AM","7/25/2010 12:00:00 AM","EA ","1","2.00","7/25/2010 12:00:00 AM"
"921","770","826","7/26/2010 12:00:00 AM","","EA ","1","1.00","7/12/2010 12:00:00 AM"
"909","770","894","5/26/2010 12:00:00 AM","","EA ","1","1.00","5/12/2010 12:00:00 AM"
"1947","770","907","6/19/2010 12:00:00 AM","8/18/2010 12:00:00 AM","EA ","1","2.00","8/18/2010 12:00:00 AM"
"1757","770","907","8/19/2010 12:00:00 AM","","EA ","1","1.00","8/5/2010 12:00:00 AM"
"2223","770","938","7/8/2010 12:00:00 AM","9/6/2010 12:00:00 AM","EA ","1","2.00","9/6/2010 12:00:00 AM"
"2085","770","938","9/7/2010 12:00:00 AM","","EA ","1","1.00","8/24/2010 12:00:00 AM"
"2408","770","945","8/5/2010 12:00:00 AM","","EA ","1","1.00","7/22/2010 12:00:00 AM"
"458","770","948","3/18/2010 12:00:00 AM","","EA ","1","1.00","3/4/2010 12:00:00 AM"
"2788","770","950","9/15/2010 12:00:00 AM","","EA ","1","1.00","9/1/2010 12:00:00 AM"
"3308","770","952","12/23/2010 12:00:00 AM","","EA ","1","1.00","12/9/2010 12:00:00 AM"
"71","770","994","3/4/2010 12:00:00 AM","","EA ","1","1.00","2/18/2010 12:00:00 AM"
"3128","771","516","12/15/2010 12:00:00 AM","","EA ","1","1.00","12/1/2010 12:00:00 AM"
"3229","771","748","12/23/2010 12:00:00 AM","","EA ","1","1.00","12/9/2010 12:00:00 AM"
"21","771","807","3/4/2010 12:00:00 AM","","EA ","1","1.00","2/18/2010 12:00:00 AM"
"1495","771","810","6/9/2010 12:00:00 AM","8/8/2010 12:00:00 AM","EA ","1","2.00","8/8/2010 12:00:00 AM"
"1212","771","810","8/9/2010 12:00:00 AM","","EA ","1","1.00","7/26/2010 12:00:00 AM"
"378","771","817","3/18/2010 12:00:00 AM","","EA ","1","1.00","3/4/2010 12:00:00 AM"
"2468","771","825","8/5/2010 12:00:00 AM","","EA ","1","1.00","7/22/2010 12:00:00 AM"
"1550","771","894","6/9/2010 12:00:00 AM","8/8/2010 12:00:00 AM","EA ","1","2.00","8/8/2010 12:00:00 AM"
"1326","771","894","8/9/2010 12:00:00 AM","","EA ","1","1.00","7/26/2010 12:00:00 AM"
"3242","771","907","12/23/2010 12:00:00 AM","","EA ","1","1.00","12/9/2010 12:00:00 AM"
"804","771","937","5/26/2010 12:00:00 AM","","EA ","1","1.00","5/12/2010 12:00:00 AM"
"3001","771","945","12/15/2010 12:00:00 AM","","EA ","1","1.00","12/1/2010 12:00:00 AM"
"2008","771","948","7/8/2010 12:00:00 AM","","EA ","1","1.00","6/24/2010 12:00:00 AM"
"2004","771","951","7/8/2010 12:00:00 AM","","EA ","1","1.00","6/24/2010 12:00:00 AM"
"786","771","952","5/26/2010 12:00:00 AM","","EA ","1","1.00","5/12/2010 12:00:00 AM"
"1910","771","996","6/19/2010 12:00:00 AM","8/18/2010 12:00:00 AM","EA ","1","2.00","8/18/2010 12:00:00 AM"
"1639","771","996","8/19/2010 12:00:00 AM","","EA ","1","1.00","8/5/2010 12:00:00 AM"
"533","772","516","3/18/2010 12:00:00 AM","","EA ","1","1.00","3/4/2010 12:00:00 AM"
"1676","772","739","6/19/2010 12:00:00 AM","","EA ","1","1.00","6/5/2010 12:00:00 AM"
"3273","772","807","12/23/2010 12:00:00 AM","","EA ","1","1.00","12/9/2010 12:00:00 AM"
"1681","772","810","6/19/2010 12:00:00 AM","","EA ","1","1.00","6/5/2010 12:00:00 AM"
"2350","772","817","8/5/2010 12:00:00 AM","","EA ","1","1.00","7/22/2010 12:00:00 AM"
"2137","772","825","7/8/2010 12:00:00 AM","","EA ","1","1.00","6/24/2010 12:00:00 AM"
"1799","772","894","6/19/2010 12:00:00 AM","","EA ","1","1.00","6/5/2010 12:00:00 AM"
"3277","772","907","12/23/2010 12:00:00 AM","","EA ","1","1.00","12/9/2010 12:00:00 AM"
"1688","772","937","6/19/2010 12:00:00 AM","","EA ","1","1.00","6/5/2010 12:00:00 AM"
"403","772","945","3/18/2010 12:00:00 AM","","EA ","1","1.00","3/4/2010 12:00:00 AM"
"814","772","948","5/26/2010 12:00:00 AM","","EA ","1","1.00","5/12/2010 12:00:00 AM"
"396","772","951","3/18/2010 12:00:00 AM","","EA ","1","1.00","3/4/2010 12:00:00 AM"
"2335","772","952","8/5/2010 12:00:00 AM","","EA ","1","1.00","7/22/2010 12:00:00 AM"
"3015","772","996","12/15/2010 12:00:00 AM","","EA ","1","1.00","12/1/2010 12:00:00 AM"
"3131","773","516","12/15/2010 12:00:00 AM","","EA ","1","1.00","12/1/2010 12:00:00 AM"
"3045","773","740","12/15/2010 12:00:00 AM","","EA ","1","1.00","12/1/2010 12:00:00 AM"
"3297","773","807","12/23/2010 12:00:00 AM","","EA ","1","1.00","12/9/2010 12:00:00 AM"
"1936","773","810","6/19/2010 12:00:00 AM","8/18/2010 12:00:00 AM","EA ","1","2.00","8/18/2010 12:00:00 AM"
"1715","773","810","8/19/2010 12:00:00 AM","","EA ","1","1.00","8/5/2010 12:00:00 AM"
"2381","773","817","8/5/2010 12:00:00 AM","","EA ","1","1.00","7/22/2010 12:00:00 AM"
"2470","773","825","8/5/2010 12:00:00 AM","","EA ","1","1.00","7/22/2010 12:00:00 AM"
"1553","773","894","6/9/2010 12:00:00 AM","8/8/2010 12:00:00 AM","EA ","1","2.00","8/8/2010 12:00:00 AM"
"1330","773","894","8/9/2010 12:00:00 AM","","EA ","1","1.00","7/26/2010 12:00:00 AM"
"3301","773","907","12/23/2010 12:00:00 AM","","EA ","1","1.00","12/9/2010 12:00:00 AM"
"1722","773","937","6/19/2010 12:00:00 AM","","EA ","1","1.00","6/5/2010 12:00:00 AM"
"430","773","945","3/18/2010 12:00:00 AM","","EA ","1","1.00","3/4/2010 12:00:00 AM"
"836","773","948","5/26/2010 12:00:00 AM","","EA ","1","1.00","5/12/2010 12:00:00 AM"
"423","773","951","3/18/2010 12:00:00 AM","","EA ","1","1.00","3/4/2010 12:00:00 AM"
"2366","773","952","8/5/2010 12:00:00 AM","","EA ","1","1.00","7/22/2010 12:00:00 AM"
"3035","773","996","12/15/2010 12:00:00 AM","","EA ","1","1.00","12/1/2010 12:00:00 AM"
"537","774","516","3/18/2010 12:00:00 AM","","EA ","1","1.00","3/4/2010 12:00:00 AM"
"3315","774","741","12/23/2010 12:00:00 AM","","EA ","1","1.00","12/9/2010 12:00:00 AM"
"3321","774","807","12/23/2010 12:00:00 AM","","EA ","1","1.00","12/9/2010 12:00:00 AM"
"1744","774","810","6/19/2010 12:00:00 AM","","EA ","1","1.00","6/5/2010 12:00:00 AM"
"2412","774","817","8/5/2010 12:00:00 AM","","EA ","1","1.00","7/22/2010 12:00:00 AM"
"2141","774","825","7/8/2010 12:00:00 AM","","EA ","1","1.00","6/24/2010 12:00:00 AM"
"1803","774","894","6/19/2010 12:00:00 AM","","EA ","1","1.00","6/5/2010 12:00:00 AM"
"3324","774","907","12/23/2010 12:00:00 AM","","EA ","1","1.00","12/9/2010 12:00:00 AM"
"1751","774","937","6/19/2010 12:00:00 AM","","EA ","1","1.00","6/5/2010 12:00:00 AM"
"461","774","945","3/18/2010 12:00:00 AM","","EA ","1","1.00","3/4/2010 12:00:00 AM"
"855","774","948","5/26/2010 12:00:00 AM","","EA ","1","1.00","5/12/2010 12:00:00 AM"
"454","774","951","3/18/2010 12:00:00 AM","","EA ","1","1.00","3/4/2010 12:00:00 AM"
"2398","774","952","8/5/2010 12:00:00 AM","","EA ","1","1.00","7/22/2010 12:00:00 AM"
"3058","774","996","12/15/2010 12:00:00 AM","","EA ","1","1.00","12/1/2010 12:00:00 AM"
"2151","775","516","7/8/2010 12:00:00 AM","","EA ","1","1.00","6/24/2010 12:00:00 AM"
"795","775","747","5/26/2010 12:00:00 AM","","EA ","1","1.00","5/12/2010 12:00:00 AM"
"1496","775","807","6/9/2010 12:00:00 AM","8/8/2010 12:00:00 AM","EA ","1","2.00","8/8/2010 12:00:00 AM"
"1214","775","807","8/9/2010 12:00:00 AM","","EA ","1","1.00","7/26/2010 12:00:00 AM"
"2729","775","810","9/15/2010 12:00:00 AM","","EA ","1","1.00","9/1/2010 12:00:00 AM"
"2316","775","817","8/5/2010 12:00:00 AM","","EA ","1","1.00","7/22/2010 12:00:00 AM"
"3377","775","825","12/23/2010 12:00:00 AM","","EA ","1","1.00","12/9/2010 12:00:00 AM"
"2827","775","894","9/15/2010 12:00:00 AM","","EA ","1","1.00","9/1/2010 12:00:00 AM"
"1664","775","907","6/19/2010 12:00:00 AM","","EA ","1","1.00","6/5/2010 12:00:00 AM"
"388","775","937","3/18/2010 12:00:00 AM","","EA ","1","1.00","3/4/2010 12:00:00 AM"
"2011","775","945","7/8/2010 12:00:00 AM","","EA ","1","1.00","6/24/2010 12:00:00 AM"
"15","775","948","3/4/2010 12:00:00 AM","","EA ","1","1.00","2/18/2010 12:00:00 AM"
"8","775","951","3/4/2010 12:00:00 AM","","EA ","1","1.00","2/18/2010 12:00:00 AM"
"365","775","952","3/18/2010 12:00:00 AM","","EA ","1","1.00","3/4/2010 12:00:00 AM"
"782","775","996","5/26/2010 12:00:00 AM","","EA ","1","1.00","5/12/2010 12:00:00 AM"
"2481","776","516","8/5/2010 12:00:00 AM","","EA ","1","1.00","7/22/2010 12:00:00 AM"
"2347","776","743","8/5/2010 12:00:00 AM","","EA ","1","1.00","7/22/2010 12:00:00 AM"
"1687","776","807","6/19/2010 12:00:00 AM","","EA ","1","1.00","6/5/2010 12:00:00 AM"
"821","776","810","5/26/2010 12:00:00 AM","","EA ","1","1.00","5/12/2010 12:00:00 AM"
"3270","776","817","12/23/2010 12:00:00 AM","","EA ","1","1.00","12/9/2010 12:00:00 AM"
"124","776","825","3/4/2010 12:00:00 AM","","EA ","1","1.00","2/18/2010 12:00:00 AM"
"901","776","894","5/26/2010 12:00:00 AM","","EA ","1","1.00","5/12/2010 12:00:00 AM"
"1692","776","907","6/19/2010 12:00:00 AM","","EA ","1","1.00","6/5/2010 12:00:00 AM"
"825","776","937","5/26/2010 12:00:00 AM","","EA ","1","1.00","5/12/2010 12:00:00 AM"
"2343","776","945","8/5/2010 12:00:00 AM","","EA ","1","1.00","7/22/2010 12:00:00 AM"
"399","776","948","3/18/2010 12:00:00 AM","","EA ","1","1.00","3/4/2010 12:00:00 AM"
"2340","776","951","8/5/2010 12:00:00 AM","","EA ","1","1.00","7/22/2010 12:00:00 AM"
"3250","776","952","12/23/2010 12:00:00 AM","","EA ","1","1.00","12/9/2010 12:00:00 AM"
"2206","776","996","7/8/2010 12:00:00 AM","9/6/2010 12:00:00 AM","EA ","1","2.00","9/6/2010 12:00:00 AM"
"2026","776","996","9/7/2010 12:00:00 AM","","EA ","1","1.00","8/24/2010 12:00:00 AM"
"2155","777","516","7/8/2010 12:00:00 AM","","EA ","1","1.00","6/24/2010 12:00:00 AM"
"1249","777","744","6/9/2010 12:00:00 AM","","EA ","1","1.00","5/26/2010 12:00:00 AM"
"1937","777","807","6/19/2010 12:00:00 AM","8/18/2010 12:00:00 AM","EA ","1","2.00","8/18/2010 12:00:00 AM"
"1721","777","807","8/19/2010 12:00:00 AM","","EA ","1","1.00","8/5/2010 12:00:00 AM"
"842","777","810","5/26/2010 12:00:00 AM","","EA ","1","1.00","5/12/2010 12:00:00 AM"
"3294","777","817","12/23/2010 12:00:00 AM","","EA ","1","1.00","12/9/2010 12:00:00 AM"
"3380","777","825","12/23/2010 12:00:00 AM","","EA ","1","1.00","12/9/2010 12:00:00 AM"
"2832","777","894","9/15/2010 12:00:00 AM","","EA ","1","1.00","9/1/2010 12:00:00 AM"
"1727","777","907","6/19/2010 12:00:00 AM","","EA ","1","1.00","6/5/2010 12:00:00 AM"
"846","777","937","5/26/2010 12:00:00 AM","","EA ","1","1.00","5/12/2010 12:00:00 AM"
"2375","777","945","8/5/2010 12:00:00 AM","","EA ","1","1.00","7/22/2010 12:00:00 AM"
"426","777","948","3/18/2010 12:00:00 AM","","EA ","1","1.00","3/4/2010 12:00:00 AM"
"2371","777","951","8/5/2010 12:00:00 AM","","EA ","1","1.00","7/22/2010 12:00:00 AM"
"3284","777","952","12/23/2010 12:00:00 AM","","EA ","1","1.00","12/9/2010 12:00:00 AM"
"2048","777","996","7/8/2010 12:00:00 AM","","EA ","1","1.00","6/24/2010 12:00:00 AM"
"2485","778","516","8/5/2010 12:00:00 AM","","EA ","1","1.00","7/22/2010 12:00:00 AM"
"463","778","745","3/18/2010 12:00:00 AM","","EA ","1","1.00","3/4/2010 12:00:00 AM"
"1750","778","807","6/19/2010 12:00:00 AM","","EA ","1","1.00","6/5/2010 12:00:00 AM"
"860","778","810","5/26/2010 12:00:00 AM","","EA ","1","1.00","5/12/2010 12:00:00 AM"
"3318","778","817","12/23/2010 12:00:00 AM","","EA ","1","1.00","12/9/2010 12:00:00 AM"
"127","778","825","3/4/2010 12:00:00 AM","","EA ","1","1.00","2/18/2010 12:00:00 AM"
"908","778","894","5/26/2010 12:00:00 AM","","EA ","1","1.00","5/12/2010 12:00:00 AM"
"1756","778","907","6/19/2010 12:00:00 AM","","EA ","1","1.00","6/5/2010 12:00:00 AM"
"864","778","937","5/26/2010 12:00:00 AM","","EA ","1","1.00","5/12/2010 12:00:00 AM"
"2407","778","945","8/5/2010 12:00:00 AM","","EA ","1","1.00","7/22/2010 12:00:00 AM"
"457","778","948","3/18/2010 12:00:00 AM","","EA ","1","1.00","3/4/2010 12:00:00 AM"
"2403","778","951","8/5/2010 12:00:00 AM","","EA ","1","1.00","7/22/2010 12:00:00 AM"
"3307","778","952","12/23/2010 12:00:00 AM","","EA ","1","1.00","12/9/2010 12:00:00 AM"
"2072","778","996","7/8/2010 12:00:00 AM","","EA ","1","1.00","6/24/2010 12:00:00 AM"
"532","779","516","3/18/2010 12:00:00 AM","","EA ","1","1.00","3/4/2010 12:00:00 AM"
"1650","779","748","6/19/2010 12:00:00 AM","","EA ","1","1.00","6/5/2010 12:00:00 AM"
"3009","779","806","12/15/2010 12:00:00 AM","","EA ","1","1.00","12/1/2010 12:00:00 AM"
"1655","779","810","6/19/2010 12:00:00 AM","","EA ","1","1.00","6/5/2010 12:00:00 AM"
"1651","779","816","6/19/2010 12:00:00 AM","","EA ","1","1.00","6/5/2010 12:00:00 AM"
"916","779","824","5/26/2010 12:00:00 AM","","EA ","1","1.00","5/12/2010 12:00:00 AM"
"1797","779","894","6/19/2010 12:00:00 AM","","EA ","1","1.00","6/5/2010 12:00:00 AM"
"31","779","907","3/4/2010 12:00:00 AM","","EA ","1","1.00","2/18/2010 12:00:00 AM"
"3240","779","936","12/23/2010 12:00:00 AM","","EA ","1","1.00","12/9/2010 12:00:00 AM"
"375","779","945","3/18/2010 12:00:00 AM","","EA ","1","1.00","3/4/2010 12:00:00 AM"
"2310","779","948","8/5/2010 12:00:00 AM","","EA ","1","1.00","7/22/2010 12:00:00 AM"
"2718","779","950","9/15/2010 12:00:00 AM","","EA ","1","1.00","9/1/2010 12:00:00 AM"
"2881","779","952","9/15/2010 12:00:00 AM","11/14/2010 12:00:00 AM","EA ","1","2.00","11/14/2010 12:00:00 AM"
"2715","779","952","11/15/2010 12:00:00 AM","","EA ","1","1.00","11/1/2010 12:00:00 AM"
"2001","779","995","7/8/2010 12:00:00 AM","","EA ","1","1.00","6/24/2010 12:00:00 AM"
"3129","780","516","12/15/2010 12:00:00 AM","","EA ","1","1.00","12/1/2010 12:00:00 AM"
"816","780","739","5/26/2010 12:00:00 AM","","EA ","1","1.00","5/12/2010 12:00:00 AM"
"677","780","806","3/18/2010 12:00:00 AM","5/17/2010 12:00:00 AM","EA ","1","2.00","5/17/2010 12:00:00 AM"
"410","780","806","5/18/2010 12:00:00 AM","","EA ","1","1.00","5/4/2010 12:00:00 AM"
"1233","780","810","6/9/2010 12:00:00 AM","","EA ","1","1.00","5/26/2010 12:00:00 AM"
"818","780","816","5/26/2010 12:00:00 AM","","EA ","1","1.00","5/12/2010 12:00:00 AM"
"2843","780","824","9/15/2010 12:00:00 AM","","EA ","1","1.00","9/1/2010 12:00:00 AM"
"1328","780","894","6/9/2010 12:00:00 AM","","EA ","1","1.00","5/26/2010 12:00:00 AM"
"48","780","907","3/4/2010 12:00:00 AM","","EA ","1","1.00","2/18/2010 12:00:00 AM"
"2354","780","936","8/5/2010 12:00:00 AM","","EA ","1","1.00","7/22/2010 12:00:00 AM"
"3022","780","945","12/15/2010 12:00:00 AM","","EA ","1","1.00","12/1/2010 12:00:00 AM"
"2747","780","948","9/15/2010 12:00:00 AM","","EA ","1","1.00","9/1/2010 12:00:00 AM"
"1670","780","950","6/19/2010 12:00:00 AM","","EA ","1","1.00","6/5/2010 12:00:00 AM"
"2029","780","952","7/8/2010 12:00:00 AM","","EA ","1","1.00","6/24/2010 12:00:00 AM"
"1666","780","995","6/19/2010 12:00:00 AM","","EA ","1","1.00","6/5/2010 12:00:00 AM"
"535","781","516","3/18/2010 12:00:00 AM","","EA ","1","1.00","3/4/2010 12:00:00 AM"
"2058","781","742","7/8/2010 12:00:00 AM","","EA ","1","1.00","6/24/2010 12:00:00 AM"
"440","781","806","3/18/2010 12:00:00 AM","","EA ","1","1.00","3/4/2010 12:00:00 AM"
"1254","781","810","6/9/2010 12:00:00 AM","","EA ","1","1.00","5/26/2010 12:00:00 AM"
"839","781","816","5/26/2010 12:00:00 AM","","EA ","1","1.00","5/12/2010 12:00:00 AM"
"919","781","824","5/26/2010 12:00:00 AM","","EA ","1","1.00","5/12/2010 12:00:00 AM"
"1801","781","894","6/19/2010 12:00:00 AM","","EA ","1","1.00","6/5/2010 12:00:00 AM"
"2216","781","905","7/8/2010 12:00:00 AM","9/6/2010 12:00:00 AM","EA ","1","2.00","9/6/2010 12:00:00 AM"
"70","781","907","3/4/2010 12:00:00 AM","","EA ","1","1.00","2/18/2010 12:00:00 AM"
"2387","781","936","8/5/2010 12:00:00 AM","","EA ","1","1.00","7/22/2010 12:00:00 AM"
"3043","781","945","12/15/2010 12:00:00 AM","","EA ","1","1.00","12/1/2010 12:00:00 AM"
"2908","781","948","9/15/2010 12:00:00 AM","11/14/2010 12:00:00 AM","EA ","1","2.00","11/14/2010 12:00:00 AM"
"2769","781","948","11/15/2010 12:00:00 AM","","EA ","1","1.00","11/1/2010 12:00:00 AM"
"1702","781","950","6/19/2010 12:00:00 AM","","EA ","1","1.00","6/5/2010 12:00:00 AM"
"2052","781","952","7/8/2010 12:00:00 AM","","EA ","1","1.00","6/24/2010 12:00:00 AM"
"1696","781","995","6/19/2010 12:00:00 AM","","EA ","1","1.00","6/5/2010 12:00:00 AM"
"2479","782","516","8/5/2010 12:00:00 AM","","EA ","1","1.00","7/22/2010 12:00:00 AM"
"2314","782","747","8/5/2010 12:00:00 AM","","EA ","1","1.00","7/22/2010 12:00:00 AM"
"2016","782","806","7/8/2010 12:00:00 AM","","EA ","1","1.00","6/24/2010 12:00:00 AM"
"800","782","810","5/26/2010 12:00:00 AM","","EA ","1","1.00","5/12/2010 12:00:00 AM"
"796","782","816","5/26/2010 12:00:00 AM","","EA ","1","1.00","5/12/2010 12:00:00 AM"
"524","782","824","3/18/2010 12:00:00 AM","","EA ","1","1.00","3/4/2010 12:00:00 AM"
"898","782","894","5/26/2010 12:00:00 AM","","EA ","1","1.00","5/12/2010 12:00:00 AM"
"1221","782","907","6/9/2010 12:00:00 AM","","EA ","1","1.00","5/26/2010 12:00:00 AM"
"1661","782","936","6/19/2010 12:00:00 AM","","EA ","1","1.00","6/5/2010 12:00:00 AM"
"2312","782","945","8/5/2010 12:00:00 AM","","EA ","1","1.00","7/22/2010 12:00:00 AM"
"3226","782","948","12/23/2010 12:00:00 AM","","EA ","1","1.00","12/9/2010 12:00:00 AM"
"2997","782","950","12/15/2010 12:00:00 AM","","EA ","1","1.00","12/1/2010 12:00:00 AM"
"2994","782","952","12/15/2010 12:00:00 AM","","EA ","1","1.00","12/1/2010 12:00:00 AM"
"2","782","995","3/4/2010 12:00:00 AM","","EA ","1","1.00","2/18/2010 12:00:00 AM"
"2153","783","516","7/8/2010 12:00:00 AM","","EA ","1","1.00","6/24/2010 12:00:00 AM"
"1675","783","743","6/19/2010 12:00:00 AM","","EA ","1","1.00","6/5/2010 12:00:00 AM"
"2353","783","806","8/5/2010 12:00:00 AM","","EA ","1","1.00","7/22/2010 12:00:00 AM"
"2905","783","810","9/15/2010 12:00:00 AM","11/14/2010 12:00:00 AM","EA ","1","2.00","11/14/2010 12:00:00 AM"
"2754","783","810","11/15/2010 12:00:00 AM","","EA ","1","1.00","11/1/2010 12:00:00 AM"
"404","783","816","3/18/2010 12:00:00 AM","","EA ","1","1.00","3/4/2010 12:00:00 AM"
"3121","783","824","12/15/2010 12:00:00 AM","","EA ","1","1.00","12/1/2010 12:00:00 AM"
"2828","783","894","9/15/2010 12:00:00 AM","","EA ","1","1.00","9/1/2010 12:00:00 AM"
"1237","783","907","6/9/2010 12:00:00 AM","","EA ","1","1.00","5/26/2010 12:00:00 AM"
"3274","783","936","12/23/2010 12:00:00 AM","","EA ","1","1.00","12/9/2010 12:00:00 AM"
"2032","783","945","7/8/2010 12:00:00 AM","","EA ","1","1.00","6/24/2010 12:00:00 AM"
"3019","783","948","12/15/2010 12:00:00 AM","","EA ","1","1.00","12/1/2010 12:00:00 AM"
"812","783","950","5/26/2010 12:00:00 AM","","EA ","1","1.00","5/12/2010 12:00:00 AM"
"35","783","952","3/4/2010 12:00:00 AM","","EA ","1","1.00","2/18/2010 12:00:00 AM"
"807","783","995","5/26/2010 12:00:00 AM","","EA ","1","1.00","5/12/2010 12:00:00 AM"
"2483","784","516","8/5/2010 12:00:00 AM","","EA ","1","1.00","7/22/2010 12:00:00 AM"
"3044","784","746","12/15/2010 12:00:00 AM","","EA ","1","1.00","12/1/2010 12:00:00 AM"
"2385","784","806","8/5/2010 12:00:00 AM","","EA ","1","1.00","7/22/2010 12:00:00 AM"
"2775","784","810","9/15/2010 12:00:00 AM","","EA ","1","1.00","9/1/2010 12:00:00 AM"
"433","784","816","3/18/2010 12:00:00 AM","","EA ","1","1.00","3/4/2010 12:00:00 AM"
"527","784","824","3/18/2010 12:00:00 AM","","EA ","1","1.00","3/4/2010 12:00:00 AM"
"904","784","894","5/26/2010 12:00:00 AM","","EA ","1","1.00","5/12/2010 12:00:00 AM"
"1259","784","907","6/9/2010 12:00:00 AM","","EA ","1","1.00","5/26/2010 12:00:00 AM"
"3298","784","936","12/23/2010 12:00:00 AM","","EA ","1","1.00","12/9/2010 12:00:00 AM"
"2056","784","945","7/8/2010 12:00:00 AM","","EA ","1","1.00","6/24/2010 12:00:00 AM"
"3040","784","948","12/15/2010 12:00:00 AM","","EA ","1","1.00","12/1/2010 12:00:00 AM"
"833","784","950","5/26/2010 12:00:00 AM","","EA ","1","1.00","5/12/2010 12:00:00 AM"
"53","784","952","3/4/2010 12:00:00 AM","","EA ","1","1.00","2/18/2010 12:00:00 AM"
"827","784","995","5/26/2010 12:00:00 AM","","EA ","1","1.00","5/12/2010 12:00:00 AM"
"925","785","515","5/26/2010 12:00:00 AM","","EA ","1","1.00","5/12/2010 12:00:00 AM"
"2321","785","806","8/5/2010 12:00:00 AM","","EA ","1","1.00","7/22/2010 12:00:00 AM"
"3234","785","809","12/23/2010 12:00:00 AM","","EA ","1","1.00","12/9/2010 12:00:00 AM"
"2724","785","814","9/15/2010 12:00:00 AM","","EA ","1","1.00","9/1/2010 12:00:00 AM"
"2725","785","816","9/15/2010 12:00:00 AM","","EA ","1","1.00","9/1/2010 12:00:00 AM"
"3120","785","824","12/15/2010 12:00:00 AM","","EA ","1","1.00","12/1/2010 12:00:00 AM"
"2958","785","894","9/15/2010 12:00:00 AM","11/14/2010 12:00:00 AM","EA ","1","2.00","11/14/2010 12:00:00 AM"
"2826","785","894","11/15/2010 12:00:00 AM","","EA ","1","1.00","11/1/2010 12:00:00 AM"
"1663","785","907","6/19/2010 12:00:00 AM","","EA ","1","1.00","6/5/2010 12:00:00 AM"
"1220","785","936","6/9/2010 12:00:00 AM","","EA ","1","1.00","5/26/2010 12:00:00 AM"
"2195","785","945","7/8/2010 12:00:00 AM","9/6/2010 12:00:00 AM","EA ","1","2.00","9/6/2010 12:00:00 AM"
"2010","785","945","9/7/2010 12:00:00 AM","","EA ","1","1.00","8/24/2010 12:00:00 AM"
"14","785","948","3/4/2010 12:00:00 AM","","EA ","1","1.00","2/18/2010 12:00:00 AM"
"369","785","950","3/18/2010 12:00:00 AM","","EA ","1","1.00","3/4/2010 12:00:00 AM"
"364","785","952","3/18/2010 12:00:00 AM","","EA ","1","1.00","3/4/2010 12:00:00 AM"
"3216","785","995","12/23/2010 12:00:00 AM","","EA ","1","1.00","12/9/2010 12:00:00 AM"
"2851","786","515","9/15/2010 12:00:00 AM","","EA ","1","1.00","9/1/2010 12:00:00 AM"
"2040","786","806","7/8/2010 12:00:00 AM","","EA ","1","1.00","6/24/2010 12:00:00 AM"
"43","786","809","3/4/2010 12:00:00 AM","","EA ","1","1.00","2/18/2010 12:00:00 AM"
"3024","786","816","12/15/2010 12:00:00 AM","","EA ","1","1.00","12/1/2010 12:00:00 AM"
"525","786","824","3/18/2010 12:00:00 AM","","EA ","1","1.00","3/4/2010 12:00:00 AM"
"2034","786","830","7/8/2010 12:00:00 AM","","EA ","1","1.00","6/24/2010 12:00:00 AM"
"900","786","894","5/26/2010 12:00:00 AM","","EA ","1","1.00","5/12/2010 12:00:00 AM"
"1691","786","907","6/19/2010 12:00:00 AM","","EA ","1","1.00","6/5/2010 12:00:00 AM"
"45","786","936","3/4/2010 12:00:00 AM","","EA ","1","1.00","2/18/2010 12:00:00 AM"
"2342","786","945","8/5/2010 12:00:00 AM","","EA ","1","1.00","7/22/2010 12:00:00 AM"
"398","786","948","3/18/2010 12:00:00 AM","","EA ","1","1.00","3/4/2010 12:00:00 AM"
"2900","786","950","9/15/2010 12:00:00 AM","11/14/2010 12:00:00 AM","EA ","1","2.00","11/14/2010 12:00:00 AM"
"2743","786","950","11/15/2010 12:00:00 AM","","EA ","1","1.00","11/1/2010 12:00:00 AM"
"3249","786","952","12/23/2010 12:00:00 AM","","EA ","1","1.00","12/9/2010 12:00:00 AM"
"2734","786","995","9/15/2010 12:00:00 AM","","EA ","1","1.00","9/1/2010 12:00:00 AM"
"927","787","515","5/26/2010 12:00:00 AM","","EA ","1","1.00","5/12/2010 12:00:00 AM"
"2064","787","806","7/8/2010 12:00:00 AM","","EA ","1","1.00","6/24/2010 12:00:00 AM"
"63","787","809","3/4/2010 12:00:00 AM","","EA ","1","1.00","2/18/2010 12:00:00 AM"
"3046","787","816","12/15/2010 12:00:00 AM","","EA ","1","1.00","12/1/2010 12:00:00 AM"
"3123","787","824","12/15/2010 12:00:00 AM","","EA ","1","1.00","12/1/2010 12:00:00 AM"
"1708","787","831","6/19/2010 12:00:00 AM","","EA ","1","1.00","6/5/2010 12:00:00 AM"
"2961","787","894","9/15/2010 12:00:00 AM","11/14/2010 12:00:00 AM","EA ","1","2.00","11/14/2010 12:00:00 AM"
"2831","787","894","11/15/2010 12:00:00 AM","","EA ","1","1.00","11/1/2010 12:00:00 AM"
"1726","787","907","6/19/2010 12:00:00 AM","","EA ","1","1.00","6/5/2010 12:00:00 AM"
"67","787","936","3/4/2010 12:00:00 AM","","EA ","1","1.00","2/18/2010 12:00:00 AM"
"2374","787","945","8/5/2010 12:00:00 AM","","EA ","1","1.00","7/22/2010 12:00:00 AM"
"425","787","948","3/18/2010 12:00:00 AM","","EA ","1","1.00","3/4/2010 12:00:00 AM"
"2765","787","950","9/15/2010 12:00:00 AM","","EA ","1","1.00","9/1/2010 12:00:00 AM"
"3283","787","952","12/23/2010 12:00:00 AM","","EA ","1","1.00","12/9/2010 12:00:00 AM"
"2758","787","995","9/15/2010 12:00:00 AM","","EA ","1","1.00","9/1/2010 12:00:00 AM"
"2854","788","515","9/15/2010 12:00:00 AM","","EA ","1","1.00","9/1/2010 12:00:00 AM"
"2082","788","806","7/8/2010 12:00:00 AM","","EA ","1","1.00","6/24/2010 12:00:00 AM"
"84","788","809","3/4/2010 12:00:00 AM","","EA ","1","1.00","2/18/2010 12:00:00 AM"
"3068","788","816","12/15/2010 12:00:00 AM","","EA ","1","1.00","12/1/2010 12:00:00 AM"
"529","788","824","3/18/2010 12:00:00 AM","","EA ","1","1.00","3/4/2010 12:00:00 AM"
"3065","788","832","12/15/2010 12:00:00 AM","","EA ","1","1.00","12/1/2010 12:00:00 AM"
"907","788","894","5/26/2010 12:00:00 AM","","EA ","1","1.00","5/12/2010 12:00:00 AM"
"1755","788","907","6/19/2010 12:00:00 AM","","EA ","1","1.00","6/5/2010 12:00:00 AM"
"88","788","936","3/4/2010 12:00:00 AM","","EA ","1","1.00","2/18/2010 12:00:00 AM"
"2406","788","945","8/5/2010 12:00:00 AM","","EA ","1","1.00","7/22/2010 12:00:00 AM"
"456","788","948","3/18/2010 12:00:00 AM","","EA ","1","1.00","3/4/2010 12:00:00 AM"
"2787","788","950","9/15/2010 12:00:00 AM","","EA ","1","1.00","9/1/2010 12:00:00 AM"
"3306","788","952","12/23/2010 12:00:00 AM","","EA ","1","1.00","12/9/2010 12:00:00 AM"
"2781","788","995","9/15/2010 12:00:00 AM","","EA ","1","1.00","9/1/2010 12:00:00 AM"
"926","789","519","5/26/2010 12:00:00 AM","","EA ","1","1.00","5/12/2010 12:00:00 AM"
"1041","789","718","5/26/2010 12:00:00 AM","7/25/2010 12:00:00 AM","EA ","1","2.00","7/25/2010 12:00:00 AM"
"817","789","718","7/26/2010 12:00:00 AM","","EA ","1","1.00","7/12/2010 12:00:00 AM"
"1925","789","806","6/19/2010 12:00:00 AM","8/18/2010 12:00:00 AM","EA ","1","2.00","8/18/2010 12:00:00 AM"
"1686","789","806","8/19/2010 12:00:00 AM","","EA ","1","1.00","8/5/2010 12:00:00 AM"
"3271","789","813","12/23/2010 12:00:00 AM","","EA ","1","1.00","12/9/2010 12:00:00 AM"
"405","789","820","3/18/2010 12:00:00 AM","","EA ","1","1.00","3/4/2010 12:00:00 AM"
"3122","789","828","12/15/2010 12:00:00 AM","","EA ","1","1.00","12/1/2010 12:00:00 AM"
"2123","789","894","7/8/2010 12:00:00 AM","","EA ","1","1.00","6/24/2010 12:00:00 AM"
"3033","789","907","12/15/2010 12:00:00 AM","","EA ","1","1.00","12/1/2010 12:00:00 AM"
"3275","789","940","12/23/2010 12:00:00 AM","","EA ","1","1.00","12/9/2010 12:00:00 AM"
"1228","789","945","6/9/2010 12:00:00 AM","","EA ","1","1.00","5/26/2010 12:00:00 AM"
"40","789","948","3/4/2010 12:00:00 AM","","EA ","1","1.00","2/18/2010 12:00:00 AM"
"2339","789","950","8/5/2010 12:00:00 AM","","EA ","1","1.00","7/22/2010 12:00:00 AM"
"2742","789","952","9/15/2010 12:00:00 AM","","EA ","1","1.00","9/1/2010 12:00:00 AM"
"1222","789","996","6/9/2010 12:00:00 AM","","EA ","1","1.00","5/26/2010 12:00:00 AM"
"2853","790","519","9/15/2010 12:00:00 AM","","EA ","1","1.00","9/1/2010 12:00:00 AM"
"2059","790","719","7/8/2010 12:00:00 AM","","EA ","1","1.00","6/24/2010 12:00:00 AM"
"1720","790","806","6/19/2010 12:00:00 AM","","EA ","1","1.00","6/5/2010 12:00:00 AM"
"3295","790","813","12/23/2010 12:00:00 AM","","EA ","1","1.00","12/9/2010 12:00:00 AM"
"434","790","820","3/18/2010 12:00:00 AM","","EA ","1","1.00","3/4/2010 12:00:00 AM"
"528","790","828","3/18/2010 12:00:00 AM","","EA ","1","1.00","3/4/2010 12:00:00 AM"
"2459","790","894","8/5/2010 12:00:00 AM","","EA ","1","1.00","7/22/2010 12:00:00 AM"
"3056","790","907","12/15/2010 12:00:00 AM","","EA ","1","1.00","12/1/2010 12:00:00 AM"
"3299","790","940","12/23/2010 12:00:00 AM","","EA ","1","1.00","12/9/2010 12:00:00 AM"
"1247","790","945","6/9/2010 12:00:00 AM","","EA ","1","1.00","5/26/2010 12:00:00 AM"
"59","790","948","3/4/2010 12:00:00 AM","","EA ","1","1.00","2/18/2010 12:00:00 AM"
"2370","790","950","8/5/2010 12:00:00 AM","","EA ","1","1.00","7/22/2010 12:00:00 AM"
"2764","790","952","9/15/2010 12:00:00 AM","","EA ","1","1.00","9/1/2010 12:00:00 AM"
"1239","790","996","6/9/2010 12:00:00 AM","","EA ","1","1.00","5/26/2010 12:00:00 AM"
"930","791","519","5/26/2010 12:00:00 AM","","EA ","1","1.00","5/12/2010 12:00:00 AM"
"1739","791","720","6/19/2010 12:00:00 AM","","EA ","1","1.00","6/5/2010 12:00:00 AM"
"1749","791","806","6/19/2010 12:00:00 AM","","EA ","1","1.00","6/5/2010 12:00:00 AM"
"3319","791","813","12/23/2010 12:00:00 AM","","EA ","1","1.00","12/9/2010 12:00:00 AM"
"466","791","820","3/18/2010 12:00:00 AM","","EA ","1","1.00","3/4/2010 12:00:00 AM"
"3125","791","828","12/15/2010 12:00:00 AM","","EA ","1","1.00","12/1/2010 12:00:00 AM"
"2128","791","894","7/8/2010 12:00:00 AM","","EA ","1","1.00","6/24/2010 12:00:00 AM"
"3077","791","907","12/15/2010 12:00:00 AM","","EA ","1","1.00","12/1/2010 12:00:00 AM"
"3322","791","940","12/23/2010 12:00:00 AM","","EA ","1","1.00","12/9/2010 12:00:00 AM"
"1271","791","945","6/9/2010 12:00:00 AM","","EA ","1","1.00","5/26/2010 12:00:00 AM"
"79","791","948","3/4/2010 12:00:00 AM","","EA ","1","1.00","2/18/2010 12:00:00 AM"
"2598","791","950","8/5/2010 12:00:00 AM","10/4/2010 12:00:00 AM","EA ","1","2.00","10/4/2010 12:00:00 AM"
"2402","791","950","10/5/2010 12:00:00 AM","","EA ","1","1.00","9/21/2010 12:00:00 AM"
"2918","791","952","9/15/2010 12:00:00 AM","11/14/2010 12:00:00 AM","EA ","1","2.00","11/14/2010 12:00:00 AM"
"2786","791","952","11/15/2010 12:00:00 AM","","EA ","1","1.00","11/1/2010 12:00:00 AM"
"1261","791","996","6/9/2010 12:00:00 AM","","EA ","1","1.00","5/26/2010 12:00:00 AM"
"933","792","519","5/26/2010 12:00:00 AM","","EA ","1","1.00","5/12/2010 12:00:00 AM"
"3335","792","706","12/23/2010 12:00:00 AM","","EA ","1","1.00","12/9/2010 12:00:00 AM"
"1299","792","806","6/9/2010 12:00:00 AM","","EA ","1","1.00","5/26/2010 12:00:00 AM"
"105","792","813","3/4/2010 12:00:00 AM","","EA ","1","1.00","2/18/2010 12:00:00 AM"
"3093","792","820","12/15/2010 12:00:00 AM","","EA ","1","1.00","12/1/2010 12:00:00 AM"
"3127","792","828","12/15/2010 12:00:00 AM","","EA ","1","1.00","12/1/2010 12:00:00 AM"
"2132","792","894","7/8/2010 12:00:00 AM","","EA ","1","1.00","6/24/2010 12:00:00 AM"
"500","792","907","3/18/2010 12:00:00 AM","","EA ","1","1.00","3/4/2010 12:00:00 AM"
"107","792","940","3/4/2010 12:00:00 AM","","EA ","1","1.00","2/18/2010 12:00:00 AM"
"1775","792","945","6/19/2010 12:00:00 AM","","EA ","1","1.00","6/5/2010 12:00:00 AM"
"3346","792","948","12/23/2010 12:00:00 AM","","EA ","1","1.00","12/9/2010 12:00:00 AM"
"2099","792","950","7/8/2010 12:00:00 AM","","EA ","1","1.00","6/24/2010 12:00:00 AM"
"882","792","952","5/26/2010 12:00:00 AM","","EA ","1","1.00","5/12/2010 12:00:00 AM"
"1772","792","996","6/19/2010 12:00:00 AM","","EA ","1","1.00","6/5/2010 12:00:00 AM"
"131","793","519","3/4/2010 12:00:00 AM","","EA ","1","1.00","2/18/2010 12:00:00 AM"
"2042","793","806","7/8/2010 12:00:00 AM","","EA ","1","1.00","6/24/2010 12:00:00 AM"
"3027","793","813","12/15/2010 12:00:00 AM","","EA ","1","1.00","12/1/2010 12:00:00 AM"
"1232","793","820","6/9/2010 12:00:00 AM","","EA ","1","1.00","5/26/2010 12:00:00 AM"
"1809","793","828","6/19/2010 12:00:00 AM","","EA ","1","1.00","6/5/2010 12:00:00 AM"
"2035","793","838","7/8/2010 12:00:00 AM","","EA ","1","1.00","6/24/2010 12:00:00 AM"
"903","793","894","5/26/2010 12:00:00 AM","","EA ","1","1.00","5/12/2010 12:00:00 AM"
"1694","793","907","6/19/2010 12:00:00 AM","","EA ","1","1.00","6/5/2010 12:00:00 AM"
"3030","793","940","12/15/2010 12:00:00 AM","","EA ","1","1.00","12/1/2010 12:00:00 AM"
"2345","793","945","8/5/2010 12:00:00 AM","","EA ","1","1.00","7/22/2010 12:00:00 AM"
"401","793","948","3/18/2010 12:00:00 AM","","EA ","1","1.00","3/4/2010 12:00:00 AM"
"2745","793","950","9/15/2010 12:00:00 AM","","EA ","1","1.00","9/1/2010 12:00:00 AM"
"3252","793","952","12/23/2010 12:00:00 AM","","EA ","1","1.00","12/9/2010 12:00:00 AM"
"2332","793","996","8/5/2010 12:00:00 AM","","EA ","1","1.00","7/22/2010 12:00:00 AM"
"3387","794","519","12/23/2010 12:00:00 AM","","EA ","1","1.00","12/9/2010 12:00:00 AM"
"2066","794","806","7/8/2010 12:00:00 AM","","EA ","1","1.00","6/24/2010 12:00:00 AM"
"3049","794","813","12/15/2010 12:00:00 AM","","EA ","1","1.00","12/1/2010 12:00:00 AM"
"1511","794","820","6/9/2010 12:00:00 AM","8/8/2010 12:00:00 AM","EA ","1","2.00","8/8/2010 12:00:00 AM"
"1253","794","820","8/9/2010 12:00:00 AM","","EA ","1","1.00","7/26/2010 12:00:00 AM"
"1341","794","828","6/9/2010 12:00:00 AM","","EA ","1","1.00","5/26/2010 12:00:00 AM"
"1709","794","839","6/19/2010 12:00:00 AM","","EA ","1","1.00","6/5/2010 12:00:00 AM"
"2834","794","894","9/15/2010 12:00:00 AM","","EA ","1","1.00","9/1/2010 12:00:00 AM"
"1729","794","907","6/19/2010 12:00:00 AM","","EA ","1","1.00","6/5/2010 12:00:00 AM"
"3053","794","940","12/15/2010 12:00:00 AM","","EA ","1","1.00","12/1/2010 12:00:00 AM"
"2377","794","945","8/5/2010 12:00:00 AM","","EA ","1","1.00","7/22/2010 12:00:00 AM"
"428","794","948","3/18/2010 12:00:00 AM","","EA ","1","1.00","3/4/2010 12:00:00 AM"
"2767","794","950","9/15/2010 12:00:00 AM","","EA ","1","1.00","9/1/2010 12:00:00 AM"
"3286","794","952","12/23/2010 12:00:00 AM","","EA ","1","1.00","12/9/2010 12:00:00 AM"
"2359","794","996","8/5/2010 12:00:00 AM","","EA ","1","1.00","7/22/2010 12:00:00 AM"
"136","795","519","3/4/2010 12:00:00 AM","","EA ","1","1.00","2/18/2010 12:00:00 AM"
"2084","795","806","7/8/2010 12:00:00 AM","","EA ","1","1.00","6/24/2010 12:00:00 AM"
"3071","795","813","12/15/2010 12:00:00 AM","","EA ","1","1.00","12/1/2010 12:00:00 AM"
"1276","795","820","6/9/2010 12:00:00 AM","","EA ","1","1.00","5/26/2010 12:00:00 AM"
"1815","795","828","6/19/2010 12:00:00 AM","","EA ","1","1.00","6/5/2010 12:00:00 AM"
"3066","795","840","12/15/2010 12:00:00 AM","","EA ","1","1.00","12/1/2010 12:00:00 AM"
"910","795","894","5/26/2010 12:00:00 AM","","EA ","1","1.00","5/12/2010 12:00:00 AM"
"1758","795","907","6/19/2010 12:00:00 AM","","EA ","1","1.00","6/5/2010 12:00:00 AM"
"3074","795","940","12/15/2010 12:00:00 AM","","EA ","1","1.00","12/1/2010 12:00:00 AM"
"2409","795","945","8/5/2010 12:00:00 AM","","EA ","1","1.00","7/22/2010 12:00:00 AM"
"697","795","948","3/18/2010 12:00:00 AM","5/17/2010 12:00:00 AM","EA ","1","2.00","5/17/2010 12:00:00 AM"
"459","795","948","5/18/2010 12:00:00 AM","","EA ","1","1.00","5/4/2010 12:00:00 AM"
"2789","795","950","9/15/2010 12:00:00 AM","","EA ","1","1.00","9/1/2010 12:00:00 AM"
"3309","795","952","12/23/2010 12:00:00 AM","","EA ","1","1.00","12/9/2010 12:00:00 AM"
"2393","795","996","8/5/2010 12:00:00 AM","","EA ","1","1.00","7/22/2010 12:00:00 AM"
"3392","796","519","12/23/2010 12:00:00 AM","","EA ","1","1.00","12/9/2010 12:00:00 AM"
"3333","796","680","12/23/2010 12:00:00 AM","","EA ","1","1.00","12/9/2010 12:00:00 AM"
"2093","796","806","7/8/2010 12:00:00 AM","","EA ","1","1.00","6/24/2010 12:00:00 AM"
"3081","796","813","12/15/2010 12:00:00 AM","","EA ","1","1.00","12/1/2010 12:00:00 AM"
"1286","796","820","6/9/2010 12:00:00 AM","","EA ","1","1.00","5/26/2010 12:00:00 AM"
"1346","796","828","6/9/2010 12:00:00 AM","","EA ","1","1.00","5/26/2010 12:00:00 AM"
"2837","796","894","9/15/2010 12:00:00 AM","","EA ","1","1.00","9/1/2010 12:00:00 AM"
"1293","796","907","6/9/2010 12:00:00 AM","","EA ","1","1.00","5/26/2010 12:00:00 AM"
"493","796","940","3/18/2010 12:00:00 AM","","EA ","1","1.00","3/4/2010 12:00:00 AM"
"2427","796","945","8/5/2010 12:00:00 AM","","EA ","1","1.00","7/22/2010 12:00:00 AM"
"485","796","948","3/18/2010 12:00:00 AM","","EA ","1","1.00","3/4/2010 12:00:00 AM"
"2802","796","950","9/15/2010 12:00:00 AM","","EA ","1","1.00","9/1/2010 12:00:00 AM"
"3328","796","952","12/23/2010 12:00:00 AM","","EA ","1","1.00","12/9/2010 12:00:00 AM"
"2421","796","996","8/5/2010 12:00:00 AM","","EA ","1","1.00","7/22/2010 12:00:00 AM"
"1820","797","518","6/19/2010 12:00:00 AM","","EA ","1","1.00","6/5/2010 12:00:00 AM"
"2731","797","806","9/15/2010 12:00:00 AM","","EA ","1","1.00","9/1/2010 12:00:00 AM"
"2320","797","812","8/5/2010 12:00:00 AM","","EA ","1","1.00","7/22/2010 12:00:00 AM"
"1209","797","819","6/9/2010 12:00:00 AM","","EA ","1","1.00","5/26/2010 12:00:00 AM"
"3259","797","822","12/23/2010 12:00:00 AM","","EA ","1","1.00","12/9/2010 12:00:00 AM"
"2842","797","827","9/15/2010 12:00:00 AM","","EA ","1","1.00","9/1/2010 12:00:00 AM"
"3365","797","894","12/23/2010 12:00:00 AM","","EA ","1","1.00","12/9/2010 12:00:00 AM"
"2023","797","907","7/8/2010 12:00:00 AM","","EA ","1","1.00","6/24/2010 12:00:00 AM"
"29","797","939","3/4/2010 12:00:00 AM","","EA ","1","1.00","2/18/2010 12:00:00 AM"
"792","797","945","5/26/2010 12:00:00 AM","","EA ","1","1.00","5/12/2010 12:00:00 AM"
"373","797","948","3/18/2010 12:00:00 AM","","EA ","1","1.00","3/4/2010 12:00:00 AM"
"1198","797","950","6/9/2010 12:00:00 AM","","EA ","1","1.00","5/26/2010 12:00:00 AM"
"1196","797","952","6/9/2010 12:00:00 AM","","EA ","1","1.00","5/26/2010 12:00:00 AM"
"1192","797","994","6/9/2010 12:00:00 AM","","EA ","1","1.00","5/26/2010 12:00:00 AM"
"1351","798","518","6/9/2010 12:00:00 AM","","EA ","1","1.00","5/26/2010 12:00:00 AM"
"1044","798","806","5/26/2010 12:00:00 AM","7/25/2010 12:00:00 AM","EA ","1","2.00","7/25/2010 12:00:00 AM"
"823","798","806","7/26/2010 12:00:00 AM","","EA ","1","1.00","7/12/2010 12:00:00 AM"
"2210","798","812","7/8/2010 12:00:00 AM","9/6/2010 12:00:00 AM","EA ","1","2.00","9/6/2010 12:00:00 AM"
"2039","798","812","9/7/2010 12:00:00 AM","","EA ","1","1.00","8/24/2010 12:00:00 AM"
"2752","798","819","9/15/2010 12:00:00 AM","","EA ","1","1.00","9/1/2010 12:00:00 AM"
"918","798","827","5/26/2010 12:00:00 AM","","EA ","1","1.00","5/12/2010 12:00:00 AM"
"3260","798","833","12/23/2010 12:00:00 AM","","EA ","1","1.00","12/9/2010 12:00:00 AM"
"113","798","894","3/4/2010 12:00:00 AM","","EA ","1","1.00","2/18/2010 12:00:00 AM"
"2045","798","907","7/8/2010 12:00:00 AM","","EA ","1","1.00","6/24/2010 12:00:00 AM"
"2044","798","939","7/8/2010 12:00:00 AM","","EA ","1","1.00","6/24/2010 12:00:00 AM"
"2748","798","945","9/15/2010 12:00:00 AM","","EA ","1","1.00","9/1/2010 12:00:00 AM"
"1225","798","948","6/9/2010 12:00:00 AM","","EA ","1","1.00","5/26/2010 12:00:00 AM"
"3254","798","950","12/23/2010 12:00:00 AM","","EA ","1","1.00","12/9/2010 12:00:00 AM"
"3018","798","952","12/15/2010 12:00:00 AM","","EA ","1","1.00","12/1/2010 12:00:00 AM"
"391","798","994","3/18/2010 12:00:00 AM","","EA ","1","1.00","3/4/2010 12:00:00 AM"
"1823","799","518","6/19/2010 12:00:00 AM","","EA ","1","1.00","6/5/2010 12:00:00 AM"
"844","799","806","5/26/2010 12:00:00 AM","","EA ","1","1.00","5/12/2010 12:00:00 AM"
"2063","799","812","7/8/2010 12:00:00 AM","","EA ","1","1.00","6/24/2010 12:00:00 AM"
"2773","799","819","9/15/2010 12:00:00 AM","","EA ","1","1.00","9/1/2010 12:00:00 AM"
"2846","799","827","9/15/2010 12:00:00 AM","","EA ","1","1.00","9/1/2010 12:00:00 AM"
"3261","799","834","12/23/2010 12:00:00 AM","","EA ","1","1.00","12/9/2010 12:00:00 AM"
"3367","799","894","12/23/2010 12:00:00 AM","","EA ","1","1.00","12/9/2010 12:00:00 AM"
"2069","799","907","7/8/2010 12:00:00 AM","","EA ","1","1.00","6/24/2010 12:00:00 AM"
"2068","799","939","7/8/2010 12:00:00 AM","","EA ","1","1.00","6/24/2010 12:00:00 AM"
"2770","799","945","9/15/2010 12:00:00 AM","","EA ","1","1.00","9/1/2010 12:00:00 AM"
"1244","799","948","6/9/2010 12:00:00 AM","","EA ","1","1.00","5/26/2010 12:00:00 AM"
"3288","799","950","12/23/2010 12:00:00 AM","","EA ","1","1.00","12/9/2010 12:00:00 AM"
"3038","799","952","12/15/2010 12:00:00 AM","","EA ","1","1.00","12/1/2010 12:00:00 AM"
"417","799","994","3/18/2010 12:00:00 AM","","EA ","1","1.00","3/4/2010 12:00:00 AM"
"1354","800","518","6/9/2010 12:00:00 AM","","EA ","1","1.00","5/26/2010 12:00:00 AM"
"862","800","806","5/26/2010 12:00:00 AM","","EA ","1","1.00","5/12/2010 12:00:00 AM"
"2081","800","812","7/8/2010 12:00:00 AM","","EA ","1","1.00","6/24/2010 12:00:00 AM"
"2794","800","819","9/15/2010 12:00:00 AM","","EA ","1","1.00","9/1/2010 12:00:00 AM"
"922","800","827","5/26/2010 12:00:00 AM","","EA ","1","1.00","5/12/2010 12:00:00 AM"
"3262","800","835","12/23/2010 12:00:00 AM","","EA ","1","1.00","12/9/2010 12:00:00 AM"
"116","800","894","3/4/2010 12:00:00 AM","","EA ","1","1.00","2/18/2010 12:00:00 AM"
"2087","800","907","7/8/2010 12:00:00 AM","","EA ","1","1.00","6/24/2010 12:00:00 AM"
"2086","800","939","7/8/2010 12:00:00 AM","","EA ","1","1.00","6/24/2010 12:00:00 AM"
"2791","800","945","9/15/2010 12:00:00 AM","","EA ","1","1.00","9/1/2010 12:00:00 AM"
"1268","800","948","6/9/2010 12:00:00 AM","","EA ","1","1.00","5/26/2010 12:00:00 AM"
"3311","800","950","12/23/2010 12:00:00 AM","","EA ","1","1.00","12/9/2010 12:00:00 AM"
"3061","800","952","12/15/2010 12:00:00 AM","","EA ","1","1.00","12/1/2010 12:00:00 AM"
"448","800","994","3/18/2010 12:00:00 AM","","EA ","1","1.00","3/4/2010 12:00:00 AM"
"1825","801","518","6/19/2010 12:00:00 AM","","EA ","1","1.00","6/5/2010 12:00:00 AM"
"874","801","806","5/26/2010 12:00:00 AM","","EA ","1","1.00","5/12/2010 12:00:00 AM"
"2092","801","812","7/8/2010 12:00:00 AM","","EA ","1","1.00","6/24/2010 12:00:00 AM"
"2804","801","819","9/15/2010 12:00:00 AM","","EA ","1","1.00","9/1/2010 12:00:00 AM"
"2848","801","827","9/15/2010 12:00:00 AM","","EA ","1","1.00","9/1/2010 12:00:00 AM"
"3263","801","836","12/23/2010 12:00:00 AM","","EA ","1","1.00","12/9/2010 12:00:00 AM"
"3370","801","894","12/23/2010 12:00:00 AM","","EA ","1","1.00","12/9/2010 12:00:00 AM"
"2435","801","907","8/5/2010 12:00:00 AM","","EA ","1","1.00","7/22/2010 12:00:00 AM"
"2434","801","939","8/5/2010 12:00:00 AM","","EA ","1","1.00","7/22/2010 12:00:00 AM"
"2803","801","945","9/15/2010 12:00:00 AM","","EA ","1","1.00","9/1/2010 12:00:00 AM"
"1283","801","948","6/9/2010 12:00:00 AM","","EA ","1","1.00","5/26/2010 12:00:00 AM"
"3330","801","950","12/23/2010 12:00:00 AM","","EA ","1","1.00","12/9/2010 12:00:00 AM"
"3078","801","952","12/15/2010 12:00:00 AM","","EA ","1","1.00","12/1/2010 12:00:00 AM"
"479","801","994","3/18/2010 12:00:00 AM","","EA ","1","1.00","3/4/2010 12:00:00 AM"
"3218","802","316","12/23/2010 12:00:00 AM","","EA ","3","2.00","12/9/2010 12:00:00 AM"
"1206","802","331","6/9/2010 12:00:00 AM","","EA ","3","2.00","5/26/2010 12:00:00 AM"
"2722","802","350","9/15/2010 12:00:00 AM","","EA ","3","1.00","9/1/2010 12:00:00 AM"
"1831","802","531","6/19/2010 12:00:00 AM","","EA ","3","1.00","6/5/2010 12:00:00 AM"
"2880","803","316","9/15/2010 12:00:00 AM","11/14/2010 12:00:00 AM","EA ","2","3.00","11/14/2010 12:00:00 AM"
"2712","803","316","11/15/2010 12:00:00 AM","","EA ","3","2.00","11/1/2010 12:00:00 AM"
"376","803","331","3/18/2010 12:00:00 AM","","EA ","3","2.00","3/4/2010 12:00:00 AM"
"2311","803","350","8/5/2010 12:00:00 AM","","EA ","3","1.00","7/22/2010 12:00:00 AM"
"3141","803","531","12/15/2010 12:00:00 AM","","EA ","3","1.00","12/1/2010 12:00:00 AM"
"2301","804","316","8/5/2010 12:00:00 AM","","EA ","3","2.00","7/22/2010 12:00:00 AM"
"17","804","331","3/4/2010 12:00:00 AM","","EA ","3","2.00","2/18/2010 12:00:00 AM"
"1491","804","350","6/9/2010 12:00:00 AM","8/8/2010 12:00:00 AM","EA ","2","2.00","8/8/2010 12:00:00 AM"
"1204","804","350","8/9/2010 12:00:00 AM","","EA ","3","1.00","7/26/2010 12:00:00 AM"
"3403","804","531","12/23/2010 12:00:00 AM","","EA ","3","1.00","12/9/2010 12:00:00 AM"
"1485","805","1","6/9/2010 12:00:00 AM","8/8/2010 12:00:00 AM","EA ","1","2.00","8/8/2010 12:00:00 AM"
"1191","805","1","8/9/2010 12:00:00 AM","","EA ","2","1.00","7/26/2010 12:00:00 AM"
"2711","805","4","9/15/2010 12:00:00 AM","","EA ","2","8.00","9/1/2010 12:00:00 AM"
"1644","805","323","6/19/2010 12:00:00 AM","","EA ","2","1.00","6/5/2010 12:00:00 AM"
"1215","805","402","6/9/2010 12:00:00 AM","","EA ","2","1.00","5/26/2010 12:00:00 AM"
"1216","805","459","6/9/2010 12:00:00 AM","","EA ","2","1.00","5/26/2010 12:00:00 AM"
"3237","805","462","12/23/2010 12:00:00 AM","","EA ","2","1.00","12/9/2010 12:00:00 AM"
"361","806","1","3/18/2010 12:00:00 AM","","EA ","2","1.00","3/4/2010 12:00:00 AM"
"2300","806","4","8/5/2010 12:00:00 AM","","EA ","2","8.00","7/22/2010 12:00:00 AM"
"2995","806","323","12/15/2010 12:00:00 AM","","EA ","2","1.00","12/1/2010 12:00:00 AM"
"382","806","402","3/18/2010 12:00:00 AM","","EA ","2","1.00","3/4/2010 12:00:00 AM"
"383","806","459","3/18/2010 12:00:00 AM","","EA ","2","1.00","3/4/2010 12:00:00 AM"
"2732","806","462","9/15/2010 12:00:00 AM","","EA ","2","1.00","9/1/2010 12:00:00 AM"
"1","807","1","3/4/2010 12:00:00 AM","","EA ","2","1.00","2/18/2010 12:00:00 AM"
"1193","807","4","6/9/2010 12:00:00 AM","","EA ","2","8.00","5/26/2010 12:00:00 AM"
"3222","807","323","12/23/2010 12:00:00 AM","","EA ","2","1.00","12/9/2010 12:00:00 AM"
"23","807","402","3/4/2010 12:00:00 AM","","EA ","2","1.00","2/18/2010 12:00:00 AM"
"268","807","459","3/4/2010 12:00:00 AM","5/3/2010 12:00:00 AM","EA ","1","2.00","5/3/2010 12:00:00 AM"
"24","807","459","5/4/2010 12:00:00 AM","","EA ","2","1.00","4/20/2010 12:00:00 AM"
"2324","807","462","8/5/2010 12:00:00 AM","","EA ","2","1.00","7/22/2010 12:00:00 AM"
"372","808","328","3/18/2010 12:00:00 AM","","EA ","2","2.00","3/4/2010 12:00:00 AM"
"379","808","356","3/18/2010 12:00:00 AM","","IN ","2","40.00","3/4/2010 12:00:00 AM"
"1833","808","398","6/19/2010 12:00:00 AM","","EA ","2","1.00","6/5/2010 12:00:00 AM"
"3139","808","529","12/15/2010 12:00:00 AM","","EA ","2","1.00","12/1/2010 12:00:00 AM"
"12","809","328","3/4/2010 12:00:00 AM","","EA ","2","2.00","2/18/2010 12:00:00 AM"
"1652","809","357","6/19/2010 12:00:00 AM","","IN ","2","40.00","6/5/2010 12:00:00 AM"
"3143","809","398","12/15/2010 12:00:00 AM","","EA ","2","1.00","12/1/2010 12:00:00 AM"
"3401","809","529","12/23/2010 12:00:00 AM","","EA ","2","1.00","12/9/2010 12:00:00 AM"
"791","810","328","5/26/2010 12:00:00 AM","","EA ","2","2.00","5/12/2010 12:00:00 AM"
"2893","810","358","9/15/2010 12:00:00 AM","11/14/2010 12:00:00 AM","IN ","1","41.00","11/14/2010 12:00:00 AM"
"2726","810","358","11/15/2010 12:00:00 AM","","IN ","2","40.00","11/1/2010 12:00:00 AM"
"3405","810","398","12/23/2010 12:00:00 AM","","EA ","2","1.00","12/9/2010 12:00:00 AM"
"2863","810","529","9/15/2010 12:00:00 AM","","EA ","2","1.00","9/1/2010 12:00:00 AM"
"1647","811","329","6/19/2010 12:00:00 AM","","EA ","2","2.00","6/5/2010 12:00:00 AM"
"19","811","356","3/4/2010 12:00:00 AM","","IN ","2","40.00","2/18/2010 12:00:00 AM"
"2865","811","398","9/15/2010 12:00:00 AM","","EA ","2","1.00","9/1/2010 12:00:00 AM"
"2490","811","529","8/5/2010 12:00:00 AM","","EA ","2","1.00","7/22/2010 12:00:00 AM"
"2999","812","329","12/15/2010 12:00:00 AM","","EA ","2","2.00","12/1/2010 12:00:00 AM"
"3003","812","357","12/15/2010 12:00:00 AM","","IN ","2","40.00","12/1/2010 12:00:00 AM"
"2494","812","398","8/5/2010 12:00:00 AM","","EA ","2","1.00","7/22/2010 12:00:00 AM"
"1574","812","529","6/9/2010 12:00:00 AM","8/8/2010 12:00:00 AM","EA ","1","2.00","8/8/2010 12:00:00 AM"
"1361","812","529","8/9/2010 12:00:00 AM","","EA ","2","1.00","7/26/2010 12:00:00 AM"
"3225","813","329","12/23/2010 12:00:00 AM","","EA ","2","2.00","12/9/2010 12:00:00 AM"
"2318","813","358","8/5/2010 12:00:00 AM","","IN ","2","40.00","7/22/2010 12:00:00 AM"
"1365","813","398","6/9/2010 12:00:00 AM","","EA ","2","1.00","5/26/2010 12:00:00 AM"
"547","813","529","3/18/2010 12:00:00 AM","","EA ","2","1.00","3/4/2010 12:00:00 AM"
"2003","814","324","7/8/2010 12:00:00 AM","","EA ","2","2.00","6/24/2010 12:00:00 AM"
"789","814","325","5/26/2010 12:00:00 AM","","EA ","2","2.00","5/12/2010 12:00:00 AM"
"2005","814","326","7/8/2010 12:00:00 AM","","EA ","2","1.00","6/24/2010 12:00:00 AM"
"1646","814","327","6/19/2010 12:00:00 AM","","EA ","2","1.00","6/5/2010 12:00:00 AM"
"22","814","399","3/4/2010 12:00:00 AM","","EA ","2","1.00","2/18/2010 12:00:00 AM"
"1659","814","492","6/19/2010 12:00:00 AM","","OZ ","2","8.00","6/5/2010 12:00:00 AM"
"2166","814","532","7/8/2010 12:00:00 AM","","EA ","2","4.00","6/24/2010 12:00:00 AM"
"1832","814","533","6/19/2010 12:00:00 AM","","EA ","2","1.00","6/5/2010 12:00:00 AM"
"1368","814","534","6/9/2010 12:00:00 AM","","EA ","2","1.00","5/26/2010 12:00:00 AM"
"377","814","803","3/18/2010 12:00:00 AM","","EA ","2","1.00","3/4/2010 12:00:00 AM"
"2014","815","400","7/8/2010 12:00:00 AM","","EA ","2","1.00","6/24/2010 12:00:00 AM"
"2733","815","490","9/15/2010 12:00:00 AM","","EA ","2","36.00","9/1/2010 12:00:00 AM"
"3118","815","506","12/15/2010 12:00:00 AM","","EA ","2","2.00","12/1/2010 12:00:00 AM"
"2135","815","507","7/8/2010 12:00:00 AM","","EA ","2","1.00","6/24/2010 12:00:00 AM"
"544","815","527","3/18/2010 12:00:00 AM","","EA ","2","36.00","3/4/2010 12:00:00 AM"
"943","815","921","5/26/2010 12:00:00 AM","","EA ","2","1.00","5/12/2010 12:00:00 AM"
"2495","815","928","8/5/2010 12:00:00 AM","","EA ","2","1.00","7/22/2010 12:00:00 AM"
"2319","816","401","8/5/2010 12:00:00 AM","","EA ","2","1.00","7/22/2010 12:00:00 AM"
"2325","816","490","8/5/2010 12:00:00 AM","","EA ","2","36.00","7/22/2010 12:00:00 AM"
"3373","816","506","12/23/2010 12:00:00 AM","","EA ","2","2.00","12/9/2010 12:00:00 AM"
"3374","816","508","12/23/2010 12:00:00 AM","","EA ","2","1.00","12/9/2010 12:00:00 AM"
"349","816","527","3/4/2010 12:00:00 AM","5/3/2010 12:00:00 AM","EA ","1","37.00","5/3/2010 12:00:00 AM"
"142","816","527","5/4/2010 12:00:00 AM","","EA ","2","36.00","4/20/2010 12:00:00 AM"
"2169","816","921","7/8/2010 12:00:00 AM","","EA ","2","1.00","6/24/2010 12:00:00 AM"
"552","816","929","3/18/2010 12:00:00 AM","","EA ","2","1.00","3/4/2010 12:00:00 AM"
"1211","817","401","6/9/2010 12:00:00 AM","","EA ","2","1.00","5/26/2010 12:00:00 AM"
"2326","817","491","8/5/2010 12:00:00 AM","","EA ","2","36.00","7/22/2010 12:00:00 AM"
"2840","817","506","9/15/2010 12:00:00 AM","","EA ","2","2.00","9/1/2010 12:00:00 AM"
"1335","817","509","6/9/2010 12:00:00 AM","","EA ","2","1.00","5/26/2010 12:00:00 AM"
"936","817","527","5/26/2010 12:00:00 AM","","EA ","2","36.00","5/12/2010 12:00:00 AM"
"1835","817","921","6/19/2010 12:00:00 AM","","EA ","2","1.00","6/5/2010 12:00:00 AM"
"942","817","930","5/26/2010 12:00:00 AM","","EA ","2","1.00","5/12/2010 12:00:00 AM"
"1653","818","400","6/19/2010 12:00:00 AM","","EA ","2","1.00","6/5/2010 12:00:00 AM"
"1217","818","490","6/9/2010 12:00:00 AM","","EA ","2","36.00","5/26/2010 12:00:00 AM"
"2648","818","506","8/5/2010 12:00:00 AM","10/4/2010 12:00:00 AM","EA ","1","3.00","10/4/2010 12:00:00 AM"
"2466","818","506","10/5/2010 12:00:00 AM","","EA ","2","2.00","9/21/2010 12:00:00 AM"
"914","818","510","5/26/2010 12:00:00 AM","","EA ","2","1.00","5/12/2010 12:00:00 AM"
"2163","818","527","7/8/2010 12:00:00 AM","","EA ","2","36.00","6/24/2010 12:00:00 AM"
"3407","818","922","12/23/2010 12:00:00 AM","","EA ","2","1.00","12/9/2010 12:00:00 AM"
"1834","818","931","6/19/2010 12:00:00 AM","","EA ","2","1.00","6/5/2010 12:00:00 AM"
"380","819","401","3/18/2010 12:00:00 AM","","EA ","2","1.00","3/4/2010 12:00:00 AM"
"384","819","490","3/18/2010 12:00:00 AM","","EA ","2","36.00","3/4/2010 12:00:00 AM"
"1334","819","506","6/9/2010 12:00:00 AM","","EA ","2","2.00","5/26/2010 12:00:00 AM"
"3119","819","511","12/15/2010 12:00:00 AM","","EA ","2","1.00","12/1/2010 12:00:00 AM"
"1829","819","527","6/19/2010 12:00:00 AM","","EA ","2","36.00","6/5/2010 12:00:00 AM"
"2868","819","922","9/15/2010 12:00:00 AM","","EA ","2","1.00","9/1/2010 12:00:00 AM"
"3406","819","932","12/23/2010 12:00:00 AM","","EA ","2","1.00","12/9/2010 12:00:00 AM"
"20","820","401","3/4/2010 12:00:00 AM","","EA ","2","1.00","2/18/2010 12:00:00 AM"
"1218","820","491","6/9/2010 12:00:00 AM","","EA ","2","36.00","5/26/2010 12:00:00 AM"
"522","820","506","3/18/2010 12:00:00 AM","","EA ","2","2.00","3/4/2010 12:00:00 AM"
"2467","820","512","8/5/2010 12:00:00 AM","","EA ","2","1.00","7/22/2010 12:00:00 AM"
"3137","820","527","12/15/2010 12:00:00 AM","","EA ","2","36.00","12/1/2010 12:00:00 AM"
"2497","820","922","8/5/2010 12:00:00 AM","","EA ","2","1.00","7/22/2010 12:00:00 AM"
"2496","820","933","8/5/2010 12:00:00 AM","","EA ","2","1.00","7/22/2010 12:00:00 AM"
"798","821","401","5/26/2010 12:00:00 AM","","EA ","2","1.00","5/12/2010 12:00:00 AM"
"25","821","490","3/4/2010 12:00:00 AM","","EA ","2","36.00","2/18/2010 12:00:00 AM"
"120","821","506","3/4/2010 12:00:00 AM","","EA ","2","2.00","2/18/2010 12:00:00 AM"
"121","821","513","3/4/2010 12:00:00 AM","","EA ","2","1.00","2/18/2010 12:00:00 AM"
"3399","821","527","12/23/2010 12:00:00 AM","","EA ","2","36.00","12/9/2010 12:00:00 AM"
"555","821","923","3/18/2010 12:00:00 AM","","EA ","2","1.00","3/4/2010 12:00:00 AM"
"553","821","934","3/18/2010 12:00:00 AM","","EA ","2","1.00","3/4/2010 12:00:00 AM"
"788","822","324","5/26/2010 12:00:00 AM","","EA ","2","2.00","5/12/2010 12:00:00 AM"
"9","822","325","3/4/2010 12:00:00 AM","","EA ","2","2.00","2/18/2010 12:00:00 AM"
"790","822","326","5/26/2010 12:00:00 AM","","EA ","2","1.00","5/12/2010 12:00:00 AM"
"2192","822","327","7/8/2010 12:00:00 AM","9/6/2010 12:00:00 AM","EA ","1","2.00","9/6/2010 12:00:00 AM"
"2006","822","327","9/7/2010 12:00:00 AM","","EA ","2","1.00","8/24/2010 12:00:00 AM"
"381","822","399","3/18/2010 12:00:00 AM","","EA ","2","1.00","3/4/2010 12:00:00 AM"
"2021","822","496","7/8/2010 12:00:00 AM","","OZ ","2","8.00","6/24/2010 12:00:00 AM"
"941","822","532","5/26/2010 12:00:00 AM","","EA ","2","4.00","5/12/2010 12:00:00 AM"
"2167","822","533","7/8/2010 12:00:00 AM","","EA ","2","1.00","6/24/2010 12:00:00 AM"
"2498","822","534","8/5/2010 12:00:00 AM","","EA ","2","1.00","7/22/2010 12:00:00 AM"
"1207","822","803","6/9/2010 12:00:00 AM","","EA ","2","1.00","5/26/2010 12:00:00 AM"
"3004","823","400","12/15/2010 12:00:00 AM","","EA ","2","1.00","12/1/2010 12:00:00 AM"
"801","823","490","5/26/2010 12:00:00 AM","","EA ","2","36.00","5/12/2010 12:00:00 AM"
"2465","823","506","8/5/2010 12:00:00 AM","","EA ","2","2.00","7/22/2010 12:00:00 AM"
"1805","823","507","6/19/2010 12:00:00 AM","","EA ","2","1.00","6/5/2010 12:00:00 AM"
"2861","823","527","9/15/2010 12:00:00 AM","","EA ","2","36.00","9/1/2010 12:00:00 AM"
"1576","823","921","6/9/2010 12:00:00 AM","8/8/2010 12:00:00 AM","EA ","1","2.00","8/8/2010 12:00:00 AM"
"1367","823","921","8/9/2010 12:00:00 AM","","EA ","2","1.00","7/26/2010 12:00:00 AM"
"3144","823","928","12/15/2010 12:00:00 AM","","EA ","2","1.00","12/1/2010 12:00:00 AM"
"2200","824","401","7/8/2010 12:00:00 AM","9/6/2010 12:00:00 AM","EA ","1","2.00","9/6/2010 12:00:00 AM"
"2015","824","401","9/7/2010 12:00:00 AM","","EA ","2","1.00","8/24/2010 12:00:00 AM"
"2202","824","490","7/8/2010 12:00:00 AM","9/6/2010 12:00:00 AM","EA ","1","37.00","9/6/2010 12:00:00 AM"
"2018","824","490","9/7/2010 12:00:00 AM","","EA ","2","36.00","8/24/2010 12:00:00 AM"
"1333","824","506","6/9/2010 12:00:00 AM","","EA ","2","2.00","5/26/2010 12:00:00 AM"
"2841","824","508","9/15/2010 12:00:00 AM","","EA ","2","1.00","9/1/2010 12:00:00 AM"
"2488","824","527","8/5/2010 12:00:00 AM","","EA ","2","36.00","7/22/2010 12:00:00 AM"
"556","824","921","3/18/2010 12:00:00 AM","","EA ","2","1.00","3/4/2010 12:00:00 AM"
"2866","824","929","9/15/2010 12:00:00 AM","","EA ","2","1.00","9/1/2010 12:00:00 AM"
"1654","825","401","6/19/2010 12:00:00 AM","","EA ","2","1.00","6/5/2010 12:00:00 AM"
"385","825","491","3/18/2010 12:00:00 AM","","EA ","2","36.00","3/4/2010 12:00:00 AM"
"521","825","506","3/18/2010 12:00:00 AM","","EA ","2","2.00","3/4/2010 12:00:00 AM"
"523","825","509","3/18/2010 12:00:00 AM","","EA ","2","1.00","3/4/2010 12:00:00 AM"
"1359","825","527","6/9/2010 12:00:00 AM","","EA ","2","36.00","5/26/2010 12:00:00 AM"
"151","825","921","3/4/2010 12:00:00 AM","","EA ","2","1.00","2/18/2010 12:00:00 AM"
"1366","825","930","6/9/2010 12:00:00 AM","","EA ","2","1.00","5/26/2010 12:00:00 AM"
"3232","826","400","12/23/2010 12:00:00 AM","","EA ","2","1.00","12/9/2010 12:00:00 AM"
"1658","826","490","6/19/2010 12:00:00 AM","","EA ","2","36.00","6/5/2010 12:00:00 AM"
"119","826","506","3/4/2010 12:00:00 AM","","EA ","2","2.00","2/18/2010 12:00:00 AM"
"2278","826","510","7/8/2010 12:00:00 AM","9/6/2010 12:00:00 AM","EA ","1","2.00","9/6/2010 12:00:00 AM"
"2136","826","510","9/7/2010 12:00:00 AM","","EA ","2","1.00","8/24/2010 12:00:00 AM"
"545","826","527","3/18/2010 12:00:00 AM","","EA ","2","36.00","3/4/2010 12:00:00 AM"
"2170","826","922","7/8/2010 12:00:00 AM","","EA ","2","1.00","6/24/2010 12:00:00 AM"
"351","826","931","3/4/2010 12:00:00 AM","5/3/2010 12:00:00 AM","EA ","1","2.00","5/3/2010 12:00:00 AM"
"150","826","931","5/4/2010 12:00:00 AM","","EA ","2","1.00","4/20/2010 12:00:00 AM"
"3005","827","401","12/15/2010 12:00:00 AM","","EA ","2","1.00","12/1/2010 12:00:00 AM"
"3010","827","490","12/15/2010 12:00:00 AM","","EA ","2","36.00","12/1/2010 12:00:00 AM"
"913","827","506","5/26/2010 12:00:00 AM","","EA ","2","2.00","5/12/2010 12:00:00 AM"
"3375","827","511","12/23/2010 12:00:00 AM","","EA ","2","1.00","12/9/2010 12:00:00 AM"
"143","827","527","3/4/2010 12:00:00 AM","","EA ","2","36.00","2/18/2010 12:00:00 AM"
"1836","827","922","6/19/2010 12:00:00 AM","","EA ","2","1.00","6/5/2010 12:00:00 AM"
"2168","827","932","7/8/2010 12:00:00 AM","","EA ","2","1.00","6/24/2010 12:00:00 AM"
"3233","828","401","12/23/2010 12:00:00 AM","","EA ","2","1.00","12/9/2010 12:00:00 AM"
"26","828","491","3/4/2010 12:00:00 AM","","EA ","2","36.00","2/18/2010 12:00:00 AM"
"2134","828","506","7/8/2010 12:00:00 AM","","EA ","2","2.00","6/24/2010 12:00:00 AM"
"1336","828","512","6/9/2010 12:00:00 AM","","EA ","2","1.00","5/26/2010 12:00:00 AM"
"937","828","527","5/26/2010 12:00:00 AM","","EA ","2","36.00","5/12/2010 12:00:00 AM"
"3146","828","922","12/15/2010 12:00:00 AM","","EA ","2","1.00","12/1/2010 12:00:00 AM"
"3145","828","933","12/15/2010 12:00:00 AM","","EA ","2","1.00","12/1/2010 12:00:00 AM"
"2727","829","401","9/15/2010 12:00:00 AM","","EA ","2","1.00","9/1/2010 12:00:00 AM"
"3238","829","490","12/23/2010 12:00:00 AM","","EA ","2","36.00","12/9/2010 12:00:00 AM"
"1804","829","506","6/19/2010 12:00:00 AM","","EA ","2","2.00","6/5/2010 12:00:00 AM"
"915","829","513","5/26/2010 12:00:00 AM","","EA ","2","1.00","5/12/2010 12:00:00 AM"
"2283","829","527","7/8/2010 12:00:00 AM","9/6/2010 12:00:00 AM","EA ","1","37.00","9/6/2010 12:00:00 AM"
"2164","829","527","9/7/2010 12:00:00 AM","","EA ","2","36.00","8/24/2010 12:00:00 AM"
"2869","829","923","9/15/2010 12:00:00 AM","","EA ","2","1.00","9/1/2010 12:00:00 AM"
"2867","829","934","9/15/2010 12:00:00 AM","","EA ","2","1.00","9/1/2010 12:00:00 AM"
"1379","830","324","6/9/2010 12:00:00 AM","","EA ","2","2.00","5/26/2010 12:00:00 AM"
"1843","830","325","6/19/2010 12:00:00 AM","","EA ","2","2.00","6/5/2010 12:00:00 AM"
"3415","830","326","12/23/2010 12:00:00 AM","","EA ","2","1.00","12/9/2010 12:00:00 AM"
"2503","830","327","8/5/2010 12:00:00 AM","","EA ","2","1.00","7/22/2010 12:00:00 AM"
"3152","830","399","12/15/2010 12:00:00 AM","","EA ","2","1.00","12/1/2010 12:00:00 AM"
"1380","830","492","6/9/2010 12:00:00 AM","","OZ ","2","8.00","5/26/2010 12:00:00 AM"
"563","830","532","3/18/2010 12:00:00 AM","","EA ","2","4.00","3/4/2010 12:00:00 AM"
"949","830","533","5/26/2010 12:00:00 AM","","EA ","2","1.00","5/12/2010 12:00:00 AM"
"163","830","534","3/4/2010 12:00:00 AM","","EA ","2","1.00","2/18/2010 12:00:00 AM"
"562","830","803","3/18/2010 12:00:00 AM","","EA ","2","1.00","3/4/2010 12:00:00 AM"
"1584","831","324","6/9/2010 12:00:00 AM","8/8/2010 12:00:00 AM","EA ","1","3.00","8/8/2010 12:00:00 AM"
"1381","831","324","8/9/2010 12:00:00 AM","","EA ","2","2.00","7/26/2010 12:00:00 AM"
"1844","831","325","6/19/2010 12:00:00 AM","","EA ","2","2.00","6/5/2010 12:00:00 AM"
"3416","831","326","12/23/2010 12:00:00 AM","","EA ","2","1.00","12/9/2010 12:00:00 AM"
"2504","831","327","8/5/2010 12:00:00 AM","","EA ","2","1.00","7/22/2010 12:00:00 AM"
"3153","831","399","12/15/2010 12:00:00 AM","","EA ","2","1.00","12/1/2010 12:00:00 AM"
"1382","831","492","6/9/2010 12:00:00 AM","","OZ ","2","8.00","5/26/2010 12:00:00 AM"
"565","831","532","3/18/2010 12:00:00 AM","","EA ","2","4.00","3/4/2010 12:00:00 AM"
"950","831","533","5/26/2010 12:00:00 AM","","EA ","2","1.00","5/12/2010 12:00:00 AM"
"164","831","534","3/4/2010 12:00:00 AM","","EA ","2","1.00","2/18/2010 12:00:00 AM"
"564","831","803","3/18/2010 12:00:00 AM","","EA ","2","1.00","3/4/2010 12:00:00 AM"
"1383","832","324","6/9/2010 12:00:00 AM","","EA ","2","2.00","5/26/2010 12:00:00 AM"
"1845","832","325","6/19/2010 12:00:00 AM","","EA ","2","2.00","6/5/2010 12:00:00 AM"
"3417","832","326","12/23/2010 12:00:00 AM","","EA ","2","1.00","12/9/2010 12:00:00 AM"
"2660","832","327","8/5/2010 12:00:00 AM","10/4/2010 12:00:00 AM","EA ","1","2.00","10/4/2010 12:00:00 AM"
"2505","832","327","10/5/2010 12:00:00 AM","","EA ","2","1.00","9/21/2010 12:00:00 AM"
"3154","832","399","12/15/2010 12:00:00 AM","","EA ","2","1.00","12/1/2010 12:00:00 AM"
"1384","832","492","6/9/2010 12:00:00 AM","","OZ ","2","8.00","5/26/2010 12:00:00 AM"
"567","832","532","3/18/2010 12:00:00 AM","","EA ","2","4.00","3/4/2010 12:00:00 AM"
"951","832","533","5/26/2010 12:00:00 AM","","EA ","2","1.00","5/12/2010 12:00:00 AM"
"165","832","534","3/4/2010 12:00:00 AM","","EA ","2","1.00","2/18/2010 12:00:00 AM"
"566","832","803","3/18/2010 12:00:00 AM","","EA ","2","1.00","3/4/2010 12:00:00 AM"
"1435","833","324","6/9/2010 12:00:00 AM","","EA ","2","2.00","5/26/2010 12:00:00 AM"
"1874","833","325","6/19/2010 12:00:00 AM","","EA ","2","2.00","6/5/2010 12:00:00 AM"
"3446","833","326","12/23/2010 12:00:00 AM","","EA ","2","1.00","12/9/2010 12:00:00 AM"
"2534","833","327","8/5/2010 12:00:00 AM","","EA ","2","1.00","7/22/2010 12:00:00 AM"
"3183","833","399","12/15/2010 12:00:00 AM","","EA ","2","1.00","12/1/2010 12:00:00 AM"
"2292","833","496","7/8/2010 12:00:00 AM","9/6/2010 12:00:00 AM","OZ ","1","9.00","9/6/2010 12:00:00 AM"
"2171","833","496","9/7/2010 12:00:00 AM","","OZ ","2","8.00","8/24/2010 12:00:00 AM"
"616","833","532","3/18/2010 12:00:00 AM","","EA ","2","4.00","3/4/2010 12:00:00 AM"
"980","833","533","5/26/2010 12:00:00 AM","","EA ","2","1.00","5/12/2010 12:00:00 AM"
"209","833","534","3/4/2010 12:00:00 AM","","EA ","2","1.00","2/18/2010 12:00:00 AM"
"615","833","803","3/18/2010 12:00:00 AM","","EA ","2","1.00","3/4/2010 12:00:00 AM"
"1436","834","324","6/9/2010 12:00:00 AM","","EA ","2","2.00","5/26/2010 12:00:00 AM"
"1875","834","325","6/19/2010 12:00:00 AM","","EA ","2","2.00","6/5/2010 12:00:00 AM"
"3447","834","326","12/23/2010 12:00:00 AM","","EA ","2","1.00","12/9/2010 12:00:00 AM"
"2535","834","327","8/5/2010 12:00:00 AM","","EA ","2","1.00","7/22/2010 12:00:00 AM"
"3184","834","399","12/15/2010 12:00:00 AM","","EA ","2","1.00","12/1/2010 12:00:00 AM"
"2172","834","496","7/8/2010 12:00:00 AM","","OZ ","2","8.00","6/24/2010 12:00:00 AM"
"618","834","532","3/18/2010 12:00:00 AM","","EA ","2","4.00","3/4/2010 12:00:00 AM"
"1165","834","533","5/26/2010 12:00:00 AM","7/25/2010 12:00:00 AM","EA ","1","2.00","7/25/2010 12:00:00 AM"
"981","834","533","7/26/2010 12:00:00 AM","","EA ","2","1.00","7/12/2010 12:00:00 AM"
"210","834","534","3/4/2010 12:00:00 AM","","EA ","2","1.00","2/18/2010 12:00:00 AM"
"617","834","803","3/18/2010 12:00:00 AM","","EA ","2","1.00","3/4/2010 12:00:00 AM"
"1437","835","324","6/9/2010 12:00:00 AM","","EA ","2","2.00","5/26/2010 12:00:00 AM"
"1876","835","325","6/19/2010 12:00:00 AM","","EA ","2","2.00","6/5/2010 12:00:00 AM"
"3448","835","326","12/23/2010 12:00:00 AM","","EA ","2","1.00","12/9/2010 12:00:00 AM"
"2536","835","327","8/5/2010 12:00:00 AM","","EA ","2","1.00","7/22/2010 12:00:00 AM"
"3185","835","399","12/15/2010 12:00:00 AM","","EA ","2","1.00","12/1/2010 12:00:00 AM"
"2173","835","496","7/8/2010 12:00:00 AM","","OZ ","2","8.00","6/24/2010 12:00:00 AM"
"620","835","532","3/18/2010 12:00:00 AM","","EA ","2","4.00","3/4/2010 12:00:00 AM"
"982","835","533","5/26/2010 12:00:00 AM","","EA ","2","1.00","5/12/2010 12:00:00 AM"
"211","835","534","3/4/2010 12:00:00 AM","","EA ","2","1.00","2/18/2010 12:00:00 AM"
"619","835","803","3/18/2010 12:00:00 AM","","EA ","2","1.00","3/4/2010 12:00:00 AM"
"1615","836","324","6/9/2010 12:00:00 AM","8/8/2010 12:00:00 AM","EA ","1","3.00","8/8/2010 12:00:00 AM"
"1438","836","324","8/9/2010 12:00:00 AM","","EA ","2","2.00","7/26/2010 12:00:00 AM"
"1877","836","325","6/19/2010 12:00:00 AM","","EA ","2","2.00","6/5/2010 12:00:00 AM"
"3449","836","326","12/23/2010 12:00:00 AM","","EA ","2","1.00","12/9/2010 12:00:00 AM"
"2537","836","327","8/5/2010 12:00:00 AM","","EA ","2","1.00","7/22/2010 12:00:00 AM"
"3186","836","399","12/15/2010 12:00:00 AM","","EA ","2","1.00","12/1/2010 12:00:00 AM"
"2174","836","496","7/8/2010 12:00:00 AM","","OZ ","2","8.00","6/24/2010 12:00:00 AM"
"622","836","532","3/18/2010 12:00:00 AM","","EA ","2","4.00","3/4/2010 12:00:00 AM"
"983","836","533","5/26/2010 12:00:00 AM","","EA ","2","1.00","5/12/2010 12:00:00 AM"
"212","836","534","3/4/2010 12:00:00 AM","","EA ","2","1.00","2/18/2010 12:00:00 AM"
"621","836","803","3/18/2010 12:00:00 AM","","EA ","2","1.00","3/4/2010 12:00:00 AM"
"1439","838","324","6/9/2010 12:00:00 AM","","EA ","2","2.00","5/26/2010 12:00:00 AM"
"1878","838","325","6/19/2010 12:00:00 AM","","EA ","2","2.00","6/5/2010 12:00:00 AM"
"3450","838","326","12/23/2010 12:00:00 AM","","EA ","2","1.00","12/9/2010 12:00:00 AM"
"2538","838","327","8/5/2010 12:00:00 AM","","EA ","2","1.00","7/22/2010 12:00:00 AM"
"3187","838","399","12/15/2010 12:00:00 AM","","EA ","2","1.00","12/1/2010 12:00:00 AM"
"1440","838","492","6/9/2010 12:00:00 AM","","OZ ","2","8.00","5/26/2010 12:00:00 AM"
"623","838","532","3/18/2010 12:00:00 AM","","EA ","2","4.00","3/4/2010 12:00:00 AM"
"984","838","533","5/26/2010 12:00:00 AM","","EA ","2","1.00","5/12/2010 12:00:00 AM"
"214","838","534","3/4/2010 12:00:00 AM","","EA ","2","1.00","2/18/2010 12:00:00 AM"
"213","838","804","3/4/2010 12:00:00 AM","","EA ","2","1.00","2/18/2010 12:00:00 AM"
"1616","839","324","6/9/2010 12:00:00 AM","8/8/2010 12:00:00 AM","EA ","1","3.00","8/8/2010 12:00:00 AM"
"1441","839","324","8/9/2010 12:00:00 AM","","EA ","2","2.00","7/26/2010 12:00:00 AM"
"1879","839","325","6/19/2010 12:00:00 AM","","EA ","2","2.00","6/5/2010 12:00:00 AM"
"3451","839","326","12/23/2010 12:00:00 AM","","EA ","2","1.00","12/9/2010 12:00:00 AM"
"2539","839","327","8/5/2010 12:00:00 AM","","EA ","2","1.00","7/22/2010 12:00:00 AM"
"3188","839","399","12/15/2010 12:00:00 AM","","EA ","2","1.00","12/1/2010 12:00:00 AM"
"1442","839","492","6/9/2010 12:00:00 AM","","OZ ","2","8.00","5/26/2010 12:00:00 AM"
"624","839","532","3/18/2010 12:00:00 AM","","EA ","2","4.00","3/4/2010 12:00:00 AM"
"985","839","533","5/26/2010 12:00:00 AM","","EA ","2","1.00","5/12/2010 12:00:00 AM"
"216","839","534","3/4/2010 12:00:00 AM","","EA ","2","1.00","2/18/2010 12:00:00 AM"
"215","839","804","3/4/2010 12:00:00 AM","","EA ","2","1.00","2/18/2010 12:00:00 AM"
"1443","840","324","6/9/2010 12:00:00 AM","","EA ","2","2.00","5/26/2010 12:00:00 AM"
"1880","840","325","6/19/2010 12:00:00 AM","","EA ","2","2.00","6/5/2010 12:00:00 AM"
"3452","840","326","12/23/2010 12:00:00 AM","","EA ","2","1.00","12/9/2010 12:00:00 AM"
"2688","840","327","8/5/2010 12:00:00 AM","10/4/2010 12:00:00 AM","EA ","1","2.00","10/4/2010 12:00:00 AM"
"2540","840","327","10/5/2010 12:00:00 AM","","EA ","2","1.00","9/21/2010 12:00:00 AM"
"3189","840","399","12/15/2010 12:00:00 AM","","EA ","2","1.00","12/1/2010 12:00:00 AM"
"1444","840","492","6/9/2010 12:00:00 AM","","OZ ","2","8.00","5/26/2010 12:00:00 AM"
"625","840","532","3/18/2010 12:00:00 AM","","EA ","2","4.00","3/4/2010 12:00:00 AM"
"986","840","533","5/26/2010 12:00:00 AM","","EA ","2","1.00","5/12/2010 12:00:00 AM"
"218","840","534","3/4/2010 12:00:00 AM","","EA ","2","1.00","2/18/2010 12:00:00 AM"
"217","840","804","3/4/2010 12:00:00 AM","","EA ","2","1.00","2/18/2010 12:00:00 AM"
"1481","885","324","6/9/2010 12:00:00 AM","","EA ","2","2.00","5/26/2010 12:00:00 AM"
"1905","885","325","6/19/2010 12:00:00 AM","","EA ","2","2.00","6/5/2010 12:00:00 AM"
"3477","885","326","12/23/2010 12:00:00 AM","","EA ","2","1.00","12/9/2010 12:00:00 AM"
"2565","885","327","8/5/2010 12:00:00 AM","","EA ","2","1.00","7/22/2010 12:00:00 AM"
"3214","885","399","12/15/2010 12:00:00 AM","","EA ","2","1.00","12/1/2010 12:00:00 AM"
"2299","885","496","7/8/2010 12:00:00 AM","9/6/2010 12:00:00 AM","OZ ","1","9.00","9/6/2010 12:00:00 AM"
"2183","885","496","9/7/2010 12:00:00 AM","","OZ ","2","8.00","8/24/2010 12:00:00 AM"
"655","885","532","3/18/2010 12:00:00 AM","","EA ","2","4.00","3/4/2010 12:00:00 AM"
"1020","885","533","5/26/2010 12:00:00 AM","","EA ","2","1.00","5/12/2010 12:00:00 AM"
"258","885","534","3/4/2010 12:00:00 AM","","EA ","2","1.00","2/18/2010 12:00:00 AM"
"257","885","804","3/4/2010 12:00:00 AM","","EA ","2","1.00","2/18/2010 12:00:00 AM"
"1472","886","324","6/9/2010 12:00:00 AM","","EA ","2","2.00","5/26/2010 12:00:00 AM"
"1897","886","325","6/19/2010 12:00:00 AM","","EA ","2","2.00","6/5/2010 12:00:00 AM"
"3469","886","326","12/23/2010 12:00:00 AM","","EA ","2","1.00","12/9/2010 12:00:00 AM"
"2557","886","327","8/5/2010 12:00:00 AM","","EA ","2","1.00","7/22/2010 12:00:00 AM"
"3206","886","399","12/15/2010 12:00:00 AM","","EA ","2","1.00","12/1/2010 12:00:00 AM"
"2179","886","496","7/8/2010 12:00:00 AM","","OZ ","2","8.00","6/24/2010 12:00:00 AM"
"647","886","532","3/18/2010 12:00:00 AM","","EA ","2","4.00","3/4/2010 12:00:00 AM"
"1181","886","533","5/26/2010 12:00:00 AM","7/25/2010 12:00:00 AM","EA ","1","2.00","7/25/2010 12:00:00 AM"
"1008","886","533","7/26/2010 12:00:00 AM","","EA ","2","1.00","7/12/2010 12:00:00 AM"
"242","886","534","3/4/2010 12:00:00 AM","","EA ","2","1.00","2/18/2010 12:00:00 AM"
"1473","886","802","6/9/2010 12:00:00 AM","","EA ","2","1.00","5/26/2010 12:00:00 AM"
"1478","887","324","6/9/2010 12:00:00 AM","","EA ","2","2.00","5/26/2010 12:00:00 AM"
"1902","887","325","6/19/2010 12:00:00 AM","","EA ","2","2.00","6/5/2010 12:00:00 AM"
"3474","887","326","12/23/2010 12:00:00 AM","","EA ","2","1.00","12/9/2010 12:00:00 AM"
"2562","887","327","8/5/2010 12:00:00 AM","","EA ","2","1.00","7/22/2010 12:00:00 AM"
"3211","887","399","12/15/2010 12:00:00 AM","","EA ","2","1.00","12/1/2010 12:00:00 AM"
"2180","887","496","7/8/2010 12:00:00 AM","","OZ ","2","8.00","6/24/2010 12:00:00 AM"
"652","887","532","3/18/2010 12:00:00 AM","","EA ","2","4.00","3/4/2010 12:00:00 AM"
"1188","887","533","5/26/2010 12:00:00 AM","7/25/2010 12:00:00 AM","EA ","1","2.00","7/25/2010 12:00:00 AM"
"1017","887","533","7/26/2010 12:00:00 AM","","EA ","2","1.00","7/12/2010 12:00:00 AM"
"252","887","534","3/4/2010 12:00:00 AM","","EA ","2","1.00","2/18/2010 12:00:00 AM"
"251","887","804","3/4/2010 12:00:00 AM","","EA ","2","1.00","2/18/2010 12:00:00 AM"
"1479","888","324","6/9/2010 12:00:00 AM","","EA ","2","2.00","5/26/2010 12:00:00 AM"
"1903","888","325","6/19/2010 12:00:00 AM","","EA ","2","2.00","6/5/2010 12:00:00 AM"
"3475","888","326","12/23/2010 12:00:00 AM","","EA ","2","1.00","12/9/2010 12:00:00 AM"
"2563","888","327","8/5/2010 12:00:00 AM","","EA ","2","1.00","7/22/2010 12:00:00 AM"
"3212","888","399","12/15/2010 12:00:00 AM","","EA ","2","1.00","12/1/2010 12:00:00 AM"
"2181","888","496","7/8/2010 12:00:00 AM","","OZ ","2","8.00","6/24/2010 12:00:00 AM"
"653","888","532","3/18/2010 12:00:00 AM","","EA ","2","4.00","3/4/2010 12:00:00 AM"
"1018","888","533","5/26/2010 12:00:00 AM","","EA ","2","1.00","5/12/2010 12:00:00 AM"
"254","888","534","3/4/2010 12:00:00 AM","","EA ","2","1.00","2/18/2010 12:00:00 AM"
"253","888","804","3/4/2010 12:00:00 AM","","EA ","2","1.00","2/18/2010 12:00:00 AM"
"1638","889","324","6/9/2010 12:00:00 AM","8/8/2010 12:00:00 AM","EA ","1","3.00","8/8/2010 12:00:00 AM"
"1480","889","324","8/9/2010 12:00:00 AM","","EA ","2","2.00","7/26/2010 12:00:00 AM"
"1904","889","325","6/19/2010 12:00:00 AM","","EA ","2","2.00","6/5/2010 12:00:00 AM"
"3476","889","326","12/23/2010 12:00:00 AM","","EA ","2","1.00","12/9/2010 12:00:00 AM"
"2564","889","327","8/5/2010 12:00:00 AM","","EA ","2","1.00","7/22/2010 12:00:00 AM"
"3213","889","399","12/15/2010 12:00:00 AM","","EA ","2","1.00","12/1/2010 12:00:00 AM"
"2182","889","496","7/8/2010 12:00:00 AM","","OZ ","2","8.00","6/24/2010 12:00:00 AM"
"654","889","532","3/18/2010 12:00:00 AM","","EA ","2","4.00","3/4/2010 12:00:00 AM"
"1019","889","533","5/26/2010 12:00:00 AM","","EA ","2","1.00","5/12/2010 12:00:00 AM"
"256","889","534","3/4/2010 12:00:00 AM","","EA ","2","1.00","2/18/2010 12:00:00 AM"
"255","889","804","3/4/2010 12:00:00 AM","","EA ","2","1.00","2/18/2010 12:00:00 AM"
"1474","890","324","6/9/2010 12:00:00 AM","","EA ","2","2.00","5/26/2010 12:00:00 AM"
"1898","890","325","6/19/2010 12:00:00 AM","","EA ","2","2.00","6/5/2010 12:00:00 AM"
"3470","890","326","12/23/2010 12:00:00 AM","","EA ","2","1.00","12/9/2010 12:00:00 AM"
"2706","890","327","8/5/2010 12:00:00 AM","10/4/2010 12:00:00 AM","EA ","1","2.00","10/4/2010 12:00:00 AM"
"2558","890","327","10/5/2010 12:00:00 AM","","EA ","2","1.00","9/21/2010 12:00:00 AM"
"3207","890","399","12/15/2010 12:00:00 AM","","EA ","2","1.00","12/1/2010 12:00:00 AM"
"1009","890","495","5/26/2010 12:00:00 AM","","OZ ","2","8.00","5/12/2010 12:00:00 AM"
"648","890","532","3/18/2010 12:00:00 AM","","EA ","2","4.00","3/4/2010 12:00:00 AM"
"1010","890","533","5/26/2010 12:00:00 AM","","EA ","2","1.00","5/12/2010 12:00:00 AM"
"244","890","534","3/4/2010 12:00:00 AM","","EA ","2","1.00","2/18/2010 12:00:00 AM"
"243","890","804","3/4/2010 12:00:00 AM","","EA ","2","1.00","2/18/2010 12:00:00 AM"
"1475","891","324","6/9/2010 12:00:00 AM","","EA ","2","2.00","5/26/2010 12:00:00 AM"
"1899","891","325","6/19/2010 12:00:00 AM","","EA ","2","2.00","6/5/2010 12:00:00 AM"
"3471","891","326","12/23/2010 12:00:00 AM","","EA ","2","1.00","12/9/2010 12:00:00 AM"
"2559","891","327","8/5/2010 12:00:00 AM","","EA ","2","1.00","7/22/2010 12:00:00 AM"
"3208","891","399","12/15/2010 12:00:00 AM","","EA ","2","1.00","12/1/2010 12:00:00 AM"
"1186","891","495","5/26/2010 12:00:00 AM","7/25/2010 12:00:00 AM","OZ ","1","9.00","7/25/2010 12:00:00 AM"
"1011","891","495","7/26/2010 12:00:00 AM","","OZ ","2","8.00","7/12/2010 12:00:00 AM"
"649","891","532","3/18/2010 12:00:00 AM","","EA ","2","4.00","3/4/2010 12:00:00 AM"
"1012","891","533","5/26/2010 12:00:00 AM","","EA ","2","1.00","5/12/2010 12:00:00 AM"
"246","891","534","3/4/2010 12:00:00 AM","","EA ","2","1.00","2/18/2010 12:00:00 AM"
"245","891","804","3/4/2010 12:00:00 AM","","EA ","2","1.00","2/18/2010 12:00:00 AM"
"1476","892","324","6/9/2010 12:00:00 AM","","EA ","2","2.00","5/26/2010 12:00:00 AM"
"1900","892","325","6/19/2010 12:00:00 AM","","EA ","2","2.00","6/5/2010 12:00:00 AM"
"3472","892","326","12/23/2010 12:00:00 AM","","EA ","2","1.00","12/9/2010 12:00:00 AM"
"2560","892","327","8/5/2010 12:00:00 AM","","EA ","2","1.00","7/22/2010 12:00:00 AM"
"3209","892","399","12/15/2010 12:00:00 AM","","EA ","2","1.00","12/1/2010 12:00:00 AM"
"1013","892","495","5/26/2010 12:00:00 AM","","OZ ","2","8.00","5/12/2010 12:00:00 AM"
"650","892","532","3/18/2010 12:00:00 AM","","EA ","2","4.00","3/4/2010 12:00:00 AM"
"1187","892","533","5/26/2010 12:00:00 AM","7/25/2010 12:00:00 AM","EA ","1","2.00","7/25/2010 12:00:00 AM"
"1014","892","533","7/26/2010 12:00:00 AM","","EA ","2","1.00","7/12/2010 12:00:00 AM"
"248","892","534","3/4/2010 12:00:00 AM","","EA ","2","1.00","2/18/2010 12:00:00 AM"
"247","892","804","3/4/2010 12:00:00 AM","","EA ","2","1.00","2/18/2010 12:00:00 AM"
"1637","893","324","6/9/2010 12:00:00 AM","8/8/2010 12:00:00 AM","EA ","1","3.00","8/8/2010 12:00:00 AM"
"1477","893","324","8/9/2010 12:00:00 AM","","EA ","2","2.00","7/26/2010 12:00:00 AM"
"1901","893","325","6/19/2010 12:00:00 AM","","EA ","2","2.00","6/5/2010 12:00:00 AM"
"3473","893","326","12/23/2010 12:00:00 AM","","EA ","2","1.00","12/9/2010 12:00:00 AM"
"2561","893","327","8/5/2010 12:00:00 AM","","EA ","2","1.00","7/22/2010 12:00:00 AM"
"3210","893","399","12/15/2010 12:00:00 AM","","EA ","2","1.00","12/1/2010 12:00:00 AM"
"1015","893","495","5/26/2010 12:00:00 AM","","OZ ","2","8.00","5/12/2010 12:00:00 AM"
"651","893","532","3/18/2010 12:00:00 AM","","EA ","2","4.00","3/4/2010 12:00:00 AM"
"1016","893","533","5/26/2010 12:00:00 AM","","EA ","2","1.00","5/12/2010 12:00:00 AM"
"250","893","534","3/4/2010 12:00:00 AM","","EA ","2","1.00","2/18/2010 12:00:00 AM"
"249","893","804","3/4/2010 12:00:00 AM","","EA ","2","1.00","2/18/2010 12:00:00 AM"
"2317","894","355","8/5/2010 12:00:00 AM","","EA ","2","1.00","7/22/2010 12:00:00 AM"
"554","894","535","3/18/2010 12:00:00 AM","","EA ","2","1.00","3/4/2010 12:00:00 AM"
"3111","894","679","12/15/2010 12:00:00 AM","","EA ","2","1.00","12/1/2010 12:00:00 AM"
"1456","895","324","6/9/2010 12:00:00 AM","","EA ","2","2.00","5/26/2010 12:00:00 AM"
"1889","895","325","6/19/2010 12:00:00 AM","","EA ","2","2.00","6/5/2010 12:00:00 AM"
"3461","895","326","12/23/2010 12:00:00 AM","","EA ","2","1.00","12/9/2010 12:00:00 AM"
"2549","895","327","8/5/2010 12:00:00 AM","","EA ","2","1.00","7/22/2010 12:00:00 AM"
"3198","895","399","12/15/2010 12:00:00 AM","","EA ","2","1.00","12/1/2010 12:00:00 AM"
"1178","895","495","5/26/2010 12:00:00 AM","7/25/2010 12:00:00 AM","OZ ","1","9.00","7/25/2010 12:00:00 AM"
"996","895","495","7/26/2010 12:00:00 AM","","OZ ","2","8.00","7/12/2010 12:00:00 AM"
"639","895","532","3/18/2010 12:00:00 AM","","EA ","2","4.00","3/4/2010 12:00:00 AM"
"997","895","533","5/26/2010 12:00:00 AM","","EA ","2","1.00","5/12/2010 12:00:00 AM"
"234","895","534","3/4/2010 12:00:00 AM","","EA ","2","1.00","2/18/2010 12:00:00 AM"
"1457","895","802","6/9/2010 12:00:00 AM","","EA ","2","1.00","5/26/2010 12:00:00 AM"
"1458","896","324","6/9/2010 12:00:00 AM","","EA ","2","2.00","5/26/2010 12:00:00 AM"
"1890","896","325","6/19/2010 12:00:00 AM","","EA ","2","2.00","6/5/2010 12:00:00 AM"
"3462","896","326","12/23/2010 12:00:00 AM","","EA ","2","1.00","12/9/2010 12:00:00 AM"
"2550","896","327","8/5/2010 12:00:00 AM","","EA ","2","1.00","7/22/2010 12:00:00 AM"
"3199","896","399","12/15/2010 12:00:00 AM","","EA ","2","1.00","12/1/2010 12:00:00 AM"
"998","896","495","5/26/2010 12:00:00 AM","","OZ ","2","8.00","5/12/2010 12:00:00 AM"
"640","896","532","3/18/2010 12:00:00 AM","","EA ","2","4.00","3/4/2010 12:00:00 AM"
"1179","896","533","5/26/2010 12:00:00 AM","7/25/2010 12:00:00 AM","EA ","1","2.00","7/25/2010 12:00:00 AM"
"999","896","533","7/26/2010 12:00:00 AM","","EA ","2","1.00","7/12/2010 12:00:00 AM"
"235","896","534","3/4/2010 12:00:00 AM","","EA ","2","1.00","2/18/2010 12:00:00 AM"
"1459","896","802","6/9/2010 12:00:00 AM","","EA ","2","1.00","5/26/2010 12:00:00 AM"
"1460","897","324","6/9/2010 12:00:00 AM","","EA ","2","2.00","5/26/2010 12:00:00 AM"
"1891","897","325","6/19/2010 12:00:00 AM","","EA ","2","2.00","6/5/2010 12:00:00 AM"
"3463","897","326","12/23/2010 12:00:00 AM","","EA ","2","1.00","12/9/2010 12:00:00 AM"
"2551","897","327","8/5/2010 12:00:00 AM","","EA ","2","1.00","7/22/2010 12:00:00 AM"
"3200","897","399","12/15/2010 12:00:00 AM","","EA ","2","1.00","12/1/2010 12:00:00 AM"
"1000","897","495","5/26/2010 12:00:00 AM","","OZ ","2","8.00","5/12/2010 12:00:00 AM"
"641","897","532","3/18/2010 12:00:00 AM","","EA ","2","4.00","3/4/2010 12:00:00 AM"
"1001","897","533","5/26/2010 12:00:00 AM","","EA ","2","1.00","5/12/2010 12:00:00 AM"
"236","897","534","3/4/2010 12:00:00 AM","","EA ","2","1.00","2/18/2010 12:00:00 AM"
"1461","897","802","6/9/2010 12:00:00 AM","","EA ","2","1.00","5/26/2010 12:00:00 AM"
"1462","898","324","6/9/2010 12:00:00 AM","","EA ","2","2.00","5/26/2010 12:00:00 AM"
"1892","898","325","6/19/2010 12:00:00 AM","","EA ","2","2.00","6/5/2010 12:00:00 AM"
"3464","898","326","12/23/2010 12:00:00 AM","","EA ","2","1.00","12/9/2010 12:00:00 AM"
"2700","898","327","8/5/2010 12:00:00 AM","10/4/2010 12:00:00 AM","EA ","1","2.00","10/4/2010 12:00:00 AM"
"2552","898","327","10/5/2010 12:00:00 AM","","EA ","2","1.00","9/21/2010 12:00:00 AM"
"3201","898","399","12/15/2010 12:00:00 AM","","EA ","2","1.00","12/1/2010 12:00:00 AM"
"1002","898","495","5/26/2010 12:00:00 AM","","OZ ","2","8.00","5/12/2010 12:00:00 AM"
"642","898","532","3/18/2010 12:00:00 AM","","EA ","2","4.00","3/4/2010 12:00:00 AM"
"1003","898","533","5/26/2010 12:00:00 AM","","EA ","2","1.00","5/12/2010 12:00:00 AM"
"237","898","534","3/4/2010 12:00:00 AM","","EA ","2","1.00","2/18/2010 12:00:00 AM"
"1463","898","802","6/9/2010 12:00:00 AM","","EA ","2","1.00","5/26/2010 12:00:00 AM"
"1464","899","324","6/9/2010 12:00:00 AM","","EA ","2","2.00","5/26/2010 12:00:00 AM"
"1893","899","325","6/19/2010 12:00:00 AM","","EA ","2","2.00","6/5/2010 12:00:00 AM"
"3465","899","326","12/23/2010 12:00:00 AM","","EA ","2","1.00","12/9/2010 12:00:00 AM"
"2553","899","327","8/5/2010 12:00:00 AM","","EA ","2","1.00","7/22/2010 12:00:00 AM"
"3202","899","399","12/15/2010 12:00:00 AM","","EA ","2","1.00","12/1/2010 12:00:00 AM"
"2296","899","496","7/8/2010 12:00:00 AM","9/6/2010 12:00:00 AM","OZ ","1","9.00","9/6/2010 12:00:00 AM"
"2175","899","496","9/7/2010 12:00:00 AM","","OZ ","2","8.00","8/24/2010 12:00:00 AM"
"643","899","532","3/18/2010 12:00:00 AM","","EA ","2","4.00","3/4/2010 12:00:00 AM"
"1004","899","533","5/26/2010 12:00:00 AM","","EA ","2","1.00","5/12/2010 12:00:00 AM"
"238","899","534","3/4/2010 12:00:00 AM","","EA ","2","1.00","2/18/2010 12:00:00 AM"
"1465","899","802","6/9/2010 12:00:00 AM","","EA ","2","1.00","5/26/2010 12:00:00 AM"
"1466","900","324","6/9/2010 12:00:00 AM","","EA ","2","2.00","5/26/2010 12:00:00 AM"
"1894","900","325","6/19/2010 12:00:00 AM","","EA ","2","2.00","6/5/2010 12:00:00 AM"
"3466","900","326","12/23/2010 12:00:00 AM","","EA ","2","1.00","12/9/2010 12:00:00 AM"
"2554","900","327","8/5/2010 12:00:00 AM","","EA ","2","1.00","7/22/2010 12:00:00 AM"
"3203","900","399","12/15/2010 12:00:00 AM","","EA ","2","1.00","12/1/2010 12:00:00 AM"
"2176","900","496","7/8/2010 12:00:00 AM","","OZ ","2","8.00","6/24/2010 12:00:00 AM"
"644","900","532","3/18/2010 12:00:00 AM","","EA ","2","4.00","3/4/2010 12:00:00 AM"
"1005","900","533","5/26/2010 12:00:00 AM","","EA ","2","1.00","5/12/2010 12:00:00 AM"
"239","900","534","3/4/2010 12:00:00 AM","","EA ","2","1.00","2/18/2010 12:00:00 AM"
"1467","900","802","6/9/2010 12:00:00 AM","","EA ","2","1.00","5/26/2010 12:00:00 AM"
"1630","901","324","6/9/2010 12:00:00 AM","8/8/2010 12:00:00 AM","EA ","1","3.00","8/8/2010 12:00:00 AM"
"1468","901","324","8/9/2010 12:00:00 AM","","EA ","2","2.00","7/26/2010 12:00:00 AM"
"1895","901","325","6/19/2010 12:00:00 AM","","EA ","2","2.00","6/5/2010 12:00:00 AM"
"3467","901","326","12/23/2010 12:00:00 AM","","EA ","2","1.00","12/9/2010 12:00:00 AM"
"2555","901","327","8/5/2010 12:00:00 AM","","EA ","2","1.00","7/22/2010 12:00:00 AM"
"3204","901","399","12/15/2010 12:00:00 AM","","EA ","2","1.00","12/1/2010 12:00:00 AM"
"2177","901","496","7/8/2010 12:00:00 AM","","OZ ","2","8.00","6/24/2010 12:00:00 AM"
"645","901","532","3/18/2010 12:00:00 AM","","EA ","2","4.00","3/4/2010 12:00:00 AM"
"1006","901","533","5/26/2010 12:00:00 AM","","EA ","2","1.00","5/12/2010 12:00:00 AM"
"240","901","534","3/4/2010 12:00:00 AM","","EA ","2","1.00","2/18/2010 12:00:00 AM"
"1469","901","802","6/9/2010 12:00:00 AM","","EA ","2","1.00","5/26/2010 12:00:00 AM"
"1470","902","324","6/9/2010 12:00:00 AM","","EA ","2","2.00","5/26/2010 12:00:00 AM"
"1896","902","325","6/19/2010 12:00:00 AM","","EA ","2","2.00","6/5/2010 12:00:00 AM"
"3468","902","326","12/23/2010 12:00:00 AM","","EA ","2","1.00","12/9/2010 12:00:00 AM"
"2701","902","327","8/5/2010 12:00:00 AM","10/4/2010 12:00:00 AM","EA ","1","2.00","10/4/2010 12:00:00 AM"
"2556","902","327","10/5/2010 12:00:00 AM","","EA ","2","1.00","9/21/2010 12:00:00 AM"
"3205","902","399","12/15/2010 12:00:00 AM","","EA ","2","1.00","12/1/2010 12:00:00 AM"
"2178","902","496","7/8/2010 12:00:00 AM","","OZ ","2","8.00","6/24/2010 12:00:00 AM"
"646","902","532","3/18/2010 12:00:00 AM","","EA ","2","4.00","3/4/2010 12:00:00 AM"
"1007","902","533","5/26/2010 12:00:00 AM","","EA ","2","1.00","5/12/2010 12:00:00 AM"
"241","902","534","3/4/2010 12:00:00 AM","","EA ","2","1.00","2/18/2010 12:00:00 AM"
"1471","902","802","6/9/2010 12:00:00 AM","","EA ","2","1.00","5/26/2010 12:00:00 AM"
"1628","903","324","6/9/2010 12:00:00 AM","8/8/2010 12:00:00 AM","EA ","1","3.00","8/8/2010 12:00:00 AM"
"1454","903","324","8/9/2010 12:00:00 AM","","EA ","2","2.00","7/26/2010 12:00:00 AM"
"1888","903","325","6/19/2010 12:00:00 AM","","EA ","2","2.00","6/5/2010 12:00:00 AM"
"3460","903","326","12/23/2010 12:00:00 AM","","EA ","2","1.00","12/9/2010 12:00:00 AM"
"2548","903","327","8/5/2010 12:00:00 AM","","EA ","2","1.00","7/22/2010 12:00:00 AM"
"3197","903","399","12/15/2010 12:00:00 AM","","EA ","2","1.00","12/1/2010 12:00:00 AM"
"994","903","495","5/26/2010 12:00:00 AM","","OZ ","2","8.00","5/12/2010 12:00:00 AM"
"638","903","532","3/18/2010 12:00:00 AM","","EA ","2","4.00","3/4/2010 12:00:00 AM"
"995","903","533","5/26/2010 12:00:00 AM","","EA ","2","1.00","5/12/2010 12:00:00 AM"
"233","903","534","3/4/2010 12:00:00 AM","","EA ","2","1.00","2/18/2010 12:00:00 AM"
"1455","903","802","6/9/2010 12:00:00 AM","","EA ","2","1.00","5/26/2010 12:00:00 AM"
"1385","904","324","6/9/2010 12:00:00 AM","","EA ","2","2.00","5/26/2010 12:00:00 AM"
"1846","904","325","6/19/2010 12:00:00 AM","","EA ","2","2.00","6/5/2010 12:00:00 AM"
"3418","904","326","12/23/2010 12:00:00 AM","","EA ","2","1.00","12/9/2010 12:00:00 AM"
"2506","904","327","8/5/2010 12:00:00 AM","","EA ","2","1.00","7/22/2010 12:00:00 AM"
"3155","904","399","12/15/2010 12:00:00 AM","","EA ","2","1.00","12/1/2010 12:00:00 AM"
"166","904","494","3/4/2010 12:00:00 AM","","OZ ","2","8.00","2/18/2010 12:00:00 AM"
"569","904","532","3/18/2010 12:00:00 AM","","EA ","2","4.00","3/4/2010 12:00:00 AM"
"1137","904","533","5/26/2010 12:00:00 AM","7/25/2010 12:00:00 AM","EA ","1","2.00","7/25/2010 12:00:00 AM"
"952","904","533","7/26/2010 12:00:00 AM","","EA ","2","1.00","7/12/2010 12:00:00 AM"
"167","904","534","3/4/2010 12:00:00 AM","","EA ","2","1.00","2/18/2010 12:00:00 AM"
"568","904","803","3/18/2010 12:00:00 AM","","EA ","2","1.00","3/4/2010 12:00:00 AM"
"1386","905","324","6/9/2010 12:00:00 AM","","EA ","2","2.00","5/26/2010 12:00:00 AM"
"1847","905","325","6/19/2010 12:00:00 AM","","EA ","2","2.00","6/5/2010 12:00:00 AM"
"3419","905","326","12/23/2010 12:00:00 AM","","EA ","2","1.00","12/9/2010 12:00:00 AM"
"2507","905","327","8/5/2010 12:00:00 AM","","EA ","2","1.00","7/22/2010 12:00:00 AM"
"3156","905","399","12/15/2010 12:00:00 AM","","EA ","2","1.00","12/1/2010 12:00:00 AM"
"168","905","494","3/4/2010 12:00:00 AM","","OZ ","2","8.00","2/18/2010 12:00:00 AM"
"571","905","532","3/18/2010 12:00:00 AM","","EA ","2","4.00","3/4/2010 12:00:00 AM"
"953","905","533","5/26/2010 12:00:00 AM","","EA ","2","1.00","5/12/2010 12:00:00 AM"
"169","905","534","3/4/2010 12:00:00 AM","","EA ","2","1.00","2/18/2010 12:00:00 AM"
"570","905","803","3/18/2010 12:00:00 AM","","EA ","2","1.00","3/4/2010 12:00:00 AM"
"1588","906","324","6/9/2010 12:00:00 AM","8/8/2010 12:00:00 AM","EA ","1","3.00","8/8/2010 12:00:00 AM"
"1387","906","324","8/9/2010 12:00:00 AM","","EA ","2","2.00","7/26/2010 12:00:00 AM"
"1848","906","325","6/19/2010 12:00:00 AM","","EA ","2","2.00","6/5/2010 12:00:00 AM"
"3420","906","326","12/23/2010 12:00:00 AM","","EA ","2","1.00","12/9/2010 12:00:00 AM"
"2508","906","327","8/5/2010 12:00:00 AM","","EA ","2","1.00","7/22/2010 12:00:00 AM"
"3157","906","399","12/15/2010 12:00:00 AM","","EA ","2","1.00","12/1/2010 12:00:00 AM"
"170","906","494","3/4/2010 12:00:00 AM","","OZ ","2","8.00","2/18/2010 12:00:00 AM"
"573","906","532","3/18/2010 12:00:00 AM","","EA ","2","4.00","3/4/2010 12:00:00 AM"
"954","906","533","5/26/2010 12:00:00 AM","","EA ","2","1.00","5/12/2010 12:00:00 AM"
"171","906","534","3/4/2010 12:00:00 AM","","EA ","2","1.00","2/18/2010 12:00:00 AM"
"572","906","803","3/18/2010 12:00:00 AM","","EA ","2","1.00","3/4/2010 12:00:00 AM"
"1371","917","324","6/9/2010 12:00:00 AM","","EA ","2","2.00","5/26/2010 12:00:00 AM"
"1839","917","325","6/19/2010 12:00:00 AM","","EA ","2","2.00","6/5/2010 12:00:00 AM"
"3411","917","326","12/23/2010 12:00:00 AM","","EA ","2","1.00","12/9/2010 12:00:00 AM"
"2499","917","327","8/5/2010 12:00:00 AM","","EA ","2","1.00","7/22/2010 12:00:00 AM"
"3148","917","399","12/15/2010 12:00:00 AM","","EA ","2","1.00","12/1/2010 12:00:00 AM"
"155","917","494","3/4/2010 12:00:00 AM","","OZ ","2","8.00","2/18/2010 12:00:00 AM"
"558","917","532","3/18/2010 12:00:00 AM","","EA ","2","4.00","3/4/2010 12:00:00 AM"
"1129","917","533","5/26/2010 12:00:00 AM","7/25/2010 12:00:00 AM","EA ","1","2.00","7/25/2010 12:00:00 AM"
"945","917","533","7/26/2010 12:00:00 AM","","EA ","2","1.00","7/12/2010 12:00:00 AM"
"156","917","534","3/4/2010 12:00:00 AM","","EA ","2","1.00","2/18/2010 12:00:00 AM"
"1372","917","802","6/9/2010 12:00:00 AM","","EA ","2","1.00","5/26/2010 12:00:00 AM"
"1373","918","324","6/9/2010 12:00:00 AM","","EA ","2","2.00","5/26/2010 12:00:00 AM"
"1840","918","325","6/19/2010 12:00:00 AM","","EA ","2","2.00","6/5/2010 12:00:00 AM"
"3412","918","326","12/23/2010 12:00:00 AM","","EA ","2","1.00","12/9/2010 12:00:00 AM"
"2500","918","327","8/5/2010 12:00:00 AM","","EA ","2","1.00","7/22/2010 12:00:00 AM"
"3149","918","399","12/15/2010 12:00:00 AM","","EA ","2","1.00","12/1/2010 12:00:00 AM"
"157","918","494","3/4/2010 12:00:00 AM","","OZ ","2","8.00","2/18/2010 12:00:00 AM"
"559","918","532","3/18/2010 12:00:00 AM","","EA ","2","4.00","3/4/2010 12:00:00 AM"
"946","918","533","5/26/2010 12:00:00 AM","","EA ","2","1.00","5/12/2010 12:00:00 AM"
"158","918","534","3/4/2010 12:00:00 AM","","EA ","2","1.00","2/18/2010 12:00:00 AM"
"1374","918","802","6/9/2010 12:00:00 AM","","EA ","2","1.00","5/26/2010 12:00:00 AM"
"1580","919","324","6/9/2010 12:00:00 AM","8/8/2010 12:00:00 AM","EA ","1","3.00","8/8/2010 12:00:00 AM"
"1375","919","324","8/9/2010 12:00:00 AM","","EA ","2","2.00","7/26/2010 12:00:00 AM"
"1841","919","325","6/19/2010 12:00:00 AM","","EA ","2","2.00","6/5/2010 12:00:00 AM"
"3413","919","326","12/23/2010 12:00:00 AM","","EA ","2","1.00","12/9/2010 12:00:00 AM"
"2501","919","327","8/5/2010 12:00:00 AM","","EA ","2","1.00","7/22/2010 12:00:00 AM"
"3150","919","399","12/15/2010 12:00:00 AM","","EA ","2","1.00","12/1/2010 12:00:00 AM"
"159","919","494","3/4/2010 12:00:00 AM","","OZ ","2","8.00","2/18/2010 12:00:00 AM"
"560","919","532","3/18/2010 12:00:00 AM","","EA ","2","4.00","3/4/2010 12:00:00 AM"
"947","919","533","5/26/2010 12:00:00 AM","","EA ","2","1.00","5/12/2010 12:00:00 AM"
"160","919","534","3/4/2010 12:00:00 AM","","EA ","2","1.00","2/18/2010 12:00:00 AM"
"1376","919","802","6/9/2010 12:00:00 AM","","EA ","2","1.00","5/26/2010 12:00:00 AM"
"1377","920","324","6/9/2010 12:00:00 AM","","EA ","2","2.00","5/26/2010 12:00:00 AM"
"1842","920","325","6/19/2010 12:00:00 AM","","EA ","2","2.00","6/5/2010 12:00:00 AM"
"3414","920","326","12/23/2010 12:00:00 AM","","EA ","2","1.00","12/9/2010 12:00:00 AM"
"2656","920","327","8/5/2010 12:00:00 AM","10/4/2010 12:00:00 AM","EA ","1","2.00","10/4/2010 12:00:00 AM"
"2502","920","327","10/5/2010 12:00:00 AM","","EA ","2","1.00","9/21/2010 12:00:00 AM"
"3151","920","399","12/15/2010 12:00:00 AM","","EA ","2","1.00","12/1/2010 12:00:00 AM"
"161","920","494","3/4/2010 12:00:00 AM","","OZ ","2","8.00","2/18/2010 12:00:00 AM"
"561","920","532","3/18/2010 12:00:00 AM","","EA ","2","4.00","3/4/2010 12:00:00 AM"
"948","920","533","5/26/2010 12:00:00 AM","","EA ","2","1.00","5/12/2010 12:00:00 AM"
"162","920","534","3/4/2010 12:00:00 AM","","EA ","2","1.00","2/18/2010 12:00:00 AM"
"1378","920","802","6/9/2010 12:00:00 AM","","EA ","2","1.00","5/26/2010 12:00:00 AM"
"153","924","324","3/4/2010 12:00:00 AM","","EA ","2","2.00","2/18/2010 12:00:00 AM"
"3410","924","325","12/23/2010 12:00:00 AM","","EA ","2","2.00","12/9/2010 12:00:00 AM"
"1906","924","326","6/19/2010 12:00:00 AM","","EA ","2","1.00","6/5/2010 12:00:00 AM"
"3478","924","327","12/23/2010 12:00:00 AM","","EA ","2","1.00","12/9/2010 12:00:00 AM"
"2184","924","399","7/8/2010 12:00:00 AM","","EA ","2","1.00","6/24/2010 12:00:00 AM"
"2871","924","492","9/15/2010 12:00:00 AM","","OZ ","2","8.00","9/1/2010 12:00:00 AM"
"2566","924","532","8/5/2010 12:00:00 AM","","EA ","2","4.00","7/22/2010 12:00:00 AM"
"656","924","533","3/18/2010 12:00:00 AM","","EA ","2","1.00","3/4/2010 12:00:00 AM"
"1482","924","534","6/9/2010 12:00:00 AM","","EA ","2","1.00","5/26/2010 12:00:00 AM"
"2870","924","802","9/15/2010 12:00:00 AM","","EA ","2","1.00","9/1/2010 12:00:00 AM"
"2872","925","324","9/15/2010 12:00:00 AM","","EA ","2","2.00","9/1/2010 12:00:00 AM"
"1189","925","325","5/26/2010 12:00:00 AM","7/25/2010 12:00:00 AM","EA ","1","3.00","7/25/2010 12:00:00 AM"
"1021","925","325","7/26/2010 12:00:00 AM","","EA ","2","2.00","7/12/2010 12:00:00 AM"
"1907","925","326","6/19/2010 12:00:00 AM","","EA ","2","1.00","6/5/2010 12:00:00 AM"
"3479","925","327","12/23/2010 12:00:00 AM","","EA ","2","1.00","12/9/2010 12:00:00 AM"
"2185","925","399","7/8/2010 12:00:00 AM","","EA ","2","1.00","6/24/2010 12:00:00 AM"
"2874","925","492","9/15/2010 12:00:00 AM","","OZ ","2","8.00","9/1/2010 12:00:00 AM"
"2567","925","532","8/5/2010 12:00:00 AM","","EA ","2","4.00","7/22/2010 12:00:00 AM"
"657","925","533","3/18/2010 12:00:00 AM","","EA ","2","1.00","3/4/2010 12:00:00 AM"
"1483","925","534","6/9/2010 12:00:00 AM","","EA ","2","1.00","5/26/2010 12:00:00 AM"
"2873","925","802","9/15/2010 12:00:00 AM","","EA ","2","1.00","9/1/2010 12:00:00 AM"
"2875","926","324","9/15/2010 12:00:00 AM","","EA ","2","2.00","9/1/2010 12:00:00 AM"
"1022","926","325","5/26/2010 12:00:00 AM","","EA ","2","2.00","5/12/2010 12:00:00 AM"
"1998","926","326","6/19/2010 12:00:00 AM","8/18/2010 12:00:00 AM","EA ","1","2.00","8/18/2010 12:00:00 AM"
"1908","926","326","8/19/2010 12:00:00 AM","","EA ","2","1.00","8/5/2010 12:00:00 AM"
"3480","926","327","12/23/2010 12:00:00 AM","","EA ","2","1.00","12/9/2010 12:00:00 AM"
"2186","926","399","7/8/2010 12:00:00 AM","","EA ","2","1.00","6/24/2010 12:00:00 AM"
"2877","926","492","9/15/2010 12:00:00 AM","","OZ ","2","8.00","9/1/2010 12:00:00 AM"
"2568","926","532","8/5/2010 12:00:00 AM","","EA ","2","4.00","7/22/2010 12:00:00 AM"
"658","926","533","3/18/2010 12:00:00 AM","","EA ","2","1.00","3/4/2010 12:00:00 AM"
"1484","926","534","6/9/2010 12:00:00 AM","","EA ","2","1.00","5/26/2010 12:00:00 AM"
"2876","926","802","9/15/2010 12:00:00 AM","","EA ","2","1.00","9/1/2010 12:00:00 AM"
"2878","927","324","9/15/2010 12:00:00 AM","","EA ","2","2.00","9/1/2010 12:00:00 AM"
"1023","927","325","5/26/2010 12:00:00 AM","","EA ","2","2.00","5/12/2010 12:00:00 AM"
"1909","927","326","6/19/2010 12:00:00 AM","","EA ","2","1.00","6/5/2010 12:00:00 AM"
"3481","927","327","12/23/2010 12:00:00 AM","","EA ","2","1.00","12/9/2010 12:00:00 AM"
"3147","927","399","12/15/2010 12:00:00 AM","","EA ","2","1.00","12/1/2010 12:00:00 AM"
"1577","927","492","6/9/2010 12:00:00 AM","8/8/2010 12:00:00 AM","OZ ","1","9.00","8/8/2010 12:00:00 AM"
"1370","927","492","8/9/2010 12:00:00 AM","","OZ ","2","8.00","7/26/2010 12:00:00 AM"
"557","927","532","3/18/2010 12:00:00 AM","","EA ","2","4.00","3/4/2010 12:00:00 AM"
"944","927","533","5/26/2010 12:00:00 AM","","EA ","2","1.00","5/12/2010 12:00:00 AM"
"154","927","534","3/4/2010 12:00:00 AM","","EA ","2","1.00","2/18/2010 12:00:00 AM"
"1369","927","802","6/9/2010 12:00:00 AM","","EA ","2","1.00","5/26/2010 12:00:00 AM"
"2996","942","324","12/15/2010 12:00:00 AM","","EA ","2","2.00","12/1/2010 12:00:00 AM"
"1645","942","325","6/19/2010 12:00:00 AM","","EA ","2","2.00","6/5/2010 12:00:00 AM"
"2998","942","326","12/15/2010 12:00:00 AM","","EA ","2","1.00","12/1/2010 12:00:00 AM"
"3224","942","327","12/23/2010 12:00:00 AM","","EA ","2","1.00","12/9/2010 12:00:00 AM"
"2017","942","399","7/8/2010 12:00:00 AM","","EA ","2","1.00","6/24/2010 12:00:00 AM"
"802","942","494","5/26/2010 12:00:00 AM","","OZ ","2","8.00","5/12/2010 12:00:00 AM"
"3142","942","532","12/15/2010 12:00:00 AM","","EA ","2","4.00","12/1/2010 12:00:00 AM"
"3404","942","533","12/23/2010 12:00:00 AM","","EA ","2","1.00","12/9/2010 12:00:00 AM"
"152","942","534","3/4/2010 12:00:00 AM","","EA ","2","1.00","2/18/2010 12:00:00 AM"
"793","942","803","5/26/2010 12:00:00 AM","","EA ","2","1.00","5/12/2010 12:00:00 AM"
"2304","943","324","8/5/2010 12:00:00 AM","","EA ","2","2.00","7/22/2010 12:00:00 AM"
"2719","943","325","9/15/2010 12:00:00 AM","","EA ","2","2.00","9/1/2010 12:00:00 AM"
"2306","943","326","8/5/2010 12:00:00 AM","","EA ","2","1.00","7/22/2010 12:00:00 AM"
"1489","943","327","6/9/2010 12:00:00 AM","8/8/2010 12:00:00 AM","EA ","1","2.00","8/8/2010 12:00:00 AM"
"1201","943","327","8/9/2010 12:00:00 AM","","EA ","2","1.00","7/26/2010 12:00:00 AM"
"3235","943","399","12/23/2010 12:00:00 AM","","EA ","2","1.00","12/9/2010 12:00:00 AM"
"2019","943","492","7/8/2010 12:00:00 AM","","OZ ","2","8.00","6/24/2010 12:00:00 AM"
"2492","943","532","8/5/2010 12:00:00 AM","","EA ","2","4.00","7/22/2010 12:00:00 AM"
"1363","943","533","6/9/2010 12:00:00 AM","","EA ","2","1.00","5/26/2010 12:00:00 AM"
"1837","943","534","6/19/2010 12:00:00 AM","","EA ","2","1.00","6/5/2010 12:00:00 AM"
"1648","943","802","6/19/2010 12:00:00 AM","","EA ","2","1.00","6/5/2010 12:00:00 AM"
"367","944","324","3/18/2010 12:00:00 AM","","EA ","2","2.00","3/4/2010 12:00:00 AM"
"1199","944","325","6/9/2010 12:00:00 AM","","EA ","2","2.00","5/26/2010 12:00:00 AM"
"664","944","326","3/18/2010 12:00:00 AM","5/17/2010 12:00:00 AM","EA ","1","2.00","5/17/2010 12:00:00 AM"
"370","944","326","5/18/2010 12:00:00 AM","","EA ","2","1.00","5/4/2010 12:00:00 AM"
"10","944","327","3/4/2010 12:00:00 AM","","EA ","2","1.00","2/18/2010 12:00:00 AM"
"2322","944","399","8/5/2010 12:00:00 AM","","EA ","2","1.00","7/22/2010 12:00:00 AM"
"27","944","494","3/4/2010 12:00:00 AM","","OZ ","2","8.00","2/18/2010 12:00:00 AM"
"549","944","532","3/18/2010 12:00:00 AM","","EA ","2","4.00","3/4/2010 12:00:00 AM"
"147","944","533","3/4/2010 12:00:00 AM","","EA ","2","1.00","2/18/2010 12:00:00 AM"
"3408","944","534","12/23/2010 12:00:00 AM","","EA ","2","1.00","12/9/2010 12:00:00 AM"
"3227","944","802","12/23/2010 12:00:00 AM","","EA ","2","1.00","12/9/2010 12:00:00 AM"
"16","945","351","3/4/2010 12:00:00 AM","","EA ","2","1.00","2/18/2010 12:00:00 AM"
"2723","945","352","9/15/2010 12:00:00 AM","","EA ","2","1.00","9/1/2010 12:00:00 AM"
"2308","946","330","8/5/2010 12:00:00 AM","","EA ","2","2.00","7/22/2010 12:00:00 AM"
"797","946","356","5/26/2010 12:00:00 AM","","IN ","2","40.00","5/12/2010 12:00:00 AM"
"758","946","398","3/18/2010 12:00:00 AM","5/17/2010 12:00:00 AM","EA ","1","2.00","5/17/2010 12:00:00 AM"
"551","946","398","5/18/2010 12:00:00 AM","","EA ","2","1.00","5/4/2010 12:00:00 AM"
"145","946","529","3/4/2010 12:00:00 AM","","EA ","2","1.00","2/18/2010 12:00:00 AM"
"1203","947","330","6/9/2010 12:00:00 AM","","EA ","2","2.00","5/26/2010 12:00:00 AM"
"1210","947","358","6/9/2010 12:00:00 AM","","IN ","2","40.00","5/26/2010 12:00:00 AM"
"149","947","398","3/4/2010 12:00:00 AM","","EA ","2","1.00","2/18/2010 12:00:00 AM"
"939","947","529","5/26/2010 12:00:00 AM","","EA ","2","1.00","5/12/2010 12:00:00 AM"
"362","949","317","3/18/2010 12:00:00 AM","","EA ","2","2.00","3/4/2010 12:00:00 AM"
"3219","949","320","12/23/2010 12:00:00 AM","","EA ","2","3.00","12/9/2010 12:00:00 AM"
"3221","949","321","12/23/2010 12:00:00 AM","","EA ","2","3.00","12/9/2010 12:00:00 AM"
"661","949","322","3/18/2010 12:00:00 AM","5/17/2010 12:00:00 AM","EA ","1","4.00","5/17/2010 12:00:00 AM"
"366","949","322","5/18/2010 12:00:00 AM","","EA ","2","3.00","5/4/2010 12:00:00 AM"
"1649","949","332","6/19/2010 12:00:00 AM","","EA ","2","1.00","6/5/2010 12:00:00 AM"
"784","950","318","5/26/2010 12:00:00 AM","","EA ","2","2.00","5/12/2010 12:00:00 AM"
"2713","950","320","9/15/2010 12:00:00 AM","","EA ","2","3.00","9/1/2010 12:00:00 AM"
"2716","950","321","9/15/2010 12:00:00 AM","","EA ","2","3.00","9/1/2010 12:00:00 AM"
"6","950","322","3/4/2010 12:00:00 AM","","EA ","2","3.00","2/18/2010 12:00:00 AM"
"3002","950","332","12/15/2010 12:00:00 AM","","EA ","2","1.00","12/1/2010 12:00:00 AM"
"1643","951","319","6/19/2010 12:00:00 AM","","EA ","2","2.00","6/5/2010 12:00:00 AM"
"2302","951","320","8/5/2010 12:00:00 AM","","EA ","2","3.00","7/22/2010 12:00:00 AM"
"2303","951","321","8/5/2010 12:00:00 AM","","EA ","2","3.00","7/22/2010 12:00:00 AM"
"787","951","322","5/26/2010 12:00:00 AM","","EA ","2","3.00","5/12/2010 12:00:00 AM"
"3228","951","332","12/23/2010 12:00:00 AM","","EA ","2","1.00","12/9/2010 12:00:00 AM"
"3396","953","521","12/23/2010 12:00:00 AM","","EA ","1","1.00","12/9/2010 12:00:00 AM"
"3358","953","806","12/23/2010 12:00:00 AM","","EA ","1","1.00","12/9/2010 12:00:00 AM"
"2113","953","821","7/8/2010 12:00:00 AM","","EA ","1","1.00","6/24/2010 12:00:00 AM"
"2476","953","829","8/5/2010 12:00:00 AM","","EA ","1","1.00","7/22/2010 12:00:00 AM"
"3265","953","893","12/23/2010 12:00:00 AM","","EA ","1","1.00","12/9/2010 12:00:00 AM"
"3116","953","894","12/15/2010 12:00:00 AM","","EA ","1","1.00","12/1/2010 12:00:00 AM"
"2820","953","907","9/15/2010 12:00:00 AM","","EA ","1","1.00","9/1/2010 12:00:00 AM"
"1313","953","941","6/9/2010 12:00:00 AM","","EA ","1","1.00","5/26/2010 12:00:00 AM"
"109","953","945","3/4/2010 12:00:00 AM","","EA ","1","1.00","2/18/2010 12:00:00 AM"
"503","953","947","3/18/2010 12:00:00 AM","","EA ","1","1.00","3/4/2010 12:00:00 AM"
"2110","953","948","7/8/2010 12:00:00 AM","","EA ","1","1.00","6/24/2010 12:00:00 AM"
"727","953","950","3/18/2010 12:00:00 AM","5/17/2010 12:00:00 AM","EA ","1","2.00","5/17/2010 12:00:00 AM"
"501","953","950","5/18/2010 12:00:00 AM","","EA ","1","1.00","5/4/2010 12:00:00 AM"
"1304","953","952","6/9/2010 12:00:00 AM","","EA ","1","1.00","5/26/2010 12:00:00 AM"
"3096","953","995","12/15/2010 12:00:00 AM","","EA ","1","1.00","12/1/2010 12:00:00 AM"
"2156","954","522","7/8/2010 12:00:00 AM","","EA ","1","1.00","6/24/2010 12:00:00 AM"
"2593","954","807","8/5/2010 12:00:00 AM","10/4/2010 12:00:00 AM","EA ","1","2.00","10/4/2010 12:00:00 AM"
"2386","954","807","10/5/2010 12:00:00 AM","","EA ","1","1.00","9/21/2010 12:00:00 AM"
"1935","954","821","6/19/2010 12:00:00 AM","8/18/2010 12:00:00 AM","EA ","1","2.00","8/18/2010 12:00:00 AM"
"1714","954","821","8/19/2010 12:00:00 AM","","EA ","1","1.00","8/5/2010 12:00:00 AM"
"1813","954","829","6/19/2010 12:00:00 AM","","EA ","1","1.00","6/5/2010 12:00:00 AM"
"3292","954","887","12/23/2010 12:00:00 AM","","EA ","1","1.00","12/9/2010 12:00:00 AM"
"115","954","894","3/4/2010 12:00:00 AM","","EA ","1","1.00","2/18/2010 12:00:00 AM"
"2390","954","907","8/5/2010 12:00:00 AM","","EA ","1","1.00","7/22/2010 12:00:00 AM"
"693","954","941","3/18/2010 12:00:00 AM","5/17/2010 12:00:00 AM","EA ","1","2.00","5/17/2010 12:00:00 AM"
"445","954","941","5/18/2010 12:00:00 AM","","EA ","1","1.00","5/4/2010 12:00:00 AM"
"838","954","945","5/26/2010 12:00:00 AM","","EA ","1","1.00","5/12/2010 12:00:00 AM"
"65","954","947","3/4/2010 12:00:00 AM","","EA ","1","1.00","2/18/2010 12:00:00 AM"
"1705","954","948","6/19/2010 12:00:00 AM","","EA ","1","1.00","6/5/2010 12:00:00 AM"
"834","954","951","5/26/2010 12:00:00 AM","","EA ","1","1.00","5/12/2010 12:00:00 AM"
"421","954","952","3/18/2010 12:00:00 AM","","EA ","1","1.00","3/4/2010 12:00:00 AM"
"828","954","996","5/26/2010 12:00:00 AM","","EA ","1","1.00","5/12/2010 12:00:00 AM"
"2486","955","522","8/5/2010 12:00:00 AM","","EA ","1","1.00","7/22/2010 12:00:00 AM"
"2416","955","807","8/5/2010 12:00:00 AM","","EA ","1","1.00","7/22/2010 12:00:00 AM"
"1743","955","821","6/19/2010 12:00:00 AM","","EA ","1","1.00","6/5/2010 12:00:00 AM"
"1345","955","829","6/9/2010 12:00:00 AM","","EA ","1","1.00","5/26/2010 12:00:00 AM"
"2792","955","888","9/15/2010 12:00:00 AM","","EA ","1","1.00","9/1/2010 12:00:00 AM"
"3369","955","894","12/23/2010 12:00:00 AM","","EA ","1","1.00","12/9/2010 12:00:00 AM"
"2419","955","907","8/5/2010 12:00:00 AM","","EA ","1","1.00","7/22/2010 12:00:00 AM"
"476","955","941","3/18/2010 12:00:00 AM","","EA ","1","1.00","3/4/2010 12:00:00 AM"
"857","955","945","5/26/2010 12:00:00 AM","","EA ","1","1.00","5/12/2010 12:00:00 AM"
"86","955","947","3/4/2010 12:00:00 AM","","EA ","1","1.00","2/18/2010 12:00:00 AM"
"1941","955","948","6/19/2010 12:00:00 AM","8/18/2010 12:00:00 AM","EA ","1","2.00","8/18/2010 12:00:00 AM"
"1736","955","948","8/19/2010 12:00:00 AM","","EA ","1","1.00","8/5/2010 12:00:00 AM"
"853","955","951","5/26/2010 12:00:00 AM","","EA ","1","1.00","5/12/2010 12:00:00 AM"
"452","955","952","3/18/2010 12:00:00 AM","","EA ","1","1.00","3/4/2010 12:00:00 AM"
"1059","955","996","5/26/2010 12:00:00 AM","7/25/2010 12:00:00 AM","EA ","1","2.00","7/25/2010 12:00:00 AM"
"849","955","996","7/26/2010 12:00:00 AM","","EA ","1","1.00","7/12/2010 12:00:00 AM"
"2159","956","522","7/8/2010 12:00:00 AM","","EA ","1","1.00","6/24/2010 12:00:00 AM"
"2431","956","807","8/5/2010 12:00:00 AM","","EA ","1","1.00","7/22/2010 12:00:00 AM"
"1767","956","821","6/19/2010 12:00:00 AM","","EA ","1","1.00","6/5/2010 12:00:00 AM"
"1817","956","829","6/19/2010 12:00:00 AM","","EA ","1","1.00","6/5/2010 12:00:00 AM"
"2429","956","889","8/5/2010 12:00:00 AM","","EA ","1","1.00","7/22/2010 12:00:00 AM"
"117","956","894","3/4/2010 12:00:00 AM","","EA ","1","1.00","2/18/2010 12:00:00 AM"
"2095","956","907","7/8/2010 12:00:00 AM","","EA ","1","1.00","6/24/2010 12:00:00 AM"
"3085","956","941","12/15/2010 12:00:00 AM","","EA ","1","1.00","12/1/2010 12:00:00 AM"
"871","956","945","5/26/2010 12:00:00 AM","","EA ","1","1.00","5/12/2010 12:00:00 AM"
"98","956","947","3/4/2010 12:00:00 AM","","EA ","1","1.00","2/18/2010 12:00:00 AM"
"1764","956","948","6/19/2010 12:00:00 AM","","EA ","1","1.00","6/5/2010 12:00:00 AM"
"869","956","951","5/26/2010 12:00:00 AM","","EA ","1","1.00","5/12/2010 12:00:00 AM"
"483","956","952","3/18/2010 12:00:00 AM","","EA ","1","1.00","3/4/2010 12:00:00 AM"
"866","956","996","5/26/2010 12:00:00 AM","","EA ","1","1.00","5/12/2010 12:00:00 AM"
"2160","957","522","7/8/2010 12:00:00 AM","","EA ","1","1.00","6/24/2010 12:00:00 AM"
"2114","957","807","7/8/2010 12:00:00 AM","","EA ","1","1.00","6/24/2010 12:00:00 AM"
"1308","957","821","6/9/2010 12:00:00 AM","","EA ","1","1.00","5/26/2010 12:00:00 AM"
"1819","957","829","6/19/2010 12:00:00 AM","","EA ","1","1.00","6/5/2010 12:00:00 AM"
"3099","957","885","12/15/2010 12:00:00 AM","","EA ","1","1.00","12/1/2010 12:00:00 AM"
"118","957","894","3/4/2010 12:00:00 AM","","EA ","1","1.00","2/18/2010 12:00:00 AM"
"2115","957","907","7/8/2010 12:00:00 AM","","EA ","1","1.00","6/24/2010 12:00:00 AM"
"3101","957","941","12/15/2010 12:00:00 AM","","EA ","1","1.00","12/1/2010 12:00:00 AM"
"2943","957","945","9/15/2010 12:00:00 AM","11/14/2010 12:00:00 AM","EA ","1","2.00","11/14/2010 12:00:00 AM"
"2817","957","945","11/15/2010 12:00:00 AM","","EA ","1","1.00","11/1/2010 12:00:00 AM"
"3357","957","947","12/23/2010 12:00:00 AM","","EA ","1","1.00","12/9/2010 12:00:00 AM"
"1305","957","948","6/9/2010 12:00:00 AM","","EA ","1","1.00","5/26/2010 12:00:00 AM"
"2816","957","951","9/15/2010 12:00:00 AM","","EA ","1","1.00","9/1/2010 12:00:00 AM"
"3097","957","952","12/15/2010 12:00:00 AM","","EA ","1","1.00","12/1/2010 12:00:00 AM"
"2814","957","996","9/15/2010 12:00:00 AM","","EA ","1","1.00","9/1/2010 12:00:00 AM"
"539","958","520","3/18/2010 12:00:00 AM","","EA ","1","1.00","3/4/2010 12:00:00 AM"
"3083","958","805","12/15/2010 12:00:00 AM","","EA ","1","1.00","12/1/2010 12:00:00 AM"
"2090","958","821","7/8/2010 12:00:00 AM","","EA ","1","1.00","6/24/2010 12:00:00 AM"
"2144","958","829","7/8/2010 12:00:00 AM","","EA ","1","1.00","6/24/2010 12:00:00 AM"
"517","958","894","3/18/2010 12:00:00 AM","","EA ","1","1.00","3/4/2010 12:00:00 AM"
"2428","958","896","8/5/2010 12:00:00 AM","","EA ","1","1.00","7/22/2010 12:00:00 AM"
"877","958","907","5/26/2010 12:00:00 AM","","EA ","1","1.00","5/12/2010 12:00:00 AM"
"1770","958","941","6/19/2010 12:00:00 AM","","EA ","1","1.00","6/5/2010 12:00:00 AM"
"94","958","945","3/4/2010 12:00:00 AM","","EA ","1","1.00","2/18/2010 12:00:00 AM"
"1287","958","946","6/9/2010 12:00:00 AM","","EA ","1","1.00","5/26/2010 12:00:00 AM"
"2088","958","948","7/8/2010 12:00:00 AM","","EA ","1","1.00","6/24/2010 12:00:00 AM"
"1282","958","949","6/9/2010 12:00:00 AM","","EA ","1","1.00","5/26/2010 12:00:00 AM"
"1280","958","952","6/9/2010 12:00:00 AM","","EA ","1","1.00","5/26/2010 12:00:00 AM"
"1759","958","994","6/19/2010 12:00:00 AM","","EA ","1","1.00","6/5/2010 12:00:00 AM"
"541","959","520","3/18/2010 12:00:00 AM","","EA ","1","1.00","3/4/2010 12:00:00 AM"
"504","959","805","3/18/2010 12:00:00 AM","","EA ","1","1.00","3/4/2010 12:00:00 AM"
"2444","959","821","8/5/2010 12:00:00 AM","","EA ","1","1.00","7/22/2010 12:00:00 AM"
"2147","959","829","7/8/2010 12:00:00 AM","","EA ","1","1.00","6/24/2010 12:00:00 AM"
"519","959","894","3/18/2010 12:00:00 AM","","EA ","1","1.00","3/4/2010 12:00:00 AM"
"3267","959","897","12/23/2010 12:00:00 AM","","EA ","1","1.00","12/9/2010 12:00:00 AM"
"891","959","907","5/26/2010 12:00:00 AM","","EA ","1","1.00","5/12/2010 12:00:00 AM"
"1787","959","941","6/19/2010 12:00:00 AM","","EA ","1","1.00","6/5/2010 12:00:00 AM"
"3355","959","945","12/23/2010 12:00:00 AM","","EA ","1","1.00","12/9/2010 12:00:00 AM"
"1786","959","946","6/19/2010 12:00:00 AM","","EA ","1","1.00","6/5/2010 12:00:00 AM"
"2442","959","948","8/5/2010 12:00:00 AM","","EA ","1","1.00","7/22/2010 12:00:00 AM"
"1782","959","949","6/19/2010 12:00:00 AM","","EA ","1","1.00","6/5/2010 12:00:00 AM"
"1780","959","952","6/19/2010 12:00:00 AM","","EA ","1","1.00","6/5/2010 12:00:00 AM"
"1302","959","994","6/9/2010 12:00:00 AM","","EA ","1","1.00","5/26/2010 12:00:00 AM"
"3134","960","520","12/15/2010 12:00:00 AM","","EA ","1","1.00","12/1/2010 12:00:00 AM"
"512","960","805","3/18/2010 12:00:00 AM","","EA ","1","1.00","3/4/2010 12:00:00 AM"
"2451","960","821","8/5/2010 12:00:00 AM","","EA ","1","1.00","7/22/2010 12:00:00 AM"
"2477","960","829","8/5/2010 12:00:00 AM","","EA ","1","1.00","7/22/2010 12:00:00 AM"
"3117","960","894","12/15/2010 12:00:00 AM","","EA ","1","1.00","12/1/2010 12:00:00 AM"
"3362","960","898","12/23/2010 12:00:00 AM","","EA ","1","1.00","12/9/2010 12:00:00 AM"
"897","960","907","5/26/2010 12:00:00 AM","","EA ","1","1.00","5/12/2010 12:00:00 AM"
"1795","960","941","6/19/2010 12:00:00 AM","","EA ","1","1.00","6/5/2010 12:00:00 AM"
"3361","960","945","12/23/2010 12:00:00 AM","","EA ","1","1.00","12/9/2010 12:00:00 AM"
"1794","960","946","6/19/2010 12:00:00 AM","","EA ","1","1.00","6/5/2010 12:00:00 AM"
"2641","960","948","8/5/2010 12:00:00 AM","10/4/2010 12:00:00 AM","EA ","1","2.00","10/4/2010 12:00:00 AM"
"2450","960","948","10/5/2010 12:00:00 AM","","EA ","1","1.00","9/21/2010 12:00:00 AM"
"1791","960","949","6/19/2010 12:00:00 AM","","EA ","1","1.00","6/5/2010 12:00:00 AM"
"1790","960","952","6/19/2010 12:00:00 AM","","EA ","1","1.00","6/5/2010 12:00:00 AM"
"1315","960","994","6/9/2010 12:00:00 AM","","EA ","1","1.00","5/26/2010 12:00:00 AM"
"3385","961","520","12/23/2010 12:00:00 AM","","EA ","1","1.00","12/9/2010 12:00:00 AM"
"3272","961","805","12/23/2010 12:00:00 AM","","EA ","1","1.00","12/9/2010 12:00:00 AM"
"1680","961","821","6/19/2010 12:00:00 AM","","EA ","1","1.00","6/5/2010 12:00:00 AM"
"1339","961","829","6/9/2010 12:00:00 AM","","EA ","1","1.00","5/26/2010 12:00:00 AM"
"3366","961","894","12/23/2010 12:00:00 AM","","EA ","1","1.00","12/9/2010 12:00:00 AM"
"1677","961","899","6/19/2010 12:00:00 AM","","EA ","1","1.00","6/5/2010 12:00:00 AM"
"2356","961","907","8/5/2010 12:00:00 AM","","EA ","1","1.00","7/22/2010 12:00:00 AM"
"414","961","941","3/18/2010 12:00:00 AM","","EA ","1","1.00","3/4/2010 12:00:00 AM"
"815","961","945","5/26/2010 12:00:00 AM","","EA ","1","1.00","5/12/2010 12:00:00 AM"
"676","961","946","3/18/2010 12:00:00 AM","5/17/2010 12:00:00 AM","EA ","1","2.00","5/17/2010 12:00:00 AM"
"408","961","946","5/18/2010 12:00:00 AM","","EA ","1","1.00","5/4/2010 12:00:00 AM"
"1672","961","948","6/19/2010 12:00:00 AM","","EA ","1","1.00","6/5/2010 12:00:00 AM"
"395","961","949","3/18/2010 12:00:00 AM","","EA ","1","1.00","3/4/2010 12:00:00 AM"
"394","961","952","3/18/2010 12:00:00 AM","","EA ","1","1.00","3/4/2010 12:00:00 AM"
"3014","961","994","12/15/2010 12:00:00 AM","","EA ","1","1.00","12/1/2010 12:00:00 AM"
"134","962","520","3/4/2010 12:00:00 AM","","EA ","1","1.00","2/18/2010 12:00:00 AM"
"3296","962","805","12/23/2010 12:00:00 AM","","EA ","1","1.00","12/9/2010 12:00:00 AM"
"1713","962","821","6/19/2010 12:00:00 AM","","EA ","1","1.00","6/5/2010 12:00:00 AM"
"1812","962","829","6/19/2010 12:00:00 AM","","EA ","1","1.00","6/5/2010 12:00:00 AM"
"114","962","894","3/4/2010 12:00:00 AM","","EA ","1","1.00","2/18/2010 12:00:00 AM"
"3268","962","900","12/23/2010 12:00:00 AM","","EA ","1","1.00","12/9/2010 12:00:00 AM"
"2389","962","907","8/5/2010 12:00:00 AM","","EA ","1","1.00","7/22/2010 12:00:00 AM"
"444","962","941","3/18/2010 12:00:00 AM","","EA ","1","1.00","3/4/2010 12:00:00 AM"
"1053","962","945","5/26/2010 12:00:00 AM","7/25/2010 12:00:00 AM","EA ","1","2.00","7/25/2010 12:00:00 AM"
"837","962","945","7/26/2010 12:00:00 AM","","EA ","1","1.00","7/12/2010 12:00:00 AM"
"437","962","946","3/18/2010 12:00:00 AM","","EA ","1","1.00","3/4/2010 12:00:00 AM"
"1704","962","948","6/19/2010 12:00:00 AM","","EA ","1","1.00","6/5/2010 12:00:00 AM"
"422","962","949","3/18/2010 12:00:00 AM","","EA ","1","1.00","3/4/2010 12:00:00 AM"
"420","962","952","3/18/2010 12:00:00 AM","","EA ","1","1.00","3/4/2010 12:00:00 AM"
"3034","962","994","12/15/2010 12:00:00 AM","","EA ","1","1.00","12/1/2010 12:00:00 AM"
"3391","963","520","12/23/2010 12:00:00 AM","","EA ","1","1.00","12/9/2010 12:00:00 AM"
"3320","963","805","12/23/2010 12:00:00 AM","","EA ","1","1.00","12/9/2010 12:00:00 AM"
"1742","963","821","6/19/2010 12:00:00 AM","","EA ","1","1.00","6/5/2010 12:00:00 AM"
"1344","963","829","6/9/2010 12:00:00 AM","","EA ","1","1.00","5/26/2010 12:00:00 AM"
"3368","963","894","12/23/2010 12:00:00 AM","","EA ","1","1.00","12/9/2010 12:00:00 AM"
"3316","963","901","12/23/2010 12:00:00 AM","","EA ","1","1.00","12/9/2010 12:00:00 AM"
"2418","963","907","8/5/2010 12:00:00 AM","","EA ","1","1.00","7/22/2010 12:00:00 AM"
"475","963","941","3/18/2010 12:00:00 AM","","EA ","1","1.00","3/4/2010 12:00:00 AM"
"856","963","945","5/26/2010 12:00:00 AM","","EA ","1","1.00","5/12/2010 12:00:00 AM"
"469","963","946","3/18/2010 12:00:00 AM","","EA ","1","1.00","3/4/2010 12:00:00 AM"
"1735","963","948","6/19/2010 12:00:00 AM","","EA ","1","1.00","6/5/2010 12:00:00 AM"
"453","963","949","3/18/2010 12:00:00 AM","","EA ","1","1.00","3/4/2010 12:00:00 AM"
"451","963","952","3/18/2010 12:00:00 AM","","EA ","1","1.00","3/4/2010 12:00:00 AM"
"3057","963","994","12/15/2010 12:00:00 AM","","EA ","1","1.00","12/1/2010 12:00:00 AM"
"3394","964","520","12/23/2010 12:00:00 AM","","EA ","1","1.00","12/9/2010 12:00:00 AM"
"106","964","805","3/4/2010 12:00:00 AM","","EA ","1","1.00","2/18/2010 12:00:00 AM"
"1295","964","821","6/9/2010 12:00:00 AM","","EA ","1","1.00","5/26/2010 12:00:00 AM"
"1347","964","829","6/9/2010 12:00:00 AM","","EA ","1","1.00","5/26/2010 12:00:00 AM"
"3371","964","894","12/23/2010 12:00:00 AM","","EA ","1","1.00","12/9/2010 12:00:00 AM"
"2101","964","902","7/8/2010 12:00:00 AM","","EA ","1","1.00","6/24/2010 12:00:00 AM"
"2105","964","907","7/8/2010 12:00:00 AM","","EA ","1","1.00","6/24/2010 12:00:00 AM"
"3095","964","941","12/15/2010 12:00:00 AM","","EA ","1","1.00","12/1/2010 12:00:00 AM"
"2810","964","945","9/15/2010 12:00:00 AM","","EA ","1","1.00","9/1/2010 12:00:00 AM"
"3094","964","946","12/15/2010 12:00:00 AM","","EA ","1","1.00","12/1/2010 12:00:00 AM"
"1294","964","948","6/9/2010 12:00:00 AM","","EA ","1","1.00","5/26/2010 12:00:00 AM"
"3091","964","949","12/15/2010 12:00:00 AM","","EA ","1","1.00","12/1/2010 12:00:00 AM"
"3090","964","952","12/15/2010 12:00:00 AM","","EA ","1","1.00","12/1/2010 12:00:00 AM"
"712","964","994","3/18/2010 12:00:00 AM","5/17/2010 12:00:00 AM","EA ","1","2.00","5/17/2010 12:00:00 AM"
"494","964","994","5/18/2010 12:00:00 AM","","EA ","1","1.00","5/4/2010 12:00:00 AM"
"3397","965","520","12/23/2010 12:00:00 AM","","EA ","1","1.00","12/9/2010 12:00:00 AM"
"112","965","805","3/4/2010 12:00:00 AM","","EA ","1","1.00","2/18/2010 12:00:00 AM"
"1320","965","821","6/9/2010 12:00:00 AM","","EA ","1","1.00","5/26/2010 12:00:00 AM"
"1349","965","829","6/9/2010 12:00:00 AM","","EA ","1","1.00","5/26/2010 12:00:00 AM"
"3106","965","886","12/15/2010 12:00:00 AM","","EA ","1","1.00","12/1/2010 12:00:00 AM"
"3372","965","894","12/23/2010 12:00:00 AM","","EA ","1","1.00","12/9/2010 12:00:00 AM"
"2119","965","907","7/8/2010 12:00:00 AM","","EA ","1","1.00","6/24/2010 12:00:00 AM"
"3109","965","941","12/15/2010 12:00:00 AM","","EA ","1","1.00","12/1/2010 12:00:00 AM"
"2953","965","945","9/15/2010 12:00:00 AM","11/14/2010 12:00:00 AM","EA ","1","2.00","11/14/2010 12:00:00 AM"
"2824","965","945","11/15/2010 12:00:00 AM","","EA ","1","1.00","11/1/2010 12:00:00 AM"
"3107","965","946","12/15/2010 12:00:00 AM","","EA ","1","1.00","12/1/2010 12:00:00 AM"
"1318","965","948","6/9/2010 12:00:00 AM","","EA ","1","1.00","5/26/2010 12:00:00 AM"
"3104","965","949","12/15/2010 12:00:00 AM","","EA ","1","1.00","12/1/2010 12:00:00 AM"
"3103","965","952","12/15/2010 12:00:00 AM","","EA ","1","1.00","12/1/2010 12:00:00 AM"
"508","965","994","3/18/2010 12:00:00 AM","","EA ","1","1.00","3/4/2010 12:00:00 AM"
"929","966","522","5/26/2010 12:00:00 AM","","EA ","1","1.00","5/12/2010 12:00:00 AM"
"2777","966","807","9/15/2010 12:00:00 AM","","EA ","1","1.00","9/1/2010 12:00:00 AM"
"2061","966","821","7/8/2010 12:00:00 AM","","EA ","1","1.00","6/24/2010 12:00:00 AM"
"2140","966","829","7/8/2010 12:00:00 AM","","EA ","1","1.00","6/24/2010 12:00:00 AM"
"2591","966","890","8/5/2010 12:00:00 AM","10/4/2010 12:00:00 AM","EA ","1","2.00","10/4/2010 12:00:00 AM"
"2380","966","890","10/5/2010 12:00:00 AM","","EA ","1","1.00","9/21/2010 12:00:00 AM"
"515","966","894","3/18/2010 12:00:00 AM","","EA ","1","1.00","3/4/2010 12:00:00 AM"
"2780","966","907","9/15/2010 12:00:00 AM","","EA ","1","1.00","9/1/2010 12:00:00 AM"
"1258","966","941","6/9/2010 12:00:00 AM","","EA ","1","1.00","5/26/2010 12:00:00 AM"
"61","966","945","3/4/2010 12:00:00 AM","","EA ","1","1.00","2/18/2010 12:00:00 AM"
"692","966","947","3/18/2010 12:00:00 AM","5/17/2010 12:00:00 AM","EA ","1","2.00","5/17/2010 12:00:00 AM"
"438","966","947","5/18/2010 12:00:00 AM","","EA ","1","1.00","5/4/2010 12:00:00 AM"
"2055","966","948","7/8/2010 12:00:00 AM","","EA ","1","1.00","6/24/2010 12:00:00 AM"
"56","966","951","3/4/2010 12:00:00 AM","","EA ","1","1.00","2/18/2010 12:00:00 AM"
"1242","966","952","6/9/2010 12:00:00 AM","","EA ","1","1.00","5/26/2010 12:00:00 AM"
"50","966","996","3/4/2010 12:00:00 AM","","EA ","1","1.00","2/18/2010 12:00:00 AM"
"2856","967","522","9/15/2010 12:00:00 AM","","EA ","1","1.00","9/1/2010 12:00:00 AM"
"2797","967","807","9/15/2010 12:00:00 AM","","EA ","1","1.00","9/1/2010 12:00:00 AM"
"2079","967","821","7/8/2010 12:00:00 AM","","EA ","1","1.00","6/24/2010 12:00:00 AM"
"2473","967","829","8/5/2010 12:00:00 AM","","EA ","1","1.00","7/22/2010 12:00:00 AM"
"1274","967","891","6/9/2010 12:00:00 AM","","EA ","1","1.00","5/26/2010 12:00:00 AM"
"3114","967","894","12/15/2010 12:00:00 AM","","EA ","1","1.00","12/1/2010 12:00:00 AM"
"2799","967","907","9/15/2010 12:00:00 AM","","EA ","1","1.00","9/1/2010 12:00:00 AM"
"1278","967","941","6/9/2010 12:00:00 AM","","EA ","1","1.00","5/26/2010 12:00:00 AM"
"288","967","945","3/4/2010 12:00:00 AM","5/3/2010 12:00:00 AM","EA ","1","2.00","5/3/2010 12:00:00 AM"
"80","967","945","5/4/2010 12:00:00 AM","","EA ","1","1.00","4/20/2010 12:00:00 AM"
"470","967","947","3/18/2010 12:00:00 AM","","EA ","1","1.00","3/4/2010 12:00:00 AM"
"2077","967","948","7/8/2010 12:00:00 AM","","EA ","1","1.00","6/24/2010 12:00:00 AM"
"76","967","951","3/4/2010 12:00:00 AM","","EA ","1","1.00","2/18/2010 12:00:00 AM"
"1267","967","952","6/9/2010 12:00:00 AM","","EA ","1","1.00","5/26/2010 12:00:00 AM"
"72","967","996","3/4/2010 12:00:00 AM","","EA ","1","1.00","2/18/2010 12:00:00 AM"
"932","968","522","5/26/2010 12:00:00 AM","","EA ","1","1.00","5/12/2010 12:00:00 AM"
"2805","968","807","9/15/2010 12:00:00 AM","","EA ","1","1.00","9/1/2010 12:00:00 AM"
"2091","968","821","7/8/2010 12:00:00 AM","","EA ","1","1.00","6/24/2010 12:00:00 AM"
"2145","968","829","7/8/2010 12:00:00 AM","","EA ","1","1.00","6/24/2010 12:00:00 AM"
"487","968","892","3/18/2010 12:00:00 AM","","EA ","1","1.00","3/4/2010 12:00:00 AM"
"518","968","894","3/18/2010 12:00:00 AM","","EA ","1","1.00","3/4/2010 12:00:00 AM"
"878","968","907","5/26/2010 12:00:00 AM","","EA ","1","1.00","5/12/2010 12:00:00 AM"
"1771","968","941","6/19/2010 12:00:00 AM","","EA ","1","1.00","6/5/2010 12:00:00 AM"
"95","968","945","3/4/2010 12:00:00 AM","","EA ","1","1.00","2/18/2010 12:00:00 AM"
"489","968","947","3/18/2010 12:00:00 AM","","EA ","1","1.00","3/4/2010 12:00:00 AM"
"2089","968","948","7/8/2010 12:00:00 AM","","EA ","1","1.00","6/24/2010 12:00:00 AM"
"93","968","951","3/4/2010 12:00:00 AM","","EA ","1","1.00","2/18/2010 12:00:00 AM"
"1281","968","952","6/9/2010 12:00:00 AM","","EA ","1","1.00","5/26/2010 12:00:00 AM"
"91","968","996","3/4/2010 12:00:00 AM","","EA ","1","1.00","2/18/2010 12:00:00 AM"
"934","969","522","5/26/2010 12:00:00 AM","","EA ","1","1.00","5/12/2010 12:00:00 AM"
"1091","969","807","5/26/2010 12:00:00 AM","7/25/2010 12:00:00 AM","EA ","1","2.00","7/25/2010 12:00:00 AM"
"890","969","807","7/26/2010 12:00:00 AM","","EA ","1","1.00","7/12/2010 12:00:00 AM"
"2633","969","821","8/5/2010 12:00:00 AM","10/4/2010 12:00:00 AM","EA ","1","2.00","10/4/2010 12:00:00 AM"
"2445","969","821","10/5/2010 12:00:00 AM","","EA ","1","1.00","9/21/2010 12:00:00 AM"
"2148","969","829","7/8/2010 12:00:00 AM","","EA ","1","1.00","6/24/2010 12:00:00 AM"
"2819","969","893","9/15/2010 12:00:00 AM","","EA ","1","1.00","9/1/2010 12:00:00 AM"
"520","969","894","3/18/2010 12:00:00 AM","","EA ","1","1.00","3/4/2010 12:00:00 AM"
"892","969","907","5/26/2010 12:00:00 AM","","EA ","1","1.00","5/12/2010 12:00:00 AM"
"1788","969","941","6/19/2010 12:00:00 AM","","EA ","1","1.00","6/5/2010 12:00:00 AM"
"3356","969","945","12/23/2010 12:00:00 AM","","EA ","1","1.00","12/9/2010 12:00:00 AM"
"3100","969","947","12/15/2010 12:00:00 AM","","EA ","1","1.00","12/1/2010 12:00:00 AM"
"2630","969","948","8/5/2010 12:00:00 AM","10/4/2010 12:00:00 AM","EA ","1","2.00","10/4/2010 12:00:00 AM"
"2443","969","948","10/5/2010 12:00:00 AM","","EA ","1","1.00","9/21/2010 12:00:00 AM"
"3352","969","951","12/23/2010 12:00:00 AM","","EA ","1","1.00","12/9/2010 12:00:00 AM"
"1781","969","952","6/19/2010 12:00:00 AM","","EA ","1","1.00","6/5/2010 12:00:00 AM"
"3349","969","996","12/23/2010 12:00:00 AM","","EA ","1","1.00","12/9/2010 12:00:00 AM"
"3388","970","521","12/23/2010 12:00:00 AM","","EA ","1","1.00","12/9/2010 12:00:00 AM"
"66","970","806","3/4/2010 12:00:00 AM","","EA ","1","1.00","2/18/2010 12:00:00 AM"
"2383","970","821","8/5/2010 12:00:00 AM","","EA ","1","1.00","7/22/2010 12:00:00 AM"
"2472","970","829","8/5/2010 12:00:00 AM","","EA ","1","1.00","7/22/2010 12:00:00 AM"
"3264","970","890","12/23/2010 12:00:00 AM","","EA ","1","1.00","12/9/2010 12:00:00 AM"
"3113","970","894","12/15/2010 12:00:00 AM","","EA ","1","1.00","12/1/2010 12:00:00 AM"
"847","970","907","5/26/2010 12:00:00 AM","","EA ","1","1.00","5/12/2010 12:00:00 AM"
"1724","970","941","6/19/2010 12:00:00 AM","","EA ","1","1.00","6/5/2010 12:00:00 AM"
"3291","970","945","12/23/2010 12:00:00 AM","","EA ","1","1.00","12/9/2010 12:00:00 AM"
"3050","970","947","12/15/2010 12:00:00 AM","","EA ","1","1.00","12/1/2010 12:00:00 AM"
"2372","970","948","8/5/2010 12:00:00 AM","","EA ","1","1.00","7/22/2010 12:00:00 AM"
"3039","970","950","12/15/2010 12:00:00 AM","","EA ","1","1.00","12/1/2010 12:00:00 AM"
"1700","970","952","6/19/2010 12:00:00 AM","","EA ","1","1.00","6/5/2010 12:00:00 AM"
"681","970","995","3/18/2010 12:00:00 AM","5/17/2010 12:00:00 AM","EA ","1","2.00","5/17/2010 12:00:00 AM"
"418","970","995","5/18/2010 12:00:00 AM","","EA ","1","1.00","5/4/2010 12:00:00 AM"
"343","971","521","3/4/2010 12:00:00 AM","5/3/2010 12:00:00 AM","EA ","1","2.00","5/3/2010 12:00:00 AM"
"137","971","521","5/4/2010 12:00:00 AM","","EA ","1","1.00","4/20/2010 12:00:00 AM"
"87","971","806","3/4/2010 12:00:00 AM","","EA ","1","1.00","2/18/2010 12:00:00 AM"
"2414","971","821","8/5/2010 12:00:00 AM","","EA ","1","1.00","7/22/2010 12:00:00 AM"
"2280","971","829","7/8/2010 12:00:00 AM","9/6/2010 12:00:00 AM","EA ","1","2.00","9/6/2010 12:00:00 AM"
"2143","971","829","9/7/2010 12:00:00 AM","","EA ","1","1.00","8/24/2010 12:00:00 AM"
"2411","971","891","8/5/2010 12:00:00 AM","","EA ","1","1.00","7/22/2010 12:00:00 AM"
"516","971","894","3/18/2010 12:00:00 AM","","EA ","1","1.00","3/4/2010 12:00:00 AM"
"2600","971","895","8/5/2010 12:00:00 AM","10/4/2010 12:00:00 AM","EA ","1","2.00","10/4/2010 12:00:00 AM"
"1068","971","907","5/26/2010 12:00:00 AM","7/25/2010 12:00:00 AM","EA ","1","2.00","7/25/2010 12:00:00 AM"
"865","971","907","7/26/2010 12:00:00 AM","","EA ","1","1.00","7/12/2010 12:00:00 AM"
"1753","971","941","6/19/2010 12:00:00 AM","","EA ","1","1.00","6/5/2010 12:00:00 AM"
"3314","971","945","12/23/2010 12:00:00 AM","","EA ","1","1.00","12/9/2010 12:00:00 AM"
"3072","971","947","12/15/2010 12:00:00 AM","","EA ","1","1.00","12/1/2010 12:00:00 AM"
"2404","971","948","8/5/2010 12:00:00 AM","","EA ","1","1.00","7/22/2010 12:00:00 AM"
"3062","971","950","12/15/2010 12:00:00 AM","","EA ","1","1.00","12/1/2010 12:00:00 AM"
"1732","971","952","6/19/2010 12:00:00 AM","","EA ","1","1.00","6/5/2010 12:00:00 AM"
"449","971","995","3/18/2010 12:00:00 AM","","EA ","1","1.00","3/4/2010 12:00:00 AM"
"3393","972","521","12/23/2010 12:00:00 AM","","EA ","1","1.00","12/9/2010 12:00:00 AM"
"299","972","806","3/4/2010 12:00:00 AM","5/3/2010 12:00:00 AM","EA ","1","2.00","5/3/2010 12:00:00 AM"
"99","972","806","5/4/2010 12:00:00 AM","","EA ","1","1.00","4/20/2010 12:00:00 AM"
"2430","972","821","8/5/2010 12:00:00 AM","","EA ","1","1.00","7/22/2010 12:00:00 AM"
"2474","972","829","8/5/2010 12:00:00 AM","","EA ","1","1.00","7/22/2010 12:00:00 AM"
"1285","972","892","6/9/2010 12:00:00 AM","","EA ","1","1.00","5/26/2010 12:00:00 AM"
"3115","972","894","12/15/2010 12:00:00 AM","","EA ","1","1.00","12/1/2010 12:00:00 AM"
"2931","972","907","9/15/2010 12:00:00 AM","11/14/2010 12:00:00 AM","EA ","1","2.00","11/14/2010 12:00:00 AM"
"2808","972","907","11/15/2010 12:00:00 AM","","EA ","1","1.00","11/1/2010 12:00:00 AM"
"1528","972","941","6/9/2010 12:00:00 AM","8/8/2010 12:00:00 AM","EA ","1","2.00","8/8/2010 12:00:00 AM"
"1291","972","941","8/9/2010 12:00:00 AM","","EA ","1","1.00","7/26/2010 12:00:00 AM"
"3332","972","945","12/23/2010 12:00:00 AM","","EA ","1","1.00","12/9/2010 12:00:00 AM"
"3082","972","947","12/15/2010 12:00:00 AM","","EA ","1","1.00","12/1/2010 12:00:00 AM"
"2609","972","948","8/5/2010 12:00:00 AM","10/4/2010 12:00:00 AM","EA ","1","2.00","10/4/2010 12:00:00 AM"
"2425","972","948","10/5/2010 12:00:00 AM","","EA ","1","1.00","9/21/2010 12:00:00 AM"
"3079","972","950","12/15/2010 12:00:00 AM","","EA ","1","1.00","12/1/2010 12:00:00 AM"
"1762","972","952","6/19/2010 12:00:00 AM","","EA ","1","1.00","6/5/2010 12:00:00 AM"
"480","972","995","3/18/2010 12:00:00 AM","","EA ","1","1.00","3/4/2010 12:00:00 AM"
"129","973","518","3/4/2010 12:00:00 AM","","EA ","1","1.00","2/18/2010 12:00:00 AM"
"1916","973","806","6/19/2010 12:00:00 AM","8/18/2010 12:00:00 AM","EA ","1","2.00","8/18/2010 12:00:00 AM"
"1656","973","806","8/19/2010 12:00:00 AM","","EA ","1","1.00","8/5/2010 12:00:00 AM"
"3007","973","812","12/15/2010 12:00:00 AM","","EA ","1","1.00","12/1/2010 12:00:00 AM"
"3231","973","819","12/23/2010 12:00:00 AM","","EA ","1","1.00","12/9/2010 12:00:00 AM"
"1807","973","827","6/19/2010 12:00:00 AM","","EA ","1","1.00","6/5/2010 12:00:00 AM"
"3258","973","833","12/23/2010 12:00:00 AM","","EA ","1","1.00","12/9/2010 12:00:00 AM"
"2266","973","894","7/8/2010 12:00:00 AM","9/6/2010 12:00:00 AM","EA ","1","2.00","9/6/2010 12:00:00 AM"
"2120","973","894","9/7/2010 12:00:00 AM","","EA ","1","1.00","8/24/2010 12:00:00 AM"
"390","973","907","3/18/2010 12:00:00 AM","","EA ","1","1.00","3/4/2010 12:00:00 AM"
"2329","973","939","8/5/2010 12:00:00 AM","","EA ","1","1.00","7/22/2010 12:00:00 AM"
"1205","973","945","6/9/2010 12:00:00 AM","","EA ","1","1.00","5/26/2010 12:00:00 AM"
"2721","973","948","9/15/2010 12:00:00 AM","","EA ","1","1.00","9/1/2010 12:00:00 AM"
"3223","973","950","12/23/2010 12:00:00 AM","","EA ","1","1.00","12/9/2010 12:00:00 AM"
"3220","973","952","12/23/2010 12:00:00 AM","","EA ","1","1.00","12/9/2010 12:00:00 AM"
"781","973","995","5/26/2010 12:00:00 AM","","EA ","1","1.00","5/12/2010 12:00:00 AM"
"3384","974","518","12/23/2010 12:00:00 AM","","EA ","1","1.00","12/9/2010 12:00:00 AM"
"1235","974","806","6/9/2010 12:00:00 AM","","EA ","1","1.00","5/26/2010 12:00:00 AM"
"407","974","812","3/18/2010 12:00:00 AM","","EA ","1","1.00","3/4/2010 12:00:00 AM"
"1679","974","819","6/19/2010 12:00:00 AM","","EA ","1","1.00","6/5/2010 12:00:00 AM"
"1338","974","827","6/9/2010 12:00:00 AM","","EA ","1","1.00","5/26/2010 12:00:00 AM"
"2349","974","834","8/5/2010 12:00:00 AM","","EA ","1","1.00","7/22/2010 12:00:00 AM"
"2455","974","894","8/5/2010 12:00:00 AM","","EA ","1","1.00","7/22/2010 12:00:00 AM"
"415","974","907","3/18/2010 12:00:00 AM","","EA ","1","1.00","3/4/2010 12:00:00 AM"
"413","974","939","3/18/2010 12:00:00 AM","","EA ","1","1.00","3/4/2010 12:00:00 AM"
"1673","974","945","6/19/2010 12:00:00 AM","","EA ","1","1.00","6/5/2010 12:00:00 AM"
"3255","974","948","12/23/2010 12:00:00 AM","","EA ","1","1.00","12/9/2010 12:00:00 AM"
"2030","974","950","7/8/2010 12:00:00 AM","","EA ","1","1.00","6/24/2010 12:00:00 AM"
"810","974","952","5/26/2010 12:00:00 AM","","EA ","1","1.00","5/12/2010 12:00:00 AM"
"2025","974","995","7/8/2010 12:00:00 AM","","EA ","1","1.00","6/24/2010 12:00:00 AM"
"133","975","518","3/4/2010 12:00:00 AM","","EA ","1","1.00","2/18/2010 12:00:00 AM"
"1256","975","806","6/9/2010 12:00:00 AM","","EA ","1","1.00","5/26/2010 12:00:00 AM"
"436","975","812","3/18/2010 12:00:00 AM","","EA ","1","1.00","3/4/2010 12:00:00 AM"
"1712","975","819","6/19/2010 12:00:00 AM","","EA ","1","1.00","6/5/2010 12:00:00 AM"
"1811","975","827","6/19/2010 12:00:00 AM","","EA ","1","1.00","6/5/2010 12:00:00 AM"
"1251","975","835","6/9/2010 12:00:00 AM","","EA ","1","1.00","5/26/2010 12:00:00 AM"
"2269","975","894","7/8/2010 12:00:00 AM","9/6/2010 12:00:00 AM","EA ","1","2.00","9/6/2010 12:00:00 AM"
"2124","975","894","9/7/2010 12:00:00 AM","","EA ","1","1.00","8/24/2010 12:00:00 AM"
"446","975","907","3/18/2010 12:00:00 AM","","EA ","1","1.00","3/4/2010 12:00:00 AM"
"443","975","939","3/18/2010 12:00:00 AM","","EA ","1","1.00","3/4/2010 12:00:00 AM"
"1706","975","945","6/19/2010 12:00:00 AM","","EA ","1","1.00","6/5/2010 12:00:00 AM"
"3289","975","948","12/23/2010 12:00:00 AM","","EA ","1","1.00","12/9/2010 12:00:00 AM"
"2053","975","950","7/8/2010 12:00:00 AM","","EA ","1","1.00","6/24/2010 12:00:00 AM"
"831","975","952","5/26/2010 12:00:00 AM","","EA ","1","1.00","5/12/2010 12:00:00 AM"
"2047","975","995","7/8/2010 12:00:00 AM","","EA ","1","1.00","6/24/2010 12:00:00 AM"
"3390","976","518","12/23/2010 12:00:00 AM","","EA ","1","1.00","12/9/2010 12:00:00 AM"
"698","976","733","3/18/2010 12:00:00 AM","5/17/2010 12:00:00 AM","EA ","1","2.00","5/17/2010 12:00:00 AM"
"1277","976","806","6/9/2010 12:00:00 AM","","EA ","1","1.00","5/26/2010 12:00:00 AM"
"468","976","812","3/18/2010 12:00:00 AM","","EA ","1","1.00","3/4/2010 12:00:00 AM"
"1741","976","819","6/19/2010 12:00:00 AM","","EA ","1","1.00","6/5/2010 12:00:00 AM"
"1343","976","827","6/9/2010 12:00:00 AM","","EA ","1","1.00","5/26/2010 12:00:00 AM"
"465","976","836","3/18/2010 12:00:00 AM","","EA ","1","1.00","3/4/2010 12:00:00 AM"
"2460","976","894","8/5/2010 12:00:00 AM","","EA ","1","1.00","7/22/2010 12:00:00 AM"
"477","976","907","3/18/2010 12:00:00 AM","","EA ","1","1.00","3/4/2010 12:00:00 AM"
"474","976","939","3/18/2010 12:00:00 AM","","EA ","1","1.00","3/4/2010 12:00:00 AM"
"1737","976","945","6/19/2010 12:00:00 AM","","EA ","1","1.00","6/5/2010 12:00:00 AM"
"3312","976","948","12/23/2010 12:00:00 AM","","EA ","1","1.00","12/9/2010 12:00:00 AM"
"2076","976","950","7/8/2010 12:00:00 AM","","EA ","1","1.00","6/24/2010 12:00:00 AM"
"851","976","952","5/26/2010 12:00:00 AM","","EA ","1","1.00","5/12/2010 12:00:00 AM"
"2071","976","995","7/8/2010 12:00:00 AM","","EA ","1","1.00","6/24/2010 12:00:00 AM"
"1826","977","517","6/19/2010 12:00:00 AM","","EA ","1","1.00","6/5/2010 12:00:00 AM"
"2811","977","722","9/15/2010 12:00:00 AM","","EA ","1","1.00","9/1/2010 12:00:00 AM"
"885","977","805","5/26/2010 12:00:00 AM","","EA ","1","1.00","5/12/2010 12:00:00 AM"
"2103","977","811","7/8/2010 12:00:00 AM","","EA ","1","1.00","6/24/2010 12:00:00 AM"
"2812","977","818","9/15/2010 12:00:00 AM","","EA ","1","1.00","9/1/2010 12:00:00 AM"
"2849","977","826","9/15/2010 12:00:00 AM","","EA ","1","1.00","9/1/2010 12:00:00 AM"
"2838","977","894","9/15/2010 12:00:00 AM","","EA ","1","1.00","9/1/2010 12:00:00 AM"
"1777","977","907","6/19/2010 12:00:00 AM","","EA ","1","1.00","6/5/2010 12:00:00 AM"
"2104","977","938","7/8/2010 12:00:00 AM","","EA ","1","1.00","6/24/2010 12:00:00 AM"
"2436","977","945","8/5/2010 12:00:00 AM","","EA ","1","1.00","7/22/2010 12:00:00 AM"
"495","977","948","3/18/2010 12:00:00 AM","","EA ","1","1.00","3/4/2010 12:00:00 AM"
"3343","977","949","12/23/2010 12:00:00 AM","","EA ","1","1.00","12/9/2010 12:00:00 AM"
"3342","977","952","12/23/2010 12:00:00 AM","","EA ","1","1.00","12/9/2010 12:00:00 AM"
"102","977","994","3/4/2010 12:00:00 AM","","EA ","1","1.00","2/18/2010 12:00:00 AM"
"3130","978","520","12/15/2010 12:00:00 AM","","EA ","1","1.00","12/1/2010 12:00:00 AM"
"3028","978","805","12/15/2010 12:00:00 AM","","EA ","1","1.00","12/1/2010 12:00:00 AM"
"2037","978","821","7/8/2010 12:00:00 AM","","EA ","1","1.00","6/24/2010 12:00:00 AM"
"2469","978","829","8/5/2010 12:00:00 AM","","EA ","1","1.00","7/22/2010 12:00:00 AM"
"3112","978","894","12/15/2010 12:00:00 AM","","EA ","1","1.00","12/1/2010 12:00:00 AM"
"3023","978","903","12/15/2010 12:00:00 AM","","EA ","1","1.00","12/1/2010 12:00:00 AM"
"2757","978","907","9/15/2010 12:00:00 AM","","EA ","1","1.00","9/1/2010 12:00:00 AM"
"1236","978","941","6/9/2010 12:00:00 AM","","EA ","1","1.00","5/26/2010 12:00:00 AM"
"41","978","945","3/4/2010 12:00:00 AM","","EA ","1","1.00","2/18/2010 12:00:00 AM"
"1234","978","946","6/9/2010 12:00:00 AM","","EA ","1","1.00","5/26/2010 12:00:00 AM"
"2031","978","948","7/8/2010 12:00:00 AM","","EA ","1","1.00","6/24/2010 12:00:00 AM"
"1224","978","949","6/9/2010 12:00:00 AM","","EA ","1","1.00","5/26/2010 12:00:00 AM"
"1223","978","952","6/9/2010 12:00:00 AM","","EA ","1","1.00","5/26/2010 12:00:00 AM"
"1665","978","994","6/19/2010 12:00:00 AM","","EA ","1","1.00","6/5/2010 12:00:00 AM"
"536","979","520","3/18/2010 12:00:00 AM","","EA ","1","1.00","3/4/2010 12:00:00 AM"
"3051","979","805","12/15/2010 12:00:00 AM","","EA ","1","1.00","12/1/2010 12:00:00 AM"
"2060","979","821","7/8/2010 12:00:00 AM","","EA ","1","1.00","6/24/2010 12:00:00 AM"
"2139","979","829","7/8/2010 12:00:00 AM","","EA ","1","1.00","6/24/2010 12:00:00 AM"
"514","979","894","3/18/2010 12:00:00 AM","","EA ","1","1.00","3/4/2010 12:00:00 AM"
"3266","979","895","12/23/2010 12:00:00 AM","","EA ","1","1.00","12/9/2010 12:00:00 AM"
"2914","979","907","9/15/2010 12:00:00 AM","11/14/2010 12:00:00 AM","EA ","1","2.00","11/14/2010 12:00:00 AM"
"2779","979","907","11/15/2010 12:00:00 AM","","EA ","1","1.00","11/1/2010 12:00:00 AM"
"1257","979","941","6/9/2010 12:00:00 AM","","EA ","1","1.00","5/26/2010 12:00:00 AM"
"60","979","945","3/4/2010 12:00:00 AM","","EA ","1","1.00","2/18/2010 12:00:00 AM"
"1255","979","946","6/9/2010 12:00:00 AM","","EA ","1","1.00","5/26/2010 12:00:00 AM"
"2054","979","948","7/8/2010 12:00:00 AM","","EA ","1","1.00","6/24/2010 12:00:00 AM"
"1243","979","949","6/9/2010 12:00:00 AM","","EA ","1","1.00","5/26/2010 12:00:00 AM"
"1241","979","952","6/9/2010 12:00:00 AM","","EA ","1","1.00","5/26/2010 12:00:00 AM"
"1928","979","994","6/19/2010 12:00:00 AM","8/18/2010 12:00:00 AM","EA ","1","2.00","8/18/2010 12:00:00 AM"
"1695","979","994","8/19/2010 12:00:00 AM","","EA ","1","1.00","8/5/2010 12:00:00 AM"
"2649","980","514","8/5/2010 12:00:00 AM","10/4/2010 12:00:00 AM","EA ","1","2.00","10/4/2010 12:00:00 AM"
"2478","980","514","10/5/2010 12:00:00 AM","","EA ","1","1.00","9/21/2010 12:00:00 AM"
"3008","980","806","12/15/2010 12:00:00 AM","","EA ","1","1.00","12/1/2010 12:00:00 AM"
"799","980","808","5/26/2010 12:00:00 AM","","EA ","1","1.00","5/12/2010 12:00:00 AM"
"2013","980","815","7/8/2010 12:00:00 AM","","EA ","1","1.00","6/24/2010 12:00:00 AM"
"336","980","823","3/4/2010 12:00:00 AM","5/3/2010 12:00:00 AM","EA ","1","2.00","5/3/2010 12:00:00 AM"
"122","980","823","5/4/2010 12:00:00 AM","","EA ","1","1.00","4/20/2010 12:00:00 AM"
"1796","980","894","6/19/2010 12:00:00 AM","","EA ","1","1.00","6/5/2010 12:00:00 AM"
"30","980","907","3/4/2010 12:00:00 AM","","EA ","1","1.00","2/18/2010 12:00:00 AM"
"3013","980","935","12/15/2010 12:00:00 AM","","EA ","1","1.00","12/1/2010 12:00:00 AM"
"1208","980","942","6/9/2010 12:00:00 AM","","EA ","1","1.00","5/26/2010 12:00:00 AM"
"1493","980","944","6/9/2010 12:00:00 AM","8/8/2010 12:00:00 AM","EA ","1","2.00","8/8/2010 12:00:00 AM"
"374","980","945","3/18/2010 12:00:00 AM","","EA ","1","1.00","3/4/2010 12:00:00 AM"
"2309","980","948","8/5/2010 12:00:00 AM","","EA ","1","1.00","7/22/2010 12:00:00 AM"
"2717","980","950","9/15/2010 12:00:00 AM","","EA ","1","1.00","9/1/2010 12:00:00 AM"
"2714","980","952","9/15/2010 12:00:00 AM","","EA ","1","1.00","9/1/2010 12:00:00 AM"
"780","980","994","5/26/2010 12:00:00 AM","","EA ","1","1.00","5/12/2010 12:00:00 AM"
"2152","981","514","7/8/2010 12:00:00 AM","","EA ","1","1.00","6/24/2010 12:00:00 AM"
"409","981","806","3/18/2010 12:00:00 AM","","EA ","1","1.00","3/4/2010 12:00:00 AM"
"2753","981","808","9/15/2010 12:00:00 AM","","EA ","1","1.00","9/1/2010 12:00:00 AM"
"42","981","815","3/4/2010 12:00:00 AM","","EA ","1","1.00","2/18/2010 12:00:00 AM"
"3378","981","823","12/23/2010 12:00:00 AM","","EA ","1","1.00","12/9/2010 12:00:00 AM"
"1327","981","894","6/9/2010 12:00:00 AM","","EA ","1","1.00","5/26/2010 12:00:00 AM"
"2749","981","904","9/15/2010 12:00:00 AM","","EA ","1","1.00","9/1/2010 12:00:00 AM"
"47","981","907","3/4/2010 12:00:00 AM","","EA ","1","1.00","2/18/2010 12:00:00 AM"
"2756","981","935","9/15/2010 12:00:00 AM","","EA ","1","1.00","9/1/2010 12:00:00 AM"
"3021","981","945","12/15/2010 12:00:00 AM","","EA ","1","1.00","12/1/2010 12:00:00 AM"
"2901","981","948","9/15/2010 12:00:00 AM","11/14/2010 12:00:00 AM","EA ","1","2.00","11/14/2010 12:00:00 AM"
"2746","981","948","11/15/2010 12:00:00 AM","","EA ","1","1.00","11/1/2010 12:00:00 AM"
"1669","981","950","6/19/2010 12:00:00 AM","","EA ","1","1.00","6/5/2010 12:00:00 AM"
"2028","981","952","7/8/2010 12:00:00 AM","","EA ","1","1.00","6/24/2010 12:00:00 AM"
"2024","981","994","7/8/2010 12:00:00 AM","","EA ","1","1.00","6/24/2010 12:00:00 AM"
"2650","982","514","8/5/2010 12:00:00 AM","10/4/2010 12:00:00 AM","EA ","1","2.00","10/4/2010 12:00:00 AM"
"2482","982","514","10/5/2010 12:00:00 AM","","EA ","1","1.00","9/21/2010 12:00:00 AM"
"439","982","806","3/18/2010 12:00:00 AM","","EA ","1","1.00","3/4/2010 12:00:00 AM"
"2774","982","808","9/15/2010 12:00:00 AM","","EA ","1","1.00","9/1/2010 12:00:00 AM"
"62","982","815","3/4/2010 12:00:00 AM","","EA ","1","1.00","2/18/2010 12:00:00 AM"
"337","982","823","3/4/2010 12:00:00 AM","5/3/2010 12:00:00 AM","EA ","1","2.00","5/3/2010 12:00:00 AM"
"125","982","823","5/4/2010 12:00:00 AM","","EA ","1","1.00","4/20/2010 12:00:00 AM"
"1800","982","894","6/19/2010 12:00:00 AM","","EA ","1","1.00","6/5/2010 12:00:00 AM"
"2378","982","905","8/5/2010 12:00:00 AM","","EA ","1","1.00","7/22/2010 12:00:00 AM"
"69","982","907","3/4/2010 12:00:00 AM","","EA ","1","1.00","2/18/2010 12:00:00 AM"
"2778","982","935","9/15/2010 12:00:00 AM","","EA ","1","1.00","9/1/2010 12:00:00 AM"
"3042","982","945","12/15/2010 12:00:00 AM","","EA ","1","1.00","12/1/2010 12:00:00 AM"
"2768","982","948","9/15/2010 12:00:00 AM","","EA ","1","1.00","9/1/2010 12:00:00 AM"
"1701","982","950","6/19/2010 12:00:00 AM","","EA ","1","1.00","6/5/2010 12:00:00 AM"
"2051","982","952","7/8/2010 12:00:00 AM","","EA ","1","1.00","6/24/2010 12:00:00 AM"
"2046","982","994","7/8/2010 12:00:00 AM","","EA ","1","1.00","6/24/2010 12:00:00 AM"
"2157","983","514","7/8/2010 12:00:00 AM","","EA ","1","1.00","6/24/2010 12:00:00 AM"
"701","983","806","3/18/2010 12:00:00 AM","5/17/2010 12:00:00 AM","EA ","1","2.00","5/17/2010 12:00:00 AM"
"471","983","806","5/18/2010 12:00:00 AM","","EA ","1","1.00","5/4/2010 12:00:00 AM"
"2795","983","808","9/15/2010 12:00:00 AM","","EA ","1","1.00","9/1/2010 12:00:00 AM"
"83","983","815","3/4/2010 12:00:00 AM","","EA ","1","1.00","2/18/2010 12:00:00 AM"
"3381","983","823","12/23/2010 12:00:00 AM","","EA ","1","1.00","12/9/2010 12:00:00 AM"
"1331","983","894","6/9/2010 12:00:00 AM","","EA ","1","1.00","5/26/2010 12:00:00 AM"
"1272","983","906","6/9/2010 12:00:00 AM","","EA ","1","1.00","5/26/2010 12:00:00 AM"
"90","983","907","3/4/2010 12:00:00 AM","","EA ","1","1.00","2/18/2010 12:00:00 AM"
"2798","983","935","9/15/2010 12:00:00 AM","","EA ","1","1.00","9/1/2010 12:00:00 AM"
"3064","983","945","12/15/2010 12:00:00 AM","","EA ","1","1.00","12/1/2010 12:00:00 AM"
"2790","983","948","9/15/2010 12:00:00 AM","","EA ","1","1.00","9/1/2010 12:00:00 AM"
"1733","983","950","6/19/2010 12:00:00 AM","","EA ","1","1.00","6/5/2010 12:00:00 AM"
"2075","983","952","7/8/2010 12:00:00 AM","","EA ","1","1.00","6/24/2010 12:00:00 AM"
"2070","983","994","7/8/2010 12:00:00 AM","","EA ","1","1.00","6/24/2010 12:00:00 AM"
"2150","984","514","7/8/2010 12:00:00 AM","","EA ","1","1.00","6/24/2010 12:00:00 AM"
"1213","984","805","6/9/2010 12:00:00 AM","","EA ","1","1.00","5/26/2010 12:00:00 AM"
"2728","984","808","9/15/2010 12:00:00 AM","","EA ","1","1.00","9/1/2010 12:00:00 AM"
"2315","984","815","8/5/2010 12:00:00 AM","","EA ","1","1.00","7/22/2010 12:00:00 AM"
"3376","984","823","12/23/2010 12:00:00 AM","","EA ","1","1.00","12/9/2010 12:00:00 AM"
"1325","984","894","6/9/2010 12:00:00 AM","","EA ","1","1.00","5/26/2010 12:00:00 AM"
"3241","984","907","12/23/2010 12:00:00 AM","","EA ","1","1.00","12/9/2010 12:00:00 AM"
"387","984","935","3/18/2010 12:00:00 AM","","EA ","1","1.00","3/4/2010 12:00:00 AM"
"2313","984","944","8/5/2010 12:00:00 AM","","EA ","1","1.00","7/22/2010 12:00:00 AM"
"3000","984","945","12/15/2010 12:00:00 AM","","EA ","1","1.00","12/1/2010 12:00:00 AM"
"2193","984","948","7/8/2010 12:00:00 AM","9/6/2010 12:00:00 AM","EA ","1","2.00","9/6/2010 12:00:00 AM"
"2007","984","948","9/7/2010 12:00:00 AM","","EA ","1","1.00","8/24/2010 12:00:00 AM"
"7","984","949","3/4/2010 12:00:00 AM","","EA ","1","1.00","2/18/2010 12:00:00 AM"
"785","984","952","5/26/2010 12:00:00 AM","","EA ","1","1.00","5/12/2010 12:00:00 AM"
"2710","984","994","9/15/2010 12:00:00 AM","","EA ","1","1.00","9/1/2010 12:00:00 AM"
"2480","985","514","8/5/2010 12:00:00 AM","","EA ","1","1.00","7/22/2010 12:00:00 AM"
"1683","985","805","6/19/2010 12:00:00 AM","","EA ","1","1.00","6/5/2010 12:00:00 AM"
"1043","985","808","5/26/2010 12:00:00 AM","7/25/2010 12:00:00 AM","EA ","1","2.00","7/25/2010 12:00:00 AM"
"820","985","808","7/26/2010 12:00:00 AM","","EA ","1","1.00","7/12/2010 12:00:00 AM"
"3269","985","815","12/23/2010 12:00:00 AM","","EA ","1","1.00","12/9/2010 12:00:00 AM"
"123","985","823","3/4/2010 12:00:00 AM","","EA ","1","1.00","2/18/2010 12:00:00 AM"
"1798","985","894","6/19/2010 12:00:00 AM","","EA ","1","1.00","6/5/2010 12:00:00 AM"
"3276","985","907","12/23/2010 12:00:00 AM","","EA ","1","1.00","12/9/2010 12:00:00 AM"
"3257","985","917","12/23/2010 12:00:00 AM","","EA ","1","1.00","12/9/2010 12:00:00 AM"
"1045","985","935","5/26/2010 12:00:00 AM","7/25/2010 12:00:00 AM","EA ","1","2.00","7/25/2010 12:00:00 AM"
"824","985","935","7/26/2010 12:00:00 AM","","EA ","1","1.00","7/12/2010 12:00:00 AM"
"402","985","945","3/18/2010 12:00:00 AM","","EA ","1","1.00","3/4/2010 12:00:00 AM"
"813","985","948","5/26/2010 12:00:00 AM","","EA ","1","1.00","5/12/2010 12:00:00 AM"
"2336","985","949","8/5/2010 12:00:00 AM","","EA ","1","1.00","7/22/2010 12:00:00 AM"
"2334","985","952","8/5/2010 12:00:00 AM","","EA ","1","1.00","7/22/2010 12:00:00 AM"
"2330","985","994","8/5/2010 12:00:00 AM","","EA ","1","1.00","7/22/2010 12:00:00 AM"
"2154","986","514","7/8/2010 12:00:00 AM","","EA ","1","1.00","6/24/2010 12:00:00 AM"
"1717","986","805","6/19/2010 12:00:00 AM","","EA ","1","1.00","6/5/2010 12:00:00 AM"
"841","986","808","5/26/2010 12:00:00 AM","","EA ","1","1.00","5/12/2010 12:00:00 AM"
"3293","986","815","12/23/2010 12:00:00 AM","","EA ","1","1.00","12/9/2010 12:00:00 AM"
"3379","986","823","12/23/2010 12:00:00 AM","","EA ","1","1.00","12/9/2010 12:00:00 AM"
"1329","986","894","6/9/2010 12:00:00 AM","","EA ","1","1.00","5/26/2010 12:00:00 AM"
"3300","986","907","12/23/2010 12:00:00 AM","","EA ","1","1.00","12/9/2010 12:00:00 AM"
"2771","986","918","9/15/2010 12:00:00 AM","","EA ","1","1.00","9/1/2010 12:00:00 AM"
"845","986","935","5/26/2010 12:00:00 AM","","EA ","1","1.00","5/12/2010 12:00:00 AM"
"686","986","945","3/18/2010 12:00:00 AM","5/17/2010 12:00:00 AM","EA ","1","2.00","5/17/2010 12:00:00 AM"
"429","986","945","5/18/2010 12:00:00 AM","","EA ","1","1.00","5/4/2010 12:00:00 AM"
"835","986","948","5/26/2010 12:00:00 AM","","EA ","1","1.00","5/12/2010 12:00:00 AM"
"2367","986","949","8/5/2010 12:00:00 AM","","EA ","1","1.00","7/22/2010 12:00:00 AM"
"2365","986","952","8/5/2010 12:00:00 AM","","EA ","1","1.00","7/22/2010 12:00:00 AM"
"2357","986","994","8/5/2010 12:00:00 AM","","EA ","1","1.00","7/22/2010 12:00:00 AM"
"2484","987","514","8/5/2010 12:00:00 AM","","EA ","1","1.00","7/22/2010 12:00:00 AM"
"1746","987","805","6/19/2010 12:00:00 AM","","EA ","1","1.00","6/5/2010 12:00:00 AM"
"859","987","808","5/26/2010 12:00:00 AM","","EA ","1","1.00","5/12/2010 12:00:00 AM"
"3317","987","815","12/23/2010 12:00:00 AM","","EA ","1","1.00","12/9/2010 12:00:00 AM"
"126","987","823","3/4/2010 12:00:00 AM","","EA ","1","1.00","2/18/2010 12:00:00 AM"
"1802","987","894","6/19/2010 12:00:00 AM","","EA ","1","1.00","6/5/2010 12:00:00 AM"
"3323","987","907","12/23/2010 12:00:00 AM","","EA ","1","1.00","12/9/2010 12:00:00 AM"
"2410","987","919","8/5/2010 12:00:00 AM","","EA ","1","1.00","7/22/2010 12:00:00 AM"
"863","987","935","5/26/2010 12:00:00 AM","","EA ","1","1.00","5/12/2010 12:00:00 AM"
"460","987","945","3/18/2010 12:00:00 AM","","EA ","1","1.00","3/4/2010 12:00:00 AM"
"854","987","948","5/26/2010 12:00:00 AM","","EA ","1","1.00","5/12/2010 12:00:00 AM"
"2399","987","949","8/5/2010 12:00:00 AM","","EA ","1","1.00","7/22/2010 12:00:00 AM"
"2397","987","952","8/5/2010 12:00:00 AM","","EA ","1","1.00","7/22/2010 12:00:00 AM"
"2391","987","994","8/5/2010 12:00:00 AM","","EA ","1","1.00","7/22/2010 12:00:00 AM"
"2158","988","514","7/8/2010 12:00:00 AM","","EA ","1","1.00","6/24/2010 12:00:00 AM"
"1768","988","805","6/19/2010 12:00:00 AM","","EA ","1","1.00","6/5/2010 12:00:00 AM"
"872","988","808","5/26/2010 12:00:00 AM","","EA ","1","1.00","5/12/2010 12:00:00 AM"
"3336","988","815","12/23/2010 12:00:00 AM","","EA ","1","1.00","12/9/2010 12:00:00 AM"
"3382","988","823","12/23/2010 12:00:00 AM","","EA ","1","1.00","12/9/2010 12:00:00 AM"
"1332","988","894","6/9/2010 12:00:00 AM","","EA ","1","1.00","5/26/2010 12:00:00 AM"
"101","988","907","3/4/2010 12:00:00 AM","","EA ","1","1.00","2/18/2010 12:00:00 AM"
"1284","988","920","6/9/2010 12:00:00 AM","","EA ","1","1.00","5/26/2010 12:00:00 AM"
"2807","988","935","9/15/2010 12:00:00 AM","","EA ","1","1.00","9/1/2010 12:00:00 AM"
"486","988","945","3/18/2010 12:00:00 AM","","EA ","1","1.00","3/4/2010 12:00:00 AM"
"870","988","948","5/26/2010 12:00:00 AM","","EA ","1","1.00","5/12/2010 12:00:00 AM"
"2424","988","949","8/5/2010 12:00:00 AM","","EA ","1","1.00","7/22/2010 12:00:00 AM"
"2423","988","952","8/5/2010 12:00:00 AM","","EA ","1","1.00","7/22/2010 12:00:00 AM"
"2420","988","994","8/5/2010 12:00:00 AM","","EA ","1","1.00","7/22/2010 12:00:00 AM"
"128","989","514","3/4/2010 12:00:00 AM","","EA ","1","1.00","2/18/2010 12:00:00 AM"
"2730","989","805","9/15/2010 12:00:00 AM","","EA ","1","1.00","9/1/2010 12:00:00 AM"
"3006","989","808","12/15/2010 12:00:00 AM","","EA ","1","1.00","12/1/2010 12:00:00 AM"
"3230","989","815","12/23/2010 12:00:00 AM","","EA ","1","1.00","12/9/2010 12:00:00 AM"
"1806","989","823","6/19/2010 12:00:00 AM","","EA ","1","1.00","6/5/2010 12:00:00 AM"
"2825","989","894","9/15/2010 12:00:00 AM","","EA ","1","1.00","9/1/2010 12:00:00 AM"
"1662","989","907","6/19/2010 12:00:00 AM","","EA ","1","1.00","6/5/2010 12:00:00 AM"
"2328","989","935","8/5/2010 12:00:00 AM","","EA ","1","1.00","7/22/2010 12:00:00 AM"
"794","989","943","5/26/2010 12:00:00 AM","","EA ","1","1.00","5/12/2010 12:00:00 AM"
"2009","989","945","7/8/2010 12:00:00 AM","","EA ","1","1.00","6/24/2010 12:00:00 AM"
"13","989","948","3/4/2010 12:00:00 AM","","EA ","1","1.00","2/18/2010 12:00:00 AM"
"1197","989","949","6/9/2010 12:00:00 AM","","EA ","1","1.00","5/26/2010 12:00:00 AM"
"363","989","952","3/18/2010 12:00:00 AM","","EA ","1","1.00","3/4/2010 12:00:00 AM"
"2991","989","994","12/15/2010 12:00:00 AM","","EA ","1","1.00","12/1/2010 12:00:00 AM"
"3383","990","514","12/23/2010 12:00:00 AM","","EA ","1","1.00","12/9/2010 12:00:00 AM"
"822","990","805","5/26/2010 12:00:00 AM","","EA ","1","1.00","5/12/2010 12:00:00 AM"
"406","990","808","3/18/2010 12:00:00 AM","","EA ","1","1.00","3/4/2010 12:00:00 AM"
"1678","990","815","6/19/2010 12:00:00 AM","","EA ","1","1.00","6/5/2010 12:00:00 AM"
"1337","990","823","6/9/2010 12:00:00 AM","","EA ","1","1.00","5/26/2010 12:00:00 AM"
"899","990","894","5/26/2010 12:00:00 AM","","EA ","1","1.00","5/12/2010 12:00:00 AM"
"1690","990","907","6/19/2010 12:00:00 AM","","EA ","1","1.00","6/5/2010 12:00:00 AM"
"2346","990","924","8/5/2010 12:00:00 AM","","EA ","1","1.00","7/22/2010 12:00:00 AM"
"412","990","935","3/18/2010 12:00:00 AM","","EA ","1","1.00","3/4/2010 12:00:00 AM"
"2341","990","945","8/5/2010 12:00:00 AM","","EA ","1","1.00","7/22/2010 12:00:00 AM"
"397","990","948","3/18/2010 12:00:00 AM","","EA ","1","1.00","3/4/2010 12:00:00 AM"
"3253","990","949","12/23/2010 12:00:00 AM","","EA ","1","1.00","12/9/2010 12:00:00 AM"
"3248","990","952","12/23/2010 12:00:00 AM","","EA ","1","1.00","12/9/2010 12:00:00 AM"
"3243","990","994","12/23/2010 12:00:00 AM","","EA ","1","1.00","12/9/2010 12:00:00 AM"
"132","991","514","3/4/2010 12:00:00 AM","","EA ","1","1.00","2/18/2010 12:00:00 AM"
"843","991","805","5/26/2010 12:00:00 AM","","EA ","1","1.00","5/12/2010 12:00:00 AM"
"435","991","808","3/18/2010 12:00:00 AM","","EA ","1","1.00","3/4/2010 12:00:00 AM"
"1711","991","815","6/19/2010 12:00:00 AM","","EA ","1","1.00","6/5/2010 12:00:00 AM"
"1810","991","823","6/19/2010 12:00:00 AM","","EA ","1","1.00","6/5/2010 12:00:00 AM"
"2830","991","894","9/15/2010 12:00:00 AM","","EA ","1","1.00","9/1/2010 12:00:00 AM"
"1725","991","907","6/19/2010 12:00:00 AM","","EA ","1","1.00","6/5/2010 12:00:00 AM"
"1248","991","925","6/9/2010 12:00:00 AM","","EA ","1","1.00","5/26/2010 12:00:00 AM"
"442","991","935","3/18/2010 12:00:00 AM","","EA ","1","1.00","3/4/2010 12:00:00 AM"
"2373","991","945","8/5/2010 12:00:00 AM","","EA ","1","1.00","7/22/2010 12:00:00 AM"
"424","991","948","3/18/2010 12:00:00 AM","","EA ","1","1.00","3/4/2010 12:00:00 AM"
"3287","991","949","12/23/2010 12:00:00 AM","","EA ","1","1.00","12/9/2010 12:00:00 AM"
"3282","991","952","12/23/2010 12:00:00 AM","","EA ","1","1.00","12/9/2010 12:00:00 AM"
"3278","991","994","12/23/2010 12:00:00 AM","","EA ","1","1.00","12/9/2010 12:00:00 AM"
"3389","992","514","12/23/2010 12:00:00 AM","","EA ","1","1.00","12/9/2010 12:00:00 AM"
"861","992","805","5/26/2010 12:00:00 AM","","EA ","1","1.00","5/12/2010 12:00:00 AM"
"467","992","808","3/18/2010 12:00:00 AM","","EA ","1","1.00","3/4/2010 12:00:00 AM"
"1740","992","815","6/19/2010 12:00:00 AM","","EA ","1","1.00","6/5/2010 12:00:00 AM"
"1342","992","823","6/9/2010 12:00:00 AM","","EA ","1","1.00","5/26/2010 12:00:00 AM"
"906","992","894","5/26/2010 12:00:00 AM","","EA ","1","1.00","5/12/2010 12:00:00 AM"
"1754","992","907","6/19/2010 12:00:00 AM","","EA ","1","1.00","6/5/2010 12:00:00 AM"
"462","992","926","3/18/2010 12:00:00 AM","","EA ","1","1.00","3/4/2010 12:00:00 AM"
"473","992","935","3/18/2010 12:00:00 AM","","EA ","1","1.00","3/4/2010 12:00:00 AM"
"2405","992","945","8/5/2010 12:00:00 AM","","EA ","1","1.00","7/22/2010 12:00:00 AM"
"696","992","948","3/18/2010 12:00:00 AM","5/17/2010 12:00:00 AM","EA ","1","2.00","5/17/2010 12:00:00 AM"
"455","992","948","5/18/2010 12:00:00 AM","","EA ","1","1.00","5/4/2010 12:00:00 AM"
"3310","992","949","12/23/2010 12:00:00 AM","","EA ","1","1.00","12/9/2010 12:00:00 AM"
"3305","992","952","12/23/2010 12:00:00 AM","","EA ","1","1.00","12/9/2010 12:00:00 AM"
"3302","992","994","12/23/2010 12:00:00 AM","","EA ","1","1.00","12/9/2010 12:00:00 AM"
"138","993","514","3/4/2010 12:00:00 AM","","EA ","1","1.00","2/18/2010 12:00:00 AM"
"873","993","805","5/26/2010 12:00:00 AM","","EA ","1","1.00","5/12/2010 12:00:00 AM"
"488","993","808","3/18/2010 12:00:00 AM","","EA ","1","1.00","3/4/2010 12:00:00 AM"
"1766","993","815","6/19/2010 12:00:00 AM","","EA ","1","1.00","6/5/2010 12:00:00 AM"
"1816","993","823","6/19/2010 12:00:00 AM","","EA ","1","1.00","6/5/2010 12:00:00 AM"
"2836","993","894","9/15/2010 12:00:00 AM","","EA ","1","1.00","9/1/2010 12:00:00 AM"
"1292","993","907","6/9/2010 12:00:00 AM","","EA ","1","1.00","5/26/2010 12:00:00 AM"
"96","993","927","3/4/2010 12:00:00 AM","","EA ","1","1.00","2/18/2010 12:00:00 AM"
"3084","993","935","12/15/2010 12:00:00 AM","","EA ","1","1.00","12/1/2010 12:00:00 AM"
"2426","993","945","8/5/2010 12:00:00 AM","","EA ","1","1.00","7/22/2010 12:00:00 AM"
"484","993","948","3/18/2010 12:00:00 AM","","EA ","1","1.00","3/4/2010 12:00:00 AM"
"3329","993","949","12/23/2010 12:00:00 AM","","EA ","1","1.00","12/9/2010 12:00:00 AM"
"3327","993","952","12/23/2010 12:00:00 AM","","EA ","1","1.00","12/9/2010 12:00:00 AM"
"3325","993","994","12/23/2010 12:00:00 AM","","EA ","1","1.00","12/9/2010 12:00:00 AM"
"2002","994","3","7/8/2010 12:00:00 AM","","EA ","2","10.00","6/24/2010 12:00:00 AM"
"1828","994","525","6/19/2010 12:00:00 AM","","EA ","2","1.00","6/5/2010 12:00:00 AM"
"1640","995","3","6/19/2010 12:00:00 AM","","EA ","2","10.00","6/5/2010 12:00:00 AM"
"3398","995","526","12/23/2010 12:00:00 AM","","EA ","2","1.00","12/9/2010 12:00:00 AM"
"2992","996","3","12/15/2010 12:00:00 AM","","EA ","2","10.00","12/1/2010 12:00:00 AM"
"2860","996","526","9/15/2010 12:00:00 AM","","EA ","2","1.00","9/1/2010 12:00:00 AM"
"1821","997","517","6/19/2010 12:00:00 AM","","EA ","1","1.00","6/5/2010 12:00:00 AM"
"2348","997","736","8/5/2010 12:00:00 AM","","EA ","1","1.00","7/22/2010 12:00:00 AM"
"2755","997","805","9/15/2010 12:00:00 AM","","EA ","1","1.00","9/1/2010 12:00:00 AM"
"2352","997","811","8/5/2010 12:00:00 AM","","EA ","1","1.00","7/22/2010 12:00:00 AM"
"819","997","818","5/26/2010 12:00:00 AM","","EA ","1","1.00","5/12/2010 12:00:00 AM"
"2844","997","826","9/15/2010 12:00:00 AM","","EA ","1","1.00","9/1/2010 12:00:00 AM"
"2829","997","894","9/15/2010 12:00:00 AM","","EA ","1","1.00","9/1/2010 12:00:00 AM"
"1238","997","907","6/9/2010 12:00:00 AM","","EA ","1","1.00","5/26/2010 12:00:00 AM"
"2355","997","938","8/5/2010 12:00:00 AM","","EA ","1","1.00","7/22/2010 12:00:00 AM"
"2033","997","945","7/8/2010 12:00:00 AM","","EA ","1","1.00","6/24/2010 12:00:00 AM"
"3020","997","948","12/15/2010 12:00:00 AM","","EA ","1","1.00","12/1/2010 12:00:00 AM"
"37","997","949","3/4/2010 12:00:00 AM","","EA ","1","1.00","2/18/2010 12:00:00 AM"
"36","997","952","3/4/2010 12:00:00 AM","","EA ","1","1.00","2/18/2010 12:00:00 AM"
"3244","997","994","12/23/2010 12:00:00 AM","","EA ","1","1.00","12/9/2010 12:00:00 AM"
"1352","998","517","6/9/2010 12:00:00 AM","","EA ","1","1.00","5/26/2010 12:00:00 AM"
"1250","998","737","6/9/2010 12:00:00 AM","","EA ","1","1.00","5/26/2010 12:00:00 AM"
"2776","998","805","9/15/2010 12:00:00 AM","","EA ","1","1.00","9/1/2010 12:00:00 AM"
"2384","998","811","8/5/2010 12:00:00 AM","","EA ","1","1.00","7/22/2010 12:00:00 AM"
"840","998","818","5/26/2010 12:00:00 AM","","EA ","1","1.00","5/12/2010 12:00:00 AM"
"920","998","826","5/26/2010 12:00:00 AM","","EA ","1","1.00","5/12/2010 12:00:00 AM"
"905","998","894","5/26/2010 12:00:00 AM","","EA ","1","1.00","5/12/2010 12:00:00 AM"
"1513","998","907","6/9/2010 12:00:00 AM","8/8/2010 12:00:00 AM","EA ","1","2.00","8/8/2010 12:00:00 AM"
"1260","998","907","8/9/2010 12:00:00 AM","","EA ","1","1.00","7/26/2010 12:00:00 AM"
"2594","998","938","8/5/2010 12:00:00 AM","10/4/2010 12:00:00 AM","EA ","1","2.00","10/4/2010 12:00:00 AM"
"2388","998","938","10/5/2010 12:00:00 AM","","EA ","1","1.00","9/21/2010 12:00:00 AM"
"2057","998","945","7/8/2010 12:00:00 AM","","EA ","1","1.00","6/24/2010 12:00:00 AM"
"3041","998","948","12/15/2010 12:00:00 AM","","EA ","1","1.00","12/1/2010 12:00:00 AM"
"55","998","949","3/4/2010 12:00:00 AM","","EA ","1","1.00","2/18/2010 12:00:00 AM"
"54","998","952","3/4/2010 12:00:00 AM","","EA ","1","1.00","2/18/2010 12:00:00 AM"
"3279","998","994","12/23/2010 12:00:00 AM","","EA ","1","1.00","12/9/2010 12:00:00 AM"
"1824","999","517","6/19/2010 12:00:00 AM","","EA ","1","1.00","6/5/2010 12:00:00 AM"
"464","999","738","3/18/2010 12:00:00 AM","","EA ","1","1.00","3/4/2010 12:00:00 AM"
"2923","999","805","9/15/2010 12:00:00 AM","11/14/2010 12:00:00 AM","EA ","1","2.00","11/14/2010 12:00:00 AM"
"2796","999","805","11/15/2010 12:00:00 AM","","EA ","1","1.00","11/1/2010 12:00:00 AM"
"2415","999","811","8/5/2010 12:00:00 AM","","EA ","1","1.00","7/22/2010 12:00:00 AM"
"858","999","818","5/26/2010 12:00:00 AM","","EA ","1","1.00","5/12/2010 12:00:00 AM"
"2847","999","826","9/15/2010 12:00:00 AM","","EA ","1","1.00","9/1/2010 12:00:00 AM"
"2835","999","894","9/15/2010 12:00:00 AM","","EA ","1","1.00","9/1/2010 12:00:00 AM"
"1279","999","907","6/9/2010 12:00:00 AM","","EA ","1","1.00","5/26/2010 12:00:00 AM"
"2417","999","938","8/5/2010 12:00:00 AM","","EA ","1","1.00","7/22/2010 12:00:00 AM"
"2078","999","945","7/8/2010 12:00:00 AM","","EA ","1","1.00","6/24/2010 12:00:00 AM"
"3063","999","948","12/15/2010 12:00:00 AM","","EA ","1","1.00","12/1/2010 12:00:00 AM"
"75","999","949","3/4/2010 12:00:00 AM","","EA ","1","1.00","2/18/2010 12:00:00 AM"
"285","999","952","3/4/2010 12:00:00 AM","5/3/2010 12:00:00 AM","EA ","1","2.00","5/3/2010 12:00:00 AM"
"74","999","952","5/4/2010 12:00:00 AM","","EA ","1","1.00","4/20/2010 12:00:00 AM"
"3303","999","994","12/23/2010 12:00:00 AM","","EA ","1","1.00","12/9/2010 12:00:00 AM"
