"PurchaseOrderID","RevisionNumber","Status","EmployeeID","VendorID","ShipMethodID","OrderDate","ShipDate","SubTotal","TaxAmt","Freight","TotalDue","ModifiedDate"
"1","4","4","258","1580","3","4/16/2011 12:00:00 AM","4/25/2011 12:00:00 AM","201.0400","16.0832","5.0260","222.1492","4/25/2011 12:00:00 AM"
"2","4","1","254","1496","5","4/16/2011 12:00:00 AM","4/25/2011 12:00:00 AM","272.1015","21.7681","6.8025","300.6721","4/25/2011 12:00:00 AM"
"3","4","4","257","1494","2","4/16/2011 12:00:00 AM","4/25/2011 12:00:00 AM","8847.3000","707.7840","221.1825","9776.2665","4/25/2011 12:00:00 AM"
"4","4","3","261","1650","5","4/16/2011 12:00:00 AM","4/25/2011 12:00:00 AM","171.0765","13.6861","4.2769","189.0395","4/25/2011 12:00:00 AM"
"5","4","4","251","1654","4","4/30/2011 12:00:00 AM","5/9/2011 12:00:00 AM","20397.3000","1631.7840","509.9325","22539.0165","5/9/2011 12:00:00 AM"
"6","4","4","253","1664","3","4/30/2011 12:00:00 AM","5/9/2011 12:00:00 AM","14628.0750","1170.2460","365.7019","16164.0229","5/9/2011 12:00:00 AM"
"7","4","4","255","1678","3","4/30/2011 12:00:00 AM","5/9/2011 12:00:00 AM","58685.5500","4694.8440","1467.1388","64847.5328","5/9/2011 12:00:00 AM"
"8","4","4","256","1616","5","4/30/2011 12:00:00 AM","5/9/2011 12:00:00 AM","693.3780","55.4702","17.3345","766.1827","5/9/2011 12:00:00 AM"
"9","5","4","259","1492","5","12/14/2011 12:00:00 AM","12/23/2011 12:00:00 AM","694.1655","55.5332","17.3541","767.0528","12/23/2011 12:00:00 AM"
"10","4","4","250","1602","5","12/14/2011 12:00:00 AM","12/23/2011 12:00:00 AM","1796.0355","143.6828","44.9009","1984.6192","12/23/2011 12:00:00 AM"
"11","4","4","258","1540","4","12/14/2011 12:00:00 AM","12/23/2011 12:00:00 AM","501.1965","40.0957","12.5299","553.8221","12/23/2011 12:00:00 AM"
"12","4","4","254","1628","5","12/14/2011 12:00:00 AM","12/23/2011 12:00:00 AM","34644.2250","2771.5380","866.1056","38281.8686","12/23/2011 12:00:00 AM"
"13","4","4","257","1604","4","12/14/2011 12:00:00 AM","12/23/2011 12:00:00 AM","1839.5055","147.1604","45.9876","2032.6535","12/23/2011 12:00:00 AM"
"14","4","3","261","1690","5","12/14/2011 12:00:00 AM","12/23/2011 12:00:00 AM","146.2860","11.7029","3.6572","161.6461","12/23/2011 12:00:00 AM"
"15","4","4","251","1566","5","12/14/2011 12:00:00 AM","12/23/2011 12:00:00 AM","102.5640","8.2051","2.5641","113.3332","12/23/2011 12:00:00 AM"
"16","4","4","253","1698","5","12/14/2011 12:00:00 AM","12/23/2011 12:00:00 AM","150.7905","12.0632","3.7698","166.6235","12/23/2011 12:00:00 AM"
"17","4","4","255","1560","5","12/15/2011 12:00:00 AM","12/24/2011 12:00:00 AM","13669.4250","1093.5540","341.7356","15104.7146","12/24/2011 12:00:00 AM"
"18","4","4","256","1692","5","12/15/2011 12:00:00 AM","12/24/2011 12:00:00 AM","16393.2300","1311.4584","409.8308","18114.5192","12/24/2011 12:00:00 AM"
"19","4","4","259","1696","2","12/15/2011 12:00:00 AM","12/24/2011 12:00:00 AM","79204.1250","6336.3300","1980.1031","87520.5581","12/24/2011 12:00:00 AM"
"20","4","4","260","1504","1","12/15/2011 12:00:00 AM","12/24/2011 12:00:00 AM","551.8800","44.1504","13.7970","609.8274","12/24/2011 12:00:00 AM"
"21","4","4","250","1544","1","12/15/2011 12:00:00 AM","12/24/2011 12:00:00 AM","6987.7500","559.0200","174.6938","7721.4638","12/24/2011 12:00:00 AM"
"22","4","4","254","1530","2","12/15/2011 12:00:00 AM","12/24/2011 12:00:00 AM","28072.2750","2245.7820","701.8069","31019.8639","12/24/2011 12:00:00 AM"
"23","4","4","257","1508","1","12/15/2011 12:00:00 AM","12/24/2011 12:00:00 AM","37312.2750","2984.9820","932.8069","41230.0639","12/24/2011 12:00:00 AM"
"24","4","3","261","1694","1","12/15/2011 12:00:00 AM","12/24/2011 12:00:00 AM","4215.7500","337.2600","105.3938","4658.4038","12/24/2011 12:00:00 AM"
"25","4","4","251","1624","2","12/15/2011 12:00:00 AM","12/24/2011 12:00:00 AM","28297.5000","2263.8000","707.4375","31268.7375","12/24/2011 12:00:00 AM"
"26","4","4","253","1548","2","12/15/2011 12:00:00 AM","12/24/2011 12:00:00 AM","59.9445","4.7956","1.4986","66.2387","12/24/2011 12:00:00 AM"
"27","4","4","255","1598","4","12/15/2011 12:00:00 AM","12/24/2011 12:00:00 AM","722.6100","57.8088","18.0653","798.4841","12/24/2011 12:00:00 AM"
"28","4","4","256","1658","5","12/15/2011 12:00:00 AM","12/24/2011 12:00:00 AM","43878.4500","3510.2760","1096.9613","48485.6873","12/24/2011 12:00:00 AM"
"29","4","4","259","1536","4","1/8/2012 12:00:00 AM","1/17/2012 12:00:00 AM","592.7985","47.4239","14.8200","655.0424","1/17/2012 12:00:00 AM"
"30","4","4","260","1568","2","1/8/2012 12:00:00 AM","1/17/2012 12:00:00 AM","21252.0000","1700.1600","531.3000","23483.4600","1/17/2012 12:00:00 AM"
"31","4","4","258","1648","5","1/8/2012 12:00:00 AM","1/17/2012 12:00:00 AM","142.4115","11.3929","3.5603","157.3647","1/17/2012 12:00:00 AM"
"32","6","4","254","1646","2","1/8/2012 12:00:00 AM","1/17/2012 12:00:00 AM","28794.1500","2303.5320","719.8538","31817.5358","1/17/2012 12:00:00 AM"
"33","4","4","257","1672","4","1/16/2012 12:00:00 AM","1/25/2012 12:00:00 AM","421.1550","33.6924","10.5289","465.3763","1/25/2012 12:00:00 AM"
"34","4","3","261","1600","1","1/16/2012 12:00:00 AM","1/25/2012 12:00:00 AM","1276.2750","102.1020","31.9069","1410.2839","1/25/2012 12:00:00 AM"
"35","4","4","251","1522","1","1/16/2012 12:00:00 AM","1/25/2012 12:00:00 AM","2003.9250","160.3140","50.0981","2214.3371","1/25/2012 12:00:00 AM"
"36","4","4","253","1570","2","1/16/2012 12:00:00 AM","1/25/2012 12:00:00 AM","50860.4250","4068.8340","1271.5106","56200.7696","1/25/2012 12:00:00 AM"
"37","4","4","255","1516","1","1/16/2012 12:00:00 AM","1/25/2012 12:00:00 AM","454.8600","36.3888","11.3715","502.6203","1/25/2012 12:00:00 AM"
"38","6","4","256","1506","5","1/16/2012 12:00:00 AM","1/25/2012 12:00:00 AM","43878.4500","3510.2760","1096.9613","48485.6873","1/25/2012 12:00:00 AM"
"39","4","4","252","1626","2","1/16/2012 12:00:00 AM","1/25/2012 12:00:00 AM","7132.1250","570.5700","178.3031","7880.9981","1/25/2012 12:00:00 AM"
"40","4","4","260","1542","2","1/16/2012 12:00:00 AM","1/25/2012 12:00:00 AM","28343.7000","2267.4960","708.5925","31319.7885","1/25/2012 12:00:00 AM"
"41","4","4","258","1610","4","1/16/2012 12:00:00 AM","1/25/2012 12:00:00 AM","22516.7250","1801.3380","562.9181","24880.9811","1/25/2012 12:00:00 AM"
"42","5","4","254","1638","5","1/16/2012 12:00:00 AM","1/25/2012 12:00:00 AM","34644.2250","2771.5380","866.1056","38281.8686","1/25/2012 12:00:00 AM"
"43","4","4","257","1582","5","1/16/2012 12:00:00 AM","1/25/2012 12:00:00 AM","427.9275","34.2342","10.6982","472.8599","1/25/2012 12:00:00 AM"
"44","4","3","261","1510","5","1/16/2012 12:00:00 AM","1/25/2012 12:00:00 AM","143.0415","11.4433","3.5760","158.0608","1/25/2012 12:00:00 AM"
"45","4","4","250","1526","2","1/16/2012 12:00:00 AM","1/25/2012 12:00:00 AM","28199.3250","2255.9460","704.9831","31160.2541","1/25/2012 12:00:00 AM"
"46","4","4","253","1644","1","1/16/2012 12:00:00 AM","1/25/2012 12:00:00 AM","3713.3250","297.0660","92.8331","4103.2241","1/25/2012 12:00:00 AM"
"47","4","4","255","1680","5","1/16/2012 12:00:00 AM","1/25/2012 12:00:00 AM","63831.0750","5106.4860","1595.7769","70533.3379","1/25/2012 12:00:00 AM"
"48","4","4","256","1584","5","1/16/2012 12:00:00 AM","1/25/2012 12:00:00 AM","16340.3100","1307.2248","408.5078","18056.0426","1/25/2012 12:00:00 AM"
"49","4","4","259","1620","5","1/20/2012 12:00:00 AM","1/29/2012 12:00:00 AM","5711.4750","456.9180","142.7869","6311.1799","1/29/2012 12:00:00 AM"
"50","5","4","260","1666","5","1/20/2012 12:00:00 AM","1/29/2012 12:00:00 AM","429.3450","34.3476","10.7336","474.4262","1/29/2012 12:00:00 AM"
"51","4","4","258","1592","2","1/20/2012 12:00:00 AM","1/29/2012 12:00:00 AM","97.9650","7.8372","2.4491","108.2513","1/29/2012 12:00:00 AM"
"52","4","4","254","1618","4","1/20/2012 12:00:00 AM","1/29/2012 12:00:00 AM","114.4710","9.1577","2.8618","126.4905","1/29/2012 12:00:00 AM"
"53","4","4","252","1612","4","1/24/2012 12:00:00 AM","2/2/2012 12:00:00 AM","132.6465","10.6117","3.3162","146.5744","2/2/2012 12:00:00 AM"
"54","6","3","261","1586","5","1/24/2012 12:00:00 AM","2/2/2012 12:00:00 AM","43878.4500","3510.2760","1096.9613","48485.6873","2/2/2012 12:00:00 AM"
"55","4","4","251","1500","1","1/24/2012 12:00:00 AM","2/2/2012 12:00:00 AM","418.9500","33.5160","10.4738","462.9398","2/2/2012 12:00:00 AM"
"56","4","4","253","1656","4","1/24/2012 12:00:00 AM","2/2/2012 12:00:00 AM","525.7665","42.0613","13.1442","580.9720","2/2/2012 12:00:00 AM"
"57","4","4","255","1572","1","1/24/2012 12:00:00 AM","2/2/2012 12:00:00 AM","461.7900","36.9432","11.5448","510.2780","2/2/2012 12:00:00 AM"
"58","4","4","256","1562","4","1/24/2012 12:00:00 AM","2/2/2012 12:00:00 AM","630.3780","50.4302","15.7595","696.5677","2/2/2012 12:00:00 AM"
"59","9","4","259","1662","2","1/24/2012 12:00:00 AM","2/2/2012 12:00:00 AM","37.0755","2.9660","0.9269","40.9684","2/2/2012 12:00:00 AM"
"60","4","4","260","1682","4","1/24/2012 12:00:00 AM","2/2/2012 12:00:00 AM","21558.0750","1724.6460","538.9519","23821.6729","2/2/2012 12:00:00 AM"
"61","4","4","258","1686","4","1/24/2012 12:00:00 AM","2/2/2012 12:00:00 AM","507.0870","40.5670","12.6772","560.3312","2/2/2012 12:00:00 AM"
"62","4","4","254","1684","5","1/24/2012 12:00:00 AM","2/2/2012 12:00:00 AM","41048.7000","3283.8960","1026.2175","45358.8135","2/2/2012 12:00:00 AM"
"63","4","4","257","1534","5","1/24/2012 12:00:00 AM","2/2/2012 12:00:00 AM","429.3450","34.3476","10.7336","474.4262","2/2/2012 12:00:00 AM"
"64","5","3","261","1614","5","1/24/2012 12:00:00 AM","2/2/2012 12:00:00 AM","279.1530","22.3322","6.9788","308.4640","2/2/2012 12:00:00 AM"
"65","4","4","251","1588","5","1/24/2012 12:00:00 AM","2/2/2012 12:00:00 AM","40471.2000","3237.6960","1011.7800","44720.6760","2/2/2012 12:00:00 AM"
"66","5","4","253","1622","5","1/24/2012 12:00:00 AM","2/2/2012 12:00:00 AM","563.5665","45.0853","14.0892","622.7410","2/2/2012 12:00:00 AM"
"67","4","4","255","1632","5","1/24/2012 12:00:00 AM","2/2/2012 12:00:00 AM","62092.8000","4967.4240","1552.3200","68612.5440","2/2/2012 12:00:00 AM"
"68","5","4","256","1608","5","1/24/2012 12:00:00 AM","2/2/2012 12:00:00 AM","5948.2500","475.8600","148.7063","6572.8163","2/2/2012 12:00:00 AM"
"69","4","4","259","1576","5","1/25/2012 12:00:00 AM","2/3/2012 12:00:00 AM","91117.9500","7289.4360","2277.9488","100685.3348","2/3/2012 12:00:00 AM"
"70","5","4","260","1590","1","1/25/2012 12:00:00 AM","2/3/2012 12:00:00 AM","525.0000","42.0000","13.1250","580.1250","2/3/2012 12:00:00 AM"
"71","4","4","258","1514","5","1/25/2012 12:00:00 AM","2/3/2012 12:00:00 AM","2003.6835","160.2947","50.0921","2214.0703","2/3/2012 12:00:00 AM"
"72","4","4","254","1498","4","1/25/2012 12:00:00 AM","2/3/2012 12:00:00 AM","26455.2750","2116.4220","661.3819","29233.0789","2/3/2012 12:00:00 AM"
"73","4","4","257","1674","2","2/9/2012 12:00:00 AM","2/18/2012 12:00:00 AM","944.3700","75.5496","23.6093","1043.5289","2/18/2012 12:00:00 AM"
"74","6","3","261","1652","4","2/9/2012 12:00:00 AM","2/18/2012 12:00:00 AM","44594.5500","3567.5640","1114.8638","49276.9778","2/18/2012 12:00:00 AM"
"75","4","4","251","1578","3","2/9/2012 12:00:00 AM","2/18/2012 12:00:00 AM","62843.5500","5027.4840","1571.0888","69442.1228","2/18/2012 12:00:00 AM"
"76","4","4","253","1538","5","2/9/2012 12:00:00 AM","2/18/2012 12:00:00 AM","37843.5750","3027.4860","946.0894","41817.1504","2/18/2012 12:00:00 AM"
"77","4","4","252","1556","4","2/9/2012 12:00:00 AM","2/18/2012 12:00:00 AM","25531.2750","2042.5020","638.2819","28212.0589","2/18/2012 12:00:00 AM"
"78","4","4","256","1554","5","2/9/2012 12:00:00 AM","2/18/2012 12:00:00 AM","694.1655","55.5332","17.3541","767.0528","2/18/2012 12:00:00 AM"
"79","4","4","259","1688","4","2/9/2012 12:00:00 AM","2/18/2012 12:00:00 AM","125.7480","10.0598","3.1437","138.9515","2/18/2012 12:00:00 AM"
"80","4","4","260","1580","5","2/9/2012 12:00:00 AM","2/18/2012 12:00:00 AM","150.7905","12.0632","3.7698","166.6235","2/18/2012 12:00:00 AM"
"81","4","4","258","1496","5","2/9/2012 12:00:00 AM","2/18/2012 12:00:00 AM","560.0070","44.8006","14.0002","618.8078","2/18/2012 12:00:00 AM"
"82","5","4","254","1494","2","2/9/2012 12:00:00 AM","2/18/2012 12:00:00 AM","8847.3000","707.7840","221.1825","9776.2665","2/18/2012 12:00:00 AM"
"83","4","4","257","1650","5","2/9/2012 12:00:00 AM","2/18/2012 12:00:00 AM","171.0765","13.6861","4.2769","189.0395","2/18/2012 12:00:00 AM"
"84","4","3","261","1654","4","2/9/2012 12:00:00 AM","2/18/2012 12:00:00 AM","20397.3000","1631.7840","509.9325","22539.0165","2/18/2012 12:00:00 AM"
"85","4","4","251","1664","3","2/9/2012 12:00:00 AM","2/18/2012 12:00:00 AM","14628.0750","1170.2460","365.7019","16164.0229","2/18/2012 12:00:00 AM"
"86","5","4","253","1678","3","2/9/2012 12:00:00 AM","2/18/2012 12:00:00 AM","58685.5500","4694.8440","1467.1388","64847.5328","2/18/2012 12:00:00 AM"
"87","4","4","255","1616","5","2/9/2012 12:00:00 AM","2/18/2012 12:00:00 AM","773.0100","61.8408","19.3253","854.1761","2/18/2012 12:00:00 AM"
"88","5","4","252","1492","5","2/9/2012 12:00:00 AM","2/18/2012 12:00:00 AM","656.5860","52.5269","16.4147","725.5276","2/18/2012 12:00:00 AM"
"89","4","4","259","1602","5","2/23/2012 12:00:00 AM","3/3/2012 12:00:00 AM","1796.0355","143.6828","44.9009","1984.6192","3/3/2012 12:00:00 AM"
"90","4","4","260","1540","4","2/23/2012 12:00:00 AM","3/3/2012 12:00:00 AM","358.6275","28.6902","8.9657","396.2834","3/3/2012 12:00:00 AM"
"91","4","4","258","1628","5","2/23/2012 12:00:00 AM","3/3/2012 12:00:00 AM","34644.2250","2771.5380","866.1056","38281.8686","3/3/2012 12:00:00 AM"
"92","4","4","250","1604","4","2/23/2012 12:00:00 AM","3/3/2012 12:00:00 AM","257.5755","20.6060","6.4394","284.6209","3/3/2012 12:00:00 AM"
"93","4","4","257","1690","5","2/27/2012 12:00:00 AM","3/7/2012 12:00:00 AM","146.2860","11.7029","3.6572","161.6461","3/7/2012 12:00:00 AM"
"94","4","3","261","1566","5","2/27/2012 12:00:00 AM","3/7/2012 12:00:00 AM","102.5640","8.2051","2.5641","113.3332","3/7/2012 12:00:00 AM"
"95","4","4","251","1698","5","2/27/2012 12:00:00 AM","3/7/2012 12:00:00 AM","150.7905","12.0632","3.7698","166.6235","3/7/2012 12:00:00 AM"
"96","4","4","253","1560","5","2/27/2012 12:00:00 AM","3/7/2012 12:00:00 AM","13669.4250","1093.5540","341.7356","15104.7146","3/7/2012 12:00:00 AM"
"97","6","4","255","1692","5","3/8/2012 12:00:00 AM","3/17/2012 12:00:00 AM","16393.2300","1311.4584","409.8308","18114.5192","3/17/2012 12:00:00 AM"
"98","4","4","256","1696","4","3/8/2012 12:00:00 AM","3/17/2012 12:00:00 AM","73377.1500","5870.1720","1834.4288","81081.7508","3/17/2012 12:00:00 AM"
"99","4","4","259","1504","1","3/8/2012 12:00:00 AM","3/17/2012 12:00:00 AM","551.8800","44.1504","13.7970","609.8274","3/17/2012 12:00:00 AM"
"100","4","4","260","1544","1","3/8/2012 12:00:00 AM","3/17/2012 12:00:00 AM","6987.7500","559.0200","174.6938","7721.4638","3/17/2012 12:00:00 AM"
"101","5","4","258","1530","2","3/8/2012 12:00:00 AM","3/17/2012 12:00:00 AM","28072.2750","2245.7820","701.8069","31019.8639","3/17/2012 12:00:00 AM"
"102","4","4","254","1508","1","3/8/2012 12:00:00 AM","3/17/2012 12:00:00 AM","35394.9750","2831.5980","884.8744","39111.4474","3/17/2012 12:00:00 AM"
"103","4","4","257","1694","1","3/8/2012 12:00:00 AM","3/17/2012 12:00:00 AM","3407.2500","272.5800","85.1813","3765.0113","3/17/2012 12:00:00 AM"
"104","4","3","261","1624","2","3/8/2012 12:00:00 AM","3/17/2012 12:00:00 AM","28297.5000","2263.8000","707.4375","31268.7375","3/17/2012 12:00:00 AM"
"105","4","4","251","1548","2","3/8/2012 12:00:00 AM","3/17/2012 12:00:00 AM","59.9445","4.7956","1.4986","66.2387","3/17/2012 12:00:00 AM"
"106","4","4","253","1598","4","3/8/2012 12:00:00 AM","3/17/2012 12:00:00 AM","332.9550","26.6364","8.3239","367.9153","3/17/2012 12:00:00 AM"
"107","4","4","255","1658","5","3/8/2012 12:00:00 AM","3/17/2012 12:00:00 AM","43878.4500","3510.2760","1096.9613","48485.6873","3/17/2012 12:00:00 AM"
"108","4","4","256","1536","4","3/8/2012 12:00:00 AM","3/17/2012 12:00:00 AM","674.3835","53.9507","16.8596","745.1938","3/17/2012 12:00:00 AM"
"109","4","4","259","1568","2","3/8/2012 12:00:00 AM","3/17/2012 12:00:00 AM","31398.6750","2511.8940","784.9669","34695.5359","3/17/2012 12:00:00 AM"
"110","4","4","250","1648","5","3/8/2012 12:00:00 AM","3/17/2012 12:00:00 AM","142.4115","11.3929","3.5603","157.3647","3/17/2012 12:00:00 AM"
"111","4","4","258","1646","5","3/8/2012 12:00:00 AM","3/17/2012 12:00:00 AM","19236.5250","1538.9220","480.9131","21256.3601","3/17/2012 12:00:00 AM"
"112","4","4","254","1672","4","3/8/2012 12:00:00 AM","3/17/2012 12:00:00 AM","272.4435","21.7955","6.8111","301.0501","3/17/2012 12:00:00 AM"
"113","5","4","257","1600","1","3/9/2012 12:00:00 AM","3/18/2012 12:00:00 AM","1276.2750","102.1020","31.9069","1410.2839","3/18/2012 12:00:00 AM"
"114","4","3","261","1522","1","3/9/2012 12:00:00 AM","3/18/2012 12:00:00 AM","2003.9250","160.3140","50.0981","2214.3371","3/18/2012 12:00:00 AM"
"115","4","4","251","1570","2","3/9/2012 12:00:00 AM","3/18/2012 12:00:00 AM","50860.4250","4068.8340","1271.5106","56200.7696","3/18/2012 12:00:00 AM"
"116","4","4","253","1516","1","3/9/2012 12:00:00 AM","3/18/2012 12:00:00 AM","454.8600","36.3888","11.3715","502.6203","3/18/2012 12:00:00 AM"
"117","4","4","255","1506","5","3/9/2012 12:00:00 AM","3/18/2012 12:00:00 AM","43878.4500","3510.2760","1096.9613","48485.6873","3/18/2012 12:00:00 AM"
"118","5","4","256","1626","2","3/9/2012 12:00:00 AM","3/18/2012 12:00:00 AM","7132.1250","570.5700","178.3031","7880.9981","3/18/2012 12:00:00 AM"
"119","4","4","259","1542","2","3/9/2012 12:00:00 AM","3/18/2012 12:00:00 AM","28343.7000","2267.4960","708.5925","31319.7885","3/18/2012 12:00:00 AM"
"120","4","4","260","1610","4","3/9/2012 12:00:00 AM","3/18/2012 12:00:00 AM","22516.7250","1801.3380","562.9181","24880.9811","3/18/2012 12:00:00 AM"
"121","4","4","250","1638","5","3/9/2012 12:00:00 AM","3/18/2012 12:00:00 AM","34644.2250","2771.5380","866.1056","38281.8686","3/18/2012 12:00:00 AM"
"122","4","4","254","1582","4","3/9/2012 12:00:00 AM","3/18/2012 12:00:00 AM","266.2380","21.2990","6.6560","294.1930","3/18/2012 12:00:00 AM"
"123","5","4","257","1510","5","3/9/2012 12:00:00 AM","3/18/2012 12:00:00 AM","143.0415","11.4433","3.5760","158.0608","3/18/2012 12:00:00 AM"
"124","4","3","261","1526","2","3/9/2012 12:00:00 AM","3/18/2012 12:00:00 AM","28199.3250","2255.9460","704.9831","31160.2541","3/18/2012 12:00:00 AM"
"125","4","4","251","1644","1","3/9/2012 12:00:00 AM","3/18/2012 12:00:00 AM","3713.3250","297.0660","92.8331","4103.2241","3/18/2012 12:00:00 AM"
"126","4","4","253","1680","5","3/9/2012 12:00:00 AM","3/18/2012 12:00:00 AM","63831.0750","5106.4860","1595.7769","70533.3379","3/18/2012 12:00:00 AM"
"127","4","4","255","1584","5","3/9/2012 12:00:00 AM","3/18/2012 12:00:00 AM","16340.3100","1307.2248","408.5078","18056.0426","3/18/2012 12:00:00 AM"
"128","4","4","256","1620","5","3/9/2012 12:00:00 AM","3/18/2012 12:00:00 AM","5711.4750","456.9180","142.7869","6311.1799","3/18/2012 12:00:00 AM"
"129","4","4","259","1666","4","3/14/2012 12:00:00 AM","3/23/2012 12:00:00 AM","665.0280","53.2022","16.6257","734.8559","3/23/2012 12:00:00 AM"
"130","4","4","260","1592","2","3/14/2012 12:00:00 AM","3/23/2012 12:00:00 AM","97.9650","7.8372","2.4491","108.2513","3/23/2012 12:00:00 AM"
"131","4","4","258","1618","4","3/14/2012 12:00:00 AM","3/23/2012 12:00:00 AM","114.4710","9.1577","2.8618","126.4905","3/23/2012 12:00:00 AM"
"132","6","4","254","1612","4","3/14/2012 12:00:00 AM","3/23/2012 12:00:00 AM","132.6465","10.6117","3.3162","146.5744","3/23/2012 12:00:00 AM"
"133","4","4","257","1586","5","3/28/2012 12:00:00 AM","4/6/2012 12:00:00 AM","43878.4500","3510.2760","1096.9613","48485.6873","4/6/2012 12:00:00 AM"
"134","4","3","261","1500","1","3/28/2012 12:00:00 AM","4/6/2012 12:00:00 AM","418.9500","33.5160","10.4738","462.9398","4/6/2012 12:00:00 AM"
"135","4","4","251","1656","4","3/28/2012 12:00:00 AM","4/6/2012 12:00:00 AM","3413.2455","273.0596","85.3311","3771.6362","4/6/2012 12:00:00 AM"
"136","4","4","253","1572","1","3/28/2012 12:00:00 AM","4/6/2012 12:00:00 AM","461.7900","36.9432","11.5448","510.2780","4/6/2012 12:00:00 AM"
"137","6","4","255","1562","4","4/11/2012 12:00:00 AM","4/20/2012 12:00:00 AM","722.4525","57.7962","18.0613","798.3100","4/20/2012 12:00:00 AM"
"138","4","4","256","1662","2","4/11/2012 12:00:00 AM","4/20/2012 12:00:00 AM","37.0755","2.9660","0.9269","40.9684","4/20/2012 12:00:00 AM"
"139","5","4","252","1682","4","4/11/2012 12:00:00 AM","4/20/2012 12:00:00 AM","21558.0750","1724.6460","538.9519","23821.6729","4/20/2012 12:00:00 AM"
"140","4","4","260","1686","4","4/11/2012 12:00:00 AM","4/20/2012 12:00:00 AM","351.8550","28.1484","8.7964","388.7998","4/20/2012 12:00:00 AM"
"141","4","4","258","1684","4","4/11/2012 12:00:00 AM","4/20/2012 12:00:00 AM","45172.0500","3613.7640","1129.3013","49915.1153","4/20/2012 12:00:00 AM"
"142","6","4","254","1534","4","4/11/2012 12:00:00 AM","4/20/2012 12:00:00 AM","267.1830","21.3746","6.6796","295.2372","4/20/2012 12:00:00 AM"
"143","4","4","257","1614","5","4/11/2012 12:00:00 AM","4/20/2012 12:00:00 AM","415.8000","33.2640","10.3950","459.4590","4/20/2012 12:00:00 AM"
"144","5","3","261","1588","5","4/11/2012 12:00:00 AM","4/20/2012 12:00:00 AM","40471.2000","3237.6960","1011.7800","44720.6760","4/20/2012 12:00:00 AM"
"145","4","4","250","1622","4","4/11/2012 12:00:00 AM","4/20/2012 12:00:00 AM","662.0985","52.9679","16.5525","731.6189","4/20/2012 12:00:00 AM"
"146","4","4","253","1632","5","4/11/2012 12:00:00 AM","4/20/2012 12:00:00 AM","62092.8000","4967.4240","1552.3200","68612.5440","4/20/2012 12:00:00 AM"
"147","4","4","255","1608","5","4/11/2012 12:00:00 AM","4/20/2012 12:00:00 AM","5948.2500","475.8600","148.7063","6572.8163","4/20/2012 12:00:00 AM"
"148","4","4","256","1576","5","4/11/2012 12:00:00 AM","4/20/2012 12:00:00 AM","91117.9500","7289.4360","2277.9488","100685.3348","4/20/2012 12:00:00 AM"
"149","4","4","259","1590","1","4/11/2012 12:00:00 AM","4/20/2012 12:00:00 AM","525.0000","42.0000","13.1250","580.1250","4/20/2012 12:00:00 AM"
"150","4","4","260","1514","5","4/11/2012 12:00:00 AM","4/20/2012 12:00:00 AM","2003.6835","160.2947","50.0921","2214.0703","4/20/2012 12:00:00 AM"
"151","5","4","258","1498","4","4/11/2012 12:00:00 AM","4/20/2012 12:00:00 AM","26455.2750","2116.4220","661.3819","29233.0789","4/20/2012 12:00:00 AM"
"152","4","4","254","1674","2","4/11/2012 12:00:00 AM","4/20/2012 12:00:00 AM","944.3700","75.5496","23.6093","1043.5289","4/20/2012 12:00:00 AM"
"153","4","4","252","1652","1","5/2/2012 12:00:00 AM","5/11/2012 12:00:00 AM","6993.5250","559.4820","174.8381","7727.8451","5/11/2012 12:00:00 AM"
"154","4","3","261","1578","3","5/2/2012 12:00:00 AM","5/11/2012 12:00:00 AM","36122.6250","2889.8100","903.0656","39915.5006","5/11/2012 12:00:00 AM"
"155","4","4","251","1538","5","5/2/2012 12:00:00 AM","5/11/2012 12:00:00 AM","37843.5750","3027.4860","946.0894","41817.1504","5/11/2012 12:00:00 AM"
"156","5","4","253","1556","4","5/2/2012 12:00:00 AM","5/11/2012 12:00:00 AM","25531.2750","2042.5020","638.2819","28212.0589","5/11/2012 12:00:00 AM"
"157","4","4","255","1554","5","5/30/2012 12:00:00 AM","6/8/2012 12:00:00 AM","773.9550","61.9164","19.3489","855.2203","6/8/2012 12:00:00 AM"
"158","4","4","256","1688","4","5/30/2012 12:00:00 AM","6/8/2012 12:00:00 AM","125.7480","10.0598","3.1437","138.9515","6/8/2012 12:00:00 AM"
"159","4","4","259","1580","5","5/30/2012 12:00:00 AM","6/8/2012 12:00:00 AM","150.7905","12.0632","3.7698","166.6235","6/8/2012 12:00:00 AM"
"160","4","4","260","1496","4","5/30/2012 12:00:00 AM","6/8/2012 12:00:00 AM","391.5450","31.3236","9.7886","432.6572","6/8/2012 12:00:00 AM"
"161","4","4","258","1494","2","5/30/2012 12:00:00 AM","6/8/2012 12:00:00 AM","8847.3000","707.7840","221.1825","9776.2665","6/8/2012 12:00:00 AM"
"162","4","4","254","1650","5","5/30/2012 12:00:00 AM","6/8/2012 12:00:00 AM","171.0765","13.6861","4.2769","189.0395","6/8/2012 12:00:00 AM"
"163","4","4","257","1654","4","5/30/2012 12:00:00 AM","6/8/2012 12:00:00 AM","20397.3000","1631.7840","509.9325","22539.0165","6/8/2012 12:00:00 AM"
"164","4","3","261","1664","3","5/30/2012 12:00:00 AM","6/8/2012 12:00:00 AM","14628.0750","1170.2460","365.7019","16164.0229","6/8/2012 12:00:00 AM"
"165","4","4","251","1678","3","5/30/2012 12:00:00 AM","6/8/2012 12:00:00 AM","58685.5500","4694.8440","1467.1388","64847.5328","6/8/2012 12:00:00 AM"
"166","4","4","253","1616","4","5/30/2012 12:00:00 AM","6/8/2012 12:00:00 AM","481.8870","38.5510","12.0472","532.4852","6/8/2012 12:00:00 AM"
"167","4","4","255","1492","4","5/30/2012 12:00:00 AM","6/8/2012 12:00:00 AM","710.9550","56.8764","17.7739","785.6053","6/8/2012 12:00:00 AM"
"168","4","4","256","1602","5","5/30/2012 12:00:00 AM","6/8/2012 12:00:00 AM","1796.0355","143.6828","44.9009","1984.6192","6/8/2012 12:00:00 AM"
"169","4","4","259","1540","4","5/30/2012 12:00:00 AM","6/8/2012 12:00:00 AM","664.3035","53.1443","16.6076","734.0554","6/8/2012 12:00:00 AM"
"170","4","4","260","1628","5","5/30/2012 12:00:00 AM","6/8/2012 12:00:00 AM","34644.2250","2771.5380","866.1056","38281.8686","6/8/2012 12:00:00 AM"
"171","4","4","258","1604","3","5/30/2012 12:00:00 AM","6/8/2012 12:00:00 AM","1581.9300","126.5544","39.5483","1748.0327","6/8/2012 12:00:00 AM"
"172","4","4","254","1690","5","5/30/2012 12:00:00 AM","6/8/2012 12:00:00 AM","146.2860","11.7029","3.6572","161.6461","6/8/2012 12:00:00 AM"
"173","4","4","257","1566","5","6/11/2012 12:00:00 AM","6/20/2012 12:00:00 AM","102.5640","8.2051","2.5641","113.3332","6/20/2012 12:00:00 AM"
"174","4","3","261","1698","5","6/11/2012 12:00:00 AM","6/20/2012 12:00:00 AM","150.7905","12.0632","3.7698","166.6235","6/20/2012 12:00:00 AM"
"175","4","4","251","1560","5","6/11/2012 12:00:00 AM","6/20/2012 12:00:00 AM","13669.4250","1093.5540","341.7356","15104.7146","6/20/2012 12:00:00 AM"
"176","4","4","253","1692","5","6/11/2012 12:00:00 AM","6/20/2012 12:00:00 AM","13458.6900","1076.6952","336.4673","14871.8525","6/20/2012 12:00:00 AM"
"177","4","4","252","1696","2","6/22/2012 12:00:00 AM","7/1/2012 12:00:00 AM","101720.8500","8137.6680","2543.0213","112401.5393","7/1/2012 12:00:00 AM"
"178","4","4","256","1504","1","6/22/2012 12:00:00 AM","7/1/2012 12:00:00 AM","551.8800","44.1504","13.7970","609.8274","7/1/2012 12:00:00 AM"
"179","4","4","259","1544","1","6/22/2012 12:00:00 AM","7/1/2012 12:00:00 AM","6987.7500","559.0200","174.6938","7721.4638","7/1/2012 12:00:00 AM"
"180","4","4","260","1530","2","6/22/2012 12:00:00 AM","7/1/2012 12:00:00 AM","28072.2750","2245.7820","701.8069","31019.8639","7/1/2012 12:00:00 AM"
"181","4","4","258","1508","1","6/22/2012 12:00:00 AM","7/1/2012 12:00:00 AM","1917.3000","153.3840","47.9325","2118.6165","7/1/2012 12:00:00 AM"
"182","4","4","254","1694","1","6/22/2012 12:00:00 AM","7/1/2012 12:00:00 AM","4215.7500","337.2600","105.3938","4658.4038","7/1/2012 12:00:00 AM"
"183","4","4","257","1624","2","6/22/2012 12:00:00 AM","7/1/2012 12:00:00 AM","28297.5000","2263.8000","707.4375","31268.7375","7/1/2012 12:00:00 AM"
"184","4","3","261","1548","2","6/22/2012 12:00:00 AM","7/1/2012 12:00:00 AM","59.9445","4.7956","1.4986","66.2387","7/1/2012 12:00:00 AM"
"185","4","4","251","1598","4","6/22/2012 12:00:00 AM","7/1/2012 12:00:00 AM","1055.5650","84.4452","26.3891","1166.3993","7/1/2012 12:00:00 AM"
"186","4","4","253","1658","5","6/22/2012 12:00:00 AM","7/1/2012 12:00:00 AM","43878.4500","3510.2760","1096.9613","48485.6873","7/1/2012 12:00:00 AM"
"187","4","4","255","1536","4","6/22/2012 12:00:00 AM","7/1/2012 12:00:00 AM","747.8100","59.8248","18.6953","826.3301","7/1/2012 12:00:00 AM"
"188","4","4","252","1568","1","6/22/2012 12:00:00 AM","7/1/2012 12:00:00 AM","20957.4750","1676.5980","523.9369","23158.0099","7/1/2012 12:00:00 AM"
"189","4","4","259","1648","5","6/22/2012 12:00:00 AM","7/1/2012 12:00:00 AM","142.4115","11.3929","3.5603","157.3647","7/1/2012 12:00:00 AM"
"190","4","4","260","1646","2","6/22/2012 12:00:00 AM","7/1/2012 12:00:00 AM","48030.6750","3842.4540","1200.7669","53073.8959","7/1/2012 12:00:00 AM"
"191","4","4","258","1672","4","6/22/2012 12:00:00 AM","7/1/2012 12:00:00 AM","28597.0230","2287.7618","714.9256","31599.7104","7/1/2012 12:00:00 AM"
"192","4","4","250","1600","1","6/22/2012 12:00:00 AM","7/1/2012 12:00:00 AM","1276.2750","102.1020","31.9069","1410.2839","7/1/2012 12:00:00 AM"
"193","4","4","257","1522","1","6/25/2012 12:00:00 AM","7/4/2012 12:00:00 AM","2003.9250","160.3140","50.0981","2214.3371","7/4/2012 12:00:00 AM"
"194","4","3","261","1570","2","6/25/2012 12:00:00 AM","7/4/2012 12:00:00 AM","28343.7000","2267.4960","708.5925","31319.7885","7/4/2012 12:00:00 AM"
"195","4","4","251","1516","1","6/25/2012 12:00:00 AM","7/4/2012 12:00:00 AM","454.8600","36.3888","11.3715","502.6203","7/4/2012 12:00:00 AM"
"196","4","4","253","1506","5","6/25/2012 12:00:00 AM","7/4/2012 12:00:00 AM","43878.4500","3510.2760","1096.9613","48485.6873","7/4/2012 12:00:00 AM"
"197","4","4","255","1626","2","6/25/2012 12:00:00 AM","7/4/2012 12:00:00 AM","7132.1250","570.5700","178.3031","7880.9981","7/4/2012 12:00:00 AM"
"198","4","4","256","1542","2","6/25/2012 12:00:00 AM","7/4/2012 12:00:00 AM","28343.7000","2267.4960","708.5925","31319.7885","7/4/2012 12:00:00 AM"
"199","4","4","259","1610","4","6/25/2012 12:00:00 AM","7/4/2012 12:00:00 AM","22516.7250","1801.3380","562.9181","24880.9811","7/4/2012 12:00:00 AM"
"200","4","4","260","1638","5","6/25/2012 12:00:00 AM","7/4/2012 12:00:00 AM","34644.2250","2771.5380","866.1056","38281.8686","7/4/2012 12:00:00 AM"
"201","4","4","258","1582","5","7/27/2012 12:00:00 AM","8/5/2012 12:00:00 AM","532.9170","42.6334","13.3229","588.8733","8/5/2012 12:00:00 AM"
"202","4","4","254","1510","5","7/27/2012 12:00:00 AM","8/5/2012 12:00:00 AM","143.0415","11.4433","3.5760","158.0608","8/5/2012 12:00:00 AM"
"203","4","4","257","1526","2","7/27/2012 12:00:00 AM","8/5/2012 12:00:00 AM","28199.3250","2255.9460","704.9831","31160.2541","8/5/2012 12:00:00 AM"
"204","4","3","261","1644","1","7/27/2012 12:00:00 AM","8/5/2012 12:00:00 AM","3713.3250","297.0660","92.8331","4103.2241","8/5/2012 12:00:00 AM"
"205","4","4","251","1680","5","7/27/2012 12:00:00 AM","8/5/2012 12:00:00 AM","63831.0750","5106.4860","1595.7769","70533.3379","8/5/2012 12:00:00 AM"
"206","4","4","253","1584","5","7/27/2012 12:00:00 AM","8/5/2012 12:00:00 AM","13361.0400","1068.8832","334.0260","14763.9492","8/5/2012 12:00:00 AM"
"207","4","4","255","1620","5","7/27/2012 12:00:00 AM","8/5/2012 12:00:00 AM","5711.4750","456.9180","142.7869","6311.1799","8/5/2012 12:00:00 AM"
"208","4","4","256","1666","4","7/27/2012 12:00:00 AM","8/5/2012 12:00:00 AM","627.4485","50.1959","15.6862","693.3306","8/5/2012 12:00:00 AM"
"209","4","4","259","1592","2","7/31/2012 12:00:00 AM","8/9/2012 12:00:00 AM","97.9650","7.8372","2.4491","108.2513","8/9/2012 12:00:00 AM"
"210","4","4","250","1618","4","7/31/2012 12:00:00 AM","8/9/2012 12:00:00 AM","114.4710","9.1577","2.8618","126.4905","8/9/2012 12:00:00 AM"
"211","4","4","258","1612","4","7/31/2012 12:00:00 AM","8/9/2012 12:00:00 AM","132.6465","10.6117","3.3162","146.5744","8/9/2012 12:00:00 AM"
"212","4","4","254","1586","5","7/31/2012 12:00:00 AM","8/9/2012 12:00:00 AM","43878.4500","3510.2760","1096.9613","48485.6873","8/9/2012 12:00:00 AM"
"213","4","4","257","1500","1","8/15/2012 12:00:00 AM","8/24/2012 12:00:00 AM","418.9500","33.5160","10.4738","462.9398","8/24/2012 12:00:00 AM"
"214","4","3","261","1656","4","8/15/2012 12:00:00 AM","8/24/2012 12:00:00 AM","272.4435","21.7955","6.8111","301.0501","8/24/2012 12:00:00 AM"
"215","4","4","251","1572","1","8/15/2012 12:00:00 AM","8/24/2012 12:00:00 AM","461.7900","36.9432","11.5448","510.2780","8/24/2012 12:00:00 AM"
"216","4","4","253","1562","5","8/15/2012 12:00:00 AM","8/24/2012 12:00:00 AM","544.7295","43.5784","13.6182","601.9261","8/24/2012 12:00:00 AM"
"217","4","4","255","1662","2","8/15/2012 12:00:00 AM","8/24/2012 12:00:00 AM","37.0755","2.9660","0.9269","40.9684","8/24/2012 12:00:00 AM"
"218","4","4","256","1682","4","8/15/2012 12:00:00 AM","8/24/2012 12:00:00 AM","21558.0750","1724.6460","538.9519","23821.6729","8/24/2012 12:00:00 AM"
"219","4","4","259","1686","4","8/15/2012 12:00:00 AM","8/24/2012 12:00:00 AM","612.1080","48.9686","15.3027","676.3793","8/24/2012 12:00:00 AM"
"220","4","4","260","1684","5","8/15/2012 12:00:00 AM","8/24/2012 12:00:00 AM","65240.1750","5219.2140","1631.0044","72090.3934","8/24/2012 12:00:00 AM"
"221","4","4","250","1534","5","8/16/2012 12:00:00 AM","8/25/2012 12:00:00 AM","534.8070","42.7846","13.3702","590.9618","8/25/2012 12:00:00 AM"
"222","4","4","254","1614","5","8/16/2012 12:00:00 AM","8/25/2012 12:00:00 AM","273.0735","21.8459","6.8268","301.7462","8/25/2012 12:00:00 AM"
"223","4","4","257","1588","5","8/16/2012 12:00:00 AM","8/25/2012 12:00:00 AM","40471.2000","3237.6960","1011.7800","44720.6760","8/25/2012 12:00:00 AM"
"224","4","3","261","1622","5","8/16/2012 12:00:00 AM","8/25/2012 12:00:00 AM","278.5230","22.2818","6.9631","307.7679","8/25/2012 12:00:00 AM"
"225","4","4","251","1632","5","8/24/2012 12:00:00 AM","9/2/2012 12:00:00 AM","62092.8000","4967.4240","1552.3200","68612.5440","9/2/2012 12:00:00 AM"
"226","4","4","253","1608","5","8/24/2012 12:00:00 AM","9/2/2012 12:00:00 AM","5948.2500","475.8600","148.7063","6572.8163","9/2/2012 12:00:00 AM"
"227","5","4","255","1576","5","8/24/2012 12:00:00 AM","9/2/2012 12:00:00 AM","91117.9500","7289.4360","2277.9488","100685.3348","9/2/2012 12:00:00 AM"
"228","4","4","256","1590","1","8/24/2012 12:00:00 AM","9/2/2012 12:00:00 AM","525.0000","42.0000","13.1250","580.1250","9/2/2012 12:00:00 AM"
"229","4","4","259","1514","5","8/24/2012 12:00:00 AM","9/2/2012 12:00:00 AM","2003.6835","160.2947","50.0921","2214.0703","9/2/2012 12:00:00 AM"
"230","4","4","260","1498","4","8/24/2012 12:00:00 AM","9/2/2012 12:00:00 AM","26455.2750","2116.4220","661.3819","29233.0789","9/2/2012 12:00:00 AM"
"231","4","4","258","1674","2","8/24/2012 12:00:00 AM","9/2/2012 12:00:00 AM","944.3700","75.5496","23.6093","1043.5289","9/2/2012 12:00:00 AM"
"232","4","4","254","1652","4","8/24/2012 12:00:00 AM","9/2/2012 12:00:00 AM","44594.5500","3567.5640","1114.8638","49276.9778","9/2/2012 12:00:00 AM"
"233","4","4","257","1578","5","8/28/2012 12:00:00 AM","9/6/2012 12:00:00 AM","26720.9250","2137.6740","668.0231","29526.6221","9/6/2012 12:00:00 AM"
"234","4","3","261","1538","5","8/28/2012 12:00:00 AM","9/6/2012 12:00:00 AM","37843.5750","3027.4860","946.0894","41817.1504","9/6/2012 12:00:00 AM"
"235","4","4","251","1556","4","8/28/2012 12:00:00 AM","9/6/2012 12:00:00 AM","25531.2750","2042.5020","638.2819","28212.0589","9/6/2012 12:00:00 AM"
"236","4","4","253","1554","4","8/28/2012 12:00:00 AM","9/6/2012 12:00:00 AM","482.5170","38.6014","12.0629","533.1813","9/6/2012 12:00:00 AM"
"237","4","4","255","1688","4","9/5/2012 12:00:00 AM","9/14/2012 12:00:00 AM","125.7480","10.0598","3.1437","138.9515","9/14/2012 12:00:00 AM"
"238","4","4","256","1580","5","9/5/2012 12:00:00 AM","9/14/2012 12:00:00 AM","150.7905","12.0632","3.7698","166.6235","9/14/2012 12:00:00 AM"
"239","4","4","252","1496","4","9/5/2012 12:00:00 AM","9/14/2012 12:00:00 AM","602.0280","48.1622","15.0507","665.2409","9/14/2012 12:00:00 AM"
"240","4","4","260","1494","2","9/5/2012 12:00:00 AM","9/14/2012 12:00:00 AM","8847.3000","707.7840","221.1825","9776.2665","9/14/2012 12:00:00 AM"
"241","4","4","258","1650","5","9/21/2012 12:00:00 AM","9/30/2012 12:00:00 AM","171.0765","13.6861","4.2769","189.0395","9/30/2012 12:00:00 AM"
"242","4","4","254","1654","4","9/21/2012 12:00:00 AM","9/30/2012 12:00:00 AM","20397.3000","1631.7840","509.9325","22539.0165","9/30/2012 12:00:00 AM"
"243","4","4","257","1664","3","9/21/2012 12:00:00 AM","9/30/2012 12:00:00 AM","14628.0750","1170.2460","365.7019","16164.0229","9/30/2012 12:00:00 AM"
"244","4","3","261","1678","3","9/21/2012 12:00:00 AM","9/30/2012 12:00:00 AM","33350.6250","2668.0500","833.7656","36852.4406","9/30/2012 12:00:00 AM"
"245","5","4","250","1616","4","9/21/2012 12:00:00 AM","9/30/2012 12:00:00 AM","475.6815","38.0545","11.8920","525.6280","9/30/2012 12:00:00 AM"
"246","4","4","253","1492","5","9/21/2012 12:00:00 AM","9/30/2012 12:00:00 AM","564.1965","45.1357","14.1049","623.4371","9/30/2012 12:00:00 AM"
"247","4","4","255","1602","5","9/21/2012 12:00:00 AM","9/30/2012 12:00:00 AM","1796.0355","143.6828","44.9009","1984.6192","9/30/2012 12:00:00 AM"
"248","5","4","256","1540","4","9/21/2012 12:00:00 AM","9/30/2012 12:00:00 AM","665.0280","53.2022","16.6257","734.8559","9/30/2012 12:00:00 AM"
"249","4","4","259","1628","5","9/21/2012 12:00:00 AM","9/30/2012 12:00:00 AM","34644.2250","2771.5380","866.1056","38281.8686","9/30/2012 12:00:00 AM"
"250","4","4","260","1604","4","9/21/2012 12:00:00 AM","9/30/2012 12:00:00 AM","1839.5055","147.1604","45.9876","2032.6535","9/30/2012 12:00:00 AM"
"251","4","4","258","1690","5","9/21/2012 12:00:00 AM","9/30/2012 12:00:00 AM","146.2860","11.7029","3.6572","161.6461","9/30/2012 12:00:00 AM"
"252","4","4","254","1566","5","9/21/2012 12:00:00 AM","9/30/2012 12:00:00 AM","102.5640","8.2051","2.5641","113.3332","9/30/2012 12:00:00 AM"
"253","4","4","252","1698","5","9/21/2012 12:00:00 AM","9/30/2012 12:00:00 AM","150.7905","12.0632","3.7698","166.6235","9/30/2012 12:00:00 AM"
"254","5","3","261","1560","5","9/21/2012 12:00:00 AM","9/30/2012 12:00:00 AM","13669.4250","1093.5540","341.7356","15104.7146","9/30/2012 12:00:00 AM"
"255","4","4","251","1692","5","9/21/2012 12:00:00 AM","9/30/2012 12:00:00 AM","2934.5400","234.7632","73.3635","3242.6667","9/30/2012 12:00:00 AM"
"256","4","4","253","1696","2","9/21/2012 12:00:00 AM","9/30/2012 12:00:00 AM","50860.4250","4068.8340","1271.5106","56200.7696","9/30/2012 12:00:00 AM"
"257","4","4","255","1504","1","10/2/2012 12:00:00 AM","10/11/2012 12:00:00 AM","551.8800","44.1504","13.7970","609.8274","10/11/2012 12:00:00 AM"
"258","4","4","256","1544","1","10/2/2012 12:00:00 AM","10/11/2012 12:00:00 AM","6987.7500","559.0200","174.6938","7721.4638","10/11/2012 12:00:00 AM"
"259","4","4","259","1530","2","10/2/2012 12:00:00 AM","10/11/2012 12:00:00 AM","28072.2750","2245.7820","701.8069","31019.8639","10/11/2012 12:00:00 AM"
"260","4","4","260","1508","1","10/2/2012 12:00:00 AM","10/11/2012 12:00:00 AM","37312.2750","2984.9820","932.8069","41230.0639","10/11/2012 12:00:00 AM"
"261","4","4","258","1694","1","10/11/2012 12:00:00 AM","10/20/2012 12:00:00 AM","3407.2500","272.5800","85.1813","3765.0113","10/20/2012 12:00:00 AM"
"262","7","4","254","1624","2","10/11/2012 12:00:00 AM","10/20/2012 12:00:00 AM","28297.5000","2263.8000","707.4375","31268.7375","10/20/2012 12:00:00 AM"
"263","4","4","257","1548","2","10/11/2012 12:00:00 AM","10/20/2012 12:00:00 AM","59.9445","4.7956","1.4986","66.2387","10/20/2012 12:00:00 AM"
"264","4","3","261","1598","4","10/11/2012 12:00:00 AM","10/20/2012 12:00:00 AM","240.7230","19.2578","6.0181","265.9989","10/20/2012 12:00:00 AM"
"265","4","4","251","1658","5","10/17/2012 12:00:00 AM","10/26/2012 12:00:00 AM","43878.4500","3510.2760","1096.9613","48485.6873","10/26/2012 12:00:00 AM"
"266","4","4","253","1536","4","10/17/2012 12:00:00 AM","10/26/2012 12:00:00 AM","475.2090","38.0167","11.8802","525.1059","10/26/2012 12:00:00 AM"
"267","4","4","255","1568","5","10/17/2012 12:00:00 AM","10/26/2012 12:00:00 AM","5757.6750","460.6140","143.9419","6362.2309","10/26/2012 12:00:00 AM"
"268","4","4","256","1648","5","10/17/2012 12:00:00 AM","10/26/2012 12:00:00 AM","142.4115","11.3929","3.5603","157.3647","10/26/2012 12:00:00 AM"
"269","4","4","259","1646","2","10/17/2012 12:00:00 AM","10/26/2012 12:00:00 AM","48030.6750","3842.4540","1200.7669","53073.8959","10/26/2012 12:00:00 AM"
"270","4","4","260","1672","4","10/17/2012 12:00:00 AM","10/26/2012 12:00:00 AM","22516.7250","1801.3380","562.9181","24880.9811","10/26/2012 12:00:00 AM"
"271","5","4","258","1600","1","10/17/2012 12:00:00 AM","10/26/2012 12:00:00 AM","1276.2750","102.1020","31.9069","1410.2839","10/26/2012 12:00:00 AM"
"272","4","4","254","1522","1","10/17/2012 12:00:00 AM","10/26/2012 12:00:00 AM","2003.9250","160.3140","50.0981","2214.3371","10/26/2012 12:00:00 AM"
"273","4","4","257","1570","4","10/17/2012 12:00:00 AM","10/26/2012 12:00:00 AM","22516.7250","1801.3380","562.9181","24880.9811","10/26/2012 12:00:00 AM"
"274","4","3","261","1516","1","10/17/2012 12:00:00 AM","10/26/2012 12:00:00 AM","454.8600","36.3888","11.3715","502.6203","10/26/2012 12:00:00 AM"
"275","4","4","251","1506","5","10/17/2012 12:00:00 AM","10/26/2012 12:00:00 AM","43878.4500","3510.2760","1096.9613","48485.6873","10/26/2012 12:00:00 AM"
"276","4","4","253","1626","2","10/17/2012 12:00:00 AM","10/26/2012 12:00:00 AM","7132.1250","570.5700","178.3031","7880.9981","10/26/2012 12:00:00 AM"
"277","6","4","252","1542","2","10/17/2012 12:00:00 AM","10/26/2012 12:00:00 AM","28343.7000","2267.4960","708.5925","31319.7885","10/26/2012 12:00:00 AM"
"278","4","4","256","1610","4","10/17/2012 12:00:00 AM","10/26/2012 12:00:00 AM","22516.7250","1801.3380","562.9181","24880.9811","10/26/2012 12:00:00 AM"
"279","4","4","259","1638","5","10/17/2012 12:00:00 AM","10/26/2012 12:00:00 AM","34644.2250","2771.5380","866.1056","38281.8686","10/26/2012 12:00:00 AM"
"280","4","4","260","1582","4","10/17/2012 12:00:00 AM","10/26/2012 12:00:00 AM","371.2275","29.6982","9.2807","410.2064","10/26/2012 12:00:00 AM"
"281","4","4","258","1510","5","2/8/2013 12:00:00 AM","2/17/2013 12:00:00 AM","143.0415","11.4433","3.5760","158.0608","2/17/2013 12:00:00 AM"
"282","4","4","254","1526","2","2/8/2013 12:00:00 AM","2/17/2013 12:00:00 AM","28199.3250","2255.9460","704.9831","31160.2541","2/17/2013 12:00:00 AM"
"283","4","4","257","1644","1","2/8/2013 12:00:00 AM","2/17/2013 12:00:00 AM","3713.3250","297.0660","92.8331","4103.2241","2/17/2013 12:00:00 AM"
"284","5","3","261","1680","5","2/8/2013 12:00:00 AM","2/17/2013 12:00:00 AM","43878.4500","3510.2760","1096.9613","48485.6873","2/17/2013 12:00:00 AM"
"285","4","4","251","1584","5","2/8/2013 12:00:00 AM","2/17/2013 12:00:00 AM","2979.2700","238.3416","74.4818","3292.0934","2/17/2013 12:00:00 AM"
"286","4","4","253","1620","5","2/8/2013 12:00:00 AM","2/17/2013 12:00:00 AM","5711.4750","456.9180","142.7869","6311.1799","2/17/2013 12:00:00 AM"
"287","4","4","255","1666","4","2/8/2013 12:00:00 AM","2/17/2013 12:00:00 AM","347.4450","27.7956","8.6861","383.9267","2/17/2013 12:00:00 AM"
"288","4","4","252","1592","2","2/8/2013 12:00:00 AM","2/17/2013 12:00:00 AM","97.9650","7.8372","2.4491","108.2513","2/17/2013 12:00:00 AM"
"289","4","4","259","1618","4","2/13/2013 12:00:00 AM","2/22/2013 12:00:00 AM","114.4710","9.1577","2.8618","126.4905","2/22/2013 12:00:00 AM"
"290","5","4","260","1612","4","2/13/2013 12:00:00 AM","2/22/2013 12:00:00 AM","132.6465","10.6117","3.3162","146.5744","2/22/2013 12:00:00 AM"
"291","4","4","258","1586","5","2/13/2013 12:00:00 AM","2/22/2013 12:00:00 AM","43878.4500","3510.2760","1096.9613","48485.6873","2/22/2013 12:00:00 AM"
"292","4","4","250","1500","1","2/13/2013 12:00:00 AM","2/22/2013 12:00:00 AM","418.9500","33.5160","10.4738","462.9398","2/22/2013 12:00:00 AM"
"293","4","4","257","1656","4","2/13/2013 12:00:00 AM","2/22/2013 12:00:00 AM","389.6550","31.1724","9.7414","430.5688","2/22/2013 12:00:00 AM"
"294","4","3","261","1572","1","2/13/2013 12:00:00 AM","2/22/2013 12:00:00 AM","461.7900","36.9432","11.5448","510.2780","2/22/2013 12:00:00 AM"
"295","4","4","251","1562","4","2/13/2013 12:00:00 AM","2/22/2013 12:00:00 AM","982.4535","78.5963","24.5613","1085.6111","2/22/2013 12:00:00 AM"
"296","4","4","253","1662","2","2/13/2013 12:00:00 AM","2/22/2013 12:00:00 AM","37.0755","2.9660","0.9269","40.9684","2/22/2013 12:00:00 AM"
"297","5","4","255","1682","4","4/5/2013 12:00:00 AM","4/14/2013 12:00:00 AM","21558.0750","1724.6460","538.9519","23821.6729","4/14/2013 12:00:00 AM"
"298","4","4","256","1686","5","4/5/2013 12:00:00 AM","4/14/2013 12:00:00 AM","688.8735","55.1099","17.2218","761.2052","4/14/2013 12:00:00 AM"
"299","4","4","259","1684","4","4/5/2013 12:00:00 AM","4/14/2013 12:00:00 AM","20980.5750","1678.4460","524.5144","23183.5354","4/14/2013 12:00:00 AM"
"300","4","4","260","1534","4","4/5/2013 12:00:00 AM","4/14/2013 12:00:00 AM","372.6450","29.8116","9.3161","411.7727","4/14/2013 12:00:00 AM"
"301","4","4","258","1614","4","4/12/2013 12:00:00 AM","4/21/2013 12:00:00 AM","260.4735","20.8379","6.5118","287.8232","4/21/2013 12:00:00 AM"
"302","4","4","254","1588","5","4/12/2013 12:00:00 AM","4/21/2013 12:00:00 AM","40471.2000","3237.6960","1011.7800","44720.6760","4/21/2013 12:00:00 AM"
"303","5","4","257","1622","5","4/12/2013 12:00:00 AM","4/21/2013 12:00:00 AM","414.8550","33.1884","10.3714","458.4148","4/21/2013 12:00:00 AM"
"304","4","3","261","1632","5","4/12/2013 12:00:00 AM","4/21/2013 12:00:00 AM","38421.0750","3073.6860","960.5269","42455.2879","4/21/2013 12:00:00 AM"
"305","4","4","251","1608","5","4/24/2013 12:00:00 AM","5/3/2013 12:00:00 AM","5948.2500","475.8600","148.7063","6572.8163","5/3/2013 12:00:00 AM"
"306","4","4","253","1576","5","4/24/2013 12:00:00 AM","5/3/2013 12:00:00 AM","91117.9500","7289.4360","2277.9488","100685.3348","5/3/2013 12:00:00 AM"
"307","4","4","255","1590","1","4/24/2013 12:00:00 AM","5/3/2013 12:00:00 AM","525.0000","42.0000","13.1250","580.1250","5/3/2013 12:00:00 AM"
"308","4","4","256","1514","5","4/24/2013 12:00:00 AM","5/3/2013 12:00:00 AM","2003.6835","160.2947","50.0921","2214.0703","5/3/2013 12:00:00 AM"
"309","4","4","259","1498","4","4/24/2013 12:00:00 AM","5/3/2013 12:00:00 AM","26455.2750","2116.4220","661.3819","29233.0789","5/3/2013 12:00:00 AM"
"310","4","4","250","1674","2","4/24/2013 12:00:00 AM","5/3/2013 12:00:00 AM","944.3700","75.5496","23.6093","1043.5289","5/3/2013 12:00:00 AM"
"311","4","4","258","1652","1","4/24/2013 12:00:00 AM","5/3/2013 12:00:00 AM","6993.5250","559.4820","174.8381","7727.8451","5/3/2013 12:00:00 AM"
"312","4","4","254","1578","3","4/24/2013 12:00:00 AM","5/3/2013 12:00:00 AM","36122.6250","2889.8100","903.0656","39915.5006","5/3/2013 12:00:00 AM"
"313","4","4","257","1538","5","4/24/2013 12:00:00 AM","5/3/2013 12:00:00 AM","37843.5750","3027.4860","946.0894","41817.1504","5/3/2013 12:00:00 AM"
"314","4","3","261","1556","4","4/24/2013 12:00:00 AM","5/3/2013 12:00:00 AM","25531.2750","2042.5020","638.2819","28212.0589","5/3/2013 12:00:00 AM"
"315","4","4","251","1554","4","4/24/2013 12:00:00 AM","5/3/2013 12:00:00 AM","111.0690","8.8855","2.7767","122.7312","5/3/2013 12:00:00 AM"
"316","4","4","253","1688","4","4/24/2013 12:00:00 AM","5/3/2013 12:00:00 AM","125.7480","10.0598","3.1437","138.9515","5/3/2013 12:00:00 AM"
"317","4","4","255","1580","5","4/24/2013 12:00:00 AM","5/3/2013 12:00:00 AM","150.7905","12.0632","3.7698","166.6235","5/3/2013 12:00:00 AM"
"318","4","4","256","1496","4","4/24/2013 12:00:00 AM","5/3/2013 12:00:00 AM","235.9035","18.8723","5.8976","260.6734","5/3/2013 12:00:00 AM"
"319","4","4","259","1494","2","4/24/2013 12:00:00 AM","5/3/2013 12:00:00 AM","8847.3000","707.7840","221.1825","9776.2665","5/3/2013 12:00:00 AM"
"320","4","4","260","1650","5","4/24/2013 12:00:00 AM","5/3/2013 12:00:00 AM","171.0765","13.6861","4.2769","189.0395","5/3/2013 12:00:00 AM"
"321","4","4","250","1654","4","4/25/2013 12:00:00 AM","5/4/2013 12:00:00 AM","20397.3000","1631.7840","509.9325","22539.0165","5/4/2013 12:00:00 AM"
"322","7","4","254","1664","3","4/25/2013 12:00:00 AM","5/4/2013 12:00:00 AM","14628.0750","1170.2460","365.7019","16164.0229","5/4/2013 12:00:00 AM"
"323","4","4","257","1678","4","4/25/2013 12:00:00 AM","5/4/2013 12:00:00 AM","25334.9250","2026.7940","633.3731","27995.0921","5/4/2013 12:00:00 AM"
"324","5","3","261","1616","5","4/25/2013 12:00:00 AM","5/4/2013 12:00:00 AM","278.5230","22.2818","6.9631","307.7679","5/4/2013 12:00:00 AM"
"325","4","4","251","1492","4","4/25/2013 12:00:00 AM","5/4/2013 12:00:00 AM","1497.5100","119.8008","37.4378","1654.7486","5/4/2013 12:00:00 AM"
"326","4","4","253","1602","5","4/25/2013 12:00:00 AM","5/4/2013 12:00:00 AM","1796.0355","143.6828","44.9009","1984.6192","5/4/2013 12:00:00 AM"
"327","4","4","255","1540","4","4/25/2013 12:00:00 AM","5/4/2013 12:00:00 AM","738.9900","59.1192","18.4748","816.5840","5/4/2013 12:00:00 AM"
"328","6","4","256","1628","5","4/25/2013 12:00:00 AM","5/4/2013 12:00:00 AM","34644.2250","2771.5380","866.1056","38281.8686","5/4/2013 12:00:00 AM"
"329","4","4","259","1604","4","4/25/2013 12:00:00 AM","5/4/2013 12:00:00 AM","1839.5055","147.1604","45.9876","2032.6535","5/4/2013 12:00:00 AM"
"330","5","4","260","1690","5","4/25/2013 12:00:00 AM","5/4/2013 12:00:00 AM","146.2860","11.7029","3.6572","161.6461","5/4/2013 12:00:00 AM"
"331","4","4","258","1566","5","4/25/2013 12:00:00 AM","5/4/2013 12:00:00 AM","102.5640","8.2051","2.5641","113.3332","5/4/2013 12:00:00 AM"
"332","4","4","254","1698","5","4/25/2013 12:00:00 AM","5/4/2013 12:00:00 AM","150.7905","12.0632","3.7698","166.6235","5/4/2013 12:00:00 AM"
"333","4","4","257","1560","5","4/25/2013 12:00:00 AM","5/4/2013 12:00:00 AM","13669.4250","1093.5540","341.7356","15104.7146","5/4/2013 12:00:00 AM"
"334","4","3","261","1692","5","4/25/2013 12:00:00 AM","5/4/2013 12:00:00 AM","6444.9000","515.5920","161.1225","7121.6145","5/4/2013 12:00:00 AM"
"335","6","4","251","1696","2","4/25/2013 12:00:00 AM","5/4/2013 12:00:00 AM","152581.2750","12206.5020","3814.5319","168602.3089","5/4/2013 12:00:00 AM"
"336","5","4","253","1504","1","4/25/2013 12:00:00 AM","5/4/2013 12:00:00 AM","551.8800","44.1504","13.7970","609.8274","5/4/2013 12:00:00 AM"
"337","4","4","255","1544","1","5/9/2013 12:00:00 AM","5/18/2013 12:00:00 AM","6987.7500","559.0200","174.6938","7721.4638","5/18/2013 12:00:00 AM"
"338","4","4","256","1530","2","5/9/2013 12:00:00 AM","5/18/2013 12:00:00 AM","28072.2750","2245.7820","701.8069","31019.8639","5/18/2013 12:00:00 AM"
"339","4","4","252","1508","1","5/9/2013 12:00:00 AM","5/18/2013 12:00:00 AM","37312.2750","2984.9820","932.8069","41230.0639","5/18/2013 12:00:00 AM"
"340","4","4","260","1694","1","5/9/2013 12:00:00 AM","5/18/2013 12:00:00 AM","7623.0000","609.8400","190.5750","8423.4150","5/18/2013 12:00:00 AM"
"341","4","4","258","1624","2","5/9/2013 12:00:00 AM","5/18/2013 12:00:00 AM","28297.5000","2263.8000","707.4375","31268.7375","5/18/2013 12:00:00 AM"
"342","4","4","254","1548","2","5/9/2013 12:00:00 AM","5/18/2013 12:00:00 AM","59.9445","4.7956","1.4986","66.2387","5/18/2013 12:00:00 AM"
"343","4","4","257","1598","4","5/9/2013 12:00:00 AM","5/18/2013 12:00:00 AM","358.1550","28.6524","8.9539","395.7613","5/18/2013 12:00:00 AM"
"344","4","3","261","1658","5","5/9/2013 12:00:00 AM","5/18/2013 12:00:00 AM","43878.4500","3510.2760","1096.9613","48485.6873","5/18/2013 12:00:00 AM"
"345","4","4","250","1536","5","5/14/2013 12:00:00 AM","5/23/2013 12:00:00 AM","414.9180","33.1934","10.3730","458.4844","5/23/2013 12:00:00 AM"
"346","4","4","253","1568","2","5/14/2013 12:00:00 AM","5/23/2013 12:00:00 AM","29989.5750","2399.1660","749.7394","33138.4804","5/23/2013 12:00:00 AM"
"347","4","4","255","1648","5","5/14/2013 12:00:00 AM","5/23/2013 12:00:00 AM","142.4115","11.3929","3.5603","157.3647","5/23/2013 12:00:00 AM"
"348","4","4","256","1646","2","5/14/2013 12:00:00 AM","5/23/2013 12:00:00 AM","48030.6750","3842.4540","1200.7669","53073.8959","5/23/2013 12:00:00 AM"
"349","4","4","259","1672","4","5/22/2013 12:00:00 AM","5/31/2013 12:00:00 AM","693.5985","55.4879","17.3400","766.4264","5/31/2013 12:00:00 AM"
"350","4","4","260","1600","1","5/22/2013 12:00:00 AM","5/31/2013 12:00:00 AM","1276.2750","102.1020","31.9069","1410.2839","5/31/2013 12:00:00 AM"
"351","4","4","258","1522","1","5/22/2013 12:00:00 AM","5/31/2013 12:00:00 AM","2003.9250","160.3140","50.0981","2214.3371","5/31/2013 12:00:00 AM"
"352","4","4","254","1570","2","5/22/2013 12:00:00 AM","5/31/2013 12:00:00 AM","28343.7000","2267.4960","708.5925","31319.7885","5/31/2013 12:00:00 AM"
"353","4","4","252","1516","1","5/22/2013 12:00:00 AM","5/31/2013 12:00:00 AM","454.8600","36.3888","11.3715","502.6203","5/31/2013 12:00:00 AM"
"354","4","3","261","1506","5","5/22/2013 12:00:00 AM","5/31/2013 12:00:00 AM","43878.4500","3510.2760","1096.9613","48485.6873","5/31/2013 12:00:00 AM"
"355","4","4","251","1626","2","5/22/2013 12:00:00 AM","5/31/2013 12:00:00 AM","7132.1250","570.5700","178.3031","7880.9981","5/31/2013 12:00:00 AM"
"356","4","4","253","1542","2","5/22/2013 12:00:00 AM","5/31/2013 12:00:00 AM","28343.7000","2267.4960","708.5925","31319.7885","5/31/2013 12:00:00 AM"
"357","4","4","255","1610","4","5/22/2013 12:00:00 AM","5/31/2013 12:00:00 AM","22516.7250","1801.3380","562.9181","24880.9811","5/31/2013 12:00:00 AM"
"358","4","4","256","1638","5","5/22/2013 12:00:00 AM","5/31/2013 12:00:00 AM","34644.2250","2771.5380","866.1056","38281.8686","5/31/2013 12:00:00 AM"
"359","4","4","259","1582","4","5/22/2013 12:00:00 AM","5/31/2013 12:00:00 AM","117.3690","9.3895","2.9342","129.6927","5/31/2013 12:00:00 AM"
"360","4","4","260","1510","5","5/22/2013 12:00:00 AM","5/31/2013 12:00:00 AM","143.0415","11.4433","3.5760","158.0608","5/31/2013 12:00:00 AM"
"361","4","4","258","1526","2","5/22/2013 12:00:00 AM","5/31/2013 12:00:00 AM","28199.3250","2255.9460","704.9831","31160.2541","5/31/2013 12:00:00 AM"
"362","4","4","254","1644","1","5/22/2013 12:00:00 AM","5/31/2013 12:00:00 AM","3713.3250","297.0660","92.8331","4103.2241","5/31/2013 12:00:00 AM"
"363","4","4","257","1680","4","5/22/2013 12:00:00 AM","5/31/2013 12:00:00 AM","19952.6250","1596.2100","498.8156","22047.6506","5/31/2013 12:00:00 AM"
"364","4","3","261","1584","5","5/22/2013 12:00:00 AM","5/31/2013 12:00:00 AM","6540.6600","523.2528","163.5165","7227.4293","5/31/2013 12:00:00 AM"
"365","4","4","251","1620","5","5/23/2013 12:00:00 AM","6/1/2013 12:00:00 AM","5711.4750","456.9180","142.7869","6311.1799","6/1/2013 12:00:00 AM"
"366","4","4","253","1666","5","5/23/2013 12:00:00 AM","6/1/2013 12:00:00 AM","566.0865","45.2869","14.1522","625.5256","6/1/2013 12:00:00 AM"
"367","4","4","255","1592","2","5/23/2013 12:00:00 AM","6/1/2013 12:00:00 AM","97.9650","7.8372","2.4491","108.2513","6/1/2013 12:00:00 AM"
"368","4","4","256","1618","4","5/23/2013 12:00:00 AM","6/1/2013 12:00:00 AM","114.4710","9.1577","2.8618","126.4905","6/1/2013 12:00:00 AM"
"369","4","4","259","1612","4","5/23/2013 12:00:00 AM","6/1/2013 12:00:00 AM","132.6465","10.6117","3.3162","146.5744","6/1/2013 12:00:00 AM"
"370","4","4","260","1586","5","5/23/2013 12:00:00 AM","6/1/2013 12:00:00 AM","43878.4500","3510.2760","1096.9613","48485.6873","6/1/2013 12:00:00 AM"
"371","4","4","258","1500","1","5/23/2013 12:00:00 AM","6/1/2013 12:00:00 AM","418.9500","33.5160","10.4738","462.9398","6/1/2013 12:00:00 AM"
"372","4","4","254","1656","4","5/23/2013 12:00:00 AM","6/1/2013 12:00:00 AM","240.7230","19.2578","6.0181","265.9989","6/1/2013 12:00:00 AM"
"373","4","4","257","1572","1","5/23/2013 12:00:00 AM","6/1/2013 12:00:00 AM","461.7900","36.9432","11.5448","510.2780","6/1/2013 12:00:00 AM"
"374","4","3","261","1562","4","5/23/2013 12:00:00 AM","6/1/2013 12:00:00 AM","253.3230","20.2658","6.3331","279.9219","6/1/2013 12:00:00 AM"
"375","4","4","251","1662","2","5/23/2013 12:00:00 AM","6/1/2013 12:00:00 AM","37.0755","2.9660","0.9269","40.9684","6/1/2013 12:00:00 AM"
"376","4","4","253","1682","4","5/23/2013 12:00:00 AM","6/1/2013 12:00:00 AM","21558.0750","1724.6460","538.9519","23821.6729","6/1/2013 12:00:00 AM"
"377","5","4","252","1686","4","5/23/2013 12:00:00 AM","6/1/2013 12:00:00 AM","260.4735","20.8379","6.5118","287.8232","6/1/2013 12:00:00 AM"
"378","4","4","256","1684","5","5/23/2013 12:00:00 AM","6/1/2013 12:00:00 AM","86220.7500","6897.6600","2155.5188","95273.9288","6/1/2013 12:00:00 AM"
"379","4","4","259","1534","4","5/23/2013 12:00:00 AM","6/1/2013 12:00:00 AM","465.2865","37.2229","11.6322","514.1416","6/1/2013 12:00:00 AM"
"380","4","4","260","1614","5","5/23/2013 12:00:00 AM","6/1/2013 12:00:00 AM","428.4000","34.2720","10.7100","473.3820","6/1/2013 12:00:00 AM"
"381","4","4","258","1588","5","5/29/2013 12:00:00 AM","6/7/2013 12:00:00 AM","40471.2000","3237.6960","1011.7800","44720.6760","6/7/2013 12:00:00 AM"
"382","4","4","254","1622","5","5/29/2013 12:00:00 AM","6/7/2013 12:00:00 AM","272.4435","21.7955","6.8111","301.0501","6/7/2013 12:00:00 AM"
"383","4","4","257","1632","4","5/29/2013 12:00:00 AM","6/7/2013 12:00:00 AM","23671.7250","1893.7380","591.7931","26157.2561","6/7/2013 12:00:00 AM"
"384","4","3","261","1608","5","5/29/2013 12:00:00 AM","6/7/2013 12:00:00 AM","5948.2500","475.8600","148.7063","6572.8163","6/7/2013 12:00:00 AM"
"385","4","4","251","1576","5","5/29/2013 12:00:00 AM","6/7/2013 12:00:00 AM","91117.9500","7289.4360","2277.9488","100685.3348","6/7/2013 12:00:00 AM"
"386","4","4","253","1590","1","5/29/2013 12:00:00 AM","6/7/2013 12:00:00 AM","525.0000","42.0000","13.1250","580.1250","6/7/2013 12:00:00 AM"
"387","4","4","255","1514","5","5/29/2013 12:00:00 AM","6/7/2013 12:00:00 AM","2003.6835","160.2947","50.0921","2214.0703","6/7/2013 12:00:00 AM"
"388","4","4","252","1498","4","5/29/2013 12:00:00 AM","6/7/2013 12:00:00 AM","26455.2750","2116.4220","661.3819","29233.0789","6/7/2013 12:00:00 AM"
"389","4","4","259","1674","2","5/29/2013 12:00:00 AM","6/7/2013 12:00:00 AM","944.3700","75.5496","23.6093","1043.5289","6/7/2013 12:00:00 AM"
"390","4","4","260","1652","4","5/29/2013 12:00:00 AM","6/7/2013 12:00:00 AM","48186.6000","3854.9280","1204.6650","53246.1930","6/7/2013 12:00:00 AM"
"391","4","4","258","1578","5","5/29/2013 12:00:00 AM","6/7/2013 12:00:00 AM","26720.9250","2137.6740","668.0231","29526.6221","6/7/2013 12:00:00 AM"
"392","4","4","250","1538","5","5/29/2013 12:00:00 AM","6/7/2013 12:00:00 AM","37843.5750","3027.4860","946.0894","41817.1504","6/7/2013 12:00:00 AM"
"393","4","4","257","1556","4","6/11/2013 12:00:00 AM","6/20/2013 12:00:00 AM","25531.2750","2042.5020","638.2819","28212.0589","6/20/2013 12:00:00 AM"
"394","4","3","261","1554","5","6/11/2013 12:00:00 AM","6/20/2013 12:00:00 AM","278.8380","22.3070","6.9710","308.1160","6/20/2013 12:00:00 AM"
"395","4","4","251","1688","4","6/11/2013 12:00:00 AM","6/20/2013 12:00:00 AM","125.7480","10.0598","3.1437","138.9515","6/20/2013 12:00:00 AM"
"396","4","4","253","1580","5","6/11/2013 12:00:00 AM","6/20/2013 12:00:00 AM","150.7905","12.0632","3.7698","166.6235","6/20/2013 12:00:00 AM"
"397","4","4","255","1496","5","6/25/2013 12:00:00 AM","7/4/2013 12:00:00 AM","839.7900","67.1832","20.9948","927.9680","7/4/2013 12:00:00 AM"
"398","4","4","256","1494","2","6/25/2013 12:00:00 AM","7/4/2013 12:00:00 AM","8847.3000","707.7840","221.1825","9776.2665","7/4/2013 12:00:00 AM"
"399","4","4","259","1650","5","6/25/2013 12:00:00 AM","7/4/2013 12:00:00 AM","171.0765","13.6861","4.2769","189.0395","7/4/2013 12:00:00 AM"
"400","4","4","260","1654","4","6/25/2013 12:00:00 AM","7/4/2013 12:00:00 AM","20397.3000","1631.7840","509.9325","22539.0165","7/4/2013 12:00:00 AM"
"401","4","4","258","1664","3","6/25/2013 12:00:00 AM","7/4/2013 12:00:00 AM","14628.0750","1170.2460","365.7019","16164.0229","7/4/2013 12:00:00 AM"
"402","6","4","254","1678","3","6/25/2013 12:00:00 AM","7/4/2013 12:00:00 AM","33350.6250","2668.0500","833.7656","36852.4406","7/4/2013 12:00:00 AM"
"403","4","4","257","1616","5","6/25/2013 12:00:00 AM","7/4/2013 12:00:00 AM","414.8550","33.1884","10.3714","458.4148","7/4/2013 12:00:00 AM"
"404","4","3","261","1492","5","6/25/2013 12:00:00 AM","7/4/2013 12:00:00 AM","278.8380","22.3070","6.9710","308.1160","7/4/2013 12:00:00 AM"
"405","4","4","251","1602","5","7/12/2013 12:00:00 AM","7/21/2013 12:00:00 AM","1796.0355","143.6828","44.9009","1984.6192","7/21/2013 12:00:00 AM"
"406","4","4","253","1540","4","7/12/2013 12:00:00 AM","7/21/2013 12:00:00 AM","124.3620","9.9490","3.1091","137.4201","7/21/2013 12:00:00 AM"
"407","4","4","255","1628","5","7/12/2013 12:00:00 AM","7/21/2013 12:00:00 AM","34644.2250","2771.5380","866.1056","38281.8686","7/21/2013 12:00:00 AM"
"408","4","4","256","1604","4","7/12/2013 12:00:00 AM","7/21/2013 12:00:00 AM","1839.5055","147.1604","45.9876","2032.6535","7/21/2013 12:00:00 AM"
"409","4","4","259","1690","5","7/22/2013 12:00:00 AM","7/31/2013 12:00:00 AM","146.2860","11.7029","3.6572","161.6461","7/31/2013 12:00:00 AM"
"410","4","4","250","1566","5","7/22/2013 12:00:00 AM","7/31/2013 12:00:00 AM","102.5640","8.2051","2.5641","113.3332","7/31/2013 12:00:00 AM"
"411","4","4","258","1698","5","7/22/2013 12:00:00 AM","7/31/2013 12:00:00 AM","150.7905","12.0632","3.7698","166.6235","7/31/2013 12:00:00 AM"
"412","4","4","254","1560","5","7/22/2013 12:00:00 AM","7/31/2013 12:00:00 AM","13669.4250","1093.5540","341.7356","15104.7146","7/31/2013 12:00:00 AM"
"413","4","4","257","1692","5","7/30/2013 12:00:00 AM","8/8/2013 12:00:00 AM","9948.3300","795.8664","248.7083","10992.9047","8/8/2013 12:00:00 AM"
"414","6","3","261","1696","2","7/30/2013 12:00:00 AM","8/8/2013 12:00:00 AM","28343.7000","2267.4960","708.5925","31319.7885","8/8/2013 12:00:00 AM"
"415","4","4","251","1504","1","7/30/2013 12:00:00 AM","8/8/2013 12:00:00 AM","551.8800","44.1504","13.7970","609.8274","8/8/2013 12:00:00 AM"
"416","4","4","253","1544","1","7/30/2013 12:00:00 AM","8/8/2013 12:00:00 AM","6987.7500","559.0200","174.6938","7721.4638","8/8/2013 12:00:00 AM"
"417","4","4","259","1514","5","8/4/2013 12:00:00 AM","8/13/2013 12:00:00 AM","2003.6835","160.2947","50.0921","2214.0703","8/13/2013 12:00:00 AM"
"418","4","4","260","1498","4","8/4/2013 12:00:00 AM","8/13/2013 12:00:00 AM","26455.2750","2116.4220","661.3819","29233.0789","8/13/2013 12:00:00 AM"
"419","4","4","258","1674","2","8/4/2013 12:00:00 AM","8/13/2013 12:00:00 AM","944.3700","75.5496","23.6093","1043.5289","8/13/2013 12:00:00 AM"
"420","4","4","250","1652","1","8/4/2013 12:00:00 AM","8/13/2013 12:00:00 AM","3401.4750","272.1180","85.0369","3758.6299","8/13/2013 12:00:00 AM"
"421","4","4","257","1578","3","8/4/2013 12:00:00 AM","8/13/2013 12:00:00 AM","62843.5500","5027.4840","1571.0888","69442.1228","8/13/2013 12:00:00 AM"
"422","4","4","261","1538","5","8/4/2013 12:00:00 AM","8/13/2013 12:00:00 AM","37843.5750","3027.4860","946.0894","41817.1504","8/13/2013 12:00:00 AM"
"423","4","4","251","1556","4","8/4/2013 12:00:00 AM","8/13/2013 12:00:00 AM","25531.2750","2042.5020","638.2819","28212.0589","8/13/2013 12:00:00 AM"
"424","4","4","253","1554","5","8/4/2013 12:00:00 AM","8/13/2013 12:00:00 AM","285.3585","22.8287","7.1340","315.3212","8/13/2013 12:00:00 AM"
"425","4","4","255","1688","4","8/4/2013 12:00:00 AM","8/13/2013 12:00:00 AM","125.7480","10.0598","3.1437","138.9515","8/13/2013 12:00:00 AM"
"426","4","4","256","1580","5","8/4/2013 12:00:00 AM","8/13/2013 12:00:00 AM","150.7905","12.0632","3.7698","166.6235","8/13/2013 12:00:00 AM"
"427","4","4","259","1496","4","8/4/2013 12:00:00 AM","8/13/2013 12:00:00 AM","764.1900","61.1352","19.1048","844.4300","8/13/2013 12:00:00 AM"
"428","4","4","260","1494","2","8/4/2013 12:00:00 AM","8/13/2013 12:00:00 AM","8847.3000","707.7840","221.1825","9776.2665","8/13/2013 12:00:00 AM"
"429","4","4","258","1650","5","8/4/2013 12:00:00 AM","8/13/2013 12:00:00 AM","171.0765","13.6861","4.2769","189.0395","8/13/2013 12:00:00 AM"
"430","4","4","254","1654","4","8/4/2013 12:00:00 AM","8/13/2013 12:00:00 AM","20397.3000","1631.7840","509.9325","22539.0165","8/13/2013 12:00:00 AM"
"431","4","4","257","1664","3","8/4/2013 12:00:00 AM","8/13/2013 12:00:00 AM","14628.0750","1170.2460","365.7019","16164.0229","8/13/2013 12:00:00 AM"
"432","4","4","261","1678","4","8/4/2013 12:00:00 AM","8/13/2013 12:00:00 AM","25334.9250","2026.7940","633.3731","27995.0921","8/13/2013 12:00:00 AM"
"433","5","4","251","1616","5","8/5/2013 12:00:00 AM","8/14/2013 12:00:00 AM","395.9550","31.6764","9.8989","437.5303","8/14/2013 12:00:00 AM"
"434","4","4","253","1492","5","8/5/2013 12:00:00 AM","8/14/2013 12:00:00 AM","285.3585","22.8287","7.1340","315.3212","8/14/2013 12:00:00 AM"
"435","4","4","255","1602","5","8/5/2013 12:00:00 AM","8/14/2013 12:00:00 AM","1796.0355","143.6828","44.9009","1984.6192","8/14/2013 12:00:00 AM"
"436","4","4","256","1540","4","8/5/2013 12:00:00 AM","8/14/2013 12:00:00 AM","501.1965","40.0957","12.5299","553.8221","8/14/2013 12:00:00 AM"
"437","4","4","259","1628","5","8/5/2013 12:00:00 AM","8/14/2013 12:00:00 AM","34644.2250","2771.5380","866.1056","38281.8686","8/14/2013 12:00:00 AM"
"438","4","4","250","1604","4","8/5/2013 12:00:00 AM","8/14/2013 12:00:00 AM","1839.5055","147.1604","45.9876","2032.6535","8/14/2013 12:00:00 AM"
"439","4","4","258","1690","5","8/5/2013 12:00:00 AM","8/14/2013 12:00:00 AM","146.2860","11.7029","3.6572","161.6461","8/14/2013 12:00:00 AM"
"440","4","4","254","1566","5","8/5/2013 12:00:00 AM","8/14/2013 12:00:00 AM","102.5640","8.2051","2.5641","113.3332","8/14/2013 12:00:00 AM"
"441","4","4","257","1698","5","8/5/2013 12:00:00 AM","8/14/2013 12:00:00 AM","150.7905","12.0632","3.7698","166.6235","8/14/2013 12:00:00 AM"
"442","4","4","261","1560","5","8/5/2013 12:00:00 AM","8/14/2013 12:00:00 AM","13669.4250","1093.5540","341.7356","15104.7146","8/14/2013 12:00:00 AM"
"443","4","4","251","1692","5","8/5/2013 12:00:00 AM","8/14/2013 12:00:00 AM","9637.1100","770.9688","240.9278","10649.0066","8/14/2013 12:00:00 AM"
"444","4","4","253","1696","4","8/5/2013 12:00:00 AM","8/14/2013 12:00:00 AM","34118.7000","2729.4960","852.9675","37701.1635","8/14/2013 12:00:00 AM"
"445","4","4","255","1504","1","8/5/2013 12:00:00 AM","8/14/2013 12:00:00 AM","551.8800","44.1504","13.7970","609.8274","8/14/2013 12:00:00 AM"
"446","4","4","256","1544","1","8/5/2013 12:00:00 AM","8/14/2013 12:00:00 AM","6987.7500","559.0200","174.6938","7721.4638","8/14/2013 12:00:00 AM"
"447","4","4","259","1530","2","8/5/2013 12:00:00 AM","8/14/2013 12:00:00 AM","28072.2750","2245.7820","701.8069","31019.8639","8/14/2013 12:00:00 AM"
"448","4","4","260","1508","1","8/5/2013 12:00:00 AM","8/14/2013 12:00:00 AM","37312.2750","2984.9820","932.8069","41230.0639","8/14/2013 12:00:00 AM"
"449","4","4","250","1694","1","8/6/2013 12:00:00 AM","8/15/2013 12:00:00 AM","7623.0000","609.8400","190.5750","8423.4150","8/15/2013 12:00:00 AM"
"450","4","4","254","1624","2","8/6/2013 12:00:00 AM","8/15/2013 12:00:00 AM","28297.5000","2263.8000","707.4375","31268.7375","8/15/2013 12:00:00 AM"
"451","4","4","257","1548","2","8/6/2013 12:00:00 AM","8/15/2013 12:00:00 AM","59.9445","4.7956","1.4986","66.2387","8/15/2013 12:00:00 AM"
"452","4","4","261","1598","4","8/6/2013 12:00:00 AM","8/15/2013 12:00:00 AM","234.6435","18.7715","5.8661","259.2811","8/15/2013 12:00:00 AM"
"453","4","4","251","1658","5","8/6/2013 12:00:00 AM","8/15/2013 12:00:00 AM","43878.4500","3510.2760","1096.9613","48485.6873","8/15/2013 12:00:00 AM"
"454","4","4","253","1536","4","8/6/2013 12:00:00 AM","8/15/2013 12:00:00 AM","247.2435","19.7795","6.1811","273.2041","8/15/2013 12:00:00 AM"
"455","4","4","255","1568","2","8/6/2013 12:00:00 AM","8/15/2013 12:00:00 AM","49376.2500","3950.1000","1234.4063","54560.7563","8/15/2013 12:00:00 AM"
"456","8","4","256","1648","5","8/6/2013 12:00:00 AM","8/15/2013 12:00:00 AM","142.4115","11.3929","3.5603","157.3647","8/15/2013 12:00:00 AM"
"457","4","4","259","1646","2","8/6/2013 12:00:00 AM","8/15/2013 12:00:00 AM","48030.6750","3842.4540","1200.7669","53073.8959","8/15/2013 12:00:00 AM"
"458","4","4","260","1672","4","8/6/2013 12:00:00 AM","8/15/2013 12:00:00 AM","51113.7480","4089.0998","1277.8437","56480.6915","8/15/2013 12:00:00 AM"
"459","4","4","258","1600","1","8/6/2013 12:00:00 AM","8/15/2013 12:00:00 AM","1276.2750","102.1020","31.9069","1410.2839","8/15/2013 12:00:00 AM"
"460","4","4","254","1522","1","8/6/2013 12:00:00 AM","8/15/2013 12:00:00 AM","2003.9250","160.3140","50.0981","2214.3371","8/15/2013 12:00:00 AM"
"461","4","4","257","1570","4","8/6/2013 12:00:00 AM","8/15/2013 12:00:00 AM","22516.7250","1801.3380","562.9181","24880.9811","8/15/2013 12:00:00 AM"
"462","4","4","261","1516","1","8/6/2013 12:00:00 AM","8/15/2013 12:00:00 AM","454.8600","36.3888","11.3715","502.6203","8/15/2013 12:00:00 AM"
"463","4","4","251","1506","5","8/6/2013 12:00:00 AM","8/15/2013 12:00:00 AM","43878.4500","3510.2760","1096.9613","48485.6873","8/15/2013 12:00:00 AM"
"464","4","4","253","1626","2","8/6/2013 12:00:00 AM","8/15/2013 12:00:00 AM","7132.1250","570.5700","178.3031","7880.9981","8/15/2013 12:00:00 AM"
"465","4","4","255","1542","2","8/7/2013 12:00:00 AM","8/16/2013 12:00:00 AM","28343.7000","2267.4960","708.5925","31319.7885","8/16/2013 12:00:00 AM"
"466","4","4","256","1610","4","8/7/2013 12:00:00 AM","8/16/2013 12:00:00 AM","22516.7250","1801.3380","562.9181","24880.9811","8/16/2013 12:00:00 AM"
"467","4","4","252","1638","5","8/7/2013 12:00:00 AM","8/16/2013 12:00:00 AM","34644.2250","2771.5380","866.1056","38281.8686","8/16/2013 12:00:00 AM"
"468","4","4","260","1582","5","8/7/2013 12:00:00 AM","8/16/2013 12:00:00 AM","694.1655","55.5332","17.3541","767.0528","8/16/2013 12:00:00 AM"
"469","4","4","258","1510","5","8/7/2013 12:00:00 AM","8/16/2013 12:00:00 AM","143.0415","11.4433","3.5760","158.0608","8/16/2013 12:00:00 AM"
"470","4","4","254","1526","2","8/7/2013 12:00:00 AM","8/16/2013 12:00:00 AM","28199.3250","2255.9460","704.9831","31160.2541","8/16/2013 12:00:00 AM"
"471","4","4","257","1644","1","8/7/2013 12:00:00 AM","8/16/2013 12:00:00 AM","3713.3250","297.0660","92.8331","4103.2241","8/16/2013 12:00:00 AM"
"472","4","4","261","1680","5","8/7/2013 12:00:00 AM","8/16/2013 12:00:00 AM","43878.4500","3510.2760","1096.9613","48485.6873","8/16/2013 12:00:00 AM"
"473","4","4","250","1584","5","8/7/2013 12:00:00 AM","8/16/2013 12:00:00 AM","9799.6500","783.9720","244.9913","10828.6133","8/16/2013 12:00:00 AM"
"474","4","4","253","1620","5","8/7/2013 12:00:00 AM","8/16/2013 12:00:00 AM","5711.4750","456.9180","142.7869","6311.1799","8/16/2013 12:00:00 AM"
"475","4","4","255","1666","4","8/7/2013 12:00:00 AM","8/16/2013 12:00:00 AM","1503.1800","120.2544","37.5795","1661.0139","8/16/2013 12:00:00 AM"
"476","4","4","256","1592","2","8/7/2013 12:00:00 AM","8/16/2013 12:00:00 AM","97.9650","7.8372","2.4491","108.2513","8/16/2013 12:00:00 AM"
"477","4","4","259","1618","4","8/7/2013 12:00:00 AM","8/16/2013 12:00:00 AM","114.4710","9.1577","2.8618","126.4905","8/16/2013 12:00:00 AM"
"478","4","4","260","1612","4","8/7/2013 12:00:00 AM","8/16/2013 12:00:00 AM","132.6465","10.6117","3.3162","146.5744","8/16/2013 12:00:00 AM"
"479","4","4","258","1586","5","8/7/2013 12:00:00 AM","8/16/2013 12:00:00 AM","43878.4500","3510.2760","1096.9613","48485.6873","8/16/2013 12:00:00 AM"
"480","4","4","254","1500","1","8/7/2013 12:00:00 AM","8/16/2013 12:00:00 AM","418.9500","33.5160","10.4738","462.9398","8/16/2013 12:00:00 AM"
"481","4","4","252","1656","5","8/8/2013 12:00:00 AM","8/17/2013 12:00:00 AM","566.0865","45.2869","14.1522","625.5256","8/17/2013 12:00:00 AM"
"482","4","4","261","1572","1","8/8/2013 12:00:00 AM","8/17/2013 12:00:00 AM","461.7900","36.9432","11.5448","510.2780","8/17/2013 12:00:00 AM"
"483","4","4","251","1562","4","8/8/2013 12:00:00 AM","8/17/2013 12:00:00 AM","377.0550","30.1644","9.4264","416.6458","8/17/2013 12:00:00 AM"
"484","4","4","253","1662","2","8/8/2013 12:00:00 AM","8/17/2013 12:00:00 AM","37.0755","2.9660","0.9269","40.9684","8/17/2013 12:00:00 AM"
"485","4","4","255","1682","4","8/8/2013 12:00:00 AM","8/17/2013 12:00:00 AM","21558.0750","1724.6460","538.9519","23821.6729","8/17/2013 12:00:00 AM"
"486","4","4","256","1686","4","8/8/2013 12:00:00 AM","8/17/2013 12:00:00 AM","507.0870","40.5670","12.6772","560.3312","8/17/2013 12:00:00 AM"
"487","4","4","259","1684","5","8/8/2013 12:00:00 AM","8/17/2013 12:00:00 AM","86220.7500","6897.6600","2155.5188","95273.9288","8/17/2013 12:00:00 AM"
"488","4","4","260","1534","5","8/8/2013 12:00:00 AM","8/17/2013 12:00:00 AM","696.5280","55.7222","17.4132","769.6634","8/17/2013 12:00:00 AM"
"489","4","4","258","1614","4","8/8/2013 12:00:00 AM","8/17/2013 12:00:00 AM","663.4530","53.0762","16.5863","733.1155","8/17/2013 12:00:00 AM"
"490","4","4","254","1588","5","8/8/2013 12:00:00 AM","8/17/2013 12:00:00 AM","40471.2000","3237.6960","1011.7800","44720.6760","8/17/2013 12:00:00 AM"
"491","4","4","257","1622","4","8/8/2013 12:00:00 AM","8/17/2013 12:00:00 AM","259.8435","20.7875","6.4961","287.1271","8/17/2013 12:00:00 AM"
"492","4","4","261","1632","5","8/8/2013 12:00:00 AM","8/17/2013 12:00:00 AM","38421.0750","3073.6860","960.5269","42455.2879","8/17/2013 12:00:00 AM"
"493","4","4","251","1608","5","8/8/2013 12:00:00 AM","8/17/2013 12:00:00 AM","5948.2500","475.8600","148.7063","6572.8163","8/17/2013 12:00:00 AM"
"494","4","4","253","1576","5","8/8/2013 12:00:00 AM","8/17/2013 12:00:00 AM","91117.9500","7289.4360","2277.9488","100685.3348","8/17/2013 12:00:00 AM"
"495","4","4","255","1590","1","8/8/2013 12:00:00 AM","8/17/2013 12:00:00 AM","525.0000","42.0000","13.1250","580.1250","8/17/2013 12:00:00 AM"
"496","4","4","256","1514","5","8/8/2013 12:00:00 AM","8/17/2013 12:00:00 AM","2003.6835","160.2947","50.0921","2214.0703","8/17/2013 12:00:00 AM"
"497","4","4","259","1498","4","8/10/2013 12:00:00 AM","8/19/2013 12:00:00 AM","26455.2750","2116.4220","661.3819","29233.0789","8/19/2013 12:00:00 AM"
"498","4","4","260","1674","2","8/10/2013 12:00:00 AM","8/19/2013 12:00:00 AM","944.3700","75.5496","23.6093","1043.5289","8/19/2013 12:00:00 AM"
"499","4","4","258","1652","4","8/10/2013 12:00:00 AM","8/19/2013 12:00:00 AM","51588.0750","4127.0460","1289.7019","57004.8229","8/19/2013 12:00:00 AM"
"500","4","4","254","1578","3","8/10/2013 12:00:00 AM","8/19/2013 12:00:00 AM","62843.5500","5027.4840","1571.0888","69442.1228","8/19/2013 12:00:00 AM"
"501","4","4","257","1538","5","8/10/2013 12:00:00 AM","8/19/2013 12:00:00 AM","37843.5750","3027.4860","946.0894","41817.1504","8/19/2013 12:00:00 AM"
"502","4","4","261","1556","4","8/10/2013 12:00:00 AM","8/19/2013 12:00:00 AM","25531.2750","2042.5020","638.2819","28212.0589","8/19/2013 12:00:00 AM"
"503","4","4","251","1554","4","8/10/2013 12:00:00 AM","8/19/2013 12:00:00 AM","402.7275","32.2182","10.0682","445.0139","8/19/2013 12:00:00 AM"
"504","4","4","253","1688","4","8/10/2013 12:00:00 AM","8/19/2013 12:00:00 AM","125.7480","10.0598","3.1437","138.9515","8/19/2013 12:00:00 AM"
"505","4","4","252","1580","5","8/11/2013 12:00:00 AM","8/20/2013 12:00:00 AM","150.7905","12.0632","3.7698","166.6235","8/20/2013 12:00:00 AM"
"506","4","4","256","1496","4","8/11/2013 12:00:00 AM","8/20/2013 12:00:00 AM","465.2865","37.2229","11.6322","514.1416","8/20/2013 12:00:00 AM"
"507","4","4","259","1494","2","8/11/2013 12:00:00 AM","8/20/2013 12:00:00 AM","8847.3000","707.7840","221.1825","9776.2665","8/20/2013 12:00:00 AM"
"508","4","4","260","1650","5","8/11/2013 12:00:00 AM","8/20/2013 12:00:00 AM","171.0765","13.6861","4.2769","189.0395","8/20/2013 12:00:00 AM"
"509","4","4","258","1654","4","8/11/2013 12:00:00 AM","8/20/2013 12:00:00 AM","20397.3000","1631.7840","509.9325","22539.0165","8/20/2013 12:00:00 AM"
"510","4","4","254","1664","3","8/11/2013 12:00:00 AM","8/20/2013 12:00:00 AM","14628.0750","1170.2460","365.7019","16164.0229","8/20/2013 12:00:00 AM"
"511","4","4","257","1678","3","8/11/2013 12:00:00 AM","8/20/2013 12:00:00 AM","58685.5500","4694.8440","1467.1388","64847.5328","8/20/2013 12:00:00 AM"
"512","4","4","261","1616","4","8/11/2013 12:00:00 AM","8/20/2013 12:00:00 AM","259.8435","20.7875","6.4961","287.1271","8/20/2013 12:00:00 AM"
"513","4","4","251","1492","4","8/11/2013 12:00:00 AM","8/20/2013 12:00:00 AM","402.7275","32.2182","10.0682","445.0139","8/20/2013 12:00:00 AM"
"514","4","4","253","1602","5","8/11/2013 12:00:00 AM","8/20/2013 12:00:00 AM","270.8055","21.6644","6.7701","299.2400","8/20/2013 12:00:00 AM"
"515","4","4","255","1540","4","8/11/2013 12:00:00 AM","8/20/2013 12:00:00 AM","2551.3110","204.1049","63.7828","2819.1987","8/20/2013 12:00:00 AM"
"516","4","4","252","1628","5","8/11/2013 12:00:00 AM","8/20/2013 12:00:00 AM","34644.2250","2771.5380","866.1056","38281.8686","8/20/2013 12:00:00 AM"
"517","4","4","259","1604","4","8/11/2013 12:00:00 AM","8/20/2013 12:00:00 AM","1839.5055","147.1604","45.9876","2032.6535","8/20/2013 12:00:00 AM"
"518","4","4","260","1690","5","8/11/2013 12:00:00 AM","8/20/2013 12:00:00 AM","146.2860","11.7029","3.6572","161.6461","8/20/2013 12:00:00 AM"
"519","4","4","258","1566","5","8/11/2013 12:00:00 AM","8/20/2013 12:00:00 AM","102.5640","8.2051","2.5641","113.3332","8/20/2013 12:00:00 AM"
"520","4","4","250","1698","5","8/11/2013 12:00:00 AM","8/20/2013 12:00:00 AM","150.7905","12.0632","3.7698","166.6235","8/20/2013 12:00:00 AM"
"521","4","4","257","1560","5","8/12/2013 12:00:00 AM","8/21/2013 12:00:00 AM","13669.4250","1093.5540","341.7356","15104.7146","8/21/2013 12:00:00 AM"
"522","4","4","261","1692","5","8/12/2013 12:00:00 AM","8/21/2013 12:00:00 AM","6756.1200","540.4896","168.9030","7465.5126","8/21/2013 12:00:00 AM"
"523","4","4","251","1696","5","8/12/2013 12:00:00 AM","8/21/2013 12:00:00 AM","50860.4250","4068.8340","1271.5106","56200.7696","8/21/2013 12:00:00 AM"
"524","4","4","253","1504","1","8/12/2013 12:00:00 AM","8/21/2013 12:00:00 AM","551.8800","44.1504","13.7970","609.8274","8/21/2013 12:00:00 AM"
"525","4","4","255","1544","1","8/12/2013 12:00:00 AM","8/21/2013 12:00:00 AM","6987.7500","559.0200","174.6938","7721.4638","8/21/2013 12:00:00 AM"
"526","4","4","256","1530","2","8/12/2013 12:00:00 AM","8/21/2013 12:00:00 AM","28072.2750","2245.7820","701.8069","31019.8639","8/21/2013 12:00:00 AM"
"527","4","4","259","1508","1","8/12/2013 12:00:00 AM","8/21/2013 12:00:00 AM","37312.2750","2984.9820","932.8069","41230.0639","8/21/2013 12:00:00 AM"
"528","4","4","260","1694","1","8/12/2013 12:00:00 AM","8/21/2013 12:00:00 AM","7623.0000","609.8400","190.5750","8423.4150","8/21/2013 12:00:00 AM"
"529","4","4","258","1624","2","8/12/2013 12:00:00 AM","8/21/2013 12:00:00 AM","28297.5000","2263.8000","707.4375","31268.7375","8/21/2013 12:00:00 AM"
"530","4","4","254","1548","2","8/12/2013 12:00:00 AM","8/21/2013 12:00:00 AM","59.9445","4.7956","1.4986","66.2387","8/21/2013 12:00:00 AM"
"531","5","4","257","1598","5","8/12/2013 12:00:00 AM","8/21/2013 12:00:00 AM","222.0435","17.7635","5.5511","245.3581","8/21/2013 12:00:00 AM"
"532","4","4","261","1658","5","8/12/2013 12:00:00 AM","8/21/2013 12:00:00 AM","43878.4500","3510.2760","1096.9613","48485.6873","8/21/2013 12:00:00 AM"
"533","4","4","251","1536","4","8/12/2013 12:00:00 AM","8/21/2013 12:00:00 AM","345.5550","27.6444","8.6389","381.8383","8/21/2013 12:00:00 AM"
"534","4","4","253","1568","2","8/12/2013 12:00:00 AM","8/21/2013 12:00:00 AM","15153.6000","1212.2880","378.8400","16744.7280","8/21/2013 12:00:00 AM"
"535","4","4","255","1648","5","8/12/2013 12:00:00 AM","8/21/2013 12:00:00 AM","142.4115","11.3929","3.5603","157.3647","8/21/2013 12:00:00 AM"
"536","4","4","256","1646","2","8/12/2013 12:00:00 AM","8/21/2013 12:00:00 AM","48030.6750","3842.4540","1200.7669","53073.8959","8/21/2013 12:00:00 AM"
"537","4","4","255","1530","2","8/13/2013 12:00:00 AM","8/22/2013 12:00:00 AM","28072.2750","2245.7820","701.8069","31019.8639","8/22/2013 12:00:00 AM"
"538","4","4","256","1508","1","8/13/2013 12:00:00 AM","8/22/2013 12:00:00 AM","37312.2750","2984.9820","932.8069","41230.0639","8/22/2013 12:00:00 AM"
"539","4","4","259","1694","1","8/13/2013 12:00:00 AM","8/22/2013 12:00:00 AM","7623.0000","609.8400","190.5750","8423.4150","8/22/2013 12:00:00 AM"
"540","4","4","260","1624","2","8/13/2013 12:00:00 AM","8/22/2013 12:00:00 AM","28297.5000","2263.8000","707.4375","31268.7375","8/22/2013 12:00:00 AM"
"541","4","4","259","1672","4","8/13/2013 12:00:00 AM","8/22/2013 12:00:00 AM","550.9665","44.0773","13.7742","608.8180","8/22/2013 12:00:00 AM"
"542","4","4","250","1600","1","8/13/2013 12:00:00 AM","8/22/2013 12:00:00 AM","1276.2750","102.1020","31.9069","1410.2839","8/22/2013 12:00:00 AM"
"543","4","4","258","1522","1","8/13/2013 12:00:00 AM","8/22/2013 12:00:00 AM","2003.9250","160.3140","50.0981","2214.3371","8/22/2013 12:00:00 AM"
"544","4","4","254","1570","2","8/13/2013 12:00:00 AM","8/22/2013 12:00:00 AM","28343.7000","2267.4960","708.5925","31319.7885","8/22/2013 12:00:00 AM"
"545","4","4","257","1516","1","8/13/2013 12:00:00 AM","8/22/2013 12:00:00 AM","454.8600","36.3888","11.3715","502.6203","8/22/2013 12:00:00 AM"
"546","4","4","261","1506","5","8/13/2013 12:00:00 AM","8/22/2013 12:00:00 AM","43878.4500","3510.2760","1096.9613","48485.6873","8/22/2013 12:00:00 AM"
"547","4","4","251","1626","2","8/13/2013 12:00:00 AM","8/22/2013 12:00:00 AM","7132.1250","570.5700","178.3031","7880.9981","8/22/2013 12:00:00 AM"
"548","4","4","253","1542","2","8/13/2013 12:00:00 AM","8/22/2013 12:00:00 AM","28343.7000","2267.4960","708.5925","31319.7885","8/22/2013 12:00:00 AM"
"549","4","4","255","1610","4","8/13/2013 12:00:00 AM","8/22/2013 12:00:00 AM","22516.7250","1801.3380","562.9181","24880.9811","8/22/2013 12:00:00 AM"
"550","4","4","256","1638","5","8/13/2013 12:00:00 AM","8/22/2013 12:00:00 AM","34644.2250","2771.5380","866.1056","38281.8686","8/22/2013 12:00:00 AM"
"551","4","4","259","1582","5","8/13/2013 12:00:00 AM","8/22/2013 12:00:00 AM","532.9170","42.6334","13.3229","588.8733","8/22/2013 12:00:00 AM"
"552","4","4","260","1510","5","8/13/2013 12:00:00 AM","8/22/2013 12:00:00 AM","143.0415","11.4433","3.5760","158.0608","8/22/2013 12:00:00 AM"
"553","4","4","250","1526","2","8/13/2013 12:00:00 AM","8/22/2013 12:00:00 AM","28199.3250","2255.9460","704.9831","31160.2541","8/22/2013 12:00:00 AM"
"554","4","4","254","1644","1","8/13/2013 12:00:00 AM","8/22/2013 12:00:00 AM","3713.3250","297.0660","92.8331","4103.2241","8/22/2013 12:00:00 AM"
"555","4","4","257","1680","4","8/13/2013 12:00:00 AM","8/22/2013 12:00:00 AM","19952.6250","1596.2100","498.8156","22047.6506","8/22/2013 12:00:00 AM"
"556","4","4","261","1584","5","8/13/2013 12:00:00 AM","8/22/2013 12:00:00 AM","13361.0400","1068.8832","334.0260","14763.9492","8/22/2013 12:00:00 AM"
"557","4","4","251","1620","5","8/14/2013 12:00:00 AM","8/23/2013 12:00:00 AM","5711.4750","456.9180","142.7869","6311.1799","8/23/2013 12:00:00 AM"
"558","4","4","253","1666","5","8/14/2013 12:00:00 AM","8/23/2013 12:00:00 AM","696.5280","55.7222","17.4132","769.6634","8/23/2013 12:00:00 AM"
"559","4","4","255","1592","2","8/14/2013 12:00:00 AM","8/23/2013 12:00:00 AM","97.9650","7.8372","2.4491","108.2513","8/23/2013 12:00:00 AM"
"560","4","4","256","1618","4","8/14/2013 12:00:00 AM","8/23/2013 12:00:00 AM","114.4710","9.1577","2.8618","126.4905","8/23/2013 12:00:00 AM"
"561","4","4","259","1612","4","8/14/2013 12:00:00 AM","8/23/2013 12:00:00 AM","132.6465","10.6117","3.3162","146.5744","8/23/2013 12:00:00 AM"
"562","4","4","260","1586","5","8/14/2013 12:00:00 AM","8/23/2013 12:00:00 AM","43878.4500","3510.2760","1096.9613","48485.6873","8/23/2013 12:00:00 AM"
"563","4","4","258","1500","1","8/14/2013 12:00:00 AM","8/23/2013 12:00:00 AM","418.9500","33.5160","10.4738","462.9398","8/23/2013 12:00:00 AM"
"564","4","4","254","1656","4","8/14/2013 12:00:00 AM","8/23/2013 12:00:00 AM","273.7035","21.8963","6.8426","302.4424","8/23/2013 12:00:00 AM"
"565","4","4","257","1572","1","8/14/2013 12:00:00 AM","8/23/2013 12:00:00 AM","461.7900","36.9432","11.5448","510.2780","8/23/2013 12:00:00 AM"
"566","4","4","261","1562","4","8/14/2013 12:00:00 AM","8/23/2013 12:00:00 AM","481.8870","38.5510","12.0472","532.4852","8/23/2013 12:00:00 AM"
"567","4","4","251","1662","2","8/14/2013 12:00:00 AM","8/23/2013 12:00:00 AM","37.0755","2.9660","0.9269","40.9684","8/23/2013 12:00:00 AM"
"568","4","4","253","1682","4","8/14/2013 12:00:00 AM","8/23/2013 12:00:00 AM","21558.0750","1724.6460","538.9519","23821.6729","8/23/2013 12:00:00 AM"
"569","4","4","255","1686","4","8/14/2013 12:00:00 AM","8/23/2013 12:00:00 AM","567.3780","45.3902","14.1845","626.9527","8/23/2013 12:00:00 AM"
"570","4","4","256","1684","5","8/14/2013 12:00:00 AM","8/23/2013 12:00:00 AM","65240.1750","5219.2140","1631.0044","72090.3934","8/23/2013 12:00:00 AM"
"571","4","4","252","1534","5","8/14/2013 12:00:00 AM","8/23/2013 12:00:00 AM","534.8070","42.7846","13.3702","590.9618","8/23/2013 12:00:00 AM"
"572","4","4","260","1614","4","8/14/2013 12:00:00 AM","8/23/2013 12:00:00 AM","136.6470","10.9318","3.4162","150.9950","8/23/2013 12:00:00 AM"
"573","4","4","258","1588","5","8/15/2013 12:00:00 AM","8/24/2013 12:00:00 AM","40471.2000","3237.6960","1011.7800","44720.6760","8/24/2013 12:00:00 AM"
"574","4","4","254","1622","5","8/15/2013 12:00:00 AM","8/24/2013 12:00:00 AM","278.5230","22.2818","6.9631","307.7679","8/24/2013 12:00:00 AM"
"575","4","4","257","1632","4","8/15/2013 12:00:00 AM","8/24/2013 12:00:00 AM","23671.7250","1893.7380","591.7931","26157.2561","8/24/2013 12:00:00 AM"
"576","4","4","261","1608","5","8/15/2013 12:00:00 AM","8/24/2013 12:00:00 AM","5948.2500","475.8600","148.7063","6572.8163","8/24/2013 12:00:00 AM"
"577","4","4","250","1576","5","8/15/2013 12:00:00 AM","8/24/2013 12:00:00 AM","91117.9500","7289.4360","2277.9488","100685.3348","8/24/2013 12:00:00 AM"
"578","4","4","253","1590","1","8/15/2013 12:00:00 AM","8/24/2013 12:00:00 AM","525.0000","42.0000","13.1250","580.1250","8/24/2013 12:00:00 AM"
"579","4","4","255","1514","5","8/15/2013 12:00:00 AM","8/24/2013 12:00:00 AM","2003.6835","160.2947","50.0921","2214.0703","8/24/2013 12:00:00 AM"
"580","4","4","256","1498","4","8/15/2013 12:00:00 AM","8/24/2013 12:00:00 AM","26455.2750","2116.4220","661.3819","29233.0789","8/24/2013 12:00:00 AM"
"581","4","4","259","1674","2","8/15/2013 12:00:00 AM","8/24/2013 12:00:00 AM","944.3700","75.5496","23.6093","1043.5289","8/24/2013 12:00:00 AM"
"582","4","4","260","1652","4","8/15/2013 12:00:00 AM","8/24/2013 12:00:00 AM","44594.5500","3567.5640","1114.8638","49276.9778","8/24/2013 12:00:00 AM"
"583","4","4","258","1578","3","8/15/2013 12:00:00 AM","8/24/2013 12:00:00 AM","62843.5500","5027.4840","1571.0888","69442.1228","8/24/2013 12:00:00 AM"
"584","4","4","254","1538","5","8/15/2013 12:00:00 AM","8/24/2013 12:00:00 AM","37843.5750","3027.4860","946.0894","41817.1504","8/24/2013 12:00:00 AM"
"585","4","4","252","1556","4","8/15/2013 12:00:00 AM","8/24/2013 12:00:00 AM","25531.2750","2042.5020","638.2819","28212.0589","8/24/2013 12:00:00 AM"
"586","4","4","261","1554","4","8/15/2013 12:00:00 AM","8/24/2013 12:00:00 AM","501.1965","40.0957","12.5299","553.8221","8/24/2013 12:00:00 AM"
"587","4","4","251","1688","4","8/15/2013 12:00:00 AM","8/24/2013 12:00:00 AM","125.7480","10.0598","3.1437","138.9515","8/24/2013 12:00:00 AM"
"588","4","4","253","1580","5","8/15/2013 12:00:00 AM","8/24/2013 12:00:00 AM","150.7905","12.0632","3.7698","166.6235","8/24/2013 12:00:00 AM"
"589","4","4","255","1496","5","8/17/2013 12:00:00 AM","8/26/2013 12:00:00 AM","696.5280","55.7222","17.4132","769.6634","8/26/2013 12:00:00 AM"
"590","4","4","256","1494","2","8/17/2013 12:00:00 AM","8/26/2013 12:00:00 AM","8847.3000","707.7840","221.1825","9776.2665","8/26/2013 12:00:00 AM"
"591","4","4","259","1650","5","8/17/2013 12:00:00 AM","8/26/2013 12:00:00 AM","171.0765","13.6861","4.2769","189.0395","8/26/2013 12:00:00 AM"
"592","4","4","260","1654","4","8/17/2013 12:00:00 AM","8/26/2013 12:00:00 AM","20397.3000","1631.7840","509.9325","22539.0165","8/26/2013 12:00:00 AM"
"593","4","4","258","1664","3","8/18/2013 12:00:00 AM","8/27/2013 12:00:00 AM","14628.0750","1170.2460","365.7019","16164.0229","8/27/2013 12:00:00 AM"
"594","4","4","254","1678","3","8/18/2013 12:00:00 AM","8/27/2013 12:00:00 AM","33350.6250","2668.0500","833.7656","36852.4406","8/27/2013 12:00:00 AM"
"595","4","4","257","1616","4","8/18/2013 12:00:00 AM","8/27/2013 12:00:00 AM","1074.7800","85.9824","26.8695","1187.6319","8/27/2013 12:00:00 AM"
"596","4","4","261","1492","4","8/18/2013 12:00:00 AM","8/27/2013 12:00:00 AM","501.1965","40.0957","12.5299","553.8221","8/27/2013 12:00:00 AM"
"597","4","4","251","1602","5","8/18/2013 12:00:00 AM","8/27/2013 12:00:00 AM","1525.2300","122.0184","38.1308","1685.3792","8/27/2013 12:00:00 AM"
"598","4","4","253","1540","4","8/18/2013 12:00:00 AM","8/27/2013 12:00:00 AM","631.3860","50.5109","15.7847","697.6816","8/27/2013 12:00:00 AM"
"599","4","4","255","1628","5","8/18/2013 12:00:00 AM","8/27/2013 12:00:00 AM","34644.2250","2771.5380","866.1056","38281.8686","8/27/2013 12:00:00 AM"
"600","4","4","256","1604","4","8/18/2013 12:00:00 AM","8/27/2013 12:00:00 AM","1839.5055","147.1604","45.9876","2032.6535","8/27/2013 12:00:00 AM"
"601","4","4","259","1690","5","8/18/2013 12:00:00 AM","8/27/2013 12:00:00 AM","146.2860","11.7029","3.6572","161.6461","8/27/2013 12:00:00 AM"
"602","4","4","260","1566","5","8/18/2013 12:00:00 AM","8/27/2013 12:00:00 AM","102.5640","8.2051","2.5641","113.3332","8/27/2013 12:00:00 AM"
"603","4","4","258","1698","5","8/18/2013 12:00:00 AM","8/27/2013 12:00:00 AM","150.7905","12.0632","3.7698","166.6235","8/27/2013 12:00:00 AM"
"604","4","4","254","1560","5","8/18/2013 12:00:00 AM","8/27/2013 12:00:00 AM","13669.4250","1093.5540","341.7356","15104.7146","8/27/2013 12:00:00 AM"
"605","4","4","257","1692","5","8/18/2013 12:00:00 AM","8/27/2013 12:00:00 AM","16393.2300","1311.4584","409.8308","18114.5192","8/27/2013 12:00:00 AM"
"606","4","4","261","1696","5","8/18/2013 12:00:00 AM","8/27/2013 12:00:00 AM","39258.4500","3140.6760","981.4613","43380.5873","8/27/2013 12:00:00 AM"
"607","4","4","251","1504","1","8/18/2013 12:00:00 AM","8/27/2013 12:00:00 AM","551.8800","44.1504","13.7970","609.8274","8/27/2013 12:00:00 AM"
"608","4","4","253","1544","1","8/18/2013 12:00:00 AM","8/27/2013 12:00:00 AM","6987.7500","559.0200","174.6938","7721.4638","8/27/2013 12:00:00 AM"
"609","4","4","250","1548","2","8/19/2013 12:00:00 AM","8/28/2013 12:00:00 AM","59.9445","4.7956","1.4986","66.2387","8/28/2013 12:00:00 AM"
"610","4","4","254","1598","4","8/19/2013 12:00:00 AM","8/28/2013 12:00:00 AM","370.7550","29.6604","9.2689","409.6843","8/28/2013 12:00:00 AM"
"611","4","4","257","1658","5","8/19/2013 12:00:00 AM","8/28/2013 12:00:00 AM","43878.4500","3510.2760","1096.9613","48485.6873","8/28/2013 12:00:00 AM"
"612","4","4","261","1536","4","8/19/2013 12:00:00 AM","8/28/2013 12:00:00 AM","272.1285","21.7703","6.8032","300.7020","8/28/2013 12:00:00 AM"
"613","4","4","252","1530","2","8/19/2013 12:00:00 AM","8/28/2013 12:00:00 AM","28072.2750","2245.7820","701.8069","31019.8639","8/28/2013 12:00:00 AM"
"614","5","4","256","1508","1","8/19/2013 12:00:00 AM","8/28/2013 12:00:00 AM","35394.9750","2831.5980","884.8744","39111.4474","8/28/2013 12:00:00 AM"
"615","4","4","259","1694","1","8/19/2013 12:00:00 AM","8/28/2013 12:00:00 AM","7623.0000","609.8400","190.5750","8423.4150","8/28/2013 12:00:00 AM"
"616","4","4","260","1624","2","8/19/2013 12:00:00 AM","8/28/2013 12:00:00 AM","28297.5000","2263.8000","707.4375","31268.7375","8/28/2013 12:00:00 AM"
"617","4","4","258","1548","2","8/19/2013 12:00:00 AM","8/28/2013 12:00:00 AM","59.9445","4.7956","1.4986","66.2387","8/28/2013 12:00:00 AM"
"618","4","4","254","1598","4","8/19/2013 12:00:00 AM","8/28/2013 12:00:00 AM","567.3780","45.3902","14.1845","626.9527","8/28/2013 12:00:00 AM"
"619","4","4","257","1658","5","8/19/2013 12:00:00 AM","8/28/2013 12:00:00 AM","43878.4500","3510.2760","1096.9613","48485.6873","8/28/2013 12:00:00 AM"
"620","4","4","261","1536","4","8/19/2013 12:00:00 AM","8/28/2013 12:00:00 AM","402.2550","32.1804","10.0564","444.4918","8/28/2013 12:00:00 AM"
"621","4","4","251","1568","2","8/19/2013 12:00:00 AM","8/28/2013 12:00:00 AM","27350.4000","2188.0320","683.7600","30222.1920","8/28/2013 12:00:00 AM"
"622","4","4","253","1648","5","8/19/2013 12:00:00 AM","8/28/2013 12:00:00 AM","142.4115","11.3929","3.5603","157.3647","8/28/2013 12:00:00 AM"
"623","4","4","255","1646","2","8/19/2013 12:00:00 AM","8/28/2013 12:00:00 AM","48030.6750","3842.4540","1200.7669","53073.8959","8/28/2013 12:00:00 AM"
"624","4","3","252","1672","5","8/19/2013 12:00:00 AM","8/28/2013 12:00:00 AM","272.4435","21.7955","6.8111","301.0501","8/28/2013 12:00:00 AM"
"625","4","4","259","1600","1","8/19/2013 12:00:00 AM","8/28/2013 12:00:00 AM","1276.2750","102.1020","31.9069","1410.2839","8/28/2013 12:00:00 AM"
"626","4","4","260","1522","1","8/19/2013 12:00:00 AM","8/28/2013 12:00:00 AM","2003.9250","160.3140","50.0981","2214.3371","8/28/2013 12:00:00 AM"
"627","4","4","258","1570","4","8/19/2013 12:00:00 AM","8/28/2013 12:00:00 AM","22516.7250","1801.3380","562.9181","24880.9811","8/28/2013 12:00:00 AM"
"628","4","4","250","1516","1","8/19/2013 12:00:00 AM","8/28/2013 12:00:00 AM","454.8600","36.3888","11.3715","502.6203","8/28/2013 12:00:00 AM"
"629","4","4","257","1506","5","8/20/2013 12:00:00 AM","8/29/2013 12:00:00 AM","43878.4500","3510.2760","1096.9613","48485.6873","8/29/2013 12:00:00 AM"
"630","4","4","261","1626","2","8/20/2013 12:00:00 AM","8/29/2013 12:00:00 AM","7132.1250","570.5700","178.3031","7880.9981","8/29/2013 12:00:00 AM"
"631","4","4","251","1542","2","8/20/2013 12:00:00 AM","8/29/2013 12:00:00 AM","28343.7000","2267.4960","708.5925","31319.7885","8/29/2013 12:00:00 AM"
"632","4","4","253","1610","4","8/20/2013 12:00:00 AM","8/29/2013 12:00:00 AM","22516.7250","1801.3380","562.9181","24880.9811","8/29/2013 12:00:00 AM"
"633","4","4","255","1638","5","8/20/2013 12:00:00 AM","8/29/2013 12:00:00 AM","34644.2250","2771.5380","866.1056","38281.8686","8/29/2013 12:00:00 AM"
"634","4","4","256","1582","4","8/20/2013 12:00:00 AM","8/29/2013 12:00:00 AM","241.0380","19.2830","6.0260","266.3470","8/29/2013 12:00:00 AM"
"635","4","4","259","1510","5","8/20/2013 12:00:00 AM","8/29/2013 12:00:00 AM","143.0415","11.4433","3.5760","158.0608","8/29/2013 12:00:00 AM"
"636","4","4","260","1526","2","8/20/2013 12:00:00 AM","8/29/2013 12:00:00 AM","28199.3250","2255.9460","704.9831","31160.2541","8/29/2013 12:00:00 AM"
"637","4","4","251","1568","1","8/21/2013 12:00:00 AM","8/30/2013 12:00:00 AM","26230.0500","2098.4040","655.7513","28984.2053","8/30/2013 12:00:00 AM"
"638","4","4","253","1648","5","8/21/2013 12:00:00 AM","8/30/2013 12:00:00 AM","142.4115","11.3929","3.5603","157.3647","8/30/2013 12:00:00 AM"
"639","4","4","255","1646","2","8/21/2013 12:00:00 AM","8/30/2013 12:00:00 AM","48030.6750","3842.4540","1200.7669","53073.8959","8/30/2013 12:00:00 AM"
"640","4","4","256","1672","4","8/21/2013 12:00:00 AM","8/30/2013 12:00:00 AM","28467.2115","2277.3769","711.6803","31456.2687","8/30/2013 12:00:00 AM"
"641","4","4","258","1644","1","8/21/2013 12:00:00 AM","8/30/2013 12:00:00 AM","3713.3250","297.0660","92.8331","4103.2241","8/30/2013 12:00:00 AM"
"642","4","4","254","1680","5","8/21/2013 12:00:00 AM","8/30/2013 12:00:00 AM","43878.4500","3510.2760","1096.9613","48485.6873","8/30/2013 12:00:00 AM"
"643","4","4","257","1584","5","8/21/2013 12:00:00 AM","8/30/2013 12:00:00 AM","2979.2700","238.3416","74.4818","3292.0934","8/30/2013 12:00:00 AM"
"644","4","3","261","1620","5","8/21/2013 12:00:00 AM","8/30/2013 12:00:00 AM","5711.4750","456.9180","142.7869","6311.1799","8/30/2013 12:00:00 AM"
"645","4","4","251","1666","5","8/21/2013 12:00:00 AM","8/30/2013 12:00:00 AM","1372.7385","109.8191","34.3185","1516.8761","8/30/2013 12:00:00 AM"
"646","4","4","253","1592","2","8/21/2013 12:00:00 AM","8/30/2013 12:00:00 AM","97.9650","7.8372","2.4491","108.2513","8/30/2013 12:00:00 AM"
"647","4","4","255","1618","4","8/21/2013 12:00:00 AM","8/30/2013 12:00:00 AM","114.4710","9.1577","2.8618","126.4905","8/30/2013 12:00:00 AM"
"648","4","4","256","1612","4","8/21/2013 12:00:00 AM","8/30/2013 12:00:00 AM","132.6465","10.6117","3.3162","146.5744","8/30/2013 12:00:00 AM"
"649","4","4","259","1586","5","8/21/2013 12:00:00 AM","8/30/2013 12:00:00 AM","43878.4500","3510.2760","1096.9613","48485.6873","8/30/2013 12:00:00 AM"
"650","4","4","250","1500","1","8/21/2013 12:00:00 AM","8/30/2013 12:00:00 AM","418.9500","33.5160","10.4738","462.9398","8/30/2013 12:00:00 AM"
"651","4","4","258","1656","4","8/21/2013 12:00:00 AM","8/30/2013 12:00:00 AM","515.6865","41.2549","12.8922","569.8336","8/30/2013 12:00:00 AM"
"652","4","4","254","1572","1","8/21/2013 12:00:00 AM","8/30/2013 12:00:00 AM","461.7900","36.9432","11.5448","510.2780","8/30/2013 12:00:00 AM"
"653","4","4","257","1562","4","8/21/2013 12:00:00 AM","8/30/2013 12:00:00 AM","383.0400","30.6432","9.5760","423.2592","8/30/2013 12:00:00 AM"
"654","4","3","261","1662","2","8/21/2013 12:00:00 AM","8/30/2013 12:00:00 AM","37.0755","2.9660","0.9269","40.9684","8/30/2013 12:00:00 AM"
"655","4","4","251","1682","4","8/21/2013 12:00:00 AM","8/30/2013 12:00:00 AM","21558.0750","1724.6460","538.9519","23821.6729","8/30/2013 12:00:00 AM"
"656","4","4","253","1686","4","8/21/2013 12:00:00 AM","8/30/2013 12:00:00 AM","545.8320","43.6666","13.6458","603.1444","8/30/2013 12:00:00 AM"
"657","4","4","255","1684","4","8/22/2013 12:00:00 AM","8/31/2013 12:00:00 AM","20980.5750","1678.4460","524.5144","23183.5354","8/31/2013 12:00:00 AM"
"658","4","4","256","1534","4","8/22/2013 12:00:00 AM","8/31/2013 12:00:00 AM","602.0280","48.1622","15.0507","665.2409","8/31/2013 12:00:00 AM"
"659","4","4","259","1614","5","8/22/2013 12:00:00 AM","8/31/2013 12:00:00 AM","694.9530","55.5962","17.3738","767.9230","8/31/2013 12:00:00 AM"
"660","6","4","260","1588","5","8/22/2013 12:00:00 AM","8/31/2013 12:00:00 AM","40471.2000","3237.6960","1011.7800","44720.6760","8/31/2013 12:00:00 AM"
"661","4","4","250","1622","5","8/22/2013 12:00:00 AM","8/31/2013 12:00:00 AM","557.4870","44.5990","13.9372","616.0232","8/31/2013 12:00:00 AM"
"662","4","4","254","1632","5","8/22/2013 12:00:00 AM","8/31/2013 12:00:00 AM","38421.0750","3073.6860","960.5269","42455.2879","8/31/2013 12:00:00 AM"
"663","4","4","257","1608","5","8/22/2013 12:00:00 AM","8/31/2013 12:00:00 AM","5948.2500","475.8600","148.7063","6572.8163","8/31/2013 12:00:00 AM"
"664","4","3","261","1576","5","8/22/2013 12:00:00 AM","8/31/2013 12:00:00 AM","91117.9500","7289.4360","2277.9488","100685.3348","8/31/2013 12:00:00 AM"
"665","4","4","251","1590","1","8/22/2013 12:00:00 AM","8/31/2013 12:00:00 AM","525.0000","42.0000","13.1250","580.1250","8/31/2013 12:00:00 AM"
"666","4","4","253","1514","5","8/22/2013 12:00:00 AM","8/31/2013 12:00:00 AM","2003.6835","160.2947","50.0921","2214.0703","8/31/2013 12:00:00 AM"
"667","4","4","255","1498","4","8/22/2013 12:00:00 AM","8/31/2013 12:00:00 AM","26455.2750","2116.4220","661.3819","29233.0789","8/31/2013 12:00:00 AM"
"668","4","4","256","1674","2","8/22/2013 12:00:00 AM","8/31/2013 12:00:00 AM","944.3700","75.5496","23.6093","1043.5289","8/31/2013 12:00:00 AM"
"669","4","4","259","1652","1","8/22/2013 12:00:00 AM","8/31/2013 12:00:00 AM","6993.5250","559.4820","174.8381","7727.8451","8/31/2013 12:00:00 AM"
"670","4","4","260","1578","3","8/22/2013 12:00:00 AM","8/31/2013 12:00:00 AM","62843.5500","5027.4840","1571.0888","69442.1228","8/31/2013 12:00:00 AM"
"671","4","4","258","1538","5","8/22/2013 12:00:00 AM","8/31/2013 12:00:00 AM","37843.5750","3027.4860","946.0894","41817.1504","8/31/2013 12:00:00 AM"
"672","4","4","254","1556","4","8/22/2013 12:00:00 AM","8/31/2013 12:00:00 AM","25531.2750","2042.5020","638.2819","28212.0589","8/31/2013 12:00:00 AM"
"673","4","4","257","1554","4","8/25/2013 12:00:00 AM","9/3/2013 12:00:00 AM","358.6275","28.6902","8.9657","396.2834","9/3/2013 12:00:00 AM"
"674","4","3","261","1688","4","8/25/2013 12:00:00 AM","9/3/2013 12:00:00 AM","125.7480","10.0598","3.1437","138.9515","9/3/2013 12:00:00 AM"
"675","4","4","251","1580","5","8/25/2013 12:00:00 AM","9/3/2013 12:00:00 AM","150.7905","12.0632","3.7698","166.6235","9/3/2013 12:00:00 AM"
"676","4","4","253","1496","5","8/25/2013 12:00:00 AM","9/3/2013 12:00:00 AM","534.8070","42.7846","13.3702","590.9618","9/3/2013 12:00:00 AM"
"677","4","4","255","1494","2","8/25/2013 12:00:00 AM","9/3/2013 12:00:00 AM","8847.3000","707.7840","221.1825","9776.2665","9/3/2013 12:00:00 AM"
"678","4","4","256","1650","5","8/25/2013 12:00:00 AM","9/3/2013 12:00:00 AM","171.0765","13.6861","4.2769","189.0395","9/3/2013 12:00:00 AM"
"679","4","4","252","1654","4","8/25/2013 12:00:00 AM","9/3/2013 12:00:00 AM","20397.3000","1631.7840","509.9325","22539.0165","9/3/2013 12:00:00 AM"
"680","4","4","260","1664","3","8/25/2013 12:00:00 AM","9/3/2013 12:00:00 AM","14628.0750","1170.2460","365.7019","16164.0229","9/3/2013 12:00:00 AM"
"681","4","4","258","1678","4","8/25/2013 12:00:00 AM","9/3/2013 12:00:00 AM","25334.9250","2026.7940","633.3731","27995.0921","9/3/2013 12:00:00 AM"
"682","4","4","254","1616","5","8/25/2013 12:00:00 AM","9/3/2013 12:00:00 AM","278.5230","22.2818","6.9631","307.7679","9/3/2013 12:00:00 AM"
"683","4","4","257","1492","4","8/25/2013 12:00:00 AM","9/3/2013 12:00:00 AM","358.6275","28.6902","8.9657","396.2834","9/3/2013 12:00:00 AM"
"684","4","3","261","1602","5","8/25/2013 12:00:00 AM","9/3/2013 12:00:00 AM","270.8055","21.6644","6.7701","299.2400","9/3/2013 12:00:00 AM"
"685","4","4","250","1540","4","8/25/2013 12:00:00 AM","9/3/2013 12:00:00 AM","2421.1215","193.6897","60.5280","2675.3392","9/3/2013 12:00:00 AM"
"686","4","4","253","1628","5","8/25/2013 12:00:00 AM","9/3/2013 12:00:00 AM","34644.2250","2771.5380","866.1056","38281.8686","9/3/2013 12:00:00 AM"
"687","4","4","255","1604","4","8/25/2013 12:00:00 AM","9/3/2013 12:00:00 AM","1839.5055","147.1604","45.9876","2032.6535","9/3/2013 12:00:00 AM"
"688","4","4","256","1690","5","8/25/2013 12:00:00 AM","9/3/2013 12:00:00 AM","146.2860","11.7029","3.6572","161.6461","9/3/2013 12:00:00 AM"
"689","4","4","259","1566","5","8/26/2013 12:00:00 AM","9/4/2013 12:00:00 AM","102.5640","8.2051","2.5641","113.3332","9/4/2013 12:00:00 AM"
"690","4","4","260","1698","5","8/26/2013 12:00:00 AM","9/4/2013 12:00:00 AM","150.7905","12.0632","3.7698","166.6235","9/4/2013 12:00:00 AM"
"691","4","4","258","1560","5","8/26/2013 12:00:00 AM","9/4/2013 12:00:00 AM","13669.4250","1093.5540","341.7356","15104.7146","9/4/2013 12:00:00 AM"
"692","4","4","254","1692","5","8/26/2013 12:00:00 AM","9/4/2013 12:00:00 AM","6444.9000","515.5920","161.1225","7121.6145","9/4/2013 12:00:00 AM"
"693","4","4","252","1696","2","8/26/2013 12:00:00 AM","9/4/2013 12:00:00 AM","50860.4250","4068.8340","1271.5106","56200.7696","9/4/2013 12:00:00 AM"
"694","4","3","261","1504","1","8/26/2013 12:00:00 AM","9/4/2013 12:00:00 AM","551.8800","44.1504","13.7970","609.8274","9/4/2013 12:00:00 AM"
"695","4","4","251","1544","1","8/26/2013 12:00:00 AM","9/4/2013 12:00:00 AM","6987.7500","559.0200","174.6938","7721.4638","9/4/2013 12:00:00 AM"
"696","4","4","253","1530","2","8/26/2013 12:00:00 AM","9/4/2013 12:00:00 AM","28072.2750","2245.7820","701.8069","31019.8639","9/4/2013 12:00:00 AM"
"697","4","4","255","1508","1","8/26/2013 12:00:00 AM","9/4/2013 12:00:00 AM","1917.3000","153.3840","47.9325","2118.6165","9/4/2013 12:00:00 AM"
"698","4","4","256","1694","1","8/26/2013 12:00:00 AM","9/4/2013 12:00:00 AM","7623.0000","609.8400","190.5750","8423.4150","9/4/2013 12:00:00 AM"
"699","4","4","259","1624","2","8/26/2013 12:00:00 AM","9/4/2013 12:00:00 AM","28297.5000","2263.8000","707.4375","31268.7375","9/4/2013 12:00:00 AM"
"700","4","4","260","1548","2","8/26/2013 12:00:00 AM","9/4/2013 12:00:00 AM","59.9445","4.7956","1.4986","66.2387","9/4/2013 12:00:00 AM"
"701","4","4","258","1598","4","8/26/2013 12:00:00 AM","9/4/2013 12:00:00 AM","117.4320","9.3946","2.9358","129.7624","9/4/2013 12:00:00 AM"
"702","4","4","254","1658","5","8/26/2013 12:00:00 AM","9/4/2013 12:00:00 AM","43878.4500","3510.2760","1096.9613","48485.6873","9/4/2013 12:00:00 AM"
"703","4","4","257","1536","4","8/26/2013 12:00:00 AM","9/4/2013 12:00:00 AM","383.3550","30.6684","9.5839","423.6073","9/4/2013 12:00:00 AM"
"704","4","3","261","1568","1","8/26/2013 12:00:00 AM","9/4/2013 12:00:00 AM","10631.7750","850.5420","265.7944","11748.1114","9/4/2013 12:00:00 AM"
"705","4","4","251","1648","5","8/27/2013 12:00:00 AM","9/5/2013 12:00:00 AM","142.4115","11.3929","3.5603","157.3647","9/5/2013 12:00:00 AM"
"706","4","4","253","1646","2","8/27/2013 12:00:00 AM","9/5/2013 12:00:00 AM","48030.6750","3842.4540","1200.7669","53073.8959","9/5/2013 12:00:00 AM"
"707","4","4","255","1672","4","8/27/2013 12:00:00 AM","9/5/2013 12:00:00 AM","22516.7250","1801.3380","562.9181","24880.9811","9/5/2013 12:00:00 AM"
"708","5","4","256","1600","1","8/27/2013 12:00:00 AM","9/5/2013 12:00:00 AM","1276.2750","102.1020","31.9069","1410.2839","9/5/2013 12:00:00 AM"
"709","4","4","259","1522","1","8/27/2013 12:00:00 AM","9/5/2013 12:00:00 AM","2003.9250","160.3140","50.0981","2214.3371","9/5/2013 12:00:00 AM"
"710","4","4","260","1570","2","8/27/2013 12:00:00 AM","9/5/2013 12:00:00 AM","50860.4250","4068.8340","1271.5106","56200.7696","9/5/2013 12:00:00 AM"
"711","4","4","258","1516","1","8/27/2013 12:00:00 AM","9/5/2013 12:00:00 AM","454.8600","36.3888","11.3715","502.6203","9/5/2013 12:00:00 AM"
"712","4","4","254","1506","5","8/27/2013 12:00:00 AM","9/5/2013 12:00:00 AM","43878.4500","3510.2760","1096.9613","48485.6873","9/5/2013 12:00:00 AM"
"713","4","4","257","1626","2","8/27/2013 12:00:00 AM","9/5/2013 12:00:00 AM","7132.1250","570.5700","178.3031","7880.9981","9/5/2013 12:00:00 AM"
"714","4","3","261","1542","2","8/27/2013 12:00:00 AM","9/5/2013 12:00:00 AM","28343.7000","2267.4960","708.5925","31319.7885","9/5/2013 12:00:00 AM"
"715","4","4","251","1610","4","8/27/2013 12:00:00 AM","9/5/2013 12:00:00 AM","22516.7250","1801.3380","562.9181","24880.9811","9/5/2013 12:00:00 AM"
"716","4","4","253","1638","5","8/27/2013 12:00:00 AM","9/5/2013 12:00:00 AM","34644.2250","2771.5380","866.1056","38281.8686","9/5/2013 12:00:00 AM"
"717","4","4","252","1582","4","8/27/2013 12:00:00 AM","9/5/2013 12:00:00 AM","247.5585","19.8047","6.1890","273.5522","9/5/2013 12:00:00 AM"
"718","4","4","256","1510","5","8/27/2013 12:00:00 AM","9/5/2013 12:00:00 AM","143.0415","11.4433","3.5760","158.0608","9/5/2013 12:00:00 AM"
"719","4","4","259","1526","2","8/27/2013 12:00:00 AM","9/5/2013 12:00:00 AM","28199.3250","2255.9460","704.9831","31160.2541","9/5/2013 12:00:00 AM"
"720","4","4","260","1644","1","8/27/2013 12:00:00 AM","9/5/2013 12:00:00 AM","3713.3250","297.0660","92.8331","4103.2241","9/5/2013 12:00:00 AM"
"721","4","4","258","1680","4","8/28/2013 12:00:00 AM","9/6/2013 12:00:00 AM","19952.6250","1596.2100","498.8156","22047.6506","9/6/2013 12:00:00 AM"
"722","4","4","254","1584","5","8/28/2013 12:00:00 AM","9/6/2013 12:00:00 AM","6540.6600","523.2528","163.5165","7227.4293","9/6/2013 12:00:00 AM"
"723","4","4","257","1620","5","8/28/2013 12:00:00 AM","9/6/2013 12:00:00 AM","5711.4750","456.9180","142.7869","6311.1799","9/6/2013 12:00:00 AM"
"724","4","3","261","1666","5","8/28/2013 12:00:00 AM","9/6/2013 12:00:00 AM","279.7830","22.3826","6.9946","309.1602","9/6/2013 12:00:00 AM"
"725","4","4","251","1592","2","8/28/2013 12:00:00 AM","9/6/2013 12:00:00 AM","97.9650","7.8372","2.4491","108.2513","9/6/2013 12:00:00 AM"
"726","4","4","253","1618","4","8/28/2013 12:00:00 AM","9/6/2013 12:00:00 AM","114.4710","9.1577","2.8618","126.4905","9/6/2013 12:00:00 AM"
"727","4","4","255","1612","4","8/28/2013 12:00:00 AM","9/6/2013 12:00:00 AM","132.6465","10.6117","3.3162","146.5744","9/6/2013 12:00:00 AM"
"728","4","4","252","1586","5","8/28/2013 12:00:00 AM","9/6/2013 12:00:00 AM","43878.4500","3510.2760","1096.9613","48485.6873","9/6/2013 12:00:00 AM"
"729","4","4","259","1500","1","8/28/2013 12:00:00 AM","9/6/2013 12:00:00 AM","418.9500","33.5160","10.4738","462.9398","9/6/2013 12:00:00 AM"
"730","4","4","260","1656","4","8/28/2013 12:00:00 AM","9/6/2013 12:00:00 AM","366.3450","29.3076","9.1586","404.8112","9/6/2013 12:00:00 AM"
"731","4","4","258","1572","1","8/28/2013 12:00:00 AM","9/6/2013 12:00:00 AM","461.7900","36.9432","11.5448","510.2780","9/6/2013 12:00:00 AM"
"732","4","4","250","1562","4","8/28/2013 12:00:00 AM","9/6/2013 12:00:00 AM","272.4435","21.7955","6.8111","301.0501","9/6/2013 12:00:00 AM"
"733","4","4","257","1662","2","8/28/2013 12:00:00 AM","9/6/2013 12:00:00 AM","37.0755","2.9660","0.9269","40.9684","9/6/2013 12:00:00 AM"
"734","4","3","261","1682","4","8/28/2013 12:00:00 AM","9/6/2013 12:00:00 AM","21558.0750","1724.6460","538.9519","23821.6729","9/6/2013 12:00:00 AM"
"735","4","4","251","1686","4","8/28/2013 12:00:00 AM","9/6/2013 12:00:00 AM","800.1000","64.0080","20.0025","884.1105","9/6/2013 12:00:00 AM"
"736","4","4","253","1684","5","8/28/2013 12:00:00 AM","9/6/2013 12:00:00 AM","86220.7500","6897.6600","2155.5188","95273.9288","9/6/2013 12:00:00 AM"
"737","4","4","255","1534","4","8/29/2013 12:00:00 AM","9/7/2013 12:00:00 AM","235.9035","18.8723","5.8976","260.6734","9/7/2013 12:00:00 AM"
"738","4","4","256","1614","5","8/29/2013 12:00:00 AM","9/7/2013 12:00:00 AM","533.5470","42.6838","13.3387","589.5695","9/7/2013 12:00:00 AM"
"739","4","4","259","1588","5","8/29/2013 12:00:00 AM","9/7/2013 12:00:00 AM","40471.2000","3237.6960","1011.7800","44720.6760","9/7/2013 12:00:00 AM"
"740","4","4","260","1622","4","8/29/2013 12:00:00 AM","9/7/2013 12:00:00 AM","389.6550","31.1724","9.7414","430.5688","9/7/2013 12:00:00 AM"
"741","4","4","258","1632","4","8/29/2013 12:00:00 AM","9/7/2013 12:00:00 AM","23671.7250","1893.7380","591.7931","26157.2561","9/7/2013 12:00:00 AM"
"742","4","4","254","1608","5","8/29/2013 12:00:00 AM","9/7/2013 12:00:00 AM","5948.2500","475.8600","148.7063","6572.8163","9/7/2013 12:00:00 AM"
"743","4","4","257","1576","5","8/29/2013 12:00:00 AM","9/7/2013 12:00:00 AM","91117.9500","7289.4360","2277.9488","100685.3348","9/7/2013 12:00:00 AM"
"744","4","3","261","1590","1","8/29/2013 12:00:00 AM","9/7/2013 12:00:00 AM","525.0000","42.0000","13.1250","580.1250","9/7/2013 12:00:00 AM"
"745","6","4","251","1514","5","8/29/2013 12:00:00 AM","9/7/2013 12:00:00 AM","2003.6835","160.2947","50.0921","2214.0703","9/7/2013 12:00:00 AM"
"746","4","4","253","1498","4","8/29/2013 12:00:00 AM","9/7/2013 12:00:00 AM","26455.2750","2116.4220","661.3819","29233.0789","9/7/2013 12:00:00 AM"
"747","4","4","255","1674","2","8/29/2013 12:00:00 AM","9/7/2013 12:00:00 AM","944.3700","75.5496","23.6093","1043.5289","9/7/2013 12:00:00 AM"
"748","4","4","256","1652","4","8/29/2013 12:00:00 AM","9/7/2013 12:00:00 AM","51588.0750","4127.0460","1289.7019","57004.8229","9/7/2013 12:00:00 AM"
"749","4","4","259","1578","3","8/29/2013 12:00:00 AM","9/7/2013 12:00:00 AM","62843.5500","5027.4840","1571.0888","69442.1228","9/7/2013 12:00:00 AM"
"750","4","4","250","1538","5","8/29/2013 12:00:00 AM","9/7/2013 12:00:00 AM","37843.5750","3027.4860","946.0894","41817.1504","9/7/2013 12:00:00 AM"
"751","4","4","258","1556","4","8/29/2013 12:00:00 AM","9/7/2013 12:00:00 AM","25531.2750","2042.5020","638.2819","28212.0589","9/7/2013 12:00:00 AM"
"752","4","4","254","1554","4","8/29/2013 12:00:00 AM","9/7/2013 12:00:00 AM","234.9585","18.7967","5.8740","259.6292","9/7/2013 12:00:00 AM"
"753","4","4","259","1600","1","8/30/2013 12:00:00 AM","9/8/2013 12:00:00 AM","1276.2750","102.1020","31.9069","1410.2839","9/8/2013 12:00:00 AM"
"754","6","4","260","1522","1","8/30/2013 12:00:00 AM","9/8/2013 12:00:00 AM","2003.9250","160.3140","50.0981","2214.3371","9/8/2013 12:00:00 AM"
"755","4","4","258","1570","2","8/30/2013 12:00:00 AM","9/8/2013 12:00:00 AM","50860.4250","4068.8340","1271.5106","56200.7696","9/8/2013 12:00:00 AM"
"756","4","4","254","1516","1","8/30/2013 12:00:00 AM","9/8/2013 12:00:00 AM","454.8600","36.3888","11.3715","502.6203","9/8/2013 12:00:00 AM"
"757","4","4","257","1688","4","9/1/2013 12:00:00 AM","9/10/2013 12:00:00 AM","125.7480","10.0598","3.1437","138.9515","9/10/2013 12:00:00 AM"
"758","4","4","261","1580","5","9/1/2013 12:00:00 AM","9/10/2013 12:00:00 AM","150.7905","12.0632","3.7698","166.6235","9/10/2013 12:00:00 AM"
"759","4","4","251","1496","4","9/1/2013 12:00:00 AM","9/10/2013 12:00:00 AM","602.0280","48.1622","15.0507","665.2409","9/10/2013 12:00:00 AM"
"760","4","4","253","1494","2","9/1/2013 12:00:00 AM","9/10/2013 12:00:00 AM","8847.3000","707.7840","221.1825","9776.2665","9/10/2013 12:00:00 AM"
"761","4","4","255","1650","5","9/1/2013 12:00:00 AM","9/10/2013 12:00:00 AM","171.0765","13.6861","4.2769","189.0395","9/10/2013 12:00:00 AM"
"762","4","4","256","1654","4","9/1/2013 12:00:00 AM","9/10/2013 12:00:00 AM","20397.3000","1631.7840","509.9325","22539.0165","9/10/2013 12:00:00 AM"
"763","4","4","259","1664","3","9/1/2013 12:00:00 AM","9/10/2013 12:00:00 AM","14628.0750","1170.2460","365.7019","16164.0229","9/10/2013 12:00:00 AM"
"764","4","4","260","1678","3","9/1/2013 12:00:00 AM","9/10/2013 12:00:00 AM","33350.6250","2668.0500","833.7656","36852.4406","9/10/2013 12:00:00 AM"
"765","4","4","250","1616","5","9/1/2013 12:00:00 AM","9/10/2013 12:00:00 AM","2145.4335","171.6347","53.6358","2370.7040","9/10/2013 12:00:00 AM"
"766","4","4","254","1492","4","9/1/2013 12:00:00 AM","9/10/2013 12:00:00 AM","234.9585","18.7967","5.8740","259.6292","9/10/2013 12:00:00 AM"
"767","4","4","257","1602","5","9/1/2013 12:00:00 AM","9/10/2013 12:00:00 AM","1525.2300","122.0184","38.1308","1685.3792","9/10/2013 12:00:00 AM"
"768","4","4","261","1540","4","9/1/2013 12:00:00 AM","9/10/2013 12:00:00 AM","631.3860","50.5109","15.7847","697.6816","9/10/2013 12:00:00 AM"
"769","4","4","251","1628","5","9/1/2013 12:00:00 AM","9/10/2013 12:00:00 AM","34644.2250","2771.5380","866.1056","38281.8686","9/10/2013 12:00:00 AM"
"770","4","4","253","1604","4","9/1/2013 12:00:00 AM","9/10/2013 12:00:00 AM","1839.5055","147.1604","45.9876","2032.6535","9/10/2013 12:00:00 AM"
"771","4","4","255","1690","5","9/1/2013 12:00:00 AM","9/10/2013 12:00:00 AM","146.2860","11.7029","3.6572","161.6461","9/10/2013 12:00:00 AM"
"772","4","4","256","1566","5","9/1/2013 12:00:00 AM","9/10/2013 12:00:00 AM","102.5640","8.2051","2.5641","113.3332","9/10/2013 12:00:00 AM"
"773","4","4","259","1698","5","9/2/2013 12:00:00 AM","9/11/2013 12:00:00 AM","150.7905","12.0632","3.7698","166.6235","9/11/2013 12:00:00 AM"
"774","4","4","260","1560","5","9/2/2013 12:00:00 AM","9/11/2013 12:00:00 AM","13669.4250","1093.5540","341.7356","15104.7146","9/11/2013 12:00:00 AM"
"775","4","4","258","1692","5","9/2/2013 12:00:00 AM","9/11/2013 12:00:00 AM","9948.3300","795.8664","248.7083","10992.9047","9/11/2013 12:00:00 AM"
"776","4","4","254","1696","2","9/2/2013 12:00:00 AM","9/11/2013 12:00:00 AM","62462.4000","4996.9920","1561.5600","69020.9520","9/11/2013 12:00:00 AM"
"777","4","4","257","1504","1","9/2/2013 12:00:00 AM","9/11/2013 12:00:00 AM","551.8800","44.1504","13.7970","609.8274","9/11/2013 12:00:00 AM"
"778","4","4","261","1544","1","9/2/2013 12:00:00 AM","9/11/2013 12:00:00 AM","6987.7500","559.0200","174.6938","7721.4638","9/11/2013 12:00:00 AM"
"779","4","4","251","1530","2","9/2/2013 12:00:00 AM","9/11/2013 12:00:00 AM","28072.2750","2245.7820","701.8069","31019.8639","9/11/2013 12:00:00 AM"
"780","4","4","253","1508","1","9/2/2013 12:00:00 AM","9/11/2013 12:00:00 AM","37312.2750","2984.9820","932.8069","41230.0639","9/11/2013 12:00:00 AM"
"781","4","4","255","1694","1","9/2/2013 12:00:00 AM","9/11/2013 12:00:00 AM","7623.0000","609.8400","190.5750","8423.4150","9/11/2013 12:00:00 AM"
"782","4","4","256","1624","2","9/2/2013 12:00:00 AM","9/11/2013 12:00:00 AM","28297.5000","2263.8000","707.4375","31268.7375","9/11/2013 12:00:00 AM"
"783","5","4","252","1548","2","9/2/2013 12:00:00 AM","9/11/2013 12:00:00 AM","59.9445","4.7956","1.4986","66.2387","9/11/2013 12:00:00 AM"
"784","4","4","260","1598","4","9/2/2013 12:00:00 AM","9/11/2013 12:00:00 AM","240.7230","19.2578","6.0181","265.9989","9/11/2013 12:00:00 AM"
"785","4","4","258","1658","5","9/2/2013 12:00:00 AM","9/11/2013 12:00:00 AM","43878.4500","3510.2760","1096.9613","48485.6873","9/11/2013 12:00:00 AM"
"786","4","4","254","1536","4","9/2/2013 12:00:00 AM","9/11/2013 12:00:00 AM","475.3665","38.0293","11.8842","525.2800","9/11/2013 12:00:00 AM"
"787","4","4","257","1568","2","9/2/2013 12:00:00 AM","9/11/2013 12:00:00 AM","42504.0000","3400.3200","1062.6000","46966.9200","9/11/2013 12:00:00 AM"
"788","4","4","261","1648","5","9/2/2013 12:00:00 AM","9/11/2013 12:00:00 AM","142.4115","11.3929","3.5603","157.3647","9/11/2013 12:00:00 AM"
"789","4","4","250","1646","2","9/3/2013 12:00:00 AM","9/12/2013 12:00:00 AM","48030.6750","3842.4540","1200.7669","53073.8959","9/12/2013 12:00:00 AM"
"790","4","4","253","1672","4","9/3/2013 12:00:00 AM","9/12/2013 12:00:00 AM","421.1550","33.6924","10.5289","465.3763","9/12/2013 12:00:00 AM"
"791","4","4","255","1600","1","9/3/2013 12:00:00 AM","9/12/2013 12:00:00 AM","1276.2750","102.1020","31.9069","1410.2839","9/12/2013 12:00:00 AM"
"792","4","4","256","1522","1","9/3/2013 12:00:00 AM","9/12/2013 12:00:00 AM","2003.9250","160.3140","50.0981","2214.3371","9/12/2013 12:00:00 AM"
"793","4","4","259","1570","2","9/3/2013 12:00:00 AM","9/12/2013 12:00:00 AM","50860.4250","4068.8340","1271.5106","56200.7696","9/12/2013 12:00:00 AM"
"794","4","4","260","1516","1","9/3/2013 12:00:00 AM","9/12/2013 12:00:00 AM","454.8600","36.3888","11.3715","502.6203","9/12/2013 12:00:00 AM"
"795","4","4","258","1506","5","9/3/2013 12:00:00 AM","9/12/2013 12:00:00 AM","43878.4500","3510.2760","1096.9613","48485.6873","9/12/2013 12:00:00 AM"
"796","4","4","254","1626","2","9/3/2013 12:00:00 AM","9/12/2013 12:00:00 AM","7132.1250","570.5700","178.3031","7880.9981","9/12/2013 12:00:00 AM"
"797","5","4","252","1542","2","9/3/2013 12:00:00 AM","9/12/2013 12:00:00 AM","28343.7000","2267.4960","708.5925","31319.7885","9/12/2013 12:00:00 AM"
"798","4","4","261","1610","4","9/3/2013 12:00:00 AM","9/12/2013 12:00:00 AM","22516.7250","1801.3380","562.9181","24880.9811","9/12/2013 12:00:00 AM"
"799","4","4","251","1638","5","9/3/2013 12:00:00 AM","9/12/2013 12:00:00 AM","34644.2250","2771.5380","866.1056","38281.8686","9/12/2013 12:00:00 AM"
"800","4","4","253","1582","5","9/3/2013 12:00:00 AM","9/12/2013 12:00:00 AM","427.9275","34.2342","10.6982","472.8599","9/12/2013 12:00:00 AM"
"801","4","4","255","1510","5","9/3/2013 12:00:00 AM","9/12/2013 12:00:00 AM","143.0415","11.4433","3.5760","158.0608","9/12/2013 12:00:00 AM"
"802","4","4","256","1526","2","9/3/2013 12:00:00 AM","9/12/2013 12:00:00 AM","28199.3250","2255.9460","704.9831","31160.2541","9/12/2013 12:00:00 AM"
"803","4","4","259","1644","1","9/3/2013 12:00:00 AM","9/12/2013 12:00:00 AM","3713.3250","297.0660","92.8331","4103.2241","9/12/2013 12:00:00 AM"
"804","4","4","260","1680","5","9/3/2013 12:00:00 AM","9/12/2013 12:00:00 AM","43878.4500","3510.2760","1096.9613","48485.6873","9/12/2013 12:00:00 AM"
"805","4","4","258","1584","5","9/4/2013 12:00:00 AM","9/13/2013 12:00:00 AM","9799.6500","783.9720","244.9913","10828.6133","9/13/2013 12:00:00 AM"
"806","4","4","254","1620","5","9/4/2013 12:00:00 AM","9/13/2013 12:00:00 AM","5711.4750","456.9180","142.7869","6311.1799","9/13/2013 12:00:00 AM"
"807","4","4","257","1666","5","9/4/2013 12:00:00 AM","9/13/2013 12:00:00 AM","814.5900","65.1672","20.3648","900.1220","9/13/2013 12:00:00 AM"
"808","4","4","261","1592","2","9/4/2013 12:00:00 AM","9/13/2013 12:00:00 AM","97.9650","7.8372","2.4491","108.2513","9/13/2013 12:00:00 AM"
"809","4","4","251","1618","4","9/4/2013 12:00:00 AM","9/13/2013 12:00:00 AM","114.4710","9.1577","2.8618","126.4905","9/13/2013 12:00:00 AM"
"810","4","4","253","1612","4","9/4/2013 12:00:00 AM","9/13/2013 12:00:00 AM","132.6465","10.6117","3.3162","146.5744","9/13/2013 12:00:00 AM"
"811","4","4","255","1586","5","9/4/2013 12:00:00 AM","9/13/2013 12:00:00 AM","43878.4500","3510.2760","1096.9613","48485.6873","9/13/2013 12:00:00 AM"
"812","4","4","256","1500","1","9/4/2013 12:00:00 AM","9/13/2013 12:00:00 AM","418.9500","33.5160","10.4738","462.9398","9/13/2013 12:00:00 AM"
"813","4","4","259","1656","4","9/4/2013 12:00:00 AM","9/13/2013 12:00:00 AM","347.4450","27.7956","8.6861","383.9267","9/13/2013 12:00:00 AM"
"814","4","4","260","1572","1","9/4/2013 12:00:00 AM","9/13/2013 12:00:00 AM","461.7900","36.9432","11.5448","510.2780","9/13/2013 12:00:00 AM"
"815","4","4","258","1562","4","9/4/2013 12:00:00 AM","9/13/2013 12:00:00 AM","1112.2650","88.9812","27.8066","1229.0528","9/13/2013 12:00:00 AM"
"816","4","4","254","1662","2","9/4/2013 12:00:00 AM","9/13/2013 12:00:00 AM","37.0755","2.9660","0.9269","40.9684","9/13/2013 12:00:00 AM"
"817","4","4","257","1682","4","9/4/2013 12:00:00 AM","9/13/2013 12:00:00 AM","21558.0750","1724.6460","538.9519","23821.6729","9/13/2013 12:00:00 AM"
"818","4","4","261","1686","4","9/4/2013 12:00:00 AM","9/13/2013 12:00:00 AM","624.2985","49.9439","15.6075","689.8499","9/13/2013 12:00:00 AM"
"819","4","4","251","1684","5","9/4/2013 12:00:00 AM","9/13/2013 12:00:00 AM","86220.7500","6897.6600","2155.5188","95273.9288","9/13/2013 12:00:00 AM"
"820","4","4","253","1534","5","9/4/2013 12:00:00 AM","9/13/2013 12:00:00 AM","429.3450","34.3476","10.7336","474.4262","9/13/2013 12:00:00 AM"
"821","4","4","252","1614","5","9/5/2013 12:00:00 AM","9/14/2013 12:00:00 AM","564.8265","45.1861","14.1207","624.1333","9/14/2013 12:00:00 AM"
"822","4","4","256","1588","5","9/5/2013 12:00:00 AM","9/14/2013 12:00:00 AM","40471.2000","3237.6960","1011.7800","44720.6760","9/14/2013 12:00:00 AM"
"823","4","4","259","1622","5","9/5/2013 12:00:00 AM","9/14/2013 12:00:00 AM","427.4550","34.1964","10.6864","472.3378","9/14/2013 12:00:00 AM"
"824","4","4","260","1632","5","9/5/2013 12:00:00 AM","9/14/2013 12:00:00 AM","38421.0750","3073.6860","960.5269","42455.2879","9/14/2013 12:00:00 AM"
"825","4","4","258","1608","5","9/5/2013 12:00:00 AM","9/14/2013 12:00:00 AM","5948.2500","475.8600","148.7063","6572.8163","9/14/2013 12:00:00 AM"
"826","4","4","254","1576","5","9/5/2013 12:00:00 AM","9/14/2013 12:00:00 AM","91117.9500","7289.4360","2277.9488","100685.3348","9/14/2013 12:00:00 AM"
"827","4","4","257","1590","1","9/5/2013 12:00:00 AM","9/14/2013 12:00:00 AM","525.0000","42.0000","13.1250","580.1250","9/14/2013 12:00:00 AM"
"828","4","4","261","1514","5","9/5/2013 12:00:00 AM","9/14/2013 12:00:00 AM","2003.6835","160.2947","50.0921","2214.0703","9/14/2013 12:00:00 AM"
"829","5","4","251","1498","4","9/5/2013 12:00:00 AM","9/14/2013 12:00:00 AM","26455.2750","2116.4220","661.3819","29233.0789","9/14/2013 12:00:00 AM"
"830","4","4","253","1674","2","9/5/2013 12:00:00 AM","9/14/2013 12:00:00 AM","944.3700","75.5496","23.6093","1043.5289","9/14/2013 12:00:00 AM"
"831","4","4","255","1652","4","9/5/2013 12:00:00 AM","9/14/2013 12:00:00 AM","51588.0750","4127.0460","1289.7019","57004.8229","9/14/2013 12:00:00 AM"
"832","4","4","252","1578","3","9/5/2013 12:00:00 AM","9/14/2013 12:00:00 AM","36122.6250","2889.8100","903.0656","39915.5006","9/14/2013 12:00:00 AM"
"833","4","4","259","1538","5","9/5/2013 12:00:00 AM","9/14/2013 12:00:00 AM","37843.5750","3027.4860","946.0894","41817.1504","9/14/2013 12:00:00 AM"
"834","4","4","260","1556","4","9/5/2013 12:00:00 AM","9/14/2013 12:00:00 AM","25531.2750","2042.5020","638.2819","28212.0589","9/14/2013 12:00:00 AM"
"835","4","4","258","1554","5","9/5/2013 12:00:00 AM","9/14/2013 12:00:00 AM","2061.7065","164.9365","51.5427","2278.1857","9/14/2013 12:00:00 AM"
"836","4","4","250","1688","4","9/5/2013 12:00:00 AM","9/14/2013 12:00:00 AM","125.7480","10.0598","3.1437","138.9515","9/14/2013 12:00:00 AM"
"837","4","4","257","1506","5","9/6/2013 12:00:00 AM","9/15/2013 12:00:00 AM","43878.4500","3510.2760","1096.9613","48485.6873","9/15/2013 12:00:00 AM"
"838","4","4","261","1626","2","9/6/2013 12:00:00 AM","9/15/2013 12:00:00 AM","7132.1250","570.5700","178.3031","7880.9981","9/15/2013 12:00:00 AM"
"839","4","4","251","1542","2","9/6/2013 12:00:00 AM","9/15/2013 12:00:00 AM","28343.7000","2267.4960","708.5925","31319.7885","9/15/2013 12:00:00 AM"
"840","4","4","253","1610","4","9/6/2013 12:00:00 AM","9/15/2013 12:00:00 AM","22516.7250","1801.3380","562.9181","24880.9811","9/15/2013 12:00:00 AM"
"841","4","4","257","1580","5","9/8/2013 12:00:00 AM","9/17/2013 12:00:00 AM","150.7905","12.0632","3.7698","166.6235","9/17/2013 12:00:00 AM"
"842","4","4","261","1496","4","9/8/2013 12:00:00 AM","9/17/2013 12:00:00 AM","235.9035","18.8723","5.8976","260.6734","9/17/2013 12:00:00 AM"
"843","4","4","251","1494","2","9/8/2013 12:00:00 AM","9/17/2013 12:00:00 AM","8847.3000","707.7840","221.1825","9776.2665","9/17/2013 12:00:00 AM"
"844","4","4","253","1650","5","9/8/2013 12:00:00 AM","9/17/2013 12:00:00 AM","171.0765","13.6861","4.2769","189.0395","9/17/2013 12:00:00 AM"
"845","7","4","255","1654","4","9/8/2013 12:00:00 AM","9/17/2013 12:00:00 AM","20397.3000","1631.7840","509.9325","22539.0165","9/17/2013 12:00:00 AM"
"846","4","4","256","1664","3","9/8/2013 12:00:00 AM","9/17/2013 12:00:00 AM","14628.0750","1170.2460","365.7019","16164.0229","9/17/2013 12:00:00 AM"
"847","4","4","259","1678","4","9/8/2013 12:00:00 AM","9/17/2013 12:00:00 AM","25334.9250","2026.7940","633.3731","27995.0921","9/17/2013 12:00:00 AM"
"848","4","4","260","1616","5","9/8/2013 12:00:00 AM","9/17/2013 12:00:00 AM","693.3780","55.4702","17.3345","766.1827","9/17/2013 12:00:00 AM"
"849","4","4","258","1492","5","9/8/2013 12:00:00 AM","9/17/2013 12:00:00 AM","694.1655","55.5332","17.3541","767.0528","9/17/2013 12:00:00 AM"
"850","4","4","254","1602","5","9/8/2013 12:00:00 AM","9/17/2013 12:00:00 AM","1796.0355","143.6828","44.9009","1984.6192","9/17/2013 12:00:00 AM"
"851","4","4","257","1540","4","9/8/2013 12:00:00 AM","9/17/2013 12:00:00 AM","463.3965","37.0717","11.5849","512.0531","9/17/2013 12:00:00 AM"
"852","4","4","261","1628","5","9/8/2013 12:00:00 AM","9/17/2013 12:00:00 AM","34644.2250","2771.5380","866.1056","38281.8686","9/17/2013 12:00:00 AM"
"853","4","4","251","1604","4","9/8/2013 12:00:00 AM","9/17/2013 12:00:00 AM","1839.5055","147.1604","45.9876","2032.6535","9/17/2013 12:00:00 AM"
"854","4","4","253","1690","5","9/8/2013 12:00:00 AM","9/17/2013 12:00:00 AM","146.2860","11.7029","3.6572","161.6461","9/17/2013 12:00:00 AM"
"855","4","4","255","1566","5","9/8/2013 12:00:00 AM","9/17/2013 12:00:00 AM","102.5640","8.2051","2.5641","113.3332","9/17/2013 12:00:00 AM"
"856","4","4","256","1698","5","9/8/2013 12:00:00 AM","9/17/2013 12:00:00 AM","150.7905","12.0632","3.7698","166.6235","9/17/2013 12:00:00 AM"
"857","4","4","259","1560","5","9/9/2013 12:00:00 AM","9/18/2013 12:00:00 AM","13669.4250","1093.5540","341.7356","15104.7146","9/18/2013 12:00:00 AM"
"858","4","4","250","1692","5","9/9/2013 12:00:00 AM","9/18/2013 12:00:00 AM","16393.2300","1311.4584","409.8308","18114.5192","9/18/2013 12:00:00 AM"
"859","4","4","258","1696","5","9/9/2013 12:00:00 AM","9/18/2013 12:00:00 AM","39258.4500","3140.6760","981.4613","43380.5873","9/18/2013 12:00:00 AM"
"860","4","4","254","1504","1","9/9/2013 12:00:00 AM","9/18/2013 12:00:00 AM","551.8800","44.1504","13.7970","609.8274","9/18/2013 12:00:00 AM"
"861","4","4","257","1544","1","9/9/2013 12:00:00 AM","9/18/2013 12:00:00 AM","6987.7500","559.0200","174.6938","7721.4638","9/18/2013 12:00:00 AM"
"862","4","4","261","1530","2","9/9/2013 12:00:00 AM","9/18/2013 12:00:00 AM","28072.2750","2245.7820","701.8069","31019.8639","9/18/2013 12:00:00 AM"
"863","4","4","251","1508","1","9/9/2013 12:00:00 AM","9/18/2013 12:00:00 AM","37312.2750","2984.9820","932.8069","41230.0639","9/18/2013 12:00:00 AM"
"864","4","4","253","1694","1","9/9/2013 12:00:00 AM","9/18/2013 12:00:00 AM","4215.7500","337.2600","105.3938","4658.4038","9/18/2013 12:00:00 AM"
"865","4","4","255","1624","2","9/9/2013 12:00:00 AM","9/18/2013 12:00:00 AM","28297.5000","2263.8000","707.4375","31268.7375","9/18/2013 12:00:00 AM"
"866","4","4","256","1548","2","9/9/2013 12:00:00 AM","9/18/2013 12:00:00 AM","59.9445","4.7956","1.4986","66.2387","9/18/2013 12:00:00 AM"
"867","4","4","259","1598","4","9/9/2013 12:00:00 AM","9/18/2013 12:00:00 AM","697.4100","55.7928","17.4353","770.6381","9/18/2013 12:00:00 AM"
"868","4","4","260","1658","5","9/9/2013 12:00:00 AM","9/18/2013 12:00:00 AM","43878.4500","3510.2760","1096.9613","48485.6873","9/18/2013 12:00:00 AM"
"869","4","4","250","1536","4","9/9/2013 12:00:00 AM","9/18/2013 12:00:00 AM","636.5835","50.9267","15.9146","703.4248","9/18/2013 12:00:00 AM"
"870","4","4","254","1568","1","9/9/2013 12:00:00 AM","9/18/2013 12:00:00 AM","13929.3000","1114.3440","348.2325","15391.8765","9/18/2013 12:00:00 AM"
"871","5","4","257","1648","5","9/9/2013 12:00:00 AM","9/18/2013 12:00:00 AM","142.4115","11.3929","3.5603","157.3647","9/18/2013 12:00:00 AM"
"872","4","4","261","1646","2","9/9/2013 12:00:00 AM","9/18/2013 12:00:00 AM","28794.1500","2303.5320","719.8538","31817.5358","9/18/2013 12:00:00 AM"
"873","4","4","251","1672","4","9/10/2013 12:00:00 AM","9/19/2013 12:00:00 AM","402.2550","32.1804","10.0564","444.4918","9/19/2013 12:00:00 AM"
"874","4","4","253","1600","1","9/10/2013 12:00:00 AM","9/19/2013 12:00:00 AM","1276.2750","102.1020","31.9069","1410.2839","9/19/2013 12:00:00 AM"
"875","4","4","255","1522","1","9/10/2013 12:00:00 AM","9/19/2013 12:00:00 AM","2003.9250","160.3140","50.0981","2214.3371","9/19/2013 12:00:00 AM"
"876","4","4","256","1570","2","9/10/2013 12:00:00 AM","9/19/2013 12:00:00 AM","50860.4250","4068.8340","1271.5106","56200.7696","9/19/2013 12:00:00 AM"
"877","4","4","259","1516","1","9/10/2013 12:00:00 AM","9/19/2013 12:00:00 AM","454.8600","36.3888","11.3715","502.6203","9/19/2013 12:00:00 AM"
"878","4","4","260","1506","5","9/10/2013 12:00:00 AM","9/19/2013 12:00:00 AM","43878.4500","3510.2760","1096.9613","48485.6873","9/19/2013 12:00:00 AM"
"879","4","4","258","1626","2","9/10/2013 12:00:00 AM","9/19/2013 12:00:00 AM","7132.1250","570.5700","178.3031","7880.9981","9/19/2013 12:00:00 AM"
"880","4","4","254","1542","2","9/10/2013 12:00:00 AM","9/19/2013 12:00:00 AM","28343.7000","2267.4960","708.5925","31319.7885","9/19/2013 12:00:00 AM"
"881","4","4","257","1610","4","9/10/2013 12:00:00 AM","9/19/2013 12:00:00 AM","22516.7250","1801.3380","562.9181","24880.9811","9/19/2013 12:00:00 AM"
"882","4","4","261","1638","5","9/10/2013 12:00:00 AM","9/19/2013 12:00:00 AM","34644.2250","2771.5380","866.1056","38281.8686","9/19/2013 12:00:00 AM"
"883","4","4","251","1582","4","9/10/2013 12:00:00 AM","9/19/2013 12:00:00 AM","409.0275","32.7222","10.2257","451.9754","9/19/2013 12:00:00 AM"
"884","4","4","253","1510","5","9/10/2013 12:00:00 AM","9/19/2013 12:00:00 AM","143.0415","11.4433","3.5760","158.0608","9/19/2013 12:00:00 AM"
"885","4","4","255","1526","2","9/10/2013 12:00:00 AM","9/19/2013 12:00:00 AM","28199.3250","2255.9460","704.9831","31160.2541","9/19/2013 12:00:00 AM"
"886","4","4","256","1644","1","9/10/2013 12:00:00 AM","9/19/2013 12:00:00 AM","3713.3250","297.0660","92.8331","4103.2241","9/19/2013 12:00:00 AM"
"887","4","4","252","1680","4","9/10/2013 12:00:00 AM","9/19/2013 12:00:00 AM","19952.6250","1596.2100","498.8156","22047.6506","9/19/2013 12:00:00 AM"
"888","4","4","260","1584","5","9/10/2013 12:00:00 AM","9/19/2013 12:00:00 AM","16340.3100","1307.2248","408.5078","18056.0426","9/19/2013 12:00:00 AM"
"889","4","4","258","1620","5","9/11/2013 12:00:00 AM","9/20/2013 12:00:00 AM","5711.4750","456.9180","142.7869","6311.1799","9/20/2013 12:00:00 AM"
"890","5","4","254","1666","4","9/11/2013 12:00:00 AM","9/20/2013 12:00:00 AM","378.9450","30.3156","9.4736","418.7342","9/20/2013 12:00:00 AM"
"891","4","4","257","1592","2","9/11/2013 12:00:00 AM","9/20/2013 12:00:00 AM","97.9650","7.8372","2.4491","108.2513","9/20/2013 12:00:00 AM"
"892","4","4","261","1618","4","9/11/2013 12:00:00 AM","9/20/2013 12:00:00 AM","114.4710","9.1577","2.8618","126.4905","9/20/2013 12:00:00 AM"
"893","4","4","250","1612","4","9/11/2013 12:00:00 AM","9/20/2013 12:00:00 AM","132.6465","10.6117","3.3162","146.5744","9/20/2013 12:00:00 AM"
"894","4","4","253","1586","5","9/11/2013 12:00:00 AM","9/20/2013 12:00:00 AM","43878.4500","3510.2760","1096.9613","48485.6873","9/20/2013 12:00:00 AM"
"895","4","4","255","1500","1","9/11/2013 12:00:00 AM","9/20/2013 12:00:00 AM","418.9500","33.5160","10.4738","462.9398","9/20/2013 12:00:00 AM"
"896","4","4","256","1656","5","9/11/2013 12:00:00 AM","9/20/2013 12:00:00 AM","564.1965","45.1357","14.1049","623.4371","9/20/2013 12:00:00 AM"
"897","4","4","259","1572","1","9/11/2013 12:00:00 AM","9/20/2013 12:00:00 AM","461.7900","36.9432","11.5448","510.2780","9/20/2013 12:00:00 AM"
"898","4","4","260","1562","4","9/11/2013 12:00:00 AM","9/20/2013 12:00:00 AM","630.3780","50.4302","15.7595","696.5677","9/20/2013 12:00:00 AM"
"899","4","4","258","1662","2","9/11/2013 12:00:00 AM","9/20/2013 12:00:00 AM","37.0755","2.9660","0.9269","40.9684","9/20/2013 12:00:00 AM"
"900","4","4","254","1682","4","9/11/2013 12:00:00 AM","9/20/2013 12:00:00 AM","21558.0750","1724.6460","538.9519","23821.6729","9/20/2013 12:00:00 AM"
"901","4","4","252","1686","4","9/11/2013 12:00:00 AM","9/20/2013 12:00:00 AM","450.1665","36.0133","11.2542","497.4340","9/20/2013 12:00:00 AM"
"902","4","4","261","1684","5","9/11/2013 12:00:00 AM","9/20/2013 12:00:00 AM","41048.7000","3283.8960","1026.2175","45358.8135","9/20/2013 12:00:00 AM"
"903","4","4","251","1534","4","9/11/2013 12:00:00 AM","9/20/2013 12:00:00 AM","410.4450","32.8356","10.2611","453.5417","9/20/2013 12:00:00 AM"
"904","4","4","253","1614","4","9/11/2013 12:00:00 AM","9/20/2013 12:00:00 AM","273.0735","21.8459","6.8268","301.7462","9/20/2013 12:00:00 AM"
"905","4","4","255","1638","5","9/12/2013 12:00:00 AM","9/21/2013 12:00:00 AM","34644.2250","2771.5380","866.1056","38281.8686","9/21/2013 12:00:00 AM"
"906","4","4","256","1582","4","9/12/2013 12:00:00 AM","9/21/2013 12:00:00 AM","513.7965","41.1037","12.8449","567.7451","9/21/2013 12:00:00 AM"
"907","4","4","252","1510","5","9/12/2013 12:00:00 AM","9/21/2013 12:00:00 AM","143.0415","11.4433","3.5760","158.0608","9/21/2013 12:00:00 AM"
"908","4","4","260","1526","2","9/12/2013 12:00:00 AM","9/21/2013 12:00:00 AM","28199.3250","2255.9460","704.9831","31160.2541","9/21/2013 12:00:00 AM"
"909","4","4","255","1588","5","9/15/2013 12:00:00 AM","9/24/2013 12:00:00 AM","40471.2000","3237.6960","1011.7800","44720.6760","9/24/2013 12:00:00 AM"
"910","4","4","256","1622","4","9/15/2013 12:00:00 AM","9/24/2013 12:00:00 AM","408.5550","32.6844","10.2139","451.4533","9/24/2013 12:00:00 AM"
"911","4","4","259","1632","4","9/15/2013 12:00:00 AM","9/24/2013 12:00:00 AM","23671.7250","1893.7380","591.7931","26157.2561","9/24/2013 12:00:00 AM"
"912","5","4","260","1608","5","9/15/2013 12:00:00 AM","9/24/2013 12:00:00 AM","5948.2500","475.8600","148.7063","6572.8163","9/24/2013 12:00:00 AM"
"913","5","4","258","1576","5","9/15/2013 12:00:00 AM","9/24/2013 12:00:00 AM","91117.9500","7289.4360","2277.9488","100685.3348","9/24/2013 12:00:00 AM"
"914","4","4","254","1590","1","9/15/2013 12:00:00 AM","9/24/2013 12:00:00 AM","525.0000","42.0000","13.1250","580.1250","9/24/2013 12:00:00 AM"
"915","4","4","257","1514","5","9/15/2013 12:00:00 AM","9/24/2013 12:00:00 AM","2003.6835","160.2947","50.0921","2214.0703","9/24/2013 12:00:00 AM"
"916","4","4","261","1498","4","9/15/2013 12:00:00 AM","9/24/2013 12:00:00 AM","26455.2750","2116.4220","661.3819","29233.0789","9/24/2013 12:00:00 AM"
"917","4","4","251","1674","2","9/15/2013 12:00:00 AM","9/24/2013 12:00:00 AM","944.3700","75.5496","23.6093","1043.5289","9/24/2013 12:00:00 AM"
"918","4","4","253","1652","4","9/15/2013 12:00:00 AM","9/24/2013 12:00:00 AM","51588.0750","4127.0460","1289.7019","57004.8229","9/24/2013 12:00:00 AM"
"919","4","4","255","1578","5","9/15/2013 12:00:00 AM","9/24/2013 12:00:00 AM","26720.9250","2137.6740","668.0231","29526.6221","9/24/2013 12:00:00 AM"
"920","4","4","256","1538","5","9/15/2013 12:00:00 AM","9/24/2013 12:00:00 AM","37843.5750","3027.4860","946.0894","41817.1504","9/24/2013 12:00:00 AM"
"921","4","4","259","1556","4","9/15/2013 12:00:00 AM","9/24/2013 12:00:00 AM","25531.2750","2042.5020","638.2819","28212.0589","9/24/2013 12:00:00 AM"
"922","4","4","260","1554","5","9/15/2013 12:00:00 AM","9/24/2013 12:00:00 AM","278.8380","22.3070","6.9710","308.1160","9/24/2013 12:00:00 AM"
"923","4","4","258","1688","4","9/15/2013 12:00:00 AM","9/24/2013 12:00:00 AM","125.7480","10.0598","3.1437","138.9515","9/24/2013 12:00:00 AM"
"924","4","4","254","1580","5","9/15/2013 12:00:00 AM","9/24/2013 12:00:00 AM","150.7905","12.0632","3.7698","166.6235","9/24/2013 12:00:00 AM"
"925","4","4","257","1496","5","9/17/2013 12:00:00 AM","9/26/2013 12:00:00 AM","2069.2665","165.5413","51.7317","2286.5395","9/26/2013 12:00:00 AM"
"926","4","4","261","1494","2","9/17/2013 12:00:00 AM","9/26/2013 12:00:00 AM","8847.3000","707.7840","221.1825","9776.2665","9/26/2013 12:00:00 AM"
"927","4","4","251","1650","5","9/17/2013 12:00:00 AM","9/26/2013 12:00:00 AM","171.0765","13.6861","4.2769","189.0395","9/26/2013 12:00:00 AM"
"928","4","4","253","1654","4","9/17/2013 12:00:00 AM","9/26/2013 12:00:00 AM","20397.3000","1631.7840","509.9325","22539.0165","9/26/2013 12:00:00 AM"
"929","4","4","252","1664","3","9/18/2013 12:00:00 AM","9/27/2013 12:00:00 AM","14628.0750","1170.2460","365.7019","16164.0229","9/27/2013 12:00:00 AM"
"930","4","4","256","1678","3","9/18/2013 12:00:00 AM","9/27/2013 12:00:00 AM","58685.5500","4694.8440","1467.1388","64847.5328","9/27/2013 12:00:00 AM"
"931","4","4","259","1616","5","9/18/2013 12:00:00 AM","9/27/2013 12:00:00 AM","532.2870","42.5830","13.3072","588.1772","9/27/2013 12:00:00 AM"
"932","4","4","260","1492","5","9/18/2013 12:00:00 AM","9/27/2013 12:00:00 AM","272.7585","21.8207","6.8190","301.3982","9/27/2013 12:00:00 AM"
"933","4","4","258","1602","5","9/18/2013 12:00:00 AM","9/27/2013 12:00:00 AM","1796.0355","143.6828","44.9009","1984.6192","9/27/2013 12:00:00 AM"
"934","4","4","254","1540","5","9/18/2013 12:00:00 AM","9/27/2013 12:00:00 AM","279.7830","22.3826","6.9946","309.1602","9/27/2013 12:00:00 AM"
"935","4","4","257","1628","5","9/18/2013 12:00:00 AM","9/27/2013 12:00:00 AM","34644.2250","2771.5380","866.1056","38281.8686","9/27/2013 12:00:00 AM"
"936","4","4","261","1604","4","9/18/2013 12:00:00 AM","9/27/2013 12:00:00 AM","1839.5055","147.1604","45.9876","2032.6535","9/27/2013 12:00:00 AM"
"937","4","4","251","1690","5","9/18/2013 12:00:00 AM","9/27/2013 12:00:00 AM","146.2860","11.7029","3.6572","161.6461","9/27/2013 12:00:00 AM"
"938","4","4","253","1566","5","9/18/2013 12:00:00 AM","9/27/2013 12:00:00 AM","102.5640","8.2051","2.5641","113.3332","9/27/2013 12:00:00 AM"
"939","4","4","255","1698","5","9/18/2013 12:00:00 AM","9/27/2013 12:00:00 AM","150.7905","12.0632","3.7698","166.6235","9/27/2013 12:00:00 AM"
"940","4","4","252","1560","5","9/18/2013 12:00:00 AM","9/27/2013 12:00:00 AM","13669.4250","1093.5540","341.7356","15104.7146","9/27/2013 12:00:00 AM"
"941","4","4","259","1692","5","9/18/2013 12:00:00 AM","9/27/2013 12:00:00 AM","13458.6900","1076.6952","336.4673","14871.8525","9/27/2013 12:00:00 AM"
"942","4","4","260","1696","2","9/18/2013 12:00:00 AM","9/27/2013 12:00:00 AM","28343.7000","2267.4960","708.5925","31319.7885","9/27/2013 12:00:00 AM"
"943","4","4","258","1504","1","9/18/2013 12:00:00 AM","9/27/2013 12:00:00 AM","551.8800","44.1504","13.7970","609.8274","9/27/2013 12:00:00 AM"
"944","4","3","250","1544","1","9/18/2013 12:00:00 AM","9/27/2013 12:00:00 AM","3811.5000","304.9200","95.2875","4211.7075","9/27/2013 12:00:00 AM"
"945","4","4","257","1530","2","9/20/2013 12:00:00 AM","9/29/2013 12:00:00 AM","28072.2750","2245.7820","701.8069","31019.8639","9/29/2013 12:00:00 AM"
"946","4","4","261","1508","1","9/20/2013 12:00:00 AM","9/29/2013 12:00:00 AM","37312.2750","2984.9820","932.8069","41230.0639","9/29/2013 12:00:00 AM"
"947","4","4","251","1694","1","9/20/2013 12:00:00 AM","9/29/2013 12:00:00 AM","3407.2500","272.5800","85.1813","3765.0113","9/29/2013 12:00:00 AM"
"948","4","4","253","1624","2","9/20/2013 12:00:00 AM","9/29/2013 12:00:00 AM","28297.5000","2263.8000","707.4375","31268.7375","9/29/2013 12:00:00 AM"
"949","4","4","255","1548","2","9/22/2013 12:00:00 AM","10/1/2013 12:00:00 AM","59.9445","4.7956","1.4986","66.2387","10/1/2013 12:00:00 AM"
"950","4","4","256","1598","4","9/22/2013 12:00:00 AM","10/1/2013 12:00:00 AM","117.4320","9.3946","2.9358","129.7624","10/1/2013 12:00:00 AM"
"951","4","4","259","1658","5","9/22/2013 12:00:00 AM","10/1/2013 12:00:00 AM","43878.4500","3510.2760","1096.9613","48485.6873","10/1/2013 12:00:00 AM"
"952","4","4","260","1536","5","9/22/2013 12:00:00 AM","10/1/2013 12:00:00 AM","142.6320","11.4106","3.5658","157.6084","10/1/2013 12:00:00 AM"
"953","4","4","258","1568","1","9/22/2013 12:00:00 AM","10/1/2013 12:00:00 AM","12300.7500","984.0600","307.5188","13592.3288","10/1/2013 12:00:00 AM"
"954","4","4","254","1648","5","9/22/2013 12:00:00 AM","10/1/2013 12:00:00 AM","142.4115","11.3929","3.5603","157.3647","10/1/2013 12:00:00 AM"
"955","4","4","257","1646","5","9/22/2013 12:00:00 AM","10/1/2013 12:00:00 AM","19236.5250","1538.9220","480.9131","21256.3601","10/1/2013 12:00:00 AM"
"956","4","4","261","1672","4","9/22/2013 12:00:00 AM","10/1/2013 12:00:00 AM","50983.9365","4078.7149","1274.5984","56337.2498","10/1/2013 12:00:00 AM"
"957","4","4","251","1600","1","9/22/2013 12:00:00 AM","10/1/2013 12:00:00 AM","1276.2750","102.1020","31.9069","1410.2839","10/1/2013 12:00:00 AM"
"958","4","4","253","1522","1","9/22/2013 12:00:00 AM","10/1/2013 12:00:00 AM","2003.9250","160.3140","50.0981","2214.3371","10/1/2013 12:00:00 AM"
"959","4","4","255","1570","2","9/22/2013 12:00:00 AM","10/1/2013 12:00:00 AM","50860.4250","4068.8340","1271.5106","56200.7696","10/1/2013 12:00:00 AM"
"960","4","4","256","1516","1","9/22/2013 12:00:00 AM","10/1/2013 12:00:00 AM","454.8600","36.3888","11.3715","502.6203","10/1/2013 12:00:00 AM"
"961","4","4","259","1506","5","9/22/2013 12:00:00 AM","10/1/2013 12:00:00 AM","43878.4500","3510.2760","1096.9613","48485.6873","10/1/2013 12:00:00 AM"
"962","4","4","250","1626","2","9/22/2013 12:00:00 AM","10/1/2013 12:00:00 AM","7132.1250","570.5700","178.3031","7880.9981","10/1/2013 12:00:00 AM"
"963","4","4","258","1542","2","9/22/2013 12:00:00 AM","10/1/2013 12:00:00 AM","28343.7000","2267.4960","708.5925","31319.7885","10/1/2013 12:00:00 AM"
"964","4","4","254","1610","4","9/22/2013 12:00:00 AM","10/1/2013 12:00:00 AM","22516.7250","1801.3380","562.9181","24880.9811","10/1/2013 12:00:00 AM"
"965","4","4","258","1644","1","9/26/2013 12:00:00 AM","10/5/2013 12:00:00 AM","3713.3250","297.0660","92.8331","4103.2241","10/5/2013 12:00:00 AM"
"966","4","4","254","1680","5","9/26/2013 12:00:00 AM","10/5/2013 12:00:00 AM","63831.0750","5106.4860","1595.7769","70533.3379","10/5/2013 12:00:00 AM"
"967","4","4","257","1584","5","9/26/2013 12:00:00 AM","10/5/2013 12:00:00 AM","16340.3100","1307.2248","408.5078","18056.0426","10/5/2013 12:00:00 AM"
"968","4","4","261","1620","5","9/26/2013 12:00:00 AM","10/5/2013 12:00:00 AM","5711.4750","456.9180","142.7869","6311.1799","10/5/2013 12:00:00 AM"
"969","4","4","257","1638","5","9/26/2013 12:00:00 AM","10/5/2013 12:00:00 AM","34644.2250","2771.5380","866.1056","38281.8686","10/5/2013 12:00:00 AM"
"970","4","4","261","1582","4","9/26/2013 12:00:00 AM","10/5/2013 12:00:00 AM","364.9275","29.1942","9.1232","403.2449","10/5/2013 12:00:00 AM"
"971","5","4","251","1510","5","9/26/2013 12:00:00 AM","10/5/2013 12:00:00 AM","143.0415","11.4433","3.5760","158.0608","10/5/2013 12:00:00 AM"
"972","4","4","253","1526","2","9/26/2013 12:00:00 AM","10/5/2013 12:00:00 AM","28199.3250","2255.9460","704.9831","31160.2541","10/5/2013 12:00:00 AM"
"973","4","4","250","1666","4","9/27/2013 12:00:00 AM","10/6/2013 12:00:00 AM","360.0450","28.8036","9.0011","397.8497","10/6/2013 12:00:00 AM"
"974","4","4","253","1592","2","9/27/2013 12:00:00 AM","10/6/2013 12:00:00 AM","97.9650","7.8372","2.4491","108.2513","10/6/2013 12:00:00 AM"
"975","5","4","255","1618","4","9/27/2013 12:00:00 AM","10/6/2013 12:00:00 AM","114.4710","9.1577","2.8618","126.4905","10/6/2013 12:00:00 AM"
"976","4","4","256","1612","4","9/27/2013 12:00:00 AM","10/6/2013 12:00:00 AM","132.6465","10.6117","3.3162","146.5744","10/6/2013 12:00:00 AM"
"977","4","4","255","1644","1","9/29/2013 12:00:00 AM","10/8/2013 12:00:00 AM","3713.3250","297.0660","92.8331","4103.2241","10/8/2013 12:00:00 AM"
"978","4","4","256","1680","5","9/29/2013 12:00:00 AM","10/8/2013 12:00:00 AM","63831.0750","5106.4860","1595.7769","70533.3379","10/8/2013 12:00:00 AM"
"979","4","4","259","1584","5","9/29/2013 12:00:00 AM","10/8/2013 12:00:00 AM","16340.3100","1307.2248","408.5078","18056.0426","10/8/2013 12:00:00 AM"
"980","4","4","260","1620","5","9/29/2013 12:00:00 AM","10/8/2013 12:00:00 AM","5711.4750","456.9180","142.7869","6311.1799","10/8/2013 12:00:00 AM"
"981","4","4","250","1666","4","9/29/2013 12:00:00 AM","10/8/2013 12:00:00 AM","235.9035","18.8723","5.8976","260.6734","10/8/2013 12:00:00 AM"
"982","4","4","254","1592","2","9/29/2013 12:00:00 AM","10/8/2013 12:00:00 AM","97.9650","7.8372","2.4491","108.2513","10/8/2013 12:00:00 AM"
"983","4","4","257","1618","4","9/29/2013 12:00:00 AM","10/8/2013 12:00:00 AM","114.4710","9.1577","2.8618","126.4905","10/8/2013 12:00:00 AM"
"984","4","3","261","1612","4","9/29/2013 12:00:00 AM","10/8/2013 12:00:00 AM","132.6465","10.6117","3.3162","146.5744","10/8/2013 12:00:00 AM"
"985","4","4","251","1586","5","9/29/2013 12:00:00 AM","10/8/2013 12:00:00 AM","43878.4500","3510.2760","1096.9613","48485.6873","10/8/2013 12:00:00 AM"
"986","4","4","253","1500","1","9/29/2013 12:00:00 AM","10/8/2013 12:00:00 AM","418.9500","33.5160","10.4738","462.9398","10/8/2013 12:00:00 AM"
"987","4","4","255","1656","4","9/29/2013 12:00:00 AM","10/8/2013 12:00:00 AM","402.7275","32.2182","10.0682","445.0139","10/8/2013 12:00:00 AM"
"988","4","4","256","1572","1","9/29/2013 12:00:00 AM","10/8/2013 12:00:00 AM","461.7900","36.9432","11.5448","510.2780","10/8/2013 12:00:00 AM"
"989","4","4","259","1562","4","9/29/2013 12:00:00 AM","10/8/2013 12:00:00 AM","592.7985","47.4239","14.8200","655.0424","10/8/2013 12:00:00 AM"
"990","4","4","260","1662","2","9/29/2013 12:00:00 AM","10/8/2013 12:00:00 AM","37.0755","2.9660","0.9269","40.9684","10/8/2013 12:00:00 AM"
"991","4","4","258","1682","4","9/29/2013 12:00:00 AM","10/8/2013 12:00:00 AM","21558.0750","1724.6460","538.9519","23821.6729","10/8/2013 12:00:00 AM"
"992","4","4","254","1686","4","9/29/2013 12:00:00 AM","10/8/2013 12:00:00 AM","260.1585","20.8127","6.5040","287.4752","10/8/2013 12:00:00 AM"
"993","4","4","257","1684","4","9/30/2013 12:00:00 AM","10/9/2013 12:00:00 AM","45172.0500","3613.7640","1129.3013","49915.1153","10/9/2013 12:00:00 AM"
"994","4","3","261","1534","4","9/30/2013 12:00:00 AM","10/9/2013 12:00:00 AM","254.5830","20.3666","6.3646","281.3142","10/9/2013 12:00:00 AM"
"995","4","4","251","1614","4","9/30/2013 12:00:00 AM","10/9/2013 12:00:00 AM","390.6000","31.2480","9.7650","431.6130","10/9/2013 12:00:00 AM"
"996","4","4","253","1588","5","9/30/2013 12:00:00 AM","10/9/2013 12:00:00 AM","40471.2000","3237.6960","1011.7800","44720.6760","10/9/2013 12:00:00 AM"
"997","4","4","255","1622","4","10/6/2013 12:00:00 AM","10/15/2013 12:00:00 AM","389.6550","31.1724","9.7414","430.5688","10/15/2013 12:00:00 AM"
"998","4","4","256","1632","5","10/6/2013 12:00:00 AM","10/15/2013 12:00:00 AM","62092.8000","4967.4240","1552.3200","68612.5440","10/15/2013 12:00:00 AM"
"999","4","4","252","1608","5","10/6/2013 12:00:00 AM","10/15/2013 12:00:00 AM","5948.2500","475.8600","148.7063","6572.8163","10/15/2013 12:00:00 AM"
"1000","4","4","260","1576","5","10/6/2013 12:00:00 AM","10/15/2013 12:00:00 AM","91117.9500","7289.4360","2277.9488","100685.3348","10/15/2013 12:00:00 AM"
"1001","4","4","258","1590","1","10/6/2013 12:00:00 AM","10/15/2013 12:00:00 AM","525.0000","42.0000","13.1250","580.1250","10/15/2013 12:00:00 AM"
"1002","4","4","254","1514","5","10/6/2013 12:00:00 AM","10/15/2013 12:00:00 AM","281.8935","22.5515","7.0473","311.4923","10/15/2013 12:00:00 AM"
"1003","4","4","257","1498","4","10/6/2013 12:00:00 AM","10/15/2013 12:00:00 AM","26455.2750","2116.4220","661.3819","29233.0789","10/15/2013 12:00:00 AM"
"1004","4","3","261","1674","2","10/6/2013 12:00:00 AM","10/15/2013 12:00:00 AM","944.3700","75.5496","23.6093","1043.5289","10/15/2013 12:00:00 AM"
"1005","4","4","250","1652","4","10/6/2013 12:00:00 AM","10/15/2013 12:00:00 AM","51588.0750","4127.0460","1289.7019","57004.8229","10/15/2013 12:00:00 AM"
"1006","4","4","253","1578","3","10/6/2013 12:00:00 AM","10/15/2013 12:00:00 AM","62843.5500","5027.4840","1571.0888","69442.1228","10/15/2013 12:00:00 AM"
"1007","4","4","255","1538","5","10/6/2013 12:00:00 AM","10/15/2013 12:00:00 AM","37843.5750","3027.4860","946.0894","41817.1504","10/15/2013 12:00:00 AM"
"1008","4","4","256","1556","4","10/6/2013 12:00:00 AM","10/15/2013 12:00:00 AM","25531.2750","2042.5020","638.2819","28212.0589","10/15/2013 12:00:00 AM"
"1009","4","4","259","1554","5","10/6/2013 12:00:00 AM","10/15/2013 12:00:00 AM","688.0860","55.0469","17.2022","760.3351","10/15/2013 12:00:00 AM"
"1010","4","4","260","1688","4","10/6/2013 12:00:00 AM","10/15/2013 12:00:00 AM","125.7480","10.0598","3.1437","138.9515","10/15/2013 12:00:00 AM"
"1011","4","4","258","1580","5","10/6/2013 12:00:00 AM","10/15/2013 12:00:00 AM","150.7905","12.0632","3.7698","166.6235","10/15/2013 12:00:00 AM"
"1012","4","4","254","1496","5","10/6/2013 12:00:00 AM","10/15/2013 12:00:00 AM","279.7830","22.3826","6.9946","309.1602","10/15/2013 12:00:00 AM"
"1013","7","4","259","1586","5","10/10/2013 12:00:00 AM","10/19/2013 12:00:00 AM","43878.4500","3510.2760","1096.9613","48485.6873","10/19/2013 12:00:00 AM"
"1014","4","4","260","1500","1","10/10/2013 12:00:00 AM","10/19/2013 12:00:00 AM","418.9500","33.5160","10.4738","462.9398","10/19/2013 12:00:00 AM"
"1015","4","4","258","1656","4","10/10/2013 12:00:00 AM","10/19/2013 12:00:00 AM","3939.0120","315.1210","98.4753","4352.6083","10/19/2013 12:00:00 AM"
"1016","4","4","254","1572","1","10/10/2013 12:00:00 AM","10/19/2013 12:00:00 AM","461.7900","36.9432","11.5448","510.2780","10/19/2013 12:00:00 AM"
"1017","4","4","252","1562","4","10/10/2013 12:00:00 AM","10/19/2013 12:00:00 AM","797.8950","63.8316","19.9474","881.6740","10/19/2013 12:00:00 AM"
"1018","4","4","261","1662","2","10/10/2013 12:00:00 AM","10/19/2013 12:00:00 AM","37.0755","2.9660","0.9269","40.9684","10/19/2013 12:00:00 AM"
"1019","4","4","251","1682","4","10/10/2013 12:00:00 AM","10/19/2013 12:00:00 AM","21558.0750","1724.6460","538.9519","23821.6729","10/19/2013 12:00:00 AM"
"1020","4","4","253","1686","4","10/10/2013 12:00:00 AM","10/19/2013 12:00:00 AM","422.1000","33.7680","10.5525","466.4205","10/19/2013 12:00:00 AM"
"1021","4","4","255","1684","5","10/10/2013 12:00:00 AM","10/19/2013 12:00:00 AM","86220.7500","6897.6600","2155.5188","95273.9288","10/19/2013 12:00:00 AM"
"1022","4","4","256","1534","4","10/10/2013 12:00:00 AM","10/19/2013 12:00:00 AM","261.1035","20.8883","6.5276","288.5194","10/19/2013 12:00:00 AM"
"1023","4","4","259","1614","5","10/10/2013 12:00:00 AM","10/19/2013 12:00:00 AM","428.4000","34.2720","10.7100","473.3820","10/19/2013 12:00:00 AM"
"1024","5","4","260","1588","5","10/10/2013 12:00:00 AM","10/19/2013 12:00:00 AM","40471.2000","3237.6960","1011.7800","44720.6760","10/19/2013 12:00:00 AM"
"1025","4","4","252","1494","2","10/13/2013 12:00:00 AM","10/22/2013 12:00:00 AM","8847.3000","707.7840","221.1825","9776.2665","10/22/2013 12:00:00 AM"
"1026","4","4","261","1650","5","10/13/2013 12:00:00 AM","10/22/2013 12:00:00 AM","171.0765","13.6861","4.2769","189.0395","10/22/2013 12:00:00 AM"
"1027","4","4","251","1654","4","10/13/2013 12:00:00 AM","10/22/2013 12:00:00 AM","20397.3000","1631.7840","509.9325","22539.0165","10/22/2013 12:00:00 AM"
"1028","4","4","253","1664","3","10/13/2013 12:00:00 AM","10/22/2013 12:00:00 AM","14628.0750","1170.2460","365.7019","16164.0229","10/22/2013 12:00:00 AM"
"1029","4","4","255","1678","3","10/13/2013 12:00:00 AM","10/22/2013 12:00:00 AM","58685.5500","4694.8440","1467.1388","64847.5328","10/22/2013 12:00:00 AM"
"1030","4","4","256","1616","4","10/13/2013 12:00:00 AM","10/22/2013 12:00:00 AM","370.7550","29.6604","9.2689","409.6843","10/22/2013 12:00:00 AM"
"1031","4","4","259","1492","4","10/13/2013 12:00:00 AM","10/22/2013 12:00:00 AM","501.1965","40.0957","12.5299","553.8221","10/22/2013 12:00:00 AM"
"1032","4","4","260","1602","5","10/13/2013 12:00:00 AM","10/22/2013 12:00:00 AM","270.8055","21.6644","6.7701","299.2400","10/22/2013 12:00:00 AM"
"1033","4","4","258","1540","5","10/13/2013 12:00:00 AM","10/22/2013 12:00:00 AM","416.7450","33.3396","10.4186","460.5032","10/22/2013 12:00:00 AM"
"1034","4","4","254","1628","5","10/13/2013 12:00:00 AM","10/22/2013 12:00:00 AM","34644.2250","2771.5380","866.1056","38281.8686","10/22/2013 12:00:00 AM"
"1035","4","4","257","1604","4","10/13/2013 12:00:00 AM","10/22/2013 12:00:00 AM","1839.5055","147.1604","45.9876","2032.6535","10/22/2013 12:00:00 AM"
"1036","4","4","261","1690","5","10/13/2013 12:00:00 AM","10/22/2013 12:00:00 AM","146.2860","11.7029","3.6572","161.6461","10/22/2013 12:00:00 AM"
"1037","4","4","251","1566","5","10/13/2013 12:00:00 AM","10/22/2013 12:00:00 AM","102.5640","8.2051","2.5641","113.3332","10/22/2013 12:00:00 AM"
"1038","4","4","253","1698","5","10/13/2013 12:00:00 AM","10/22/2013 12:00:00 AM","150.7905","12.0632","3.7698","166.6235","10/22/2013 12:00:00 AM"
"1039","4","4","255","1560","5","10/13/2013 12:00:00 AM","10/22/2013 12:00:00 AM","13669.4250","1093.5540","341.7356","15104.7146","10/22/2013 12:00:00 AM"
"1040","4","4","256","1692","5","10/13/2013 12:00:00 AM","10/22/2013 12:00:00 AM","2934.5400","234.7632","73.3635","3242.6667","10/22/2013 12:00:00 AM"
"1041","4","4","259","1696","4","10/14/2013 12:00:00 AM","10/23/2013 12:00:00 AM","73377.1500","5870.1720","1834.4288","81081.7508","10/23/2013 12:00:00 AM"
"1042","4","4","260","1504","1","10/14/2013 12:00:00 AM","10/23/2013 12:00:00 AM","551.8800","44.1504","13.7970","609.8274","10/23/2013 12:00:00 AM"
"1043","4","4","258","1544","1","10/14/2013 12:00:00 AM","10/23/2013 12:00:00 AM","3176.2500","254.1000","79.4063","3509.7563","10/23/2013 12:00:00 AM"
"1044","4","4","254","1530","2","10/14/2013 12:00:00 AM","10/23/2013 12:00:00 AM","28072.2750","2245.7820","701.8069","31019.8639","10/23/2013 12:00:00 AM"
"1045","4","4","257","1508","1","10/14/2013 12:00:00 AM","10/23/2013 12:00:00 AM","37312.2750","2984.9820","932.8069","41230.0639","10/23/2013 12:00:00 AM"
"1046","4","4","261","1694","1","10/14/2013 12:00:00 AM","10/23/2013 12:00:00 AM","7623.0000","609.8400","190.5750","8423.4150","10/23/2013 12:00:00 AM"
"1047","4","4","251","1624","2","10/14/2013 12:00:00 AM","10/23/2013 12:00:00 AM","28297.5000","2263.8000","707.4375","31268.7375","10/23/2013 12:00:00 AM"
"1048","4","4","253","1548","2","10/14/2013 12:00:00 AM","10/23/2013 12:00:00 AM","59.9445","4.7956","1.4986","66.2387","10/23/2013 12:00:00 AM"
"1049","4","4","252","1598","4","10/14/2013 12:00:00 AM","10/23/2013 12:00:00 AM","598.8780","47.9102","14.9720","661.7602","10/23/2013 12:00:00 AM"
"1050","4","4","256","1658","5","10/14/2013 12:00:00 AM","10/23/2013 12:00:00 AM","43878.4500","3510.2760","1096.9613","48485.6873","10/23/2013 12:00:00 AM"
"1051","4","4","259","1536","4","10/14/2013 12:00:00 AM","10/23/2013 12:00:00 AM","481.8870","38.5510","12.0472","532.4852","10/23/2013 12:00:00 AM"
"1052","4","4","260","1568","1","10/14/2013 12:00:00 AM","10/23/2013 12:00:00 AM","10631.7750","850.5420","265.7944","11748.1114","10/23/2013 12:00:00 AM"
"1053","4","4","258","1648","5","10/14/2013 12:00:00 AM","10/23/2013 12:00:00 AM","142.4115","11.3929","3.5603","157.3647","10/23/2013 12:00:00 AM"
"1054","4","4","254","1646","2","10/14/2013 12:00:00 AM","10/23/2013 12:00:00 AM","28794.1500","2303.5320","719.8538","31817.5358","10/23/2013 12:00:00 AM"
"1055","4","4","257","1672","4","10/14/2013 12:00:00 AM","10/23/2013 12:00:00 AM","51807.3465","4144.5877","1295.1837","57247.1179","10/23/2013 12:00:00 AM"
"1056","4","4","261","1600","1","10/14/2013 12:00:00 AM","10/23/2013 12:00:00 AM","1276.2750","102.1020","31.9069","1410.2839","10/23/2013 12:00:00 AM"
"1057","4","4","258","1622","5","10/15/2013 12:00:00 AM","10/24/2013 12:00:00 AM","836.0100","66.8808","20.9003","923.7911","10/24/2013 12:00:00 AM"
"1058","4","4","254","1632","5","10/15/2013 12:00:00 AM","10/24/2013 12:00:00 AM","62092.8000","4967.4240","1552.3200","68612.5440","10/24/2013 12:00:00 AM"
"1059","5","4","257","1608","5","10/15/2013 12:00:00 AM","10/24/2013 12:00:00 AM","5948.2500","475.8600","148.7063","6572.8163","10/24/2013 12:00:00 AM"
"1060","4","4","261","1576","5","10/15/2013 12:00:00 AM","10/24/2013 12:00:00 AM","91117.9500","7289.4360","2277.9488","100685.3348","10/24/2013 12:00:00 AM"
"1061","4","4","251","1590","1","10/15/2013 12:00:00 AM","10/24/2013 12:00:00 AM","525.0000","42.0000","13.1250","580.1250","10/24/2013 12:00:00 AM"
"1062","4","4","253","1514","3","10/15/2013 12:00:00 AM","10/24/2013 12:00:00 AM","1721.7900","137.7432","43.0448","1902.5780","10/24/2013 12:00:00 AM"
"1063","4","4","255","1498","4","10/15/2013 12:00:00 AM","10/24/2013 12:00:00 AM","26455.2750","2116.4220","661.3819","29233.0789","10/24/2013 12:00:00 AM"
"1064","4","4","256","1674","2","10/15/2013 12:00:00 AM","10/24/2013 12:00:00 AM","944.3700","75.5496","23.6093","1043.5289","10/24/2013 12:00:00 AM"
"1065","4","4","251","1522","1","10/20/2013 12:00:00 AM","10/29/2013 12:00:00 AM","2003.9250","160.3140","50.0981","2214.3371","10/29/2013 12:00:00 AM"
"1066","4","4","253","1570","2","10/20/2013 12:00:00 AM","10/29/2013 12:00:00 AM","50860.4250","4068.8340","1271.5106","56200.7696","10/29/2013 12:00:00 AM"
"1067","4","4","255","1516","1","10/20/2013 12:00:00 AM","10/29/2013 12:00:00 AM","454.8600","36.3888","11.3715","502.6203","10/29/2013 12:00:00 AM"
"1068","4","4","252","1506","5","10/20/2013 12:00:00 AM","10/29/2013 12:00:00 AM","43878.4500","3510.2760","1096.9613","48485.6873","10/29/2013 12:00:00 AM"
"1069","4","4","259","1626","2","10/20/2013 12:00:00 AM","10/29/2013 12:00:00 AM","7132.1250","570.5700","178.3031","7880.9981","10/29/2013 12:00:00 AM"
"1070","4","4","260","1542","2","10/20/2013 12:00:00 AM","10/29/2013 12:00:00 AM","28343.7000","2267.4960","708.5925","31319.7885","10/29/2013 12:00:00 AM"
"1071","4","4","258","1610","4","10/20/2013 12:00:00 AM","10/29/2013 12:00:00 AM","22516.7250","1801.3380","562.9181","24880.9811","10/29/2013 12:00:00 AM"
"1072","4","4","250","1638","5","10/20/2013 12:00:00 AM","10/29/2013 12:00:00 AM","34644.2250","2771.5380","866.1056","38281.8686","10/29/2013 12:00:00 AM"
"1073","4","4","257","1582","5","10/20/2013 12:00:00 AM","10/29/2013 12:00:00 AM","427.9275","34.2342","10.6982","472.8599","10/29/2013 12:00:00 AM"
"1074","4","3","261","1510","5","10/20/2013 12:00:00 AM","10/29/2013 12:00:00 AM","143.0415","11.4433","3.5760","158.0608","10/29/2013 12:00:00 AM"
"1075","4","4","251","1526","2","10/20/2013 12:00:00 AM","10/29/2013 12:00:00 AM","28199.3250","2255.9460","704.9831","31160.2541","10/29/2013 12:00:00 AM"
"1076","4","4","253","1644","1","10/20/2013 12:00:00 AM","10/29/2013 12:00:00 AM","3713.3250","297.0660","92.8331","4103.2241","10/29/2013 12:00:00 AM"
"1077","4","4","255","1680","5","10/20/2013 12:00:00 AM","10/29/2013 12:00:00 AM","63831.0750","5106.4860","1595.7769","70533.3379","10/29/2013 12:00:00 AM"
"1078","4","4","256","1584","5","10/20/2013 12:00:00 AM","10/29/2013 12:00:00 AM","16340.3100","1307.2248","408.5078","18056.0426","10/29/2013 12:00:00 AM"
"1079","5","4","259","1620","5","10/20/2013 12:00:00 AM","10/29/2013 12:00:00 AM","5711.4750","456.9180","142.7869","6311.1799","10/29/2013 12:00:00 AM"
"1080","4","4","260","1666","5","10/20/2013 12:00:00 AM","10/29/2013 12:00:00 AM","429.3450","34.3476","10.7336","474.4262","10/29/2013 12:00:00 AM"
"1081","4","4","259","1652","4","10/21/2013 12:00:00 AM","10/30/2013 12:00:00 AM","51588.0750","4127.0460","1289.7019","57004.8229","10/30/2013 12:00:00 AM"
"1082","4","4","260","1578","3","10/21/2013 12:00:00 AM","10/30/2013 12:00:00 AM","36122.6250","2889.8100","903.0656","39915.5006","10/30/2013 12:00:00 AM"
"1083","4","4","258","1538","5","10/21/2013 12:00:00 AM","10/30/2013 12:00:00 AM","37843.5750","3027.4860","946.0894","41817.1504","10/30/2013 12:00:00 AM"
"1084","6","4","254","1556","4","10/21/2013 12:00:00 AM","10/30/2013 12:00:00 AM","25531.2750","2042.5020","638.2819","28212.0589","10/30/2013 12:00:00 AM"
"1085","4","4","257","1554","4","10/30/2013 12:00:00 AM","11/8/2013 12:00:00 AM","1094.7825","87.5826","27.3696","1209.7347","11/8/2013 12:00:00 AM"
"1086","4","4","261","1688","4","10/30/2013 12:00:00 AM","11/8/2013 12:00:00 AM","125.7480","10.0598","3.1437","138.9515","11/8/2013 12:00:00 AM"
"1087","4","4","251","1580","5","10/30/2013 12:00:00 AM","11/8/2013 12:00:00 AM","150.7905","12.0632","3.7698","166.6235","11/8/2013 12:00:00 AM"
"1088","4","4","253","1496","5","10/30/2013 12:00:00 AM","11/8/2013 12:00:00 AM","690.4485","55.2359","17.2612","762.9456","11/8/2013 12:00:00 AM"
"1089","4","4","252","1494","2","10/30/2013 12:00:00 AM","11/8/2013 12:00:00 AM","8847.3000","707.7840","221.1825","9776.2665","11/8/2013 12:00:00 AM"
"1090","4","4","256","1650","5","10/30/2013 12:00:00 AM","11/8/2013 12:00:00 AM","171.0765","13.6861","4.2769","189.0395","11/8/2013 12:00:00 AM"
"1091","4","4","259","1654","4","10/30/2013 12:00:00 AM","11/8/2013 12:00:00 AM","20397.3000","1631.7840","509.9325","22539.0165","11/8/2013 12:00:00 AM"
"1092","4","4","260","1664","3","10/30/2013 12:00:00 AM","11/8/2013 12:00:00 AM","14628.0750","1170.2460","365.7019","16164.0229","11/8/2013 12:00:00 AM"
"1093","4","4","258","1678","3","11/6/2013 12:00:00 AM","11/15/2013 12:00:00 AM","58685.5500","4694.8440","1467.1388","64847.5328","11/15/2013 12:00:00 AM"
"1094","5","4","254","1616","4","11/6/2013 12:00:00 AM","11/15/2013 12:00:00 AM","228.1230","18.2498","5.7031","252.0759","11/15/2013 12:00:00 AM"
"1095","4","4","257","1492","4","11/6/2013 12:00:00 AM","11/15/2013 12:00:00 AM","593.5860","47.4869","14.8397","655.9126","11/15/2013 12:00:00 AM"
"1096","4","4","261","1602","5","11/6/2013 12:00:00 AM","11/15/2013 12:00:00 AM","1525.2300","122.0184","38.1308","1685.3792","11/15/2013 12:00:00 AM"
"1097","4","4","251","1540","5","11/6/2013 12:00:00 AM","11/15/2013 12:00:00 AM","776.7900","62.1432","19.4198","858.3530","11/15/2013 12:00:00 AM"
"1098","4","4","253","1628","5","11/6/2013 12:00:00 AM","11/15/2013 12:00:00 AM","34644.2250","2771.5380","866.1056","38281.8686","11/15/2013 12:00:00 AM"
"1099","4","4","255","1604","4","11/6/2013 12:00:00 AM","11/15/2013 12:00:00 AM","1839.5055","147.1604","45.9876","2032.6535","11/15/2013 12:00:00 AM"
"1100","4","4","252","1690","5","11/6/2013 12:00:00 AM","11/15/2013 12:00:00 AM","146.2860","11.7029","3.6572","161.6461","11/15/2013 12:00:00 AM"
"1101","4","4","259","1566","5","11/7/2013 12:00:00 AM","11/16/2013 12:00:00 AM","102.5640","8.2051","2.5641","113.3332","11/16/2013 12:00:00 AM"
"1102","4","4","260","1698","5","11/7/2013 12:00:00 AM","11/16/2013 12:00:00 AM","150.7905","12.0632","3.7698","166.6235","11/16/2013 12:00:00 AM"
"1103","4","4","258","1560","5","11/7/2013 12:00:00 AM","11/16/2013 12:00:00 AM","13669.4250","1093.5540","341.7356","15104.7146","11/16/2013 12:00:00 AM"
"1104","4","3","250","1692","5","11/7/2013 12:00:00 AM","11/16/2013 12:00:00 AM","6444.9000","515.5920","161.1225","7121.6145","11/16/2013 12:00:00 AM"
"1105","4","4","257","1696","2","11/7/2013 12:00:00 AM","11/16/2013 12:00:00 AM","50860.4250","4068.8340","1271.5106","56200.7696","11/16/2013 12:00:00 AM"
"1106","4","4","261","1504","1","11/7/2013 12:00:00 AM","11/16/2013 12:00:00 AM","551.8800","44.1504","13.7970","609.8274","11/16/2013 12:00:00 AM"
"1107","4","4","251","1544","1","11/7/2013 12:00:00 AM","11/16/2013 12:00:00 AM","6987.7500","559.0200","174.6938","7721.4638","11/16/2013 12:00:00 AM"
"1108","4","4","253","1530","2","11/7/2013 12:00:00 AM","11/16/2013 12:00:00 AM","28072.2750","2245.7820","701.8069","31019.8639","11/16/2013 12:00:00 AM"
"1109","4","4","255","1508","1","11/7/2013 12:00:00 AM","11/16/2013 12:00:00 AM","37312.2750","2984.9820","932.8069","41230.0639","11/16/2013 12:00:00 AM"
"1110","4","4","256","1694","1","11/7/2013 12:00:00 AM","11/16/2013 12:00:00 AM","7623.0000","609.8400","190.5750","8423.4150","11/16/2013 12:00:00 AM"
"1111","4","4","259","1624","2","11/7/2013 12:00:00 AM","11/16/2013 12:00:00 AM","28297.5000","2263.8000","707.4375","31268.7375","11/16/2013 12:00:00 AM"
"1112","4","4","260","1548","2","11/7/2013 12:00:00 AM","11/16/2013 12:00:00 AM","59.9445","4.7956","1.4986","66.2387","11/16/2013 12:00:00 AM"
"1113","4","4","258","1598","4","11/7/2013 12:00:00 AM","11/16/2013 12:00:00 AM","339.2550","27.1404","8.4814","374.8768","11/16/2013 12:00:00 AM"
"1114","4","4","254","1658","5","11/7/2013 12:00:00 AM","11/16/2013 12:00:00 AM","43878.4500","3510.2760","1096.9613","48485.6873","11/16/2013 12:00:00 AM"
"1115","4","4","257","1536","4","11/7/2013 12:00:00 AM","11/16/2013 12:00:00 AM","2423.2320","193.8586","60.5808","2677.6714","11/16/2013 12:00:00 AM"
"1116","4","4","261","1568","2","11/7/2013 12:00:00 AM","11/16/2013 12:00:00 AM","29989.5750","2399.1660","749.7394","33138.4804","11/16/2013 12:00:00 AM"
"1117","4","4","251","1648","5","11/8/2013 12:00:00 AM","11/17/2013 12:00:00 AM","142.4115","11.3929","3.5603","157.3647","11/17/2013 12:00:00 AM"
"1118","4","4","253","1646","5","11/8/2013 12:00:00 AM","11/17/2013 12:00:00 AM","19236.5250","1538.9220","480.9131","21256.3601","11/17/2013 12:00:00 AM"
"1119","4","4","255","1672","4","11/8/2013 12:00:00 AM","11/17/2013 12:00:00 AM","693.5985","55.4879","17.3400","766.4264","11/17/2013 12:00:00 AM"
"1120","4","4","256","1600","1","11/8/2013 12:00:00 AM","11/17/2013 12:00:00 AM","1276.2750","102.1020","31.9069","1410.2839","11/17/2013 12:00:00 AM"
"1121","4","4","259","1522","1","11/8/2013 12:00:00 AM","11/17/2013 12:00:00 AM","2003.9250","160.3140","50.0981","2214.3371","11/17/2013 12:00:00 AM"
"1122","5","4","250","1570","2","11/8/2013 12:00:00 AM","11/17/2013 12:00:00 AM","28343.7000","2267.4960","708.5925","31319.7885","11/17/2013 12:00:00 AM"
"1123","4","4","258","1516","1","11/8/2013 12:00:00 AM","11/17/2013 12:00:00 AM","454.8600","36.3888","11.3715","502.6203","11/17/2013 12:00:00 AM"
"1124","4","4","254","1506","5","11/8/2013 12:00:00 AM","11/17/2013 12:00:00 AM","43878.4500","3510.2760","1096.9613","48485.6873","11/17/2013 12:00:00 AM"
"1125","4","4","257","1626","2","11/8/2013 12:00:00 AM","11/17/2013 12:00:00 AM","7132.1250","570.5700","178.3031","7880.9981","11/17/2013 12:00:00 AM"
"1126","4","4","261","1542","2","11/8/2013 12:00:00 AM","11/17/2013 12:00:00 AM","28343.7000","2267.4960","708.5925","31319.7885","11/17/2013 12:00:00 AM"
"1127","4","4","251","1610","4","11/8/2013 12:00:00 AM","11/17/2013 12:00:00 AM","22516.7250","1801.3380","562.9181","24880.9811","11/17/2013 12:00:00 AM"
"1128","4","4","253","1638","5","11/8/2013 12:00:00 AM","11/17/2013 12:00:00 AM","34644.2250","2771.5380","866.1056","38281.8686","11/17/2013 12:00:00 AM"
"1129","4","4","255","1582","4","11/8/2013 12:00:00 AM","11/17/2013 12:00:00 AM","662.6655","53.0132","16.5666","732.2453","11/17/2013 12:00:00 AM"
"1130","4","4","256","1510","5","11/8/2013 12:00:00 AM","11/17/2013 12:00:00 AM","143.0415","11.4433","3.5760","158.0608","11/17/2013 12:00:00 AM"
"1131","4","4","259","1526","2","11/8/2013 12:00:00 AM","11/17/2013 12:00:00 AM","28199.3250","2255.9460","704.9831","31160.2541","11/17/2013 12:00:00 AM"
"1132","4","4","260","1644","1","11/8/2013 12:00:00 AM","11/17/2013 12:00:00 AM","3713.3250","297.0660","92.8331","4103.2241","11/17/2013 12:00:00 AM"
"1133","4","4","250","1680","5","11/11/2013 12:00:00 AM","11/20/2013 12:00:00 AM","63831.0750","5106.4860","1595.7769","70533.3379","11/20/2013 12:00:00 AM"
"1134","4","4","254","1584","5","11/11/2013 12:00:00 AM","11/20/2013 12:00:00 AM","6540.6600","523.2528","163.5165","7227.4293","11/20/2013 12:00:00 AM"
"1135","4","4","257","1620","5","11/11/2013 12:00:00 AM","11/20/2013 12:00:00 AM","5711.4750","456.9180","142.7869","6311.1799","11/20/2013 12:00:00 AM"
"1136","4","4","261","1666","4","11/11/2013 12:00:00 AM","11/20/2013 12:00:00 AM","540.8865","43.2709","13.5222","597.6796","11/20/2013 12:00:00 AM"
"1137","4","4","251","1592","2","11/11/2013 12:00:00 AM","11/20/2013 12:00:00 AM","97.9650","7.8372","2.4491","108.2513","11/20/2013 12:00:00 AM"
"1138","4","4","253","1618","4","11/11/2013 12:00:00 AM","11/20/2013 12:00:00 AM","114.4710","9.1577","2.8618","126.4905","11/20/2013 12:00:00 AM"
"1139","4","4","255","1612","4","11/11/2013 12:00:00 AM","11/20/2013 12:00:00 AM","132.6465","10.6117","3.3162","146.5744","11/20/2013 12:00:00 AM"
"1140","5","4","256","1586","5","11/11/2013 12:00:00 AM","11/20/2013 12:00:00 AM","43878.4500","3510.2760","1096.9613","48485.6873","11/20/2013 12:00:00 AM"
"1141","4","4","259","1500","1","11/11/2013 12:00:00 AM","11/20/2013 12:00:00 AM","418.9500","33.5160","10.4738","462.9398","11/20/2013 12:00:00 AM"
"1142","4","4","260","1656","4","11/11/2013 12:00:00 AM","11/20/2013 12:00:00 AM","272.4435","21.7955","6.8111","301.0501","11/20/2013 12:00:00 AM"
"1143","4","4","258","1572","1","11/11/2013 12:00:00 AM","11/20/2013 12:00:00 AM","461.7900","36.9432","11.5448","510.2780","11/20/2013 12:00:00 AM"
"1144","4","4","254","1562","4","11/11/2013 12:00:00 AM","11/20/2013 12:00:00 AM","259.8435","20.7875","6.4961","287.1271","11/20/2013 12:00:00 AM"
"1145","4","4","257","1662","2","11/11/2013 12:00:00 AM","11/20/2013 12:00:00 AM","37.0755","2.9660","0.9269","40.9684","11/20/2013 12:00:00 AM"
"1146","4","4","261","1682","4","11/11/2013 12:00:00 AM","11/20/2013 12:00:00 AM","21558.0750","1724.6460","538.9519","23821.6729","11/20/2013 12:00:00 AM"
"1147","4","4","251","1686","4","11/11/2013 12:00:00 AM","11/20/2013 12:00:00 AM","663.6735","53.0939","16.5918","733.3592","11/20/2013 12:00:00 AM"
"1148","4","4","253","1684","5","11/11/2013 12:00:00 AM","11/20/2013 12:00:00 AM","86220.7500","6897.6600","2155.5188","95273.9288","11/20/2013 12:00:00 AM"
"1149","4","4","255","1534","4","11/12/2013 12:00:00 AM","11/21/2013 12:00:00 AM","602.2485","48.1799","15.0562","665.4846","11/21/2013 12:00:00 AM"
"1150","4","4","256","1614","4","11/12/2013 12:00:00 AM","11/21/2013 12:00:00 AM","409.5000","32.7600","10.2375","452.4975","11/21/2013 12:00:00 AM"
"1151","4","4","252","1588","5","11/12/2013 12:00:00 AM","11/21/2013 12:00:00 AM","40471.2000","3237.6960","1011.7800","44720.6760","11/21/2013 12:00:00 AM"
"1152","4","4","260","1622","4","11/12/2013 12:00:00 AM","11/21/2013 12:00:00 AM","253.3230","20.2658","6.3331","279.9219","11/21/2013 12:00:00 AM"
"1153","4","4","258","1632","5","11/12/2013 12:00:00 AM","11/21/2013 12:00:00 AM","62092.8000","4967.4240","1552.3200","68612.5440","11/21/2013 12:00:00 AM"
"1154","4","4","254","1608","5","11/12/2013 12:00:00 AM","11/21/2013 12:00:00 AM","5948.2500","475.8600","148.7063","6572.8163","11/21/2013 12:00:00 AM"
"1155","4","4","257","1576","5","11/12/2013 12:00:00 AM","11/21/2013 12:00:00 AM","91117.9500","7289.4360","2277.9488","100685.3348","11/21/2013 12:00:00 AM"
"1156","4","4","261","1590","1","11/12/2013 12:00:00 AM","11/21/2013 12:00:00 AM","525.0000","42.0000","13.1250","580.1250","11/21/2013 12:00:00 AM"
"1157","4","4","250","1514","5","11/12/2013 12:00:00 AM","11/21/2013 12:00:00 AM","2003.6835","160.2947","50.0921","2214.0703","11/21/2013 12:00:00 AM"
"1158","4","4","253","1498","4","11/12/2013 12:00:00 AM","11/21/2013 12:00:00 AM","26455.2750","2116.4220","661.3819","29233.0789","11/21/2013 12:00:00 AM"
"1159","5","4","255","1674","2","11/12/2013 12:00:00 AM","11/21/2013 12:00:00 AM","944.3700","75.5496","23.6093","1043.5289","11/21/2013 12:00:00 AM"
"1160","4","4","256","1652","4","11/12/2013 12:00:00 AM","11/21/2013 12:00:00 AM","48186.6000","3854.9280","1204.6650","53246.1930","11/21/2013 12:00:00 AM"
"1161","4","4","259","1578","5","11/12/2013 12:00:00 AM","11/21/2013 12:00:00 AM","26720.9250","2137.6740","668.0231","29526.6221","11/21/2013 12:00:00 AM"
"1162","4","4","260","1538","5","11/12/2013 12:00:00 AM","11/21/2013 12:00:00 AM","37843.5750","3027.4860","946.0894","41817.1504","11/21/2013 12:00:00 AM"
"1163","4","4","258","1556","4","11/12/2013 12:00:00 AM","11/21/2013 12:00:00 AM","25531.2750","2042.5020","638.2819","28212.0589","11/21/2013 12:00:00 AM"
"1164","4","4","254","1554","5","11/12/2013 12:00:00 AM","11/21/2013 12:00:00 AM","278.8380","22.3070","6.9710","308.1160","11/21/2013 12:00:00 AM"
"1165","4","4","252","1688","4","11/13/2013 12:00:00 AM","11/22/2013 12:00:00 AM","125.7480","10.0598","3.1437","138.9515","11/22/2013 12:00:00 AM"
"1166","4","4","261","1580","5","11/13/2013 12:00:00 AM","11/22/2013 12:00:00 AM","150.7905","12.0632","3.7698","166.6235","11/22/2013 12:00:00 AM"
"1167","4","4","251","1496","4","11/13/2013 12:00:00 AM","11/22/2013 12:00:00 AM","751.5900","60.1272","18.7898","830.5070","11/22/2013 12:00:00 AM"
"1168","6","4","253","1494","2","11/13/2013 12:00:00 AM","11/22/2013 12:00:00 AM","8847.3000","707.7840","221.1825","9776.2665","11/22/2013 12:00:00 AM"
"1169","4","4","255","1650","5","11/13/2013 12:00:00 AM","11/22/2013 12:00:00 AM","171.0765","13.6861","4.2769","189.0395","11/22/2013 12:00:00 AM"
"1170","4","4","256","1654","4","11/13/2013 12:00:00 AM","11/22/2013 12:00:00 AM","20397.3000","1631.7840","509.9325","22539.0165","11/22/2013 12:00:00 AM"
"1171","4","4","259","1664","3","11/13/2013 12:00:00 AM","11/22/2013 12:00:00 AM","14628.0750","1170.2460","365.7019","16164.0229","11/22/2013 12:00:00 AM"
"1172","4","4","260","1678","3","11/13/2013 12:00:00 AM","11/22/2013 12:00:00 AM","33350.6250","2668.0500","833.7656","36852.4406","11/22/2013 12:00:00 AM"
"1173","4","4","258","1616","4","11/13/2013 12:00:00 AM","11/22/2013 12:00:00 AM","339.2550","27.1404","8.4814","374.8768","11/22/2013 12:00:00 AM"
"1174","4","4","254","1492","5","11/13/2013 12:00:00 AM","11/22/2013 12:00:00 AM","278.8380","22.3070","6.9710","308.1160","11/22/2013 12:00:00 AM"
"1175","4","4","257","1602","5","11/13/2013 12:00:00 AM","11/22/2013 12:00:00 AM","1796.0355","143.6828","44.9009","1984.6192","11/22/2013 12:00:00 AM"
"1176","4","4","261","1540","4","11/13/2013 12:00:00 AM","11/22/2013 12:00:00 AM","484.4070","38.7526","12.1102","535.2698","11/22/2013 12:00:00 AM"
"1177","4","4","251","1628","5","11/15/2013 12:00:00 AM","11/24/2013 12:00:00 AM","34644.2250","2771.5380","866.1056","38281.8686","11/24/2013 12:00:00 AM"
"1178","4","4","253","1604","4","11/15/2013 12:00:00 AM","11/24/2013 12:00:00 AM","1839.5055","147.1604","45.9876","2032.6535","11/24/2013 12:00:00 AM"
"1179","4","4","255","1690","5","11/15/2013 12:00:00 AM","11/24/2013 12:00:00 AM","146.2860","11.7029","3.6572","161.6461","11/24/2013 12:00:00 AM"
"1180","4","4","256","1566","5","11/15/2013 12:00:00 AM","11/24/2013 12:00:00 AM","102.5640","8.2051","2.5641","113.3332","11/24/2013 12:00:00 AM"
"1181","4","4","259","1698","5","11/15/2013 12:00:00 AM","11/24/2013 12:00:00 AM","150.7905","12.0632","3.7698","166.6235","11/24/2013 12:00:00 AM"
"1182","4","4","260","1560","5","11/15/2013 12:00:00 AM","11/24/2013 12:00:00 AM","13669.4250","1093.5540","341.7356","15104.7146","11/24/2013 12:00:00 AM"
"1183","4","4","258","1692","5","11/15/2013 12:00:00 AM","11/24/2013 12:00:00 AM","9948.3300","795.8664","248.7083","10992.9047","11/24/2013 12:00:00 AM"
"1184","4","4","254","1696","2","11/15/2013 12:00:00 AM","11/24/2013 12:00:00 AM","28343.7000","2267.4960","708.5925","31319.7885","11/24/2013 12:00:00 AM"
"1185","4","4","257","1504","1","11/15/2013 12:00:00 AM","11/24/2013 12:00:00 AM","551.8800","44.1504","13.7970","609.8274","11/24/2013 12:00:00 AM"
"1186","4","4","261","1544","1","11/15/2013 12:00:00 AM","11/24/2013 12:00:00 AM","6987.7500","559.0200","174.6938","7721.4638","11/24/2013 12:00:00 AM"
"1187","4","4","251","1530","2","11/15/2013 12:00:00 AM","11/24/2013 12:00:00 AM","28072.2750","2245.7820","701.8069","31019.8639","11/24/2013 12:00:00 AM"
"1188","4","4","253","1508","1","11/15/2013 12:00:00 AM","11/24/2013 12:00:00 AM","37312.2750","2984.9820","932.8069","41230.0639","11/24/2013 12:00:00 AM"
"1189","4","4","252","1694","1","11/18/2013 12:00:00 AM","11/27/2013 12:00:00 AM","7623.0000","609.8400","190.5750","8423.4150","11/27/2013 12:00:00 AM"
"1190","4","4","256","1624","2","11/18/2013 12:00:00 AM","11/27/2013 12:00:00 AM","28297.5000","2263.8000","707.4375","31268.7375","11/27/2013 12:00:00 AM"
"1191","4","4","259","1548","2","11/18/2013 12:00:00 AM","11/27/2013 12:00:00 AM","59.9445","4.7956","1.4986","66.2387","11/27/2013 12:00:00 AM"
"1192","4","4","260","1598","4","11/18/2013 12:00:00 AM","11/27/2013 12:00:00 AM","117.4320","9.3946","2.9358","129.7624","11/27/2013 12:00:00 AM"
"1193","4","4","258","1658","5","11/18/2013 12:00:00 AM","11/27/2013 12:00:00 AM","43878.4500","3510.2760","1096.9613","48485.6873","11/27/2013 12:00:00 AM"
"1194","5","4","254","1536","4","11/18/2013 12:00:00 AM","11/27/2013 12:00:00 AM","247.2435","19.7795","6.1811","273.2041","11/27/2013 12:00:00 AM"
"1195","4","4","257","1568","2","11/18/2013 12:00:00 AM","11/27/2013 12:00:00 AM","49376.2500","3950.1000","1234.4063","54560.7563","11/27/2013 12:00:00 AM"
"1196","4","4","261","1648","5","11/18/2013 12:00:00 AM","11/27/2013 12:00:00 AM","142.4115","11.3929","3.5603","157.3647","11/27/2013 12:00:00 AM"
"1197","4","4","251","1646","2","11/18/2013 12:00:00 AM","11/27/2013 12:00:00 AM","48030.6750","3842.4540","1200.7669","53073.8959","11/27/2013 12:00:00 AM"
"1198","4","4","253","1672","4","11/18/2013 12:00:00 AM","11/27/2013 12:00:00 AM","51113.7480","4089.0998","1277.8437","56480.6915","11/27/2013 12:00:00 AM"
"1199","4","4","255","1600","1","11/18/2013 12:00:00 AM","11/27/2013 12:00:00 AM","1276.2750","102.1020","31.9069","1410.2839","11/27/2013 12:00:00 AM"
"1200","4","4","252","1522","1","11/18/2013 12:00:00 AM","11/27/2013 12:00:00 AM","2003.9250","160.3140","50.0981","2214.3371","11/27/2013 12:00:00 AM"
"1201","4","4","259","1570","4","11/19/2013 12:00:00 AM","11/28/2013 12:00:00 AM","22516.7250","1801.3380","562.9181","24880.9811","11/28/2013 12:00:00 AM"
"1202","4","4","260","1516","1","11/19/2013 12:00:00 AM","11/28/2013 12:00:00 AM","454.8600","36.3888","11.3715","502.6203","11/28/2013 12:00:00 AM"
"1203","4","4","258","1506","5","11/19/2013 12:00:00 AM","11/28/2013 12:00:00 AM","43878.4500","3510.2760","1096.9613","48485.6873","11/28/2013 12:00:00 AM"
"1204","4","3","250","1626","2","11/19/2013 12:00:00 AM","11/28/2013 12:00:00 AM","7132.1250","570.5700","178.3031","7880.9981","11/28/2013 12:00:00 AM"
"1205","4","4","257","1542","2","11/20/2013 12:00:00 AM","11/29/2013 12:00:00 AM","28343.7000","2267.4960","708.5925","31319.7885","11/29/2013 12:00:00 AM"
"1206","4","4","261","1610","4","11/20/2013 12:00:00 AM","11/29/2013 12:00:00 AM","22516.7250","1801.3380","562.9181","24880.9811","11/29/2013 12:00:00 AM"
"1207","4","4","251","1638","5","11/20/2013 12:00:00 AM","11/29/2013 12:00:00 AM","34644.2250","2771.5380","866.1056","38281.8686","11/29/2013 12:00:00 AM"
"1208","4","4","253","1582","4","11/20/2013 12:00:00 AM","11/29/2013 12:00:00 AM","625.0860","50.0069","15.6272","690.7201","11/29/2013 12:00:00 AM"
"1209","4","4","255","1510","5","11/20/2013 12:00:00 AM","11/29/2013 12:00:00 AM","143.0415","11.4433","3.5760","158.0608","11/29/2013 12:00:00 AM"
"1210","4","4","256","1526","2","11/20/2013 12:00:00 AM","11/29/2013 12:00:00 AM","28199.3250","2255.9460","704.9831","31160.2541","11/29/2013 12:00:00 AM"
"1211","4","4","259","1644","1","11/20/2013 12:00:00 AM","11/29/2013 12:00:00 AM","3713.3250","297.0660","92.8331","4103.2241","11/29/2013 12:00:00 AM"
"1212","4","4","260","1680","5","11/20/2013 12:00:00 AM","11/29/2013 12:00:00 AM","43878.4500","3510.2760","1096.9613","48485.6873","11/29/2013 12:00:00 AM"
"1213","4","4","258","1584","5","11/20/2013 12:00:00 AM","11/29/2013 12:00:00 AM","9799.6500","783.9720","244.9913","10828.6133","11/29/2013 12:00:00 AM"
"1214","4","4","254","1620","5","11/20/2013 12:00:00 AM","11/29/2013 12:00:00 AM","5711.4750","456.9180","142.7869","6311.1799","11/29/2013 12:00:00 AM"
"1215","4","4","257","1666","4","11/20/2013 12:00:00 AM","11/29/2013 12:00:00 AM","1099.0350","87.9228","27.4759","1214.4337","11/29/2013 12:00:00 AM"
"1216","4","4","261","1592","2","11/20/2013 12:00:00 AM","11/29/2013 12:00:00 AM","97.9650","7.8372","2.4491","108.2513","11/29/2013 12:00:00 AM"
"1217","4","4","251","1618","4","11/20/2013 12:00:00 AM","11/29/2013 12:00:00 AM","114.4710","9.1577","2.8618","126.4905","11/29/2013 12:00:00 AM"
"1218","5","4","253","1612","4","11/20/2013 12:00:00 AM","11/29/2013 12:00:00 AM","132.6465","10.6117","3.3162","146.5744","11/29/2013 12:00:00 AM"
"1219","4","4","255","1586","5","11/20/2013 12:00:00 AM","11/29/2013 12:00:00 AM","43878.4500","3510.2760","1096.9613","48485.6873","11/29/2013 12:00:00 AM"
"1220","4","4","256","1500","1","11/20/2013 12:00:00 AM","11/29/2013 12:00:00 AM","418.9500","33.5160","10.4738","462.9398","11/29/2013 12:00:00 AM"
"1221","4","4","259","1656","4","11/21/2013 12:00:00 AM","11/30/2013 12:00:00 AM","513.1665","41.0533","12.8292","567.0490","11/30/2013 12:00:00 AM"
"1222","4","4","250","1572","1","11/21/2013 12:00:00 AM","11/30/2013 12:00:00 AM","461.7900","36.9432","11.5448","510.2780","11/30/2013 12:00:00 AM"
"1223","4","4","258","1562","4","11/21/2013 12:00:00 AM","11/30/2013 12:00:00 AM","364.4550","29.1564","9.1114","402.7228","11/30/2013 12:00:00 AM"
"1224","4","4","254","1662","2","11/21/2013 12:00:00 AM","11/30/2013 12:00:00 AM","37.0755","2.9660","0.9269","40.9684","11/30/2013 12:00:00 AM"
"1225","4","4","257","1682","4","11/22/2013 12:00:00 AM","12/1/2013 12:00:00 AM","21558.0750","1724.6460","538.9519","23821.6729","12/1/2013 12:00:00 AM"
"1226","4","4","261","1686","4","11/22/2013 12:00:00 AM","12/1/2013 12:00:00 AM","507.0870","40.5670","12.6772","560.3312","12/1/2013 12:00:00 AM"
"1227","4","4","251","1684","5","11/22/2013 12:00:00 AM","12/1/2013 12:00:00 AM","86220.7500","6897.6600","2155.5188","95273.9288","12/1/2013 12:00:00 AM"
"1228","4","4","253","1534","4","11/22/2013 12:00:00 AM","12/1/2013 12:00:00 AM","111.5415","8.9233","2.7885","123.2533","12/1/2013 12:00:00 AM"
"1229","4","4","255","1614","4","11/22/2013 12:00:00 AM","12/1/2013 12:00:00 AM","390.6000","31.2480","9.7650","431.6130","12/1/2013 12:00:00 AM"
"1230","4","4","256","1588","5","11/22/2013 12:00:00 AM","12/1/2013 12:00:00 AM","40471.2000","3237.6960","1011.7800","44720.6760","12/1/2013 12:00:00 AM"
"1231","4","4","259","1622","4","11/22/2013 12:00:00 AM","12/1/2013 12:00:00 AM","136.3320","10.9066","3.4083","150.6469","12/1/2013 12:00:00 AM"
"1232","4","4","260","1632","5","11/22/2013 12:00:00 AM","12/1/2013 12:00:00 AM","38421.0750","3073.6860","960.5269","42455.2879","12/1/2013 12:00:00 AM"
"1233","4","4","250","1608","5","11/22/2013 12:00:00 AM","12/1/2013 12:00:00 AM","5948.2500","475.8600","148.7063","6572.8163","12/1/2013 12:00:00 AM"
"1234","4","4","254","1576","5","11/22/2013 12:00:00 AM","12/1/2013 12:00:00 AM","91117.9500","7289.4360","2277.9488","100685.3348","12/1/2013 12:00:00 AM"
"1235","4","4","257","1590","1","11/22/2013 12:00:00 AM","12/1/2013 12:00:00 AM","525.0000","42.0000","13.1250","580.1250","12/1/2013 12:00:00 AM"
"1236","4","4","261","1514","5","11/22/2013 12:00:00 AM","12/1/2013 12:00:00 AM","2003.6835","160.2947","50.0921","2214.0703","12/1/2013 12:00:00 AM"
"1237","4","4","251","1498","4","11/22/2013 12:00:00 AM","12/1/2013 12:00:00 AM","26455.2750","2116.4220","661.3819","29233.0789","12/1/2013 12:00:00 AM"
"1238","4","4","253","1674","2","11/22/2013 12:00:00 AM","12/1/2013 12:00:00 AM","944.3700","75.5496","23.6093","1043.5289","12/1/2013 12:00:00 AM"
"1239","4","4","255","1652","1","11/22/2013 12:00:00 AM","12/1/2013 12:00:00 AM","3401.4750","272.1180","85.0369","3758.6299","12/1/2013 12:00:00 AM"
"1240","4","4","256","1578","3","11/22/2013 12:00:00 AM","12/1/2013 12:00:00 AM","62843.5500","5027.4840","1571.0888","69442.1228","12/1/2013 12:00:00 AM"
"1241","4","4","259","1538","5","11/25/2013 12:00:00 AM","12/4/2013 12:00:00 AM","37843.5750","3027.4860","946.0894","41817.1504","12/4/2013 12:00:00 AM"
"1242","4","4","260","1556","4","11/25/2013 12:00:00 AM","12/4/2013 12:00:00 AM","25531.2750","2042.5020","638.2819","28212.0589","12/4/2013 12:00:00 AM"
"1243","4","4","258","1554","5","11/25/2013 12:00:00 AM","12/4/2013 12:00:00 AM","415.3275","33.2262","10.3832","458.9369","12/4/2013 12:00:00 AM"
"1244","4","4","254","1688","4","11/25/2013 12:00:00 AM","12/4/2013 12:00:00 AM","125.7480","10.0598","3.1437","138.9515","12/4/2013 12:00:00 AM"
"1245","6","4","257","1580","5","11/25/2013 12:00:00 AM","12/4/2013 12:00:00 AM","150.7905","12.0632","3.7698","166.6235","12/4/2013 12:00:00 AM"
"1246","4","4","261","1496","4","11/25/2013 12:00:00 AM","12/4/2013 12:00:00 AM","347.4450","27.7956","8.6861","383.9267","12/4/2013 12:00:00 AM"
"1247","4","4","251","1494","2","11/25/2013 12:00:00 AM","12/4/2013 12:00:00 AM","8847.3000","707.7840","221.1825","9776.2665","12/4/2013 12:00:00 AM"
"1248","4","4","253","1650","5","11/25/2013 12:00:00 AM","12/4/2013 12:00:00 AM","171.0765","13.6861","4.2769","189.0395","12/4/2013 12:00:00 AM"
"1249","4","4","255","1654","4","11/25/2013 12:00:00 AM","12/4/2013 12:00:00 AM","20397.3000","1631.7840","509.9325","22539.0165","12/4/2013 12:00:00 AM"
"1250","5","4","256","1664","3","11/25/2013 12:00:00 AM","12/4/2013 12:00:00 AM","14628.0750","1170.2460","365.7019","16164.0229","12/4/2013 12:00:00 AM"
"1251","4","4","252","1678","4","11/25/2013 12:00:00 AM","12/4/2013 12:00:00 AM","25334.9250","2026.7940","633.3731","27995.0921","12/4/2013 12:00:00 AM"
"1252","4","4","260","1616","4","11/25/2013 12:00:00 AM","12/4/2013 12:00:00 AM","260.1585","20.8127","6.5040","287.4752","12/4/2013 12:00:00 AM"
"1253","4","4","258","1492","5","11/25/2013 12:00:00 AM","12/4/2013 12:00:00 AM","415.3275","33.2262","10.3832","458.9369","12/4/2013 12:00:00 AM"
"1254","4","4","254","1602","5","11/25/2013 12:00:00 AM","12/4/2013 12:00:00 AM","270.8055","21.6644","6.7701","299.2400","12/4/2013 12:00:00 AM"
"1255","4","4","257","1540","4","11/25/2013 12:00:00 AM","12/4/2013 12:00:00 AM","3052.5075","244.2006","76.3127","3373.0208","12/4/2013 12:00:00 AM"
"1256","4","4","261","1628","5","11/25/2013 12:00:00 AM","12/4/2013 12:00:00 AM","34644.2250","2771.5380","866.1056","38281.8686","12/4/2013 12:00:00 AM"
"1257","4","4","250","1604","4","11/26/2013 12:00:00 AM","12/5/2013 12:00:00 AM","1839.5055","147.1604","45.9876","2032.6535","12/5/2013 12:00:00 AM"
"1258","4","4","253","1690","5","11/26/2013 12:00:00 AM","12/5/2013 12:00:00 AM","146.2860","11.7029","3.6572","161.6461","12/5/2013 12:00:00 AM"
"1259","4","4","255","1566","5","11/26/2013 12:00:00 AM","12/5/2013 12:00:00 AM","102.5640","8.2051","2.5641","113.3332","12/5/2013 12:00:00 AM"
"1260","4","4","256","1698","5","11/26/2013 12:00:00 AM","12/5/2013 12:00:00 AM","150.7905","12.0632","3.7698","166.6235","12/5/2013 12:00:00 AM"
"1261","4","4","259","1560","5","11/26/2013 12:00:00 AM","12/5/2013 12:00:00 AM","13669.4250","1093.5540","341.7356","15104.7146","12/5/2013 12:00:00 AM"
"1262","4","4","260","1692","5","11/26/2013 12:00:00 AM","12/5/2013 12:00:00 AM","6444.9000","515.5920","161.1225","7121.6145","12/5/2013 12:00:00 AM"
"1263","4","4","258","1696","4","11/26/2013 12:00:00 AM","12/5/2013 12:00:00 AM","50860.4250","4068.8340","1271.5106","56200.7696","12/5/2013 12:00:00 AM"
"1264","4","4","254","1504","1","11/26/2013 12:00:00 AM","12/5/2013 12:00:00 AM","551.8800","44.1504","13.7970","609.8274","12/5/2013 12:00:00 AM"
"1265","4","4","252","1544","1","11/27/2013 12:00:00 AM","12/6/2013 12:00:00 AM","6987.7500","559.0200","174.6938","7721.4638","12/6/2013 12:00:00 AM"
"1266","4","4","261","1530","2","11/27/2013 12:00:00 AM","12/6/2013 12:00:00 AM","28072.2750","2245.7820","701.8069","31019.8639","12/6/2013 12:00:00 AM"
"1267","4","4","251","1508","1","11/27/2013 12:00:00 AM","12/6/2013 12:00:00 AM","37312.2750","2984.9820","932.8069","41230.0639","12/6/2013 12:00:00 AM"
"1268","4","4","253","1694","1","11/27/2013 12:00:00 AM","12/6/2013 12:00:00 AM","7623.0000","609.8400","190.5750","8423.4150","12/6/2013 12:00:00 AM"
"1269","4","4","255","1624","2","11/27/2013 12:00:00 AM","12/6/2013 12:00:00 AM","28297.5000","2263.8000","707.4375","31268.7375","12/6/2013 12:00:00 AM"
"1270","4","4","256","1548","2","11/27/2013 12:00:00 AM","12/6/2013 12:00:00 AM","59.9445","4.7956","1.4986","66.2387","12/6/2013 12:00:00 AM"
"1271","4","4","259","1598","4","11/27/2013 12:00:00 AM","12/6/2013 12:00:00 AM","487.9665","39.0373","12.1992","539.2030","12/6/2013 12:00:00 AM"
"1272","4","4","260","1658","5","11/27/2013 12:00:00 AM","12/6/2013 12:00:00 AM","43878.4500","3510.2760","1096.9613","48485.6873","12/6/2013 12:00:00 AM"
"1273","4","4","258","1536","4","11/27/2013 12:00:00 AM","12/6/2013 12:00:00 AM","345.5550","27.6444","8.6389","381.8383","12/6/2013 12:00:00 AM"
"1274","4","4","254","1568","2","11/27/2013 12:00:00 AM","12/6/2013 12:00:00 AM","15153.6000","1212.2880","378.8400","16744.7280","12/6/2013 12:00:00 AM"
"1275","4","4","257","1648","5","11/27/2013 12:00:00 AM","12/6/2013 12:00:00 AM","142.4115","11.3929","3.5603","157.3647","12/6/2013 12:00:00 AM"
"1276","4","4","261","1646","2","11/27/2013 12:00:00 AM","12/6/2013 12:00:00 AM","48030.6750","3842.4540","1200.7669","53073.8959","12/6/2013 12:00:00 AM"
"1277","4","4","251","1672","4","11/27/2013 12:00:00 AM","12/6/2013 12:00:00 AM","823.4100","65.8728","20.5853","909.8681","12/6/2013 12:00:00 AM"
"1278","4","4","253","1600","1","11/27/2013 12:00:00 AM","12/6/2013 12:00:00 AM","1276.2750","102.1020","31.9069","1410.2839","12/6/2013 12:00:00 AM"
"1279","4","4","255","1522","1","11/27/2013 12:00:00 AM","12/6/2013 12:00:00 AM","2003.9250","160.3140","50.0981","2214.3371","12/6/2013 12:00:00 AM"
"1280","5","4","256","1570","2","11/27/2013 12:00:00 AM","12/6/2013 12:00:00 AM","50860.4250","4068.8340","1271.5106","56200.7696","12/6/2013 12:00:00 AM"
"1281","4","4","259","1516","1","11/28/2013 12:00:00 AM","12/7/2013 12:00:00 AM","454.8600","36.3888","11.3715","502.6203","12/7/2013 12:00:00 AM"
"1282","4","4","260","1506","5","11/28/2013 12:00:00 AM","12/7/2013 12:00:00 AM","43878.4500","3510.2760","1096.9613","48485.6873","12/7/2013 12:00:00 AM"
"1283","4","4","258","1626","2","11/28/2013 12:00:00 AM","12/7/2013 12:00:00 AM","7132.1250","570.5700","178.3031","7880.9981","12/7/2013 12:00:00 AM"
"1284","4","4","254","1542","2","11/28/2013 12:00:00 AM","12/7/2013 12:00:00 AM","28343.7000","2267.4960","708.5925","31319.7885","12/7/2013 12:00:00 AM"
"1285","4","4","257","1610","4","11/28/2013 12:00:00 AM","12/7/2013 12:00:00 AM","22516.7250","1801.3380","562.9181","24880.9811","12/7/2013 12:00:00 AM"
"1286","4","4","261","1638","5","11/28/2013 12:00:00 AM","12/7/2013 12:00:00 AM","34644.2250","2771.5380","866.1056","38281.8686","12/7/2013 12:00:00 AM"
"1287","4","4","251","1582","5","11/28/2013 12:00:00 AM","12/7/2013 12:00:00 AM","836.9550","66.9564","20.9239","924.8353","12/7/2013 12:00:00 AM"
"1288","4","4","253","1510","5","11/28/2013 12:00:00 AM","12/7/2013 12:00:00 AM","143.0415","11.4433","3.5760","158.0608","12/7/2013 12:00:00 AM"
"1289","4","4","252","1526","2","11/28/2013 12:00:00 AM","12/7/2013 12:00:00 AM","28199.3250","2255.9460","704.9831","31160.2541","12/7/2013 12:00:00 AM"
"1290","4","4","256","1644","1","11/28/2013 12:00:00 AM","12/7/2013 12:00:00 AM","3713.3250","297.0660","92.8331","4103.2241","12/7/2013 12:00:00 AM"
"1291","4","4","259","1680","4","11/28/2013 12:00:00 AM","12/7/2013 12:00:00 AM","19952.6250","1596.2100","498.8156","22047.6506","12/7/2013 12:00:00 AM"
"1292","4","4","260","1584","5","11/28/2013 12:00:00 AM","12/7/2013 12:00:00 AM","6540.6600","523.2528","163.5165","7227.4293","12/7/2013 12:00:00 AM"
"1293","4","4","258","1620","5","11/28/2013 12:00:00 AM","12/7/2013 12:00:00 AM","5711.4750","456.9180","142.7869","6311.1799","12/7/2013 12:00:00 AM"
"1294","4","4","254","1666","5","11/28/2013 12:00:00 AM","12/7/2013 12:00:00 AM","279.7830","22.3826","6.9946","309.1602","12/7/2013 12:00:00 AM"
"1295","4","4","257","1592","2","11/28/2013 12:00:00 AM","12/7/2013 12:00:00 AM","97.9650","7.8372","2.4491","108.2513","12/7/2013 12:00:00 AM"
"1296","4","4","261","1618","4","11/28/2013 12:00:00 AM","12/7/2013 12:00:00 AM","114.4710","9.1577","2.8618","126.4905","12/7/2013 12:00:00 AM"
"1297","4","4","251","1612","4","11/29/2013 12:00:00 AM","12/8/2013 12:00:00 AM","132.6465","10.6117","3.3162","146.5744","12/8/2013 12:00:00 AM"
"1298","4","4","253","1586","5","11/29/2013 12:00:00 AM","12/8/2013 12:00:00 AM","43878.4500","3510.2760","1096.9613","48485.6873","12/8/2013 12:00:00 AM"
"1299","4","4","255","1500","1","11/29/2013 12:00:00 AM","12/8/2013 12:00:00 AM","418.9500","33.5160","10.4738","462.9398","12/8/2013 12:00:00 AM"
"1300","4","4","252","1656","4","11/29/2013 12:00:00 AM","12/8/2013 12:00:00 AM","396.9945","31.7596","9.9249","438.6790","12/8/2013 12:00:00 AM"
"1301","4","4","259","1572","1","11/29/2013 12:00:00 AM","12/8/2013 12:00:00 AM","461.7900","36.9432","11.5448","510.2780","12/8/2013 12:00:00 AM"
"1302","4","4","260","1562","4","11/29/2013 12:00:00 AM","12/8/2013 12:00:00 AM","234.6435","18.7715","5.8661","259.2811","12/8/2013 12:00:00 AM"
"1303","4","4","258","1662","2","11/29/2013 12:00:00 AM","12/8/2013 12:00:00 AM","37.0755","2.9660","0.9269","40.9684","12/8/2013 12:00:00 AM"
"1304","4","3","250","1682","4","11/29/2013 12:00:00 AM","12/8/2013 12:00:00 AM","21558.0750","1724.6460","538.9519","23821.6729","12/8/2013 12:00:00 AM"
"1305","6","4","257","1686","4","11/29/2013 12:00:00 AM","12/8/2013 12:00:00 AM","1913.3100","153.0648","47.8328","2114.2076","12/8/2013 12:00:00 AM"
"1306","4","4","261","1684","5","11/29/2013 12:00:00 AM","12/8/2013 12:00:00 AM","86220.7500","6897.6600","2155.5188","95273.9288","12/8/2013 12:00:00 AM"
"1307","4","4","251","1534","5","11/29/2013 12:00:00 AM","12/8/2013 12:00:00 AM","839.7900","67.1832","20.9948","927.9680","12/8/2013 12:00:00 AM"
"1308","4","4","253","1614","5","11/29/2013 12:00:00 AM","12/8/2013 12:00:00 AM","694.9530","55.5962","17.3738","767.9230","12/8/2013 12:00:00 AM"
"1309","4","4","255","1588","5","11/29/2013 12:00:00 AM","12/8/2013 12:00:00 AM","40471.2000","3237.6960","1011.7800","44720.6760","12/8/2013 12:00:00 AM"
"1310","4","4","256","1622","5","11/29/2013 12:00:00 AM","12/8/2013 12:00:00 AM","427.4550","34.1964","10.6864","472.3378","12/8/2013 12:00:00 AM"
"1311","4","4","259","1632","4","11/29/2013 12:00:00 AM","12/8/2013 12:00:00 AM","23671.7250","1893.7380","591.7931","26157.2561","12/8/2013 12:00:00 AM"
"1312","4","4","260","1608","5","11/29/2013 12:00:00 AM","12/8/2013 12:00:00 AM","5948.2500","475.8600","148.7063","6572.8163","12/8/2013 12:00:00 AM"
"1313","4","4","258","1576","5","12/2/2013 12:00:00 AM","12/11/2013 12:00:00 AM","91117.9500","7289.4360","2277.9488","100685.3348","12/11/2013 12:00:00 AM"
"1314","5","4","254","1590","1","12/2/2013 12:00:00 AM","12/11/2013 12:00:00 AM","525.0000","42.0000","13.1250","580.1250","12/11/2013 12:00:00 AM"
"1315","4","4","257","1514","5","12/2/2013 12:00:00 AM","12/11/2013 12:00:00 AM","2003.6835","160.2947","50.0921","2214.0703","12/11/2013 12:00:00 AM"
"1316","4","4","261","1498","4","12/2/2013 12:00:00 AM","12/11/2013 12:00:00 AM","26455.2750","2116.4220","661.3819","29233.0789","12/11/2013 12:00:00 AM"
"1317","4","4","251","1674","2","12/2/2013 12:00:00 AM","12/11/2013 12:00:00 AM","944.3700","75.5496","23.6093","1043.5289","12/11/2013 12:00:00 AM"
"1318","4","4","253","1652","4","12/2/2013 12:00:00 AM","12/11/2013 12:00:00 AM","51588.0750","4127.0460","1289.7019","57004.8229","12/11/2013 12:00:00 AM"
"1319","4","4","255","1578","3","12/2/2013 12:00:00 AM","12/11/2013 12:00:00 AM","62843.5500","5027.4840","1571.0888","69442.1228","12/11/2013 12:00:00 AM"
"1320","4","4","256","1538","5","12/2/2013 12:00:00 AM","12/11/2013 12:00:00 AM","37843.5750","3027.4860","946.0894","41817.1504","12/11/2013 12:00:00 AM"
"1321","4","4","259","1556","4","12/3/2013 12:00:00 AM","12/12/2013 12:00:00 AM","25531.2750","2042.5020","638.2819","28212.0589","12/12/2013 12:00:00 AM"
"1322","4","4","250","1554","5","12/3/2013 12:00:00 AM","12/12/2013 12:00:00 AM","272.7585","21.8207","6.8190","301.3982","12/12/2013 12:00:00 AM"
"1323","4","4","258","1688","4","12/3/2013 12:00:00 AM","12/12/2013 12:00:00 AM","125.7480","10.0598","3.1437","138.9515","12/12/2013 12:00:00 AM"
"1324","4","4","254","1580","5","12/3/2013 12:00:00 AM","12/12/2013 12:00:00 AM","150.7905","12.0632","3.7698","166.6235","12/12/2013 12:00:00 AM"
"1325","4","4","257","1496","5","12/4/2013 12:00:00 AM","12/13/2013 12:00:00 AM","2069.2665","165.5413","51.7317","2286.5395","12/13/2013 12:00:00 AM"
"1326","4","4","261","1494","2","12/4/2013 12:00:00 AM","12/13/2013 12:00:00 AM","8847.3000","707.7840","221.1825","9776.2665","12/13/2013 12:00:00 AM"
"1327","4","4","251","1650","5","12/4/2013 12:00:00 AM","12/13/2013 12:00:00 AM","171.0765","13.6861","4.2769","189.0395","12/13/2013 12:00:00 AM"
"1328","4","4","253","1654","4","12/4/2013 12:00:00 AM","12/13/2013 12:00:00 AM","20397.3000","1631.7840","509.9325","22539.0165","12/13/2013 12:00:00 AM"
"1329","4","4","255","1664","3","12/4/2013 12:00:00 AM","12/13/2013 12:00:00 AM","14628.0750","1170.2460","365.7019","16164.0229","12/13/2013 12:00:00 AM"
"1330","4","4","256","1678","3","12/4/2013 12:00:00 AM","12/13/2013 12:00:00 AM","58685.5500","4694.8440","1467.1388","64847.5328","12/13/2013 12:00:00 AM"
"1331","4","4","259","1616","5","12/4/2013 12:00:00 AM","12/13/2013 12:00:00 AM","563.5665","45.0853","14.0892","622.7410","12/13/2013 12:00:00 AM"
"1332","4","4","260","1492","5","12/4/2013 12:00:00 AM","12/13/2013 12:00:00 AM","272.7585","21.8207","6.8190","301.3982","12/13/2013 12:00:00 AM"
"1333","4","4","250","1602","5","12/4/2013 12:00:00 AM","12/13/2013 12:00:00 AM","1525.2300","122.0184","38.1308","1685.3792","12/13/2013 12:00:00 AM"
"1334","4","4","254","1540","4","12/4/2013 12:00:00 AM","12/13/2013 12:00:00 AM","260.1585","20.8127","6.5040","287.4752","12/13/2013 12:00:00 AM"
"1335","4","4","257","1628","5","12/4/2013 12:00:00 AM","12/13/2013 12:00:00 AM","34644.2250","2771.5380","866.1056","38281.8686","12/13/2013 12:00:00 AM"
"1336","4","4","261","1604","4","12/4/2013 12:00:00 AM","12/13/2013 12:00:00 AM","1839.5055","147.1604","45.9876","2032.6535","12/13/2013 12:00:00 AM"
"1337","4","4","251","1690","5","12/4/2013 12:00:00 AM","12/13/2013 12:00:00 AM","146.2860","11.7029","3.6572","161.6461","12/13/2013 12:00:00 AM"
"1338","4","4","253","1566","5","12/4/2013 12:00:00 AM","12/13/2013 12:00:00 AM","102.5640","8.2051","2.5641","113.3332","12/13/2013 12:00:00 AM"
"1339","4","4","255","1698","5","12/4/2013 12:00:00 AM","12/13/2013 12:00:00 AM","150.7905","12.0632","3.7698","166.6235","12/13/2013 12:00:00 AM"
"1340","4","4","256","1560","5","12/4/2013 12:00:00 AM","12/13/2013 12:00:00 AM","13669.4250","1093.5540","341.7356","15104.7146","12/13/2013 12:00:00 AM"
"1341","4","4","259","1692","5","12/5/2013 12:00:00 AM","12/14/2013 12:00:00 AM","9948.3300","795.8664","248.7083","10992.9047","12/14/2013 12:00:00 AM"
"1342","4","4","260","1696","4","12/5/2013 12:00:00 AM","12/14/2013 12:00:00 AM","34118.7000","2729.4960","852.9675","37701.1635","12/14/2013 12:00:00 AM"
"1343","4","4","258","1504","1","12/5/2013 12:00:00 AM","12/14/2013 12:00:00 AM","551.8800","44.1504","13.7970","609.8274","12/14/2013 12:00:00 AM"
"1344","4","4","254","1544","1","12/5/2013 12:00:00 AM","12/14/2013 12:00:00 AM","3811.5000","304.9200","95.2875","4211.7075","12/14/2013 12:00:00 AM"
"1345","4","4","257","1530","2","12/5/2013 12:00:00 AM","12/14/2013 12:00:00 AM","28072.2750","2245.7820","701.8069","31019.8639","12/14/2013 12:00:00 AM"
"1346","4","4","261","1508","1","12/5/2013 12:00:00 AM","12/14/2013 12:00:00 AM","37312.2750","2984.9820","932.8069","41230.0639","12/14/2013 12:00:00 AM"
"1347","4","4","251","1694","1","12/5/2013 12:00:00 AM","12/14/2013 12:00:00 AM","7623.0000","609.8400","190.5750","8423.4150","12/14/2013 12:00:00 AM"
"1348","4","4","253","1624","2","12/5/2013 12:00:00 AM","12/14/2013 12:00:00 AM","28297.5000","2263.8000","707.4375","31268.7375","12/14/2013 12:00:00 AM"
"1349","4","4","255","1548","2","12/5/2013 12:00:00 AM","12/14/2013 12:00:00 AM","59.9445","4.7956","1.4986","66.2387","12/14/2013 12:00:00 AM"
"1350","4","4","256","1598","4","12/5/2013 12:00:00 AM","12/14/2013 12:00:00 AM","345.5550","27.6444","8.6389","381.8383","12/14/2013 12:00:00 AM"
"1351","4","4","252","1658","5","12/5/2013 12:00:00 AM","12/14/2013 12:00:00 AM","43878.4500","3510.2760","1096.9613","48485.6873","12/14/2013 12:00:00 AM"
"1352","4","4","260","1536","4","12/5/2013 12:00:00 AM","12/14/2013 12:00:00 AM","272.1285","21.7703","6.8032","300.7020","12/14/2013 12:00:00 AM"
"1353","4","4","258","1568","2","12/5/2013 12:00:00 AM","12/14/2013 12:00:00 AM","21252.0000","1700.1600","531.3000","23483.4600","12/14/2013 12:00:00 AM"
"1354","4","4","254","1648","5","12/5/2013 12:00:00 AM","12/14/2013 12:00:00 AM","142.4115","11.3929","3.5603","157.3647","12/14/2013 12:00:00 AM"
"1355","4","4","257","1646","2","12/5/2013 12:00:00 AM","12/14/2013 12:00:00 AM","48030.6750","3842.4540","1200.7669","53073.8959","12/14/2013 12:00:00 AM"
"1356","4","4","261","1672","4","12/5/2013 12:00:00 AM","12/14/2013 12:00:00 AM","50983.9365","4078.7149","1274.5984","56337.2498","12/14/2013 12:00:00 AM"
"1357","4","4","250","1600","1","12/6/2013 12:00:00 AM","12/15/2013 12:00:00 AM","1276.2750","102.1020","31.9069","1410.2839","12/15/2013 12:00:00 AM"
"1358","4","4","253","1522","1","12/6/2013 12:00:00 AM","12/15/2013 12:00:00 AM","2003.9250","160.3140","50.0981","2214.3371","12/15/2013 12:00:00 AM"
"1359","4","4","255","1570","2","12/6/2013 12:00:00 AM","12/15/2013 12:00:00 AM","50860.4250","4068.8340","1271.5106","56200.7696","12/15/2013 12:00:00 AM"
"1360","4","4","256","1516","1","12/6/2013 12:00:00 AM","12/15/2013 12:00:00 AM","454.8600","36.3888","11.3715","502.6203","12/15/2013 12:00:00 AM"
"1361","4","4","259","1506","5","12/6/2013 12:00:00 AM","12/15/2013 12:00:00 AM","43878.4500","3510.2760","1096.9613","48485.6873","12/15/2013 12:00:00 AM"
"1362","4","4","260","1626","2","12/6/2013 12:00:00 AM","12/15/2013 12:00:00 AM","7132.1250","570.5700","178.3031","7880.9981","12/15/2013 12:00:00 AM"
"1363","6","4","258","1542","2","12/6/2013 12:00:00 AM","12/15/2013 12:00:00 AM","28343.7000","2267.4960","708.5925","31319.7885","12/15/2013 12:00:00 AM"
"1364","4","4","254","1610","4","12/6/2013 12:00:00 AM","12/15/2013 12:00:00 AM","22516.7250","1801.3380","562.9181","24880.9811","12/15/2013 12:00:00 AM"
"1365","4","4","252","1638","5","12/6/2013 12:00:00 AM","12/15/2013 12:00:00 AM","34644.2250","2771.5380","866.1056","38281.8686","12/15/2013 12:00:00 AM"
"1366","4","4","261","1582","4","12/6/2013 12:00:00 AM","12/15/2013 12:00:00 AM","513.7965","41.1037","12.8449","567.7451","12/15/2013 12:00:00 AM"
"1367","4","4","251","1510","5","12/6/2013 12:00:00 AM","12/15/2013 12:00:00 AM","143.0415","11.4433","3.5760","158.0608","12/15/2013 12:00:00 AM"
"1368","4","4","253","1526","2","12/6/2013 12:00:00 AM","12/15/2013 12:00:00 AM","28199.3250","2255.9460","704.9831","31160.2541","12/15/2013 12:00:00 AM"
"1369","4","4","255","1644","1","12/6/2013 12:00:00 AM","12/15/2013 12:00:00 AM","3713.3250","297.0660","92.8331","4103.2241","12/15/2013 12:00:00 AM"
"1370","4","4","256","1680","5","12/6/2013 12:00:00 AM","12/15/2013 12:00:00 AM","63831.0750","5106.4860","1595.7769","70533.3379","12/15/2013 12:00:00 AM"
"1371","4","4","259","1584","5","12/6/2013 12:00:00 AM","12/15/2013 12:00:00 AM","9799.6500","783.9720","244.9913","10828.6133","12/15/2013 12:00:00 AM"
"1372","4","4","260","1620","5","12/6/2013 12:00:00 AM","12/15/2013 12:00:00 AM","5711.4750","456.9180","142.7869","6311.1799","12/15/2013 12:00:00 AM"
"1373","4","4","258","1666","5","12/9/2013 12:00:00 AM","12/18/2013 12:00:00 AM","416.7450","33.3396","10.4186","460.5032","12/18/2013 12:00:00 AM"
"1374","4","4","254","1592","2","12/9/2013 12:00:00 AM","12/18/2013 12:00:00 AM","97.9650","7.8372","2.4491","108.2513","12/18/2013 12:00:00 AM"
"1375","4","4","257","1618","4","12/9/2013 12:00:00 AM","12/18/2013 12:00:00 AM","114.4710","9.1577","2.8618","126.4905","12/18/2013 12:00:00 AM"
"1376","4","4","261","1612","4","12/9/2013 12:00:00 AM","12/18/2013 12:00:00 AM","132.6465","10.6117","3.3162","146.5744","12/18/2013 12:00:00 AM"
"1377","4","4","251","1586","5","12/9/2013 12:00:00 AM","12/18/2013 12:00:00 AM","43878.4500","3510.2760","1096.9613","48485.6873","12/18/2013 12:00:00 AM"
"1378","4","4","253","1500","1","12/9/2013 12:00:00 AM","12/18/2013 12:00:00 AM","418.9500","33.5160","10.4738","462.9398","12/18/2013 12:00:00 AM"
"1379","4","4","255","1656","5","12/9/2013 12:00:00 AM","12/18/2013 12:00:00 AM","690.4485","55.2359","17.2612","762.9456","12/18/2013 12:00:00 AM"
"1380","4","4","256","1572","1","12/9/2013 12:00:00 AM","12/18/2013 12:00:00 AM","461.7900","36.9432","11.5448","510.2780","12/18/2013 12:00:00 AM"
"1381","4","4","259","1562","4","12/9/2013 12:00:00 AM","12/18/2013 12:00:00 AM","513.1665","41.0533","12.8292","567.0490","12/18/2013 12:00:00 AM"
"1382","4","4","260","1662","2","12/9/2013 12:00:00 AM","12/18/2013 12:00:00 AM","37.0755","2.9660","0.9269","40.9684","12/18/2013 12:00:00 AM"
"1383","4","4","258","1682","4","12/9/2013 12:00:00 AM","12/18/2013 12:00:00 AM","21558.0750","1724.6460","538.9519","23821.6729","12/18/2013 12:00:00 AM"
"1384","4","4","254","1686","4","12/9/2013 12:00:00 AM","12/18/2013 12:00:00 AM","259.8435","20.7875","6.4961","287.1271","12/18/2013 12:00:00 AM"
"1385","4","4","257","1684","5","12/9/2013 12:00:00 AM","12/18/2013 12:00:00 AM","86220.7500","6897.6600","2155.5188","95273.9288","12/18/2013 12:00:00 AM"
"1386","4","4","261","1534","4","12/9/2013 12:00:00 AM","12/18/2013 12:00:00 AM","515.6865","41.2549","12.8922","569.8336","12/18/2013 12:00:00 AM"
"1387","4","4","251","1614","5","12/9/2013 12:00:00 AM","12/18/2013 12:00:00 AM","533.5470","42.6838","13.3387","589.5695","12/18/2013 12:00:00 AM"
"1388","4","4","253","1588","5","12/9/2013 12:00:00 AM","12/18/2013 12:00:00 AM","40471.2000","3237.6960","1011.7800","44720.6760","12/18/2013 12:00:00 AM"
"1389","4","4","252","1622","4","12/11/2013 12:00:00 AM","12/20/2013 12:00:00 AM","661.8780","52.9502","16.5470","731.3752","12/20/2013 12:00:00 AM"
"1390","4","4","256","1632","5","12/11/2013 12:00:00 AM","12/20/2013 12:00:00 AM","62092.8000","4967.4240","1552.3200","68612.5440","12/20/2013 12:00:00 AM"
"1391","5","4","259","1608","5","12/11/2013 12:00:00 AM","12/20/2013 12:00:00 AM","5948.2500","475.8600","148.7063","6572.8163","12/20/2013 12:00:00 AM"
"1392","4","4","260","1576","5","12/11/2013 12:00:00 AM","12/20/2013 12:00:00 AM","91117.9500","7289.4360","2277.9488","100685.3348","12/20/2013 12:00:00 AM"
"1393","4","4","258","1590","1","12/11/2013 12:00:00 AM","12/20/2013 12:00:00 AM","525.0000","42.0000","13.1250","580.1250","12/20/2013 12:00:00 AM"
"1394","4","4","254","1514","5","12/11/2013 12:00:00 AM","12/20/2013 12:00:00 AM","281.8935","22.5515","7.0473","311.4923","12/20/2013 12:00:00 AM"
"1395","4","4","257","1498","4","12/11/2013 12:00:00 AM","12/20/2013 12:00:00 AM","26455.2750","2116.4220","661.3819","29233.0789","12/20/2013 12:00:00 AM"
"1396","4","4","261","1674","2","12/11/2013 12:00:00 AM","12/20/2013 12:00:00 AM","944.3700","75.5496","23.6093","1043.5289","12/20/2013 12:00:00 AM"
"1397","4","4","251","1652","4","12/11/2013 12:00:00 AM","12/20/2013 12:00:00 AM","51588.0750","4127.0460","1289.7019","57004.8229","12/20/2013 12:00:00 AM"
"1398","4","4","253","1578","3","12/11/2013 12:00:00 AM","12/20/2013 12:00:00 AM","62843.5500","5027.4840","1571.0888","69442.1228","12/20/2013 12:00:00 AM"
"1399","4","4","255","1538","5","12/11/2013 12:00:00 AM","12/20/2013 12:00:00 AM","37843.5750","3027.4860","946.0894","41817.1504","12/20/2013 12:00:00 AM"
"1400","4","4","252","1556","4","12/11/2013 12:00:00 AM","12/20/2013 12:00:00 AM","25531.2750","2042.5020","638.2819","28212.0589","12/20/2013 12:00:00 AM"
"1401","4","4","259","1554","4","12/12/2013 12:00:00 AM","12/21/2013 12:00:00 AM","501.1965","40.0957","12.5299","553.8221","12/21/2013 12:00:00 AM"
"1402","4","4","260","1688","4","12/12/2013 12:00:00 AM","12/21/2013 12:00:00 AM","125.7480","10.0598","3.1437","138.9515","12/21/2013 12:00:00 AM"
"1403","4","4","258","1580","5","12/12/2013 12:00:00 AM","12/21/2013 12:00:00 AM","150.7905","12.0632","3.7698","166.6235","12/21/2013 12:00:00 AM"
"1404","4","3","250","1496","5","12/12/2013 12:00:00 AM","12/21/2013 12:00:00 AM","279.7830","22.3826","6.9946","309.1602","12/21/2013 12:00:00 AM"
"1405","4","4","257","1494","2","12/12/2013 12:00:00 AM","12/21/2013 12:00:00 AM","8847.3000","707.7840","221.1825","9776.2665","12/21/2013 12:00:00 AM"
"1406","4","4","261","1650","5","12/12/2013 12:00:00 AM","12/21/2013 12:00:00 AM","171.0765","13.6861","4.2769","189.0395","12/21/2013 12:00:00 AM"
"1407","4","4","251","1654","4","12/12/2013 12:00:00 AM","12/21/2013 12:00:00 AM","20397.3000","1631.7840","509.9325","22539.0165","12/21/2013 12:00:00 AM"
"1408","4","4","253","1664","3","12/12/2013 12:00:00 AM","12/21/2013 12:00:00 AM","14628.0750","1170.2460","365.7019","16164.0229","12/21/2013 12:00:00 AM"
"1409","4","4","255","1678","3","12/12/2013 12:00:00 AM","12/21/2013 12:00:00 AM","58685.5500","4694.8440","1467.1388","64847.5328","12/21/2013 12:00:00 AM"
"1410","4","4","256","1616","4","12/12/2013 12:00:00 AM","12/21/2013 12:00:00 AM","402.2550","32.1804","10.0564","444.4918","12/21/2013 12:00:00 AM"
"1411","4","4","259","1492","4","12/12/2013 12:00:00 AM","12/21/2013 12:00:00 AM","501.1965","40.0957","12.5299","553.8221","12/21/2013 12:00:00 AM"
"1412","4","4","260","1602","5","12/12/2013 12:00:00 AM","12/21/2013 12:00:00 AM","270.8055","21.6644","6.7701","299.2400","12/21/2013 12:00:00 AM"
"1413","4","4","258","1540","4","12/12/2013 12:00:00 AM","12/21/2013 12:00:00 AM","371.2275","29.6982","9.2807","410.2064","12/21/2013 12:00:00 AM"
"1414","4","4","254","1628","5","12/12/2013 12:00:00 AM","12/21/2013 12:00:00 AM","34644.2250","2771.5380","866.1056","38281.8686","12/21/2013 12:00:00 AM"
"1415","4","4","257","1604","4","12/12/2013 12:00:00 AM","12/21/2013 12:00:00 AM","1839.5055","147.1604","45.9876","2032.6535","12/21/2013 12:00:00 AM"
"1416","4","4","261","1690","5","12/12/2013 12:00:00 AM","12/21/2013 12:00:00 AM","146.2860","11.7029","3.6572","161.6461","12/21/2013 12:00:00 AM"
"1417","4","4","251","1566","5","12/13/2013 12:00:00 AM","12/22/2013 12:00:00 AM","102.5640","8.2051","2.5641","113.3332","12/22/2013 12:00:00 AM"
"1418","4","4","253","1698","5","12/13/2013 12:00:00 AM","12/22/2013 12:00:00 AM","150.7905","12.0632","3.7698","166.6235","12/22/2013 12:00:00 AM"
"1419","4","4","255","1560","5","12/13/2013 12:00:00 AM","12/22/2013 12:00:00 AM","13669.4250","1093.5540","341.7356","15104.7146","12/22/2013 12:00:00 AM"
"1420","4","4","256","1692","5","12/13/2013 12:00:00 AM","12/22/2013 12:00:00 AM","9637.1100","770.9688","240.9278","10649.0066","12/22/2013 12:00:00 AM"
"1421","4","4","259","1696","5","12/13/2013 12:00:00 AM","12/22/2013 12:00:00 AM","39258.4500","3140.6760","981.4613","43380.5873","12/22/2013 12:00:00 AM"
"1422","4","4","250","1504","1","12/13/2013 12:00:00 AM","12/22/2013 12:00:00 AM","551.8800","44.1504","13.7970","609.8274","12/22/2013 12:00:00 AM"
"1423","4","4","258","1544","1","12/13/2013 12:00:00 AM","12/22/2013 12:00:00 AM","3176.2500","254.1000","79.4063","3509.7563","12/22/2013 12:00:00 AM"
"1424","5","4","254","1530","2","12/13/2013 12:00:00 AM","12/22/2013 12:00:00 AM","28072.2750","2245.7820","701.8069","31019.8639","12/22/2013 12:00:00 AM"
"1425","4","4","257","1508","1","12/13/2013 12:00:00 AM","12/22/2013 12:00:00 AM","37312.2750","2984.9820","932.8069","41230.0639","12/22/2013 12:00:00 AM"
"1426","4","4","261","1694","1","12/13/2013 12:00:00 AM","12/22/2013 12:00:00 AM","7623.0000","609.8400","190.5750","8423.4150","12/22/2013 12:00:00 AM"
"1427","4","4","251","1624","2","12/13/2013 12:00:00 AM","12/22/2013 12:00:00 AM","28297.5000","2263.8000","707.4375","31268.7375","12/22/2013 12:00:00 AM"
"1428","4","4","253","1548","2","12/13/2013 12:00:00 AM","12/22/2013 12:00:00 AM","59.9445","4.7956","1.4986","66.2387","12/22/2013 12:00:00 AM"
"1429","4","4","255","1598","5","12/13/2013 12:00:00 AM","12/22/2013 12:00:00 AM","222.0435","17.7635","5.5511","245.3581","12/22/2013 12:00:00 AM"
"1430","4","4","256","1658","5","12/13/2013 12:00:00 AM","12/22/2013 12:00:00 AM","43878.4500","3510.2760","1096.9613","48485.6873","12/22/2013 12:00:00 AM"
"1431","4","4","259","1536","4","12/13/2013 12:00:00 AM","12/22/2013 12:00:00 AM","525.7665","42.0613","13.1442","580.9720","12/22/2013 12:00:00 AM"
"1432","4","4","260","1568","2","12/13/2013 12:00:00 AM","12/22/2013 12:00:00 AM","10914.7500","873.1800","272.8688","12060.7988","12/22/2013 12:00:00 AM"
"1433","4","4","250","1648","5","12/14/2013 12:00:00 AM","12/23/2013 12:00:00 AM","142.4115","11.3929","3.5603","157.3647","12/23/2013 12:00:00 AM"
"1434","4","4","254","1646","2","12/14/2013 12:00:00 AM","12/23/2013 12:00:00 AM","28794.1500","2303.5320","719.8538","31817.5358","12/23/2013 12:00:00 AM"
"1435","4","4","257","1672","4","12/14/2013 12:00:00 AM","12/23/2013 12:00:00 AM","51807.3465","4144.5877","1295.1837","57247.1179","12/23/2013 12:00:00 AM"
"1436","4","4","261","1600","1","12/14/2013 12:00:00 AM","12/23/2013 12:00:00 AM","1276.2750","102.1020","31.9069","1410.2839","12/23/2013 12:00:00 AM"
"1437","4","4","251","1522","1","12/17/2013 12:00:00 AM","12/26/2013 12:00:00 AM","2003.9250","160.3140","50.0981","2214.3371","12/26/2013 12:00:00 AM"
"1438","4","4","253","1570","2","12/17/2013 12:00:00 AM","12/26/2013 12:00:00 AM","50860.4250","4068.8340","1271.5106","56200.7696","12/26/2013 12:00:00 AM"
"1439","4","4","255","1516","1","12/17/2013 12:00:00 AM","12/26/2013 12:00:00 AM","454.8600","36.3888","11.3715","502.6203","12/26/2013 12:00:00 AM"
"1440","4","4","256","1506","5","12/17/2013 12:00:00 AM","12/26/2013 12:00:00 AM","43878.4500","3510.2760","1096.9613","48485.6873","12/26/2013 12:00:00 AM"
"1441","4","4","259","1626","2","12/17/2013 12:00:00 AM","12/26/2013 12:00:00 AM","7132.1250","570.5700","178.3031","7880.9981","12/26/2013 12:00:00 AM"
"1442","5","4","260","1542","2","12/17/2013 12:00:00 AM","12/26/2013 12:00:00 AM","28343.7000","2267.4960","708.5925","31319.7885","12/26/2013 12:00:00 AM"
"1443","4","4","258","1610","4","12/17/2013 12:00:00 AM","12/26/2013 12:00:00 AM","22516.7250","1801.3380","562.9181","24880.9811","12/26/2013 12:00:00 AM"
"1444","4","4","254","1638","5","12/17/2013 12:00:00 AM","12/26/2013 12:00:00 AM","34644.2250","2771.5380","866.1056","38281.8686","12/26/2013 12:00:00 AM"
"1445","4","4","257","1582","4","12/17/2013 12:00:00 AM","12/26/2013 12:00:00 AM","364.9275","29.1942","9.1232","403.2449","12/26/2013 12:00:00 AM"
"1446","4","4","261","1510","5","12/17/2013 12:00:00 AM","12/26/2013 12:00:00 AM","143.0415","11.4433","3.5760","158.0608","12/26/2013 12:00:00 AM"
"1447","4","4","251","1526","2","12/17/2013 12:00:00 AM","12/26/2013 12:00:00 AM","28199.3250","2255.9460","704.9831","31160.2541","12/26/2013 12:00:00 AM"
"1448","4","4","253","1644","1","12/17/2013 12:00:00 AM","12/26/2013 12:00:00 AM","3713.3250","297.0660","92.8331","4103.2241","12/26/2013 12:00:00 AM"
"1449","4","4","255","1680","5","12/17/2013 12:00:00 AM","12/26/2013 12:00:00 AM","63831.0750","5106.4860","1595.7769","70533.3379","12/26/2013 12:00:00 AM"
"1450","4","4","256","1584","5","12/17/2013 12:00:00 AM","12/26/2013 12:00:00 AM","9585.4500","766.8360","239.6363","10591.9223","12/26/2013 12:00:00 AM"
"1451","4","4","252","1620","5","12/17/2013 12:00:00 AM","12/26/2013 12:00:00 AM","5711.4750","456.9180","142.7869","6311.1799","12/26/2013 12:00:00 AM"
"1452","4","4","260","1666","5","12/17/2013 12:00:00 AM","12/26/2013 12:00:00 AM","273.7035","21.8963","6.8426","302.4424","12/26/2013 12:00:00 AM"
"1453","4","4","258","1592","2","12/18/2013 12:00:00 AM","12/27/2013 12:00:00 AM","97.9650","7.8372","2.4491","108.2513","12/27/2013 12:00:00 AM"
"1454","4","4","254","1618","4","12/18/2013 12:00:00 AM","12/27/2013 12:00:00 AM","114.4710","9.1577","2.8618","126.4905","12/27/2013 12:00:00 AM"
"1455","4","4","257","1612","4","12/18/2013 12:00:00 AM","12/27/2013 12:00:00 AM","132.6465","10.6117","3.3162","146.5744","12/27/2013 12:00:00 AM"
"1456","4","4","261","1586","5","12/18/2013 12:00:00 AM","12/27/2013 12:00:00 AM","43878.4500","3510.2760","1096.9613","48485.6873","12/27/2013 12:00:00 AM"
"1457","4","4","250","1500","1","12/18/2013 12:00:00 AM","12/27/2013 12:00:00 AM","418.9500","33.5160","10.4738","462.9398","12/27/2013 12:00:00 AM"
"1458","4","4","253","1656","4","12/18/2013 12:00:00 AM","12/27/2013 12:00:00 AM","633.7485","50.6999","15.8437","700.2921","12/27/2013 12:00:00 AM"
"1459","4","4","255","1572","1","12/18/2013 12:00:00 AM","12/27/2013 12:00:00 AM","461.7900","36.9432","11.5448","510.2780","12/27/2013 12:00:00 AM"
"1460","4","4","256","1562","4","12/18/2013 12:00:00 AM","12/27/2013 12:00:00 AM","364.4550","29.1564","9.1114","402.7228","12/27/2013 12:00:00 AM"
"1461","4","4","259","1662","2","12/18/2013 12:00:00 AM","12/27/2013 12:00:00 AM","37.0755","2.9660","0.9269","40.9684","12/27/2013 12:00:00 AM"
"1462","4","4","260","1682","4","12/18/2013 12:00:00 AM","12/27/2013 12:00:00 AM","21558.0750","1724.6460","538.9519","23821.6729","12/27/2013 12:00:00 AM"
"1463","4","4","258","1686","4","12/18/2013 12:00:00 AM","12/27/2013 12:00:00 AM","364.4550","29.1564","9.1114","402.7228","12/27/2013 12:00:00 AM"
"1464","6","4","254","1684","5","12/18/2013 12:00:00 AM","12/27/2013 12:00:00 AM","41048.7000","3283.8960","1026.2175","45358.8135","12/27/2013 12:00:00 AM"
"1465","4","4","252","1534","4","12/18/2013 12:00:00 AM","12/27/2013 12:00:00 AM","713.7900","57.1032","17.8448","788.7380","12/27/2013 12:00:00 AM"
"1466","4","4","261","1614","5","12/18/2013 12:00:00 AM","12/27/2013 12:00:00 AM","564.8265","45.1861","14.1207","624.1333","12/27/2013 12:00:00 AM"
"1467","4","4","251","1588","5","12/18/2013 12:00:00 AM","12/27/2013 12:00:00 AM","40471.2000","3237.6960","1011.7800","44720.6760","12/27/2013 12:00:00 AM"
"1468","4","4","253","1622","4","12/18/2013 12:00:00 AM","12/27/2013 12:00:00 AM","136.3320","10.9066","3.4083","150.6469","12/27/2013 12:00:00 AM"
"1469","4","4","255","1632","5","12/19/2013 12:00:00 AM","12/28/2013 12:00:00 AM","62092.8000","4967.4240","1552.3200","68612.5440","12/28/2013 12:00:00 AM"
"1470","4","4","256","1608","5","12/19/2013 12:00:00 AM","12/28/2013 12:00:00 AM","5948.2500","475.8600","148.7063","6572.8163","12/28/2013 12:00:00 AM"
"1471","4","4","259","1576","5","12/19/2013 12:00:00 AM","12/28/2013 12:00:00 AM","91117.9500","7289.4360","2277.9488","100685.3348","12/28/2013 12:00:00 AM"
"1472","4","4","260","1590","1","12/19/2013 12:00:00 AM","12/28/2013 12:00:00 AM","525.0000","42.0000","13.1250","580.1250","12/28/2013 12:00:00 AM"
"1473","4","4","258","1514","3","12/19/2013 12:00:00 AM","12/28/2013 12:00:00 AM","1721.7900","137.7432","43.0448","1902.5780","12/28/2013 12:00:00 AM"
"1474","4","4","254","1498","4","12/19/2013 12:00:00 AM","12/28/2013 12:00:00 AM","26455.2750","2116.4220","661.3819","29233.0789","12/28/2013 12:00:00 AM"
"1475","4","4","257","1674","2","12/19/2013 12:00:00 AM","12/28/2013 12:00:00 AM","944.3700","75.5496","23.6093","1043.5289","12/28/2013 12:00:00 AM"
"1476","5","4","261","1652","4","12/19/2013 12:00:00 AM","12/28/2013 12:00:00 AM","51588.0750","4127.0460","1289.7019","57004.8229","12/28/2013 12:00:00 AM"
"1477","4","4","251","1578","3","12/19/2013 12:00:00 AM","12/28/2013 12:00:00 AM","62843.5500","5027.4840","1571.0888","69442.1228","12/28/2013 12:00:00 AM"
"1478","4","4","253","1538","5","12/19/2013 12:00:00 AM","12/28/2013 12:00:00 AM","37843.5750","3027.4860","946.0894","41817.1504","12/28/2013 12:00:00 AM"
"1479","4","4","255","1556","4","12/19/2013 12:00:00 AM","12/28/2013 12:00:00 AM","25531.2750","2042.5020","638.2819","28212.0589","12/28/2013 12:00:00 AM"
"1480","4","4","256","1554","4","12/19/2013 12:00:00 AM","12/28/2013 12:00:00 AM","358.6275","28.6902","8.9657","396.2834","12/28/2013 12:00:00 AM"
"1481","4","4","259","1688","4","12/19/2013 12:00:00 AM","12/28/2013 12:00:00 AM","125.7480","10.0598","3.1437","138.9515","12/28/2013 12:00:00 AM"
"1482","4","4","260","1580","5","12/19/2013 12:00:00 AM","12/28/2013 12:00:00 AM","150.7905","12.0632","3.7698","166.6235","12/28/2013 12:00:00 AM"
"1483","4","4","258","1496","5","12/19/2013 12:00:00 AM","12/28/2013 12:00:00 AM","416.7450","33.3396","10.4186","460.5032","12/28/2013 12:00:00 AM"
"1484","4","4","254","1494","2","12/19/2013 12:00:00 AM","12/28/2013 12:00:00 AM","8847.3000","707.7840","221.1825","9776.2665","12/28/2013 12:00:00 AM"
"1485","4","4","257","1650","5","12/20/2013 12:00:00 AM","12/29/2013 12:00:00 AM","171.0765","13.6861","4.2769","189.0395","12/29/2013 12:00:00 AM"
"1486","4","4","261","1654","4","12/20/2013 12:00:00 AM","12/29/2013 12:00:00 AM","20397.3000","1631.7840","509.9325","22539.0165","12/29/2013 12:00:00 AM"
"1487","4","4","251","1664","3","12/20/2013 12:00:00 AM","12/29/2013 12:00:00 AM","14628.0750","1170.2460","365.7019","16164.0229","12/29/2013 12:00:00 AM"
"1488","4","4","253","1678","3","12/20/2013 12:00:00 AM","12/29/2013 12:00:00 AM","58685.5500","4694.8440","1467.1388","64847.5328","12/29/2013 12:00:00 AM"
"1489","4","4","252","1616","4","12/20/2013 12:00:00 AM","12/29/2013 12:00:00 AM","630.5985","50.4479","15.7650","696.8114","12/29/2013 12:00:00 AM"
"1490","4","4","256","1492","4","12/20/2013 12:00:00 AM","12/29/2013 12:00:00 AM","358.6275","28.6902","8.9657","396.2834","12/29/2013 12:00:00 AM"
"1491","4","4","259","1602","5","12/20/2013 12:00:00 AM","12/29/2013 12:00:00 AM","1525.2300","122.0184","38.1308","1685.3792","12/29/2013 12:00:00 AM"
"1492","4","4","260","1540","4","12/20/2013 12:00:00 AM","12/29/2013 12:00:00 AM","228.4380","18.2750","5.7110","252.4240","12/29/2013 12:00:00 AM"
"1493","4","4","258","1628","5","12/20/2013 12:00:00 AM","12/29/2013 12:00:00 AM","34644.2250","2771.5380","866.1056","38281.8686","12/29/2013 12:00:00 AM"
"1494","4","4","254","1604","4","12/20/2013 12:00:00 AM","12/29/2013 12:00:00 AM","257.5755","20.6060","6.4394","284.6209","12/29/2013 12:00:00 AM"
"1495","4","4","257","1690","5","12/20/2013 12:00:00 AM","12/29/2013 12:00:00 AM","146.2860","11.7029","3.6572","161.6461","12/29/2013 12:00:00 AM"
"1496","4","4","261","1566","5","12/20/2013 12:00:00 AM","12/29/2013 12:00:00 AM","102.5640","8.2051","2.5641","113.3332","12/29/2013 12:00:00 AM"
"1497","4","4","251","1698","5","12/20/2013 12:00:00 AM","12/29/2013 12:00:00 AM","150.7905","12.0632","3.7698","166.6235","12/29/2013 12:00:00 AM"
"1498","4","4","253","1560","5","12/20/2013 12:00:00 AM","12/29/2013 12:00:00 AM","13669.4250","1093.5540","341.7356","15104.7146","12/29/2013 12:00:00 AM"
"1499","4","4","255","1692","5","12/20/2013 12:00:00 AM","12/29/2013 12:00:00 AM","6756.1200","540.4896","168.9030","7465.5126","12/29/2013 12:00:00 AM"
"1500","4","4","252","1696","2","12/20/2013 12:00:00 AM","12/29/2013 12:00:00 AM","50860.4250","4068.8340","1271.5106","56200.7696","12/29/2013 12:00:00 AM"
"1501","4","4","259","1504","1","12/23/2013 12:00:00 AM","1/1/2014 12:00:00 AM","551.8800","44.1504","13.7970","609.8274","1/1/2014 12:00:00 AM"
"1502","4","4","260","1544","1","12/23/2013 12:00:00 AM","1/1/2014 12:00:00 AM","3811.5000","304.9200","95.2875","4211.7075","1/1/2014 12:00:00 AM"
"1503","4","4","258","1530","2","12/23/2013 12:00:00 AM","1/1/2014 12:00:00 AM","28072.2750","2245.7820","701.8069","31019.8639","1/1/2014 12:00:00 AM"
"1504","4","3","250","1508","1","12/23/2013 12:00:00 AM","1/1/2014 12:00:00 AM","35394.9750","2831.5980","884.8744","39111.4474","1/1/2014 12:00:00 AM"
"1505","4","4","257","1694","1","12/23/2013 12:00:00 AM","1/1/2014 12:00:00 AM","7623.0000","609.8400","190.5750","8423.4150","1/1/2014 12:00:00 AM"
"1506","4","4","261","1624","2","12/23/2013 12:00:00 AM","1/1/2014 12:00:00 AM","28297.5000","2263.8000","707.4375","31268.7375","1/1/2014 12:00:00 AM"
"1507","4","4","251","1548","2","12/23/2013 12:00:00 AM","1/1/2014 12:00:00 AM","59.9445","4.7956","1.4986","66.2387","1/1/2014 12:00:00 AM"
"1508","4","4","253","1598","4","12/23/2013 12:00:00 AM","1/1/2014 12:00:00 AM","598.8780","47.9102","14.9720","661.7602","1/1/2014 12:00:00 AM"
"1509","4","4","255","1658","5","12/23/2013 12:00:00 AM","1/1/2014 12:00:00 AM","43878.4500","3510.2760","1096.9613","48485.6873","1/1/2014 12:00:00 AM"
"1510","4","4","256","1536","4","12/23/2013 12:00:00 AM","1/1/2014 12:00:00 AM","377.0550","30.1644","9.4264","416.6458","1/1/2014 12:00:00 AM"
"1511","4","4","259","1568","1","12/23/2013 12:00:00 AM","1/1/2014 12:00:00 AM","18220.1250","1457.6100","455.5031","20133.2381","1/1/2014 12:00:00 AM"
"1512","4","4","260","1648","5","12/23/2013 12:00:00 AM","1/1/2014 12:00:00 AM","142.4115","11.3929","3.5603","157.3647","1/1/2014 12:00:00 AM"
"1513","4","4","258","1646","5","12/23/2013 12:00:00 AM","1/1/2014 12:00:00 AM","19236.5250","1538.9220","480.9131","21256.3601","1/1/2014 12:00:00 AM"
"1514","4","4","254","1672","4","12/23/2013 12:00:00 AM","1/1/2014 12:00:00 AM","285.0435","22.8035","7.1261","314.9731","1/1/2014 12:00:00 AM"
"1515","6","4","257","1600","1","12/23/2013 12:00:00 AM","1/1/2014 12:00:00 AM","1276.2750","102.1020","31.9069","1410.2839","1/1/2014 12:00:00 AM"
"1516","4","4","261","1522","1","12/23/2013 12:00:00 AM","1/1/2014 12:00:00 AM","2003.9250","160.3140","50.0981","2214.3371","1/1/2014 12:00:00 AM"
"1517","4","4","251","1570","2","12/24/2013 12:00:00 AM","1/2/2014 12:00:00 AM","50860.4250","4068.8340","1271.5106","56200.7696","1/2/2014 12:00:00 AM"
"1518","4","4","253","1516","1","12/24/2013 12:00:00 AM","1/2/2014 12:00:00 AM","454.8600","36.3888","11.3715","502.6203","1/2/2014 12:00:00 AM"
"1519","4","4","255","1506","5","12/24/2013 12:00:00 AM","1/2/2014 12:00:00 AM","43878.4500","3510.2760","1096.9613","48485.6873","1/2/2014 12:00:00 AM"
"1520","4","4","256","1626","2","12/24/2013 12:00:00 AM","1/2/2014 12:00:00 AM","7132.1250","570.5700","178.3031","7880.9981","1/2/2014 12:00:00 AM"
"1521","4","4","259","1542","2","12/24/2013 12:00:00 AM","1/2/2014 12:00:00 AM","28343.7000","2267.4960","708.5925","31319.7885","1/2/2014 12:00:00 AM"
"1522","4","4","250","1610","4","12/24/2013 12:00:00 AM","1/2/2014 12:00:00 AM","22516.7250","1801.3380","562.9181","24880.9811","1/2/2014 12:00:00 AM"
"1523","4","4","258","1638","5","12/24/2013 12:00:00 AM","1/2/2014 12:00:00 AM","34644.2250","2771.5380","866.1056","38281.8686","1/2/2014 12:00:00 AM"
"1524","4","4","254","1582","5","12/24/2013 12:00:00 AM","1/2/2014 12:00:00 AM","278.8380","22.3070","6.9710","308.1160","1/2/2014 12:00:00 AM"
"1525","4","4","257","1510","5","12/24/2013 12:00:00 AM","1/2/2014 12:00:00 AM","143.0415","11.4433","3.5760","158.0608","1/2/2014 12:00:00 AM"
"1526","4","4","261","1526","2","12/24/2013 12:00:00 AM","1/2/2014 12:00:00 AM","28199.3250","2255.9460","704.9831","31160.2541","1/2/2014 12:00:00 AM"
"1527","4","4","251","1644","1","12/24/2013 12:00:00 AM","1/2/2014 12:00:00 AM","3713.3250","297.0660","92.8331","4103.2241","1/2/2014 12:00:00 AM"
"1528","4","4","253","1680","5","12/24/2013 12:00:00 AM","1/2/2014 12:00:00 AM","63831.0750","5106.4860","1595.7769","70533.3379","1/2/2014 12:00:00 AM"
"1529","4","4","255","1584","5","12/24/2013 12:00:00 AM","1/2/2014 12:00:00 AM","6754.8600","540.3888","168.8715","7464.1203","1/2/2014 12:00:00 AM"
"1530","4","4","256","1620","5","12/24/2013 12:00:00 AM","1/2/2014 12:00:00 AM","5711.4750","456.9180","142.7869","6311.1799","1/2/2014 12:00:00 AM"
"1531","4","4","259","1666","4","12/24/2013 12:00:00 AM","1/2/2014 12:00:00 AM","503.0865","40.2469","12.5772","555.9106","1/2/2014 12:00:00 AM"
"1532","4","4","260","1592","2","12/24/2013 12:00:00 AM","1/2/2014 12:00:00 AM","97.9650","7.8372","2.4491","108.2513","1/2/2014 12:00:00 AM"
"1533","4","4","250","1618","4","12/25/2013 12:00:00 AM","1/3/2014 12:00:00 AM","114.4710","9.1577","2.8618","126.4905","1/3/2014 12:00:00 AM"
"1534","4","4","254","1612","4","12/25/2013 12:00:00 AM","1/3/2014 12:00:00 AM","132.6465","10.6117","3.3162","146.5744","1/3/2014 12:00:00 AM"
"1535","4","4","257","1586","5","12/25/2013 12:00:00 AM","1/3/2014 12:00:00 AM","43878.4500","3510.2760","1096.9613","48485.6873","1/3/2014 12:00:00 AM"
"1536","4","4","261","1500","1","12/25/2013 12:00:00 AM","1/3/2014 12:00:00 AM","418.9500","33.5160","10.4738","462.9398","1/3/2014 12:00:00 AM"
"1537","5","4","251","1656","4","12/25/2013 12:00:00 AM","1/3/2014 12:00:00 AM","744.1245","59.5300","18.6031","822.2576","1/3/2014 12:00:00 AM"
"1538","4","4","253","1572","1","12/25/2013 12:00:00 AM","1/3/2014 12:00:00 AM","461.7900","36.9432","11.5448","510.2780","1/3/2014 12:00:00 AM"
"1539","5","4","255","1562","4","12/25/2013 12:00:00 AM","1/3/2014 12:00:00 AM","617.6835","49.4147","15.4421","682.5403","1/3/2014 12:00:00 AM"
"1540","4","4","256","1662","2","12/25/2013 12:00:00 AM","1/3/2014 12:00:00 AM","37.0755","2.9660","0.9269","40.9684","1/3/2014 12:00:00 AM"
"1541","4","4","259","1682","4","12/25/2013 12:00:00 AM","1/3/2014 12:00:00 AM","21558.0750","1724.6460","538.9519","23821.6729","1/3/2014 12:00:00 AM"
"1542","4","4","260","1686","4","12/25/2013 12:00:00 AM","1/3/2014 12:00:00 AM","234.6435","18.7715","5.8661","259.2811","1/3/2014 12:00:00 AM"
"1543","4","4","258","1684","4","12/25/2013 12:00:00 AM","1/3/2014 12:00:00 AM","45172.0500","3613.7640","1129.3013","49915.1153","1/3/2014 12:00:00 AM"
"1544","4","4","254","1534","5","12/25/2013 12:00:00 AM","1/3/2014 12:00:00 AM","279.7830","22.3826","6.9946","309.1602","1/3/2014 12:00:00 AM"
"1545","4","4","257","1614","4","12/26/2013 12:00:00 AM","1/4/2014 12:00:00 AM","663.6735","53.0939","16.5918","733.3592","1/4/2014 12:00:00 AM"
"1546","4","4","261","1588","5","12/26/2013 12:00:00 AM","1/4/2014 12:00:00 AM","40471.2000","3237.6960","1011.7800","44720.6760","1/4/2014 12:00:00 AM"
"1547","4","4","251","1622","5","12/26/2013 12:00:00 AM","1/4/2014 12:00:00 AM","836.0100","66.8808","20.9003","923.7911","1/4/2014 12:00:00 AM"
"1548","4","4","253","1632","5","12/26/2013 12:00:00 AM","1/4/2014 12:00:00 AM","62092.8000","4967.4240","1552.3200","68612.5440","1/4/2014 12:00:00 AM"
"1549","4","4","255","1608","5","12/26/2013 12:00:00 AM","1/4/2014 12:00:00 AM","5948.2500","475.8600","148.7063","6572.8163","1/4/2014 12:00:00 AM"
"1550","4","4","256","1576","5","12/26/2013 12:00:00 AM","1/4/2014 12:00:00 AM","91117.9500","7289.4360","2277.9488","100685.3348","1/4/2014 12:00:00 AM"
"1551","4","4","252","1590","1","12/26/2013 12:00:00 AM","1/4/2014 12:00:00 AM","525.0000","42.0000","13.1250","580.1250","1/4/2014 12:00:00 AM"
"1552","4","4","260","1514","5","12/26/2013 12:00:00 AM","1/4/2014 12:00:00 AM","281.8935","22.5515","7.0473","311.4923","1/4/2014 12:00:00 AM"
"1553","4","4","258","1498","4","12/26/2013 12:00:00 AM","1/4/2014 12:00:00 AM","26455.2750","2116.4220","661.3819","29233.0789","1/4/2014 12:00:00 AM"
"1554","4","4","254","1674","2","12/26/2013 12:00:00 AM","1/4/2014 12:00:00 AM","944.3700","75.5496","23.6093","1043.5289","1/4/2014 12:00:00 AM"
"1555","4","4","257","1652","4","12/26/2013 12:00:00 AM","1/4/2014 12:00:00 AM","51588.0750","4127.0460","1289.7019","57004.8229","1/4/2014 12:00:00 AM"
"1556","4","4","261","1578","3","12/26/2013 12:00:00 AM","1/4/2014 12:00:00 AM","62843.5500","5027.4840","1571.0888","69442.1228","1/4/2014 12:00:00 AM"
"1557","4","4","250","1538","5","12/30/2013 12:00:00 AM","1/8/2014 12:00:00 AM","37843.5750","3027.4860","946.0894","41817.1504","1/8/2014 12:00:00 AM"
"1558","4","4","253","1556","4","12/30/2013 12:00:00 AM","1/8/2014 12:00:00 AM","25531.2750","2042.5020","638.2819","28212.0589","1/8/2014 12:00:00 AM"
"1559","4","4","255","1554","4","12/30/2013 12:00:00 AM","1/8/2014 12:00:00 AM","234.9585","18.7967","5.8740","259.6292","1/8/2014 12:00:00 AM"
"1560","4","4","256","1688","4","12/30/2013 12:00:00 AM","1/8/2014 12:00:00 AM","125.7480","10.0598","3.1437","138.9515","1/8/2014 12:00:00 AM"
"1561","4","4","259","1580","5","12/30/2013 12:00:00 AM","1/8/2014 12:00:00 AM","150.7905","12.0632","3.7698","166.6235","1/8/2014 12:00:00 AM"
"1562","4","4","260","1496","5","12/30/2013 12:00:00 AM","1/8/2014 12:00:00 AM","273.7035","21.8963","6.8426","302.4424","1/8/2014 12:00:00 AM"
"1563","4","4","258","1494","2","12/30/2013 12:00:00 AM","1/8/2014 12:00:00 AM","8847.3000","707.7840","221.1825","9776.2665","1/8/2014 12:00:00 AM"
"1564","4","4","254","1650","5","12/30/2013 12:00:00 AM","1/8/2014 12:00:00 AM","171.0765","13.6861","4.2769","189.0395","1/8/2014 12:00:00 AM"
"1565","4","4","252","1654","4","12/30/2013 12:00:00 AM","1/8/2014 12:00:00 AM","20397.3000","1631.7840","509.9325","22539.0165","1/8/2014 12:00:00 AM"
"1566","4","4","261","1664","3","12/30/2013 12:00:00 AM","1/8/2014 12:00:00 AM","14628.0750","1170.2460","365.7019","16164.0229","1/8/2014 12:00:00 AM"
"1567","4","4","251","1678","3","12/30/2013 12:00:00 AM","1/8/2014 12:00:00 AM","58685.5500","4694.8440","1467.1388","64847.5328","1/8/2014 12:00:00 AM"
"1568","4","4","253","1616","4","12/30/2013 12:00:00 AM","1/8/2014 12:00:00 AM","567.3780","45.3902","14.1845","626.9527","1/8/2014 12:00:00 AM"
"1569","4","4","255","1492","4","12/30/2013 12:00:00 AM","1/8/2014 12:00:00 AM","234.9585","18.7967","5.8740","259.6292","1/8/2014 12:00:00 AM"
"1570","4","4","256","1602","5","12/30/2013 12:00:00 AM","1/8/2014 12:00:00 AM","1796.0355","143.6828","44.9009","1984.6192","1/8/2014 12:00:00 AM"
"1571","4","4","259","1540","4","12/30/2013 12:00:00 AM","1/8/2014 12:00:00 AM","514.7415","41.1793","12.8685","568.7893","1/8/2014 12:00:00 AM"
"1572","4","4","260","1628","5","12/30/2013 12:00:00 AM","1/8/2014 12:00:00 AM","34644.2250","2771.5380","866.1056","38281.8686","1/8/2014 12:00:00 AM"
"1573","4","4","258","1604","3","12/31/2013 12:00:00 AM","1/9/2014 12:00:00 AM","1581.9300","126.5544","39.5483","1748.0327","1/9/2014 12:00:00 AM"
"1574","4","4","254","1690","5","12/31/2013 12:00:00 AM","1/9/2014 12:00:00 AM","146.2860","11.7029","3.6572","161.6461","1/9/2014 12:00:00 AM"
"1575","4","4","257","1566","5","12/31/2013 12:00:00 AM","1/9/2014 12:00:00 AM","102.5640","8.2051","2.5641","113.3332","1/9/2014 12:00:00 AM"
"1576","4","4","261","1698","5","12/31/2013 12:00:00 AM","1/9/2014 12:00:00 AM","150.7905","12.0632","3.7698","166.6235","1/9/2014 12:00:00 AM"
"1577","4","4","251","1560","5","12/31/2013 12:00:00 AM","1/9/2014 12:00:00 AM","13669.4250","1093.5540","341.7356","15104.7146","1/9/2014 12:00:00 AM"
"1578","4","4","253","1692","5","12/31/2013 12:00:00 AM","1/9/2014 12:00:00 AM","16393.2300","1311.4584","409.8308","18114.5192","1/9/2014 12:00:00 AM"
"1579","4","4","255","1696","2","12/31/2013 12:00:00 AM","1/9/2014 12:00:00 AM","79204.1250","6336.3300","1980.1031","87520.5581","1/9/2014 12:00:00 AM"
"1580","4","4","256","1504","1","12/31/2013 12:00:00 AM","1/9/2014 12:00:00 AM","551.8800","44.1504","13.7970","609.8274","1/9/2014 12:00:00 AM"
"1581","4","4","259","1544","1","12/31/2013 12:00:00 AM","1/9/2014 12:00:00 AM","3176.2500","254.1000","79.4063","3509.7563","1/9/2014 12:00:00 AM"
"1582","4","4","260","1530","2","12/31/2013 12:00:00 AM","1/9/2014 12:00:00 AM","28072.2750","2245.7820","701.8069","31019.8639","1/9/2014 12:00:00 AM"
"1583","4","4","258","1508","1","12/31/2013 12:00:00 AM","1/9/2014 12:00:00 AM","1917.3000","153.3840","47.9325","2118.6165","1/9/2014 12:00:00 AM"
"1584","5","4","254","1694","1","12/31/2013 12:00:00 AM","1/9/2014 12:00:00 AM","4215.7500","337.2600","105.3938","4658.4038","1/9/2014 12:00:00 AM"
"1585","4","4","257","1624","2","1/1/2014 12:00:00 AM","1/10/2014 12:00:00 AM","28297.5000","2263.8000","707.4375","31268.7375","1/10/2014 12:00:00 AM"
"1586","4","4","261","1548","2","1/1/2014 12:00:00 AM","1/10/2014 12:00:00 AM","59.9445","4.7956","1.4986","66.2387","1/10/2014 12:00:00 AM"
"1587","4","4","251","1598","4","1/1/2014 12:00:00 AM","1/10/2014 12:00:00 AM","456.6870","36.5350","11.4172","504.6392","1/10/2014 12:00:00 AM"
"1588","4","4","253","1658","5","1/1/2014 12:00:00 AM","1/10/2014 12:00:00 AM","43878.4500","3510.2760","1096.9613","48485.6873","1/10/2014 12:00:00 AM"
"1589","4","4","252","1536","4","1/1/2014 12:00:00 AM","1/10/2014 12:00:00 AM","592.7985","47.4239","14.8200","655.0424","1/10/2014 12:00:00 AM"
"1590","4","4","256","1568","1","1/1/2014 12:00:00 AM","1/10/2014 12:00:00 AM","13825.3500","1106.0280","345.6338","15277.0118","1/10/2014 12:00:00 AM"
"1591","4","4","259","1648","5","1/1/2014 12:00:00 AM","1/10/2014 12:00:00 AM","142.4115","11.3929","3.5603","157.3647","1/10/2014 12:00:00 AM"
"1592","4","4","260","1646","2","1/1/2014 12:00:00 AM","1/10/2014 12:00:00 AM","28794.1500","2303.5320","719.8538","31817.5358","1/10/2014 12:00:00 AM"
"1593","4","4","258","1672","4","1/1/2014 12:00:00 AM","1/10/2014 12:00:00 AM","408.5550","32.6844","10.2139","451.4533","1/10/2014 12:00:00 AM"
"1594","4","4","254","1600","1","1/1/2014 12:00:00 AM","1/10/2014 12:00:00 AM","1276.2750","102.1020","31.9069","1410.2839","1/10/2014 12:00:00 AM"
"1595","4","4","257","1522","1","1/1/2014 12:00:00 AM","1/10/2014 12:00:00 AM","2003.9250","160.3140","50.0981","2214.3371","1/10/2014 12:00:00 AM"
"1596","4","4","261","1570","2","1/1/2014 12:00:00 AM","1/10/2014 12:00:00 AM","50860.4250","4068.8340","1271.5106","56200.7696","1/10/2014 12:00:00 AM"
"1597","4","4","251","1516","1","1/1/2014 12:00:00 AM","1/10/2014 12:00:00 AM","454.8600","36.3888","11.3715","502.6203","1/10/2014 12:00:00 AM"
"1598","4","4","253","1506","5","1/1/2014 12:00:00 AM","1/10/2014 12:00:00 AM","43878.4500","3510.2760","1096.9613","48485.6873","1/10/2014 12:00:00 AM"
"1599","4","4","255","1626","2","1/1/2014 12:00:00 AM","1/10/2014 12:00:00 AM","7132.1250","570.5700","178.3031","7880.9981","1/10/2014 12:00:00 AM"
"1600","4","4","252","1542","2","1/1/2014 12:00:00 AM","1/10/2014 12:00:00 AM","28343.7000","2267.4960","708.5925","31319.7885","1/10/2014 12:00:00 AM"
"1601","4","4","259","1610","4","1/2/2014 12:00:00 AM","1/11/2014 12:00:00 AM","22516.7250","1801.3380","562.9181","24880.9811","1/11/2014 12:00:00 AM"
"1602","4","4","260","1638","5","1/2/2014 12:00:00 AM","1/11/2014 12:00:00 AM","34644.2250","2771.5380","866.1056","38281.8686","1/11/2014 12:00:00 AM"
"1603","4","4","258","1582","5","1/2/2014 12:00:00 AM","1/11/2014 12:00:00 AM","415.3275","33.2262","10.3832","458.9369","1/11/2014 12:00:00 AM"
"1604","4","3","250","1510","5","1/2/2014 12:00:00 AM","1/11/2014 12:00:00 AM","143.0415","11.4433","3.5760","158.0608","1/11/2014 12:00:00 AM"
"1605","4","4","257","1526","2","1/2/2014 12:00:00 AM","1/11/2014 12:00:00 AM","28199.3250","2255.9460","704.9831","31160.2541","1/11/2014 12:00:00 AM"
"1606","4","4","261","1644","1","1/2/2014 12:00:00 AM","1/11/2014 12:00:00 AM","3713.3250","297.0660","92.8331","4103.2241","1/11/2014 12:00:00 AM"
"1607","4","4","251","1680","5","1/2/2014 12:00:00 AM","1/11/2014 12:00:00 AM","63831.0750","5106.4860","1595.7769","70533.3379","1/11/2014 12:00:00 AM"
"1608","4","4","253","1584","5","1/2/2014 12:00:00 AM","1/11/2014 12:00:00 AM","16340.3100","1307.2248","408.5078","18056.0426","1/11/2014 12:00:00 AM"
"1609","4","4","255","1620","5","1/2/2014 12:00:00 AM","1/11/2014 12:00:00 AM","5711.4750","456.9180","142.7869","6311.1799","1/11/2014 12:00:00 AM"
"1610","4","4","256","1666","4","1/2/2014 12:00:00 AM","1/11/2014 12:00:00 AM","360.0450","28.8036","9.0011","397.8497","1/11/2014 12:00:00 AM"
"1611","4","4","259","1592","2","1/2/2014 12:00:00 AM","1/11/2014 12:00:00 AM","97.9650","7.8372","2.4491","108.2513","1/11/2014 12:00:00 AM"
"1612","4","4","260","1618","4","1/2/2014 12:00:00 AM","1/11/2014 12:00:00 AM","114.4710","9.1577","2.8618","126.4905","1/11/2014 12:00:00 AM"
"1613","4","4","258","1612","4","1/2/2014 12:00:00 AM","1/11/2014 12:00:00 AM","132.6465","10.6117","3.3162","146.5744","1/11/2014 12:00:00 AM"
"1614","4","4","254","1586","5","1/2/2014 12:00:00 AM","1/11/2014 12:00:00 AM","43878.4500","3510.2760","1096.9613","48485.6873","1/11/2014 12:00:00 AM"
"1615","4","4","257","1500","1","1/2/2014 12:00:00 AM","1/11/2014 12:00:00 AM","418.9500","33.5160","10.4738","462.9398","1/11/2014 12:00:00 AM"
"1616","4","4","261","1656","5","1/2/2014 12:00:00 AM","1/11/2014 12:00:00 AM","558.1170","44.6494","13.9529","616.7193","1/11/2014 12:00:00 AM"
"1617","4","4","251","1572","1","1/3/2014 12:00:00 AM","1/12/2014 12:00:00 AM","461.7900","36.9432","11.5448","510.2780","1/12/2014 12:00:00 AM"
"1618","4","4","253","1562","4","1/3/2014 12:00:00 AM","1/12/2014 12:00:00 AM","662.0985","52.9679","16.5525","731.6189","1/12/2014 12:00:00 AM"
"1619","4","4","255","1662","2","1/3/2014 12:00:00 AM","1/12/2014 12:00:00 AM","37.0755","2.9660","0.9269","40.9684","1/12/2014 12:00:00 AM"
"1620","4","4","256","1682","4","1/3/2014 12:00:00 AM","1/12/2014 12:00:00 AM","21558.0750","1724.6460","538.9519","23821.6729","1/12/2014 12:00:00 AM"
"1621","4","4","259","1686","4","1/3/2014 12:00:00 AM","1/12/2014 12:00:00 AM","475.6815","38.0545","11.8920","525.6280","1/12/2014 12:00:00 AM"
"1622","4","4","250","1684","5","1/3/2014 12:00:00 AM","1/12/2014 12:00:00 AM","41048.7000","3283.8960","1026.2175","45358.8135","1/12/2014 12:00:00 AM"
"1623","4","4","258","1534","5","1/3/2014 12:00:00 AM","1/12/2014 12:00:00 AM","416.7450","33.3396","10.4186","460.5032","1/12/2014 12:00:00 AM"
"1624","4","4","254","1614","5","1/3/2014 12:00:00 AM","1/12/2014 12:00:00 AM","279.1530","22.3322","6.9788","308.4640","1/12/2014 12:00:00 AM"
"1625","4","4","257","1588","5","1/3/2014 12:00:00 AM","1/12/2014 12:00:00 AM","40471.2000","3237.6960","1011.7800","44720.6760","1/12/2014 12:00:00 AM"
"1626","4","4","261","1622","4","1/3/2014 12:00:00 AM","1/12/2014 12:00:00 AM","389.6550","31.1724","9.7414","430.5688","1/12/2014 12:00:00 AM"
"1627","4","4","251","1632","5","1/3/2014 12:00:00 AM","1/12/2014 12:00:00 AM","62092.8000","4967.4240","1552.3200","68612.5440","1/12/2014 12:00:00 AM"
"1628","4","4","253","1608","5","1/3/2014 12:00:00 AM","1/12/2014 12:00:00 AM","5948.2500","475.8600","148.7063","6572.8163","1/12/2014 12:00:00 AM"
"1629","4","4","255","1576","5","1/3/2014 12:00:00 AM","1/12/2014 12:00:00 AM","91117.9500","7289.4360","2277.9488","100685.3348","1/12/2014 12:00:00 AM"
"1630","4","4","256","1590","1","1/3/2014 12:00:00 AM","1/12/2014 12:00:00 AM","525.0000","42.0000","13.1250","580.1250","1/12/2014 12:00:00 AM"
"1631","5","4","259","1514","3","1/3/2014 12:00:00 AM","1/12/2014 12:00:00 AM","1721.7900","137.7432","43.0448","1902.5780","1/12/2014 12:00:00 AM"
"1632","4","4","260","1498","4","1/3/2014 12:00:00 AM","1/12/2014 12:00:00 AM","26455.2750","2116.4220","661.3819","29233.0789","1/12/2014 12:00:00 AM"
"1633","4","4","250","1674","2","1/6/2014 12:00:00 AM","1/15/2014 12:00:00 AM","944.3700","75.5496","23.6093","1043.5289","1/15/2014 12:00:00 AM"
"1634","4","4","254","1652","4","1/6/2014 12:00:00 AM","1/15/2014 12:00:00 AM","44594.5500","3567.5640","1114.8638","49276.9778","1/15/2014 12:00:00 AM"
"1635","4","4","257","1578","3","1/6/2014 12:00:00 AM","1/15/2014 12:00:00 AM","62843.5500","5027.4840","1571.0888","69442.1228","1/15/2014 12:00:00 AM"
"1636","4","4","261","1538","5","1/6/2014 12:00:00 AM","1/15/2014 12:00:00 AM","37843.5750","3027.4860","946.0894","41817.1504","1/15/2014 12:00:00 AM"
"1637","4","4","251","1556","4","1/6/2014 12:00:00 AM","1/15/2014 12:00:00 AM","25531.2750","2042.5020","638.2819","28212.0589","1/15/2014 12:00:00 AM"
"1638","4","4","253","1554","5","1/6/2014 12:00:00 AM","1/15/2014 12:00:00 AM","694.1655","55.5332","17.3541","767.0528","1/15/2014 12:00:00 AM"
"1639","4","4","255","1688","4","1/6/2014 12:00:00 AM","1/15/2014 12:00:00 AM","125.7480","10.0598","3.1437","138.9515","1/15/2014 12:00:00 AM"
"1640","4","4","256","1580","5","1/6/2014 12:00:00 AM","1/15/2014 12:00:00 AM","150.7905","12.0632","3.7698","166.6235","1/15/2014 12:00:00 AM"
"1641","4","4","259","1496","4","1/6/2014 12:00:00 AM","1/15/2014 12:00:00 AM","503.0865","40.2469","12.5772","555.9106","1/15/2014 12:00:00 AM"
"1642","4","4","260","1494","2","1/6/2014 12:00:00 AM","1/15/2014 12:00:00 AM","8847.3000","707.7840","221.1825","9776.2665","1/15/2014 12:00:00 AM"
"1643","4","4","258","1650","5","1/6/2014 12:00:00 AM","1/15/2014 12:00:00 AM","171.0765","13.6861","4.2769","189.0395","1/15/2014 12:00:00 AM"
"1644","4","4","254","1654","4","1/6/2014 12:00:00 AM","1/15/2014 12:00:00 AM","20397.3000","1631.7840","509.9325","22539.0165","1/15/2014 12:00:00 AM"
"1645","4","4","257","1664","3","1/6/2014 12:00:00 AM","1/15/2014 12:00:00 AM","14628.0750","1170.2460","365.7019","16164.0229","1/15/2014 12:00:00 AM"
"1646","4","4","261","1678","3","1/6/2014 12:00:00 AM","1/15/2014 12:00:00 AM","58685.5500","4694.8440","1467.1388","64847.5328","1/15/2014 12:00:00 AM"
"1647","4","4","251","1616","4","1/6/2014 12:00:00 AM","1/15/2014 12:00:00 AM","260.1585","20.8127","6.5040","287.4752","1/15/2014 12:00:00 AM"
"1648","4","4","253","1492","5","1/6/2014 12:00:00 AM","1/15/2014 12:00:00 AM","694.1655","55.5332","17.3541","767.0528","1/15/2014 12:00:00 AM"
"1649","4","4","255","1602","5","1/8/2014 12:00:00 AM","1/17/2014 12:00:00 AM","1796.0355","143.6828","44.9009","1984.6192","1/17/2014 12:00:00 AM"
"1650","4","4","256","1540","5","1/8/2014 12:00:00 AM","1/17/2014 12:00:00 AM","416.7450","33.3396","10.4186","460.5032","1/17/2014 12:00:00 AM"
"1651","4","4","252","1628","5","1/8/2014 12:00:00 AM","1/17/2014 12:00:00 AM","34644.2250","2771.5380","866.1056","38281.8686","1/17/2014 12:00:00 AM"
"1652","4","4","260","1604","4","1/8/2014 12:00:00 AM","1/17/2014 12:00:00 AM","257.5755","20.6060","6.4394","284.6209","1/17/2014 12:00:00 AM"
"1653","6","4","258","1690","5","1/8/2014 12:00:00 AM","1/17/2014 12:00:00 AM","146.2860","11.7029","3.6572","161.6461","1/17/2014 12:00:00 AM"
"1654","4","4","254","1566","5","1/8/2014 12:00:00 AM","1/17/2014 12:00:00 AM","102.5640","8.2051","2.5641","113.3332","1/17/2014 12:00:00 AM"
"1655","4","4","257","1698","5","1/8/2014 12:00:00 AM","1/17/2014 12:00:00 AM","150.7905","12.0632","3.7698","166.6235","1/17/2014 12:00:00 AM"
"1656","4","4","261","1560","5","1/8/2014 12:00:00 AM","1/17/2014 12:00:00 AM","13669.4250","1093.5540","341.7356","15104.7146","1/17/2014 12:00:00 AM"
"1657","4","4","250","1692","5","1/8/2014 12:00:00 AM","1/17/2014 12:00:00 AM","16393.2300","1311.4584","409.8308","18114.5192","1/17/2014 12:00:00 AM"
"1658","4","4","253","1696","4","1/8/2014 12:00:00 AM","1/17/2014 12:00:00 AM","22516.7250","1801.3380","562.9181","24880.9811","1/17/2014 12:00:00 AM"
"1659","4","4","255","1504","1","1/8/2014 12:00:00 AM","1/17/2014 12:00:00 AM","551.8800","44.1504","13.7970","609.8274","1/17/2014 12:00:00 AM"
"1660","4","4","256","1544","1","1/8/2014 12:00:00 AM","1/17/2014 12:00:00 AM","6987.7500","559.0200","174.6938","7721.4638","1/17/2014 12:00:00 AM"
"1661","4","4","259","1530","2","1/8/2014 12:00:00 AM","1/17/2014 12:00:00 AM","28072.2750","2245.7820","701.8069","31019.8639","1/17/2014 12:00:00 AM"
"1662","4","4","260","1508","1","1/8/2014 12:00:00 AM","1/17/2014 12:00:00 AM","35394.9750","2831.5980","884.8744","39111.4474","1/17/2014 12:00:00 AM"
"1663","4","4","258","1694","1","1/8/2014 12:00:00 AM","1/17/2014 12:00:00 AM","3407.2500","272.5800","85.1813","3765.0113","1/17/2014 12:00:00 AM"
"1664","4","4","254","1624","2","1/8/2014 12:00:00 AM","1/17/2014 12:00:00 AM","28297.5000","2263.8000","707.4375","31268.7375","1/17/2014 12:00:00 AM"
"1665","4","4","252","1548","2","1/9/2014 12:00:00 AM","1/18/2014 12:00:00 AM","59.9445","4.7956","1.4986","66.2387","1/18/2014 12:00:00 AM"
"1666","4","4","261","1598","4","1/9/2014 12:00:00 AM","1/18/2014 12:00:00 AM","487.9665","39.0373","12.1992","539.2030","1/18/2014 12:00:00 AM"
"1667","4","4","251","1658","5","1/9/2014 12:00:00 AM","1/18/2014 12:00:00 AM","43878.4500","3510.2760","1096.9613","48485.6873","1/18/2014 12:00:00 AM"
"1668","4","4","253","1536","4","1/9/2014 12:00:00 AM","1/18/2014 12:00:00 AM","544.5720","43.5658","13.6143","601.7521","1/18/2014 12:00:00 AM"
"1669","4","4","255","1568","2","1/9/2014 12:00:00 AM","1/18/2014 12:00:00 AM","36405.6000","2912.4480","910.1400","40228.1880","1/18/2014 12:00:00 AM"
"1670","4","4","256","1648","5","1/9/2014 12:00:00 AM","1/18/2014 12:00:00 AM","142.4115","11.3929","3.5603","157.3647","1/18/2014 12:00:00 AM"
"1671","4","4","259","1646","5","1/9/2014 12:00:00 AM","1/18/2014 12:00:00 AM","19236.5250","1538.9220","480.9131","21256.3601","1/18/2014 12:00:00 AM"
"1672","4","4","260","1672","4","1/9/2014 12:00:00 AM","1/18/2014 12:00:00 AM","253.3230","20.2658","6.3331","279.9219","1/18/2014 12:00:00 AM"
"1673","4","4","258","1600","1","1/9/2014 12:00:00 AM","1/18/2014 12:00:00 AM","1276.2750","102.1020","31.9069","1410.2839","1/18/2014 12:00:00 AM"
"1674","4","4","254","1522","1","1/9/2014 12:00:00 AM","1/18/2014 12:00:00 AM","2003.9250","160.3140","50.0981","2214.3371","1/18/2014 12:00:00 AM"
"1675","4","4","257","1570","2","1/9/2014 12:00:00 AM","1/18/2014 12:00:00 AM","50860.4250","4068.8340","1271.5106","56200.7696","1/18/2014 12:00:00 AM"
"1676","4","4","261","1516","1","1/9/2014 12:00:00 AM","1/18/2014 12:00:00 AM","454.8600","36.3888","11.3715","502.6203","1/18/2014 12:00:00 AM"
"1677","4","4","251","1506","5","1/9/2014 12:00:00 AM","1/18/2014 12:00:00 AM","43878.4500","3510.2760","1096.9613","48485.6873","1/18/2014 12:00:00 AM"
"1678","4","4","253","1626","2","1/9/2014 12:00:00 AM","1/18/2014 12:00:00 AM","7132.1250","570.5700","178.3031","7880.9981","1/18/2014 12:00:00 AM"
"1679","4","4","255","1542","2","1/9/2014 12:00:00 AM","1/18/2014 12:00:00 AM","28343.7000","2267.4960","708.5925","31319.7885","1/18/2014 12:00:00 AM"
"1680","4","4","256","1610","4","1/9/2014 12:00:00 AM","1/18/2014 12:00:00 AM","22516.7250","1801.3380","562.9181","24880.9811","1/18/2014 12:00:00 AM"
"1681","4","4","259","1638","5","1/10/2014 12:00:00 AM","1/19/2014 12:00:00 AM","34644.2250","2771.5380","866.1056","38281.8686","1/19/2014 12:00:00 AM"
"1682","4","4","260","1582","5","1/10/2014 12:00:00 AM","1/19/2014 12:00:00 AM","272.7585","21.8207","6.8190","301.3982","1/19/2014 12:00:00 AM"
"1683","5","4","258","1510","5","1/10/2014 12:00:00 AM","1/19/2014 12:00:00 AM","143.0415","11.4433","3.5760","158.0608","1/19/2014 12:00:00 AM"
"1684","4","4","254","1526","2","1/10/2014 12:00:00 AM","1/19/2014 12:00:00 AM","28199.3250","2255.9460","704.9831","31160.2541","1/19/2014 12:00:00 AM"
"1685","4","4","257","1644","1","1/10/2014 12:00:00 AM","1/19/2014 12:00:00 AM","3713.3250","297.0660","92.8331","4103.2241","1/19/2014 12:00:00 AM"
"1686","4","4","261","1680","5","1/10/2014 12:00:00 AM","1/19/2014 12:00:00 AM","63831.0750","5106.4860","1595.7769","70533.3379","1/19/2014 12:00:00 AM"
"1687","4","4","251","1584","5","1/10/2014 12:00:00 AM","1/19/2014 12:00:00 AM","16340.3100","1307.2248","408.5078","18056.0426","1/19/2014 12:00:00 AM"
"1688","4","4","253","1620","5","1/10/2014 12:00:00 AM","1/19/2014 12:00:00 AM","5711.4750","456.9180","142.7869","6311.1799","1/19/2014 12:00:00 AM"
"1689","4","4","252","1666","4","1/10/2014 12:00:00 AM","1/19/2014 12:00:00 AM","235.9035","18.8723","5.8976","260.6734","1/19/2014 12:00:00 AM"
"1690","4","4","256","1592","2","1/10/2014 12:00:00 AM","1/19/2014 12:00:00 AM","97.9650","7.8372","2.4491","108.2513","1/19/2014 12:00:00 AM"
"1691","4","4","259","1618","4","1/10/2014 12:00:00 AM","1/19/2014 12:00:00 AM","114.4710","9.1577","2.8618","126.4905","1/19/2014 12:00:00 AM"
"1692","4","4","260","1612","4","1/10/2014 12:00:00 AM","1/19/2014 12:00:00 AM","132.6465","10.6117","3.3162","146.5744","1/19/2014 12:00:00 AM"
"1693","4","4","258","1586","5","1/10/2014 12:00:00 AM","1/19/2014 12:00:00 AM","43878.4500","3510.2760","1096.9613","48485.6873","1/19/2014 12:00:00 AM"
"1694","4","4","254","1500","1","1/10/2014 12:00:00 AM","1/19/2014 12:00:00 AM","418.9500","33.5160","10.4738","462.9398","1/19/2014 12:00:00 AM"
"1695","4","4","257","1656","4","1/10/2014 12:00:00 AM","1/19/2014 12:00:00 AM","129.9690","10.3975","3.2492","143.6157","1/19/2014 12:00:00 AM"
"1696","4","4","261","1572","1","1/10/2014 12:00:00 AM","1/19/2014 12:00:00 AM","461.7900","36.9432","11.5448","510.2780","1/19/2014 12:00:00 AM"
"1697","4","4","251","1562","4","1/15/2014 12:00:00 AM","1/24/2014 12:00:00 AM","722.6100","57.8088","18.0653","798.4841","1/24/2014 12:00:00 AM"
"1698","4","4","253","1662","2","1/15/2014 12:00:00 AM","1/24/2014 12:00:00 AM","37.0755","2.9660","0.9269","40.9684","1/24/2014 12:00:00 AM"
"1699","4","4","255","1682","4","1/15/2014 12:00:00 AM","1/24/2014 12:00:00 AM","21558.0750","1724.6460","538.9519","23821.6729","1/24/2014 12:00:00 AM"
"1700","4","4","252","1686","4","1/15/2014 12:00:00 AM","1/24/2014 12:00:00 AM","422.1000","33.7680","10.5525","466.4205","1/24/2014 12:00:00 AM"
"1701","4","4","259","1684","4","1/15/2014 12:00:00 AM","1/24/2014 12:00:00 AM","45172.0500","3613.7640","1129.3013","49915.1153","1/24/2014 12:00:00 AM"
"1702","4","4","260","1534","5","1/15/2014 12:00:00 AM","1/24/2014 12:00:00 AM","273.7035","21.8963","6.8426","302.4424","1/24/2014 12:00:00 AM"
"1703","4","4","258","1614","5","1/15/2014 12:00:00 AM","1/24/2014 12:00:00 AM","415.8000","33.2640","10.3950","459.4590","1/24/2014 12:00:00 AM"
"1704","4","3","250","1588","5","1/15/2014 12:00:00 AM","1/24/2014 12:00:00 AM","40471.2000","3237.6960","1011.7800","44720.6760","1/24/2014 12:00:00 AM"
"1705","4","4","257","1622","5","1/15/2014 12:00:00 AM","1/24/2014 12:00:00 AM","1225.6650","98.0532","30.6416","1354.3598","1/24/2014 12:00:00 AM"
"1706","4","4","261","1632","5","1/15/2014 12:00:00 AM","1/24/2014 12:00:00 AM","62092.8000","4967.4240","1552.3200","68612.5440","1/24/2014 12:00:00 AM"
"1707","4","4","251","1608","5","1/15/2014 12:00:00 AM","1/24/2014 12:00:00 AM","5948.2500","475.8600","148.7063","6572.8163","1/24/2014 12:00:00 AM"
"1708","4","4","253","1576","5","1/15/2014 12:00:00 AM","1/24/2014 12:00:00 AM","91117.9500","7289.4360","2277.9488","100685.3348","1/24/2014 12:00:00 AM"
"1709","4","4","255","1590","1","1/15/2014 12:00:00 AM","1/24/2014 12:00:00 AM","525.0000","42.0000","13.1250","580.1250","1/24/2014 12:00:00 AM"
"1710","4","4","256","1514","5","1/15/2014 12:00:00 AM","1/24/2014 12:00:00 AM","2003.6835","160.2947","50.0921","2214.0703","1/24/2014 12:00:00 AM"
"1711","4","4","259","1498","4","1/15/2014 12:00:00 AM","1/24/2014 12:00:00 AM","26455.2750","2116.4220","661.3819","29233.0789","1/24/2014 12:00:00 AM"
"1712","4","4","260","1674","2","1/15/2014 12:00:00 AM","1/24/2014 12:00:00 AM","944.3700","75.5496","23.6093","1043.5289","1/24/2014 12:00:00 AM"
"1713","4","4","258","1652","1","1/16/2014 12:00:00 AM","1/25/2014 12:00:00 AM","6993.5250","559.4820","174.8381","7727.8451","1/25/2014 12:00:00 AM"
"1714","4","4","254","1578","3","1/16/2014 12:00:00 AM","1/25/2014 12:00:00 AM","36122.6250","2889.8100","903.0656","39915.5006","1/25/2014 12:00:00 AM"
"1715","4","4","257","1538","5","1/16/2014 12:00:00 AM","1/25/2014 12:00:00 AM","37843.5750","3027.4860","946.0894","41817.1504","1/25/2014 12:00:00 AM"
"1716","4","4","261","1556","4","1/16/2014 12:00:00 AM","1/25/2014 12:00:00 AM","25531.2750","2042.5020","638.2819","28212.0589","1/25/2014 12:00:00 AM"
"1717","4","4","251","1554","5","1/16/2014 12:00:00 AM","1/25/2014 12:00:00 AM","773.9550","61.9164","19.3489","855.2203","1/25/2014 12:00:00 AM"
"1718","4","4","253","1688","4","1/16/2014 12:00:00 AM","1/25/2014 12:00:00 AM","125.7480","10.0598","3.1437","138.9515","1/25/2014 12:00:00 AM"
"1719","4","4","255","1580","5","1/16/2014 12:00:00 AM","1/25/2014 12:00:00 AM","150.7905","12.0632","3.7698","166.6235","1/25/2014 12:00:00 AM"
"1720","4","4","256","1496","4","1/16/2014 12:00:00 AM","1/25/2014 12:00:00 AM","360.0450","28.8036","9.0011","397.8497","1/25/2014 12:00:00 AM"
"1721","4","4","259","1494","2","1/16/2014 12:00:00 AM","1/25/2014 12:00:00 AM","8847.3000","707.7840","221.1825","9776.2665","1/25/2014 12:00:00 AM"
"1722","5","4","250","1650","5","1/16/2014 12:00:00 AM","1/25/2014 12:00:00 AM","171.0765","13.6861","4.2769","189.0395","1/25/2014 12:00:00 AM"
"1723","5","4","258","1654","4","1/16/2014 12:00:00 AM","1/25/2014 12:00:00 AM","20397.3000","1631.7840","509.9325","22539.0165","1/25/2014 12:00:00 AM"
"1724","4","4","254","1664","3","1/16/2014 12:00:00 AM","1/25/2014 12:00:00 AM","14628.0750","1170.2460","365.7019","16164.0229","1/25/2014 12:00:00 AM"
"1725","4","4","257","1678","3","1/16/2014 12:00:00 AM","1/25/2014 12:00:00 AM","58685.5500","4694.8440","1467.1388","64847.5328","1/25/2014 12:00:00 AM"
"1726","4","4","261","1616","5","1/16/2014 12:00:00 AM","1/25/2014 12:00:00 AM","563.5665","45.0853","14.0892","622.7410","1/25/2014 12:00:00 AM"
"1727","4","4","251","1492","5","1/16/2014 12:00:00 AM","1/25/2014 12:00:00 AM","773.9550","61.9164","19.3489","855.2203","1/25/2014 12:00:00 AM"
"1728","4","4","253","1602","5","1/16/2014 12:00:00 AM","1/25/2014 12:00:00 AM","1796.0355","143.6828","44.9009","1984.6192","1/25/2014 12:00:00 AM"
"1729","4","4","255","1540","5","1/17/2014 12:00:00 AM","1/26/2014 12:00:00 AM","658.9485","52.7159","16.4737","728.1381","1/26/2014 12:00:00 AM"
"1730","4","4","256","1628","5","1/17/2014 12:00:00 AM","1/26/2014 12:00:00 AM","34644.2250","2771.5380","866.1056","38281.8686","1/26/2014 12:00:00 AM"
"1731","4","4","259","1604","3","1/17/2014 12:00:00 AM","1/26/2014 12:00:00 AM","1581.9300","126.5544","39.5483","1748.0327","1/26/2014 12:00:00 AM"
"1732","4","4","260","1690","5","1/17/2014 12:00:00 AM","1/26/2014 12:00:00 AM","146.2860","11.7029","3.6572","161.6461","1/26/2014 12:00:00 AM"
"1733","4","4","250","1566","5","1/17/2014 12:00:00 AM","1/26/2014 12:00:00 AM","102.5640","8.2051","2.5641","113.3332","1/26/2014 12:00:00 AM"
"1734","4","4","254","1698","5","1/17/2014 12:00:00 AM","1/26/2014 12:00:00 AM","150.7905","12.0632","3.7698","166.6235","1/26/2014 12:00:00 AM"
"1735","4","4","257","1560","5","1/17/2014 12:00:00 AM","1/26/2014 12:00:00 AM","13669.4250","1093.5540","341.7356","15104.7146","1/26/2014 12:00:00 AM"
"1736","4","4","261","1692","5","1/17/2014 12:00:00 AM","1/26/2014 12:00:00 AM","13458.6900","1076.6952","336.4673","14871.8525","1/26/2014 12:00:00 AM"
"1737","4","4","251","1696","2","1/17/2014 12:00:00 AM","1/26/2014 12:00:00 AM","101720.8500","8137.6680","2543.0213","112401.5393","1/26/2014 12:00:00 AM"
"1738","4","4","253","1504","1","1/17/2014 12:00:00 AM","1/26/2014 12:00:00 AM","551.8800","44.1504","13.7970","609.8274","1/26/2014 12:00:00 AM"
"1739","4","4","255","1544","1","1/17/2014 12:00:00 AM","1/26/2014 12:00:00 AM","6987.7500","559.0200","174.6938","7721.4638","1/26/2014 12:00:00 AM"
"1740","4","4","256","1530","2","1/17/2014 12:00:00 AM","1/26/2014 12:00:00 AM","28072.2750","2245.7820","701.8069","31019.8639","1/26/2014 12:00:00 AM"
"1741","4","4","259","1508","1","1/17/2014 12:00:00 AM","1/26/2014 12:00:00 AM","1917.3000","153.3840","47.9325","2118.6165","1/26/2014 12:00:00 AM"
"1742","4","4","260","1694","1","1/17/2014 12:00:00 AM","1/26/2014 12:00:00 AM","4215.7500","337.2600","105.3938","4658.4038","1/26/2014 12:00:00 AM"
"1743","4","4","258","1624","2","1/17/2014 12:00:00 AM","1/26/2014 12:00:00 AM","28297.5000","2263.8000","707.4375","31268.7375","1/26/2014 12:00:00 AM"
"1744","4","4","254","1548","2","1/17/2014 12:00:00 AM","1/26/2014 12:00:00 AM","59.9445","4.7956","1.4986","66.2387","1/26/2014 12:00:00 AM"
"1745","4","4","257","1598","4","1/20/2014 12:00:00 AM","1/29/2014 12:00:00 AM","567.5985","45.4079","14.1900","627.1964","1/29/2014 12:00:00 AM"
"1746","4","4","261","1658","5","1/20/2014 12:00:00 AM","1/29/2014 12:00:00 AM","43878.4500","3510.2760","1096.9613","48485.6873","1/29/2014 12:00:00 AM"
"1747","4","4","251","1536","4","1/20/2014 12:00:00 AM","1/29/2014 12:00:00 AM","722.4525","57.7962","18.0613","798.3100","1/29/2014 12:00:00 AM"
"1748","4","4","253","1568","2","1/20/2014 12:00:00 AM","1/29/2014 12:00:00 AM","24318.5250","1945.4820","607.9631","26871.9701","1/29/2014 12:00:00 AM"
"1749","4","4","255","1648","5","1/20/2014 12:00:00 AM","1/29/2014 12:00:00 AM","142.4115","11.3929","3.5603","157.3647","1/29/2014 12:00:00 AM"
"1750","4","4","256","1646","2","1/20/2014 12:00:00 AM","1/29/2014 12:00:00 AM","48030.6750","3842.4540","1200.7669","53073.8959","1/29/2014 12:00:00 AM"
"1751","4","4","252","1672","2","1/20/2014 12:00:00 AM","1/29/2014 12:00:00 AM","50860.4250","4068.8340","1271.5106","56200.7696","1/29/2014 12:00:00 AM"
"1752","4","4","260","1600","1","1/20/2014 12:00:00 AM","1/29/2014 12:00:00 AM","1276.2750","102.1020","31.9069","1410.2839","1/29/2014 12:00:00 AM"
"1753","4","4","258","1522","1","1/20/2014 12:00:00 AM","1/29/2014 12:00:00 AM","2003.9250","160.3140","50.0981","2214.3371","1/29/2014 12:00:00 AM"
"1754","4","4","254","1570","2","1/20/2014 12:00:00 AM","1/29/2014 12:00:00 AM","28343.7000","2267.4960","708.5925","31319.7885","1/29/2014 12:00:00 AM"
"1755","4","4","257","1516","1","1/20/2014 12:00:00 AM","1/29/2014 12:00:00 AM","454.8600","36.3888","11.3715","502.6203","1/29/2014 12:00:00 AM"
"1756","4","4","261","1506","5","1/20/2014 12:00:00 AM","1/29/2014 12:00:00 AM","43878.4500","3510.2760","1096.9613","48485.6873","1/29/2014 12:00:00 AM"
"1757","4","4","250","1626","2","1/20/2014 12:00:00 AM","1/29/2014 12:00:00 AM","7132.1250","570.5700","178.3031","7880.9981","1/29/2014 12:00:00 AM"
"1758","4","4","253","1542","2","1/20/2014 12:00:00 AM","1/29/2014 12:00:00 AM","28343.7000","2267.4960","708.5925","31319.7885","1/29/2014 12:00:00 AM"
"1759","4","4","255","1610","4","1/20/2014 12:00:00 AM","1/29/2014 12:00:00 AM","22516.7250","1801.3380","562.9181","24880.9811","1/29/2014 12:00:00 AM"
"1760","4","4","256","1638","5","1/20/2014 12:00:00 AM","1/29/2014 12:00:00 AM","34644.2250","2771.5380","866.1056","38281.8686","1/29/2014 12:00:00 AM"
"1761","4","4","259","1582","4","1/21/2014 12:00:00 AM","1/30/2014 12:00:00 AM","501.1965","40.0957","12.5299","553.8221","1/30/2014 12:00:00 AM"
"1762","4","4","260","1510","5","1/21/2014 12:00:00 AM","1/30/2014 12:00:00 AM","143.0415","11.4433","3.5760","158.0608","1/30/2014 12:00:00 AM"
"1763","4","4","258","1526","2","1/21/2014 12:00:00 AM","1/30/2014 12:00:00 AM","28199.3250","2255.9460","704.9831","31160.2541","1/30/2014 12:00:00 AM"
"1764","4","4","254","1644","1","1/21/2014 12:00:00 AM","1/30/2014 12:00:00 AM","3713.3250","297.0660","92.8331","4103.2241","1/30/2014 12:00:00 AM"
"1765","4","4","252","1680","5","1/21/2014 12:00:00 AM","1/30/2014 12:00:00 AM","63831.0750","5106.4860","1595.7769","70533.3379","1/30/2014 12:00:00 AM"
"1766","4","4","261","1584","5","1/21/2014 12:00:00 AM","1/30/2014 12:00:00 AM","13361.0400","1068.8832","334.0260","14763.9492","1/30/2014 12:00:00 AM"
"1767","4","4","251","1620","5","1/21/2014 12:00:00 AM","1/30/2014 12:00:00 AM","5711.4750","456.9180","142.7869","6311.1799","1/30/2014 12:00:00 AM"
"1768","4","4","253","1666","5","1/21/2014 12:00:00 AM","1/30/2014 12:00:00 AM","696.5280","55.7222","17.4132","769.6634","1/30/2014 12:00:00 AM"
"1769","4","4","255","1592","2","1/21/2014 12:00:00 AM","1/30/2014 12:00:00 AM","97.9650","7.8372","2.4491","108.2513","1/30/2014 12:00:00 AM"
"1770","4","4","256","1618","4","1/21/2014 12:00:00 AM","1/30/2014 12:00:00 AM","114.4710","9.1577","2.8618","126.4905","1/30/2014 12:00:00 AM"
"1771","4","4","259","1612","4","1/21/2014 12:00:00 AM","1/30/2014 12:00:00 AM","132.6465","10.6117","3.3162","146.5744","1/30/2014 12:00:00 AM"
"1772","4","4","260","1586","5","1/21/2014 12:00:00 AM","1/30/2014 12:00:00 AM","43878.4500","3510.2760","1096.9613","48485.6873","1/30/2014 12:00:00 AM"
"1773","4","4","258","1500","1","1/21/2014 12:00:00 AM","1/30/2014 12:00:00 AM","418.9500","33.5160","10.4738","462.9398","1/30/2014 12:00:00 AM"
"1774","4","4","254","1656","4","1/21/2014 12:00:00 AM","1/30/2014 12:00:00 AM","272.4435","21.7955","6.8111","301.0501","1/30/2014 12:00:00 AM"
"1775","4","4","257","1572","1","1/21/2014 12:00:00 AM","1/30/2014 12:00:00 AM","461.7900","36.9432","11.5448","510.2780","1/30/2014 12:00:00 AM"
"1776","4","4","261","1562","4","1/21/2014 12:00:00 AM","1/30/2014 12:00:00 AM","513.1665","41.0533","12.8292","567.0490","1/30/2014 12:00:00 AM"
"1777","4","4","251","1662","2","1/22/2014 12:00:00 AM","1/31/2014 12:00:00 AM","37.0755","2.9660","0.9269","40.9684","1/31/2014 12:00:00 AM"
"1778","4","4","253","1682","4","1/22/2014 12:00:00 AM","1/31/2014 12:00:00 AM","21558.0750","1724.6460","538.9519","23821.6729","1/31/2014 12:00:00 AM"
"1779","4","4","255","1686","4","1/22/2014 12:00:00 AM","1/31/2014 12:00:00 AM","663.6735","53.0939","16.5918","733.3592","1/31/2014 12:00:00 AM"
"1780","4","4","256","1684","5","1/22/2014 12:00:00 AM","1/31/2014 12:00:00 AM","65240.1750","5219.2140","1631.0044","72090.3934","1/31/2014 12:00:00 AM"
"1781","4","4","259","1534","4","1/22/2014 12:00:00 AM","1/31/2014 12:00:00 AM","503.0865","40.2469","12.5772","555.9106","1/31/2014 12:00:00 AM"
"1782","4","4","260","1614","5","1/22/2014 12:00:00 AM","1/31/2014 12:00:00 AM","273.0735","21.8459","6.8268","301.7462","1/31/2014 12:00:00 AM"
"1783","4","4","258","1588","5","1/22/2014 12:00:00 AM","1/31/2014 12:00:00 AM","40471.2000","3237.6960","1011.7800","44720.6760","1/31/2014 12:00:00 AM"
"1784","4","4","254","1622","5","1/22/2014 12:00:00 AM","1/31/2014 12:00:00 AM","278.5230","22.2818","6.9631","307.7679","1/31/2014 12:00:00 AM"
"1785","4","4","257","1632","5","1/22/2014 12:00:00 AM","1/31/2014 12:00:00 AM","62092.8000","4967.4240","1552.3200","68612.5440","1/31/2014 12:00:00 AM"
"1786","4","4","261","1608","5","1/22/2014 12:00:00 AM","1/31/2014 12:00:00 AM","5948.2500","475.8600","148.7063","6572.8163","1/31/2014 12:00:00 AM"
"1787","4","4","251","1576","5","1/22/2014 12:00:00 AM","1/31/2014 12:00:00 AM","91117.9500","7289.4360","2277.9488","100685.3348","1/31/2014 12:00:00 AM"
"1788","4","4","253","1590","1","1/22/2014 12:00:00 AM","1/31/2014 12:00:00 AM","525.0000","42.0000","13.1250","580.1250","1/31/2014 12:00:00 AM"
"1789","4","4","252","1514","5","1/23/2014 12:00:00 AM","2/1/2014 12:00:00 AM","2003.6835","160.2947","50.0921","2214.0703","2/1/2014 12:00:00 AM"
"1790","4","4","256","1498","4","1/23/2014 12:00:00 AM","2/1/2014 12:00:00 AM","26455.2750","2116.4220","661.3819","29233.0789","2/1/2014 12:00:00 AM"
"1791","4","4","259","1674","2","1/23/2014 12:00:00 AM","2/1/2014 12:00:00 AM","944.3700","75.5496","23.6093","1043.5289","2/1/2014 12:00:00 AM"
"1792","4","4","260","1652","4","1/23/2014 12:00:00 AM","2/1/2014 12:00:00 AM","44594.5500","3567.5640","1114.8638","49276.9778","2/1/2014 12:00:00 AM"
"1793","4","4","258","1578","5","1/23/2014 12:00:00 AM","2/1/2014 12:00:00 AM","26720.9250","2137.6740","668.0231","29526.6221","2/1/2014 12:00:00 AM"
"1794","4","4","254","1538","5","1/23/2014 12:00:00 AM","2/1/2014 12:00:00 AM","37843.5750","3027.4860","946.0894","41817.1504","2/1/2014 12:00:00 AM"
"1795","4","4","257","1556","4","1/23/2014 12:00:00 AM","2/1/2014 12:00:00 AM","25531.2750","2042.5020","638.2819","28212.0589","2/1/2014 12:00:00 AM"
"1796","4","4","261","1554","4","1/23/2014 12:00:00 AM","2/1/2014 12:00:00 AM","482.5170","38.6014","12.0629","533.1813","2/1/2014 12:00:00 AM"
"1797","4","4","251","1688","4","1/23/2014 12:00:00 AM","2/1/2014 12:00:00 AM","125.7480","10.0598","3.1437","138.9515","2/1/2014 12:00:00 AM"
"1798","4","4","253","1580","5","1/23/2014 12:00:00 AM","2/1/2014 12:00:00 AM","150.7905","12.0632","3.7698","166.6235","2/1/2014 12:00:00 AM"
"1799","4","4","255","1496","4","1/23/2014 12:00:00 AM","2/1/2014 12:00:00 AM","235.9035","18.8723","5.8976","260.6734","2/1/2014 12:00:00 AM"
"1800","4","4","252","1494","2","1/23/2014 12:00:00 AM","2/1/2014 12:00:00 AM","8847.3000","707.7840","221.1825","9776.2665","2/1/2014 12:00:00 AM"
"1801","4","4","259","1650","5","1/23/2014 12:00:00 AM","2/1/2014 12:00:00 AM","171.0765","13.6861","4.2769","189.0395","2/1/2014 12:00:00 AM"
"1802","4","4","260","1654","4","1/23/2014 12:00:00 AM","2/1/2014 12:00:00 AM","20397.3000","1631.7840","509.9325","22539.0165","2/1/2014 12:00:00 AM"
"1803","4","4","258","1664","3","1/23/2014 12:00:00 AM","2/1/2014 12:00:00 AM","14628.0750","1170.2460","365.7019","16164.0229","2/1/2014 12:00:00 AM"
"1804","4","3","250","1678","3","1/23/2014 12:00:00 AM","2/1/2014 12:00:00 AM","33350.6250","2668.0500","833.7656","36852.4406","2/1/2014 12:00:00 AM"
"1805","4","4","257","1616","4","1/24/2014 12:00:00 AM","2/2/2014 12:00:00 AM","1860.3900","148.8312","46.5098","2055.7310","2/2/2014 12:00:00 AM"
"1806","4","4","261","1492","4","1/24/2014 12:00:00 AM","2/2/2014 12:00:00 AM","482.5170","38.6014","12.0629","533.1813","2/2/2014 12:00:00 AM"
"1807","5","4","251","1602","5","1/24/2014 12:00:00 AM","2/2/2014 12:00:00 AM","1796.0355","143.6828","44.9009","1984.6192","2/2/2014 12:00:00 AM"
"1808","4","4","253","1540","4","1/24/2014 12:00:00 AM","2/2/2014 12:00:00 AM","602.2485","48.1799","15.0562","665.4846","2/2/2014 12:00:00 AM"
"1809","4","4","255","1628","5","1/24/2014 12:00:00 AM","2/2/2014 12:00:00 AM","34644.2250","2771.5380","866.1056","38281.8686","2/2/2014 12:00:00 AM"
"1810","4","4","256","1604","4","1/24/2014 12:00:00 AM","2/2/2014 12:00:00 AM","1839.5055","147.1604","45.9876","2032.6535","2/2/2014 12:00:00 AM"
"1811","4","4","259","1690","5","1/24/2014 12:00:00 AM","2/2/2014 12:00:00 AM","146.2860","11.7029","3.6572","161.6461","2/2/2014 12:00:00 AM"
"1812","4","4","260","1566","5","1/24/2014 12:00:00 AM","2/2/2014 12:00:00 AM","102.5640","8.2051","2.5641","113.3332","2/2/2014 12:00:00 AM"
"1813","4","4","258","1698","5","1/24/2014 12:00:00 AM","2/2/2014 12:00:00 AM","150.7905","12.0632","3.7698","166.6235","2/2/2014 12:00:00 AM"
"1814","4","4","254","1560","5","1/24/2014 12:00:00 AM","2/2/2014 12:00:00 AM","13669.4250","1093.5540","341.7356","15104.7146","2/2/2014 12:00:00 AM"
"1815","4","4","257","1692","5","1/24/2014 12:00:00 AM","2/2/2014 12:00:00 AM","2934.5400","234.7632","73.3635","3242.6667","2/2/2014 12:00:00 AM"
"1816","4","4","261","1696","2","1/24/2014 12:00:00 AM","2/2/2014 12:00:00 AM","50860.4250","4068.8340","1271.5106","56200.7696","2/2/2014 12:00:00 AM"
"1817","4","4","251","1504","1","1/27/2014 12:00:00 AM","2/5/2014 12:00:00 AM","551.8800","44.1504","13.7970","609.8274","2/5/2014 12:00:00 AM"
"1818","4","4","253","1544","1","1/27/2014 12:00:00 AM","2/5/2014 12:00:00 AM","6987.7500","559.0200","174.6938","7721.4638","2/5/2014 12:00:00 AM"
"1819","4","4","255","1530","2","1/27/2014 12:00:00 AM","2/5/2014 12:00:00 AM","28072.2750","2245.7820","701.8069","31019.8639","2/5/2014 12:00:00 AM"
"1820","4","4","256","1508","1","1/27/2014 12:00:00 AM","2/5/2014 12:00:00 AM","37312.2750","2984.9820","932.8069","41230.0639","2/5/2014 12:00:00 AM"
"1821","4","4","259","1694","1","1/27/2014 12:00:00 AM","2/5/2014 12:00:00 AM","3407.2500","272.5800","85.1813","3765.0113","2/5/2014 12:00:00 AM"
"1822","4","4","250","1624","2","1/27/2014 12:00:00 AM","2/5/2014 12:00:00 AM","28297.5000","2263.8000","707.4375","31268.7375","2/5/2014 12:00:00 AM"
"1823","4","4","258","1548","2","1/27/2014 12:00:00 AM","2/5/2014 12:00:00 AM","59.9445","4.7956","1.4986","66.2387","2/5/2014 12:00:00 AM"
"1824","4","4","254","1598","4","1/27/2014 12:00:00 AM","2/5/2014 12:00:00 AM","240.7230","19.2578","6.0181","265.9989","2/5/2014 12:00:00 AM"
"1825","4","4","257","1658","5","1/27/2014 12:00:00 AM","2/5/2014 12:00:00 AM","43878.4500","3510.2760","1096.9613","48485.6873","2/5/2014 12:00:00 AM"
"1826","4","4","261","1536","5","1/27/2014 12:00:00 AM","2/5/2014 12:00:00 AM","544.7295","43.5784","13.6182","601.9261","2/5/2014 12:00:00 AM"
"1827","4","4","251","1568","1","1/27/2014 12:00:00 AM","2/5/2014 12:00:00 AM","18641.7000","1491.3360","466.0425","20599.0785","2/5/2014 12:00:00 AM"
"1828","4","4","253","1648","5","1/27/2014 12:00:00 AM","2/5/2014 12:00:00 AM","142.4115","11.3929","3.5603","157.3647","2/5/2014 12:00:00 AM"
"1829","4","4","255","1646","2","1/27/2014 12:00:00 AM","2/5/2014 12:00:00 AM","48030.6750","3842.4540","1200.7669","53073.8959","2/5/2014 12:00:00 AM"
"1830","4","4","256","1672","4","1/27/2014 12:00:00 AM","2/5/2014 12:00:00 AM","421.1550","33.6924","10.5289","465.3763","2/5/2014 12:00:00 AM"
"1831","4","4","259","1600","1","1/27/2014 12:00:00 AM","2/5/2014 12:00:00 AM","1276.2750","102.1020","31.9069","1410.2839","2/5/2014 12:00:00 AM"
"1832","4","4","260","1522","1","1/27/2014 12:00:00 AM","2/5/2014 12:00:00 AM","2003.9250","160.3140","50.0981","2214.3371","2/5/2014 12:00:00 AM"
"1833","4","4","250","1570","4","1/28/2014 12:00:00 AM","2/6/2014 12:00:00 AM","22516.7250","1801.3380","562.9181","24880.9811","2/6/2014 12:00:00 AM"
"1834","4","4","254","1516","1","1/28/2014 12:00:00 AM","2/6/2014 12:00:00 AM","454.8600","36.3888","11.3715","502.6203","2/6/2014 12:00:00 AM"
"1835","4","4","257","1506","5","1/28/2014 12:00:00 AM","2/6/2014 12:00:00 AM","43878.4500","3510.2760","1096.9613","48485.6873","2/6/2014 12:00:00 AM"
"1836","4","4","261","1626","2","1/28/2014 12:00:00 AM","2/6/2014 12:00:00 AM","7132.1250","570.5700","178.3031","7880.9981","2/6/2014 12:00:00 AM"
"1837","4","4","251","1542","2","1/28/2014 12:00:00 AM","2/6/2014 12:00:00 AM","28343.7000","2267.4960","708.5925","31319.7885","2/6/2014 12:00:00 AM"
"1838","4","4","253","1610","4","1/28/2014 12:00:00 AM","2/6/2014 12:00:00 AM","22516.7250","1801.3380","562.9181","24880.9811","2/6/2014 12:00:00 AM"
"1839","6","4","255","1638","5","1/28/2014 12:00:00 AM","2/6/2014 12:00:00 AM","34644.2250","2771.5380","866.1056","38281.8686","2/6/2014 12:00:00 AM"
"1840","4","4","256","1582","4","1/28/2014 12:00:00 AM","2/6/2014 12:00:00 AM","247.5585","19.8047","6.1890","273.5522","2/6/2014 12:00:00 AM"
"1841","4","4","259","1510","5","1/29/2014 12:00:00 AM","2/7/2014 12:00:00 AM","143.0415","11.4433","3.5760","158.0608","2/7/2014 12:00:00 AM"
"1842","4","4","260","1526","2","1/29/2014 12:00:00 AM","2/7/2014 12:00:00 AM","28199.3250","2255.9460","704.9831","31160.2541","2/7/2014 12:00:00 AM"
"1843","4","4","258","1644","1","1/29/2014 12:00:00 AM","2/7/2014 12:00:00 AM","3713.3250","297.0660","92.8331","4103.2241","2/7/2014 12:00:00 AM"
"1844","4","4","254","1680","5","1/29/2014 12:00:00 AM","2/7/2014 12:00:00 AM","43878.4500","3510.2760","1096.9613","48485.6873","2/7/2014 12:00:00 AM"
"1845","4","4","257","1584","5","1/29/2014 12:00:00 AM","2/7/2014 12:00:00 AM","2979.2700","238.3416","74.4818","3292.0934","2/7/2014 12:00:00 AM"
"1846","4","4","261","1620","5","1/29/2014 12:00:00 AM","2/7/2014 12:00:00 AM","5711.4750","456.9180","142.7869","6311.1799","2/7/2014 12:00:00 AM"
"1847","4","4","251","1666","5","1/29/2014 12:00:00 AM","2/7/2014 12:00:00 AM","776.7900","62.1432","19.4198","858.3530","2/7/2014 12:00:00 AM"
"1848","4","4","253","1592","2","1/29/2014 12:00:00 AM","2/7/2014 12:00:00 AM","97.9650","7.8372","2.4491","108.2513","2/7/2014 12:00:00 AM"
"1849","4","4","255","1618","4","1/29/2014 12:00:00 AM","2/7/2014 12:00:00 AM","114.4710","9.1577","2.8618","126.4905","2/7/2014 12:00:00 AM"
"1850","4","4","256","1612","4","1/29/2014 12:00:00 AM","2/7/2014 12:00:00 AM","132.6465","10.6117","3.3162","146.5744","2/7/2014 12:00:00 AM"
"1851","4","4","252","1586","5","1/29/2014 12:00:00 AM","2/7/2014 12:00:00 AM","43878.4500","3510.2760","1096.9613","48485.6873","2/7/2014 12:00:00 AM"
"1852","4","4","260","1500","1","1/29/2014 12:00:00 AM","2/7/2014 12:00:00 AM","418.9500","33.5160","10.4738","462.9398","2/7/2014 12:00:00 AM"
"1853","4","4","258","1656","4","1/29/2014 12:00:00 AM","2/7/2014 12:00:00 AM","389.6550","31.1724","9.7414","430.5688","2/7/2014 12:00:00 AM"
"1854","4","4","254","1572","1","1/29/2014 12:00:00 AM","2/7/2014 12:00:00 AM","461.7900","36.9432","11.5448","510.2780","2/7/2014 12:00:00 AM"
"1855","4","4","257","1562","4","1/29/2014 12:00:00 AM","2/7/2014 12:00:00 AM","2366.8470","189.3478","59.1712","2615.3660","2/7/2014 12:00:00 AM"
"1856","4","4","261","1662","2","1/29/2014 12:00:00 AM","2/7/2014 12:00:00 AM","37.0755","2.9660","0.9269","40.9684","2/7/2014 12:00:00 AM"
"1857","4","4","250","1682","4","1/31/2014 12:00:00 AM","2/9/2014 12:00:00 AM","21558.0750","1724.6460","538.9519","23821.6729","2/9/2014 12:00:00 AM"
"1858","4","4","253","1686","4","1/31/2014 12:00:00 AM","2/9/2014 12:00:00 AM","624.2985","49.9439","15.6075","689.8499","2/9/2014 12:00:00 AM"
"1859","4","4","255","1684","4","1/31/2014 12:00:00 AM","2/9/2014 12:00:00 AM","20980.5750","1678.4460","524.5144","23183.5354","2/9/2014 12:00:00 AM"
"1860","4","4","256","1534","4","1/31/2014 12:00:00 AM","2/9/2014 12:00:00 AM","360.0450","28.8036","9.0011","397.8497","2/9/2014 12:00:00 AM"
"1861","4","4","259","1614","4","2/3/2014 12:00:00 AM","2/12/2014 12:00:00 AM","260.4735","20.8379","6.5118","287.8232","2/12/2014 12:00:00 AM"
"1862","4","4","260","1588","5","2/3/2014 12:00:00 AM","2/12/2014 12:00:00 AM","40471.2000","3237.6960","1011.7800","44720.6760","2/12/2014 12:00:00 AM"
"1863","4","4","258","1622","5","2/3/2014 12:00:00 AM","2/12/2014 12:00:00 AM","414.8550","33.1884","10.3714","458.4148","2/12/2014 12:00:00 AM"
"1864","4","4","254","1632","5","2/3/2014 12:00:00 AM","2/12/2014 12:00:00 AM","38421.0750","3073.6860","960.5269","42455.2879","2/12/2014 12:00:00 AM"
"1865","4","4","252","1608","5","2/3/2014 12:00:00 AM","2/12/2014 12:00:00 AM","5948.2500","475.8600","148.7063","6572.8163","2/12/2014 12:00:00 AM"
"1866","4","4","261","1576","5","2/3/2014 12:00:00 AM","2/12/2014 12:00:00 AM","91117.9500","7289.4360","2277.9488","100685.3348","2/12/2014 12:00:00 AM"
"1867","4","4","251","1590","1","2/3/2014 12:00:00 AM","2/12/2014 12:00:00 AM","525.0000","42.0000","13.1250","580.1250","2/12/2014 12:00:00 AM"
"1868","4","4","253","1514","5","2/3/2014 12:00:00 AM","2/12/2014 12:00:00 AM","2003.6835","160.2947","50.0921","2214.0703","2/12/2014 12:00:00 AM"
"1869","4","4","255","1498","4","2/3/2014 12:00:00 AM","2/12/2014 12:00:00 AM","26455.2750","2116.4220","661.3819","29233.0789","2/12/2014 12:00:00 AM"
"1870","4","4","256","1674","2","2/3/2014 12:00:00 AM","2/12/2014 12:00:00 AM","944.3700","75.5496","23.6093","1043.5289","2/12/2014 12:00:00 AM"
"1871","4","4","259","1652","1","2/3/2014 12:00:00 AM","2/12/2014 12:00:00 AM","6993.5250","559.4820","174.8381","7727.8451","2/12/2014 12:00:00 AM"
"1872","4","4","260","1578","3","2/3/2014 12:00:00 AM","2/12/2014 12:00:00 AM","36122.6250","2889.8100","903.0656","39915.5006","2/12/2014 12:00:00 AM"
"1873","4","4","258","1538","5","2/3/2014 12:00:00 AM","2/12/2014 12:00:00 AM","37843.5750","3027.4860","946.0894","41817.1504","2/12/2014 12:00:00 AM"
"1874","4","4","254","1556","4","2/3/2014 12:00:00 AM","2/12/2014 12:00:00 AM","25531.2750","2042.5020","638.2819","28212.0589","2/12/2014 12:00:00 AM"
"1875","4","4","257","1554","4","2/3/2014 12:00:00 AM","2/12/2014 12:00:00 AM","111.0690","8.8855","2.7767","122.7312","2/12/2014 12:00:00 AM"
"1876","4","4","261","1688","4","2/3/2014 12:00:00 AM","2/12/2014 12:00:00 AM","125.7480","10.0598","3.1437","138.9515","2/12/2014 12:00:00 AM"
"1877","4","4","251","1580","5","2/4/2014 12:00:00 AM","2/13/2014 12:00:00 AM","150.7905","12.0632","3.7698","166.6235","2/13/2014 12:00:00 AM"
"1878","4","4","253","1496","5","2/4/2014 12:00:00 AM","2/13/2014 12:00:00 AM","696.5280","55.7222","17.4132","769.6634","2/13/2014 12:00:00 AM"
"1879","4","4","255","1494","2","2/4/2014 12:00:00 AM","2/13/2014 12:00:00 AM","8847.3000","707.7840","221.1825","9776.2665","2/13/2014 12:00:00 AM"
"1880","4","4","256","1650","5","2/4/2014 12:00:00 AM","2/13/2014 12:00:00 AM","171.0765","13.6861","4.2769","189.0395","2/13/2014 12:00:00 AM"
"1881","4","4","259","1654","4","2/4/2014 12:00:00 AM","2/13/2014 12:00:00 AM","20397.3000","1631.7840","509.9325","22539.0165","2/13/2014 12:00:00 AM"
"1882","4","4","260","1664","3","2/4/2014 12:00:00 AM","2/13/2014 12:00:00 AM","14628.0750","1170.2460","365.7019","16164.0229","2/13/2014 12:00:00 AM"
"1883","5","4","258","1678","4","2/4/2014 12:00:00 AM","2/13/2014 12:00:00 AM","25334.9250","2026.7940","633.3731","27995.0921","2/13/2014 12:00:00 AM"
"1884","4","4","254","1616","5","2/4/2014 12:00:00 AM","2/13/2014 12:00:00 AM","278.5230","22.2818","6.9631","307.7679","2/13/2014 12:00:00 AM"
"1885","5","4","257","1492","4","2/5/2014 12:00:00 AM","2/14/2014 12:00:00 AM","111.0690","8.8855","2.7767","122.7312","2/14/2014 12:00:00 AM"
"1886","4","4","261","1602","5","2/5/2014 12:00:00 AM","2/14/2014 12:00:00 AM","1796.0355","143.6828","44.9009","1984.6192","2/14/2014 12:00:00 AM"
"1887","4","4","251","1540","4","2/5/2014 12:00:00 AM","2/14/2014 12:00:00 AM","748.7550","59.9004","18.7189","827.3743","2/14/2014 12:00:00 AM"
"1888","4","4","253","1628","5","2/5/2014 12:00:00 AM","2/14/2014 12:00:00 AM","34644.2250","2771.5380","866.1056","38281.8686","2/14/2014 12:00:00 AM"
"1889","4","4","252","1604","4","2/5/2014 12:00:00 AM","2/14/2014 12:00:00 AM","1839.5055","147.1604","45.9876","2032.6535","2/14/2014 12:00:00 AM"
"1890","4","4","256","1690","5","2/5/2014 12:00:00 AM","2/14/2014 12:00:00 AM","146.2860","11.7029","3.6572","161.6461","2/14/2014 12:00:00 AM"
"1891","4","4","259","1566","5","2/5/2014 12:00:00 AM","2/14/2014 12:00:00 AM","102.5640","8.2051","2.5641","113.3332","2/14/2014 12:00:00 AM"
"1892","4","4","260","1698","5","2/5/2014 12:00:00 AM","2/14/2014 12:00:00 AM","150.7905","12.0632","3.7698","166.6235","2/14/2014 12:00:00 AM"
"1893","4","4","258","1560","5","2/5/2014 12:00:00 AM","2/14/2014 12:00:00 AM","13669.4250","1093.5540","341.7356","15104.7146","2/14/2014 12:00:00 AM"
"1894","4","4","254","1692","5","2/5/2014 12:00:00 AM","2/14/2014 12:00:00 AM","6444.9000","515.5920","161.1225","7121.6145","2/14/2014 12:00:00 AM"
"1895","4","4","257","1696","2","2/5/2014 12:00:00 AM","2/14/2014 12:00:00 AM","152581.2750","12206.5020","3814.5319","168602.3089","2/14/2014 12:00:00 AM"
"1896","4","4","261","1504","1","2/5/2014 12:00:00 AM","2/14/2014 12:00:00 AM","551.8800","44.1504","13.7970","609.8274","2/14/2014 12:00:00 AM"
"1897","4","4","251","1544","1","2/6/2014 12:00:00 AM","2/15/2014 12:00:00 AM","6987.7500","559.0200","174.6938","7721.4638","2/15/2014 12:00:00 AM"
"1898","4","4","253","1530","2","2/6/2014 12:00:00 AM","2/15/2014 12:00:00 AM","28072.2750","2245.7820","701.8069","31019.8639","2/15/2014 12:00:00 AM"
"1899","4","4","255","1508","1","2/6/2014 12:00:00 AM","2/15/2014 12:00:00 AM","37312.2750","2984.9820","932.8069","41230.0639","2/15/2014 12:00:00 AM"
"1900","4","4","252","1694","1","2/6/2014 12:00:00 AM","2/15/2014 12:00:00 AM","7623.0000","609.8400","190.5750","8423.4150","2/15/2014 12:00:00 AM"
"1901","4","4","259","1624","2","2/6/2014 12:00:00 AM","2/15/2014 12:00:00 AM","28297.5000","2263.8000","707.4375","31268.7375","2/15/2014 12:00:00 AM"
"1902","4","4","260","1548","2","2/6/2014 12:00:00 AM","2/15/2014 12:00:00 AM","59.9445","4.7956","1.4986","66.2387","2/15/2014 12:00:00 AM"
"1903","4","4","258","1598","4","2/6/2014 12:00:00 AM","2/15/2014 12:00:00 AM","358.1550","28.6524","8.9539","395.7613","2/15/2014 12:00:00 AM"
"1904","4","3","250","1658","5","2/6/2014 12:00:00 AM","2/15/2014 12:00:00 AM","43878.4500","3510.2760","1096.9613","48485.6873","2/15/2014 12:00:00 AM"
"1905","4","4","257","1536","4","2/6/2014 12:00:00 AM","2/15/2014 12:00:00 AM","1637.9370","131.0350","40.9484","1809.9204","2/15/2014 12:00:00 AM"
"1906","4","4","261","1568","2","2/6/2014 12:00:00 AM","2/15/2014 12:00:00 AM","29989.5750","2399.1660","749.7394","33138.4804","2/15/2014 12:00:00 AM"
"1907","4","4","251","1648","5","2/6/2014 12:00:00 AM","2/15/2014 12:00:00 AM","142.4115","11.3929","3.5603","157.3647","2/15/2014 12:00:00 AM"
"1908","4","4","253","1646","2","2/6/2014 12:00:00 AM","2/15/2014 12:00:00 AM","48030.6750","3842.4540","1200.7669","53073.8959","2/15/2014 12:00:00 AM"
"1909","5","4","255","1672","4","2/6/2014 12:00:00 AM","2/15/2014 12:00:00 AM","12127.7415","970.2193","303.1935","13401.1543","2/15/2014 12:00:00 AM"
"1910","4","4","256","1600","1","2/6/2014 12:00:00 AM","2/15/2014 12:00:00 AM","1276.2750","102.1020","31.9069","1410.2839","2/15/2014 12:00:00 AM"
"1911","4","4","259","1522","1","2/6/2014 12:00:00 AM","2/15/2014 12:00:00 AM","2003.9250","160.3140","50.0981","2214.3371","2/15/2014 12:00:00 AM"
"1912","4","4","260","1570","2","2/6/2014 12:00:00 AM","2/15/2014 12:00:00 AM","28343.7000","2267.4960","708.5925","31319.7885","2/15/2014 12:00:00 AM"
"1913","4","4","258","1516","1","2/7/2014 12:00:00 AM","2/16/2014 12:00:00 AM","454.8600","36.3888","11.3715","502.6203","2/16/2014 12:00:00 AM"
"1914","4","4","254","1506","5","2/7/2014 12:00:00 AM","2/16/2014 12:00:00 AM","43878.4500","3510.2760","1096.9613","48485.6873","2/16/2014 12:00:00 AM"
"1915","4","4","257","1626","2","2/7/2014 12:00:00 AM","2/16/2014 12:00:00 AM","7132.1250","570.5700","178.3031","7880.9981","2/16/2014 12:00:00 AM"
"1916","4","4","261","1542","2","2/7/2014 12:00:00 AM","2/16/2014 12:00:00 AM","28343.7000","2267.4960","708.5925","31319.7885","2/16/2014 12:00:00 AM"
"1917","4","4","251","1610","4","2/7/2014 12:00:00 AM","2/16/2014 12:00:00 AM","22516.7250","1801.3380","562.9181","24880.9811","2/16/2014 12:00:00 AM"
"1918","4","4","253","1638","5","2/7/2014 12:00:00 AM","2/16/2014 12:00:00 AM","34644.2250","2771.5380","866.1056","38281.8686","2/16/2014 12:00:00 AM"
"1919","4","4","255","1582","5","2/7/2014 12:00:00 AM","2/16/2014 12:00:00 AM","694.1655","55.5332","17.3541","767.0528","2/16/2014 12:00:00 AM"
"1920","4","4","256","1510","5","2/7/2014 12:00:00 AM","2/16/2014 12:00:00 AM","143.0415","11.4433","3.5760","158.0608","2/16/2014 12:00:00 AM"
"1921","4","4","259","1526","2","2/7/2014 12:00:00 AM","2/16/2014 12:00:00 AM","28199.3250","2255.9460","704.9831","31160.2541","2/16/2014 12:00:00 AM"
"1922","4","4","250","1644","1","2/7/2014 12:00:00 AM","2/16/2014 12:00:00 AM","3713.3250","297.0660","92.8331","4103.2241","2/16/2014 12:00:00 AM"
"1923","4","4","258","1680","4","2/7/2014 12:00:00 AM","2/16/2014 12:00:00 AM","19952.6250","1596.2100","498.8156","22047.6506","2/16/2014 12:00:00 AM"
"1924","4","4","254","1584","5","2/7/2014 12:00:00 AM","2/16/2014 12:00:00 AM","6540.6600","523.2528","163.5165","7227.4293","2/16/2014 12:00:00 AM"
"1925","4","4","257","1620","5","2/7/2014 12:00:00 AM","2/16/2014 12:00:00 AM","5711.4750","456.9180","142.7869","6311.1799","2/16/2014 12:00:00 AM"
"1926","4","4","261","1666","4","2/7/2014 12:00:00 AM","2/16/2014 12:00:00 AM","484.4070","38.7526","12.1102","535.2698","2/16/2014 12:00:00 AM"
"1927","4","4","251","1592","2","2/7/2014 12:00:00 AM","2/16/2014 12:00:00 AM","97.9650","7.8372","2.4491","108.2513","2/16/2014 12:00:00 AM"
"1928","4","4","253","1618","4","2/7/2014 12:00:00 AM","2/16/2014 12:00:00 AM","114.4710","9.1577","2.8618","126.4905","2/16/2014 12:00:00 AM"
"1929","4","4","255","1612","4","2/10/2014 12:00:00 AM","2/19/2014 12:00:00 AM","132.6465","10.6117","3.3162","146.5744","2/19/2014 12:00:00 AM"
"1930","4","4","256","1586","5","2/10/2014 12:00:00 AM","2/19/2014 12:00:00 AM","43878.4500","3510.2760","1096.9613","48485.6873","2/19/2014 12:00:00 AM"
"1931","4","4","259","1500","1","2/10/2014 12:00:00 AM","2/19/2014 12:00:00 AM","418.9500","33.5160","10.4738","462.9398","2/19/2014 12:00:00 AM"
"1932","4","4","260","1656","4","2/10/2014 12:00:00 AM","2/19/2014 12:00:00 AM","240.7230","19.2578","6.0181","265.9989","2/19/2014 12:00:00 AM"
"1933","4","4","250","1572","1","2/10/2014 12:00:00 AM","2/19/2014 12:00:00 AM","461.7900","36.9432","11.5448","510.2780","2/19/2014 12:00:00 AM"
"1934","4","4","254","1562","4","2/10/2014 12:00:00 AM","2/19/2014 12:00:00 AM","253.3230","20.2658","6.3331","279.9219","2/19/2014 12:00:00 AM"
"1935","4","4","257","1662","2","2/10/2014 12:00:00 AM","2/19/2014 12:00:00 AM","37.0755","2.9660","0.9269","40.9684","2/19/2014 12:00:00 AM"
"1936","4","4","261","1682","4","2/10/2014 12:00:00 AM","2/19/2014 12:00:00 AM","21558.0750","1724.6460","538.9519","23821.6729","2/19/2014 12:00:00 AM"
"1937","4","4","251","1686","4","2/10/2014 12:00:00 AM","2/19/2014 12:00:00 AM","710.3250","56.8260","17.7581","784.9091","2/19/2014 12:00:00 AM"
"1938","4","4","253","1684","5","2/10/2014 12:00:00 AM","2/19/2014 12:00:00 AM","86220.7500","6897.6600","2155.5188","95273.9288","2/19/2014 12:00:00 AM"
"1939","4","4","255","1534","4","2/10/2014 12:00:00 AM","2/19/2014 12:00:00 AM","235.9035","18.8723","5.8976","260.6734","2/19/2014 12:00:00 AM"
"1940","4","4","256","1614","5","2/10/2014 12:00:00 AM","2/19/2014 12:00:00 AM","428.4000","34.2720","10.7100","473.3820","2/19/2014 12:00:00 AM"
"1941","7","4","259","1588","5","2/10/2014 12:00:00 AM","2/19/2014 12:00:00 AM","40471.2000","3237.6960","1011.7800","44720.6760","2/19/2014 12:00:00 AM"
"1942","4","4","260","1622","5","2/10/2014 12:00:00 AM","2/19/2014 12:00:00 AM","272.4435","21.7955","6.8111","301.0501","2/19/2014 12:00:00 AM"
"1943","4","4","258","1632","4","2/10/2014 12:00:00 AM","2/19/2014 12:00:00 AM","23671.7250","1893.7380","591.7931","26157.2561","2/19/2014 12:00:00 AM"
"1944","4","4","254","1608","5","2/10/2014 12:00:00 AM","2/19/2014 12:00:00 AM","5948.2500","475.8600","148.7063","6572.8163","2/19/2014 12:00:00 AM"
"1945","4","4","257","1576","5","2/11/2014 12:00:00 AM","2/20/2014 12:00:00 AM","91117.9500","7289.4360","2277.9488","100685.3348","2/20/2014 12:00:00 AM"
"1946","4","4","261","1590","1","2/11/2014 12:00:00 AM","2/20/2014 12:00:00 AM","525.0000","42.0000","13.1250","580.1250","2/20/2014 12:00:00 AM"
"1947","4","4","251","1514","5","2/11/2014 12:00:00 AM","2/20/2014 12:00:00 AM","2003.6835","160.2947","50.0921","2214.0703","2/20/2014 12:00:00 AM"
"1948","4","4","253","1498","4","2/11/2014 12:00:00 AM","2/20/2014 12:00:00 AM","26455.2750","2116.4220","661.3819","29233.0789","2/20/2014 12:00:00 AM"
"1949","4","4","255","1674","2","2/11/2014 12:00:00 AM","2/20/2014 12:00:00 AM","944.3700","75.5496","23.6093","1043.5289","2/20/2014 12:00:00 AM"
"1950","4","4","256","1652","4","2/11/2014 12:00:00 AM","2/20/2014 12:00:00 AM","48186.6000","3854.9280","1204.6650","53246.1930","2/20/2014 12:00:00 AM"
"1951","4","4","252","1578","5","2/11/2014 12:00:00 AM","2/20/2014 12:00:00 AM","26720.9250","2137.6740","668.0231","29526.6221","2/20/2014 12:00:00 AM"
"1952","5","4","260","1538","5","2/11/2014 12:00:00 AM","2/20/2014 12:00:00 AM","37843.5750","3027.4860","946.0894","41817.1504","2/20/2014 12:00:00 AM"
"1953","4","4","258","1556","4","2/11/2014 12:00:00 AM","2/20/2014 12:00:00 AM","25531.2750","2042.5020","638.2819","28212.0589","2/20/2014 12:00:00 AM"
"1954","4","4","254","1554","5","2/11/2014 12:00:00 AM","2/20/2014 12:00:00 AM","278.8380","22.3070","6.9710","308.1160","2/20/2014 12:00:00 AM"
"1955","4","4","257","1688","4","2/11/2014 12:00:00 AM","2/20/2014 12:00:00 AM","125.7480","10.0598","3.1437","138.9515","2/20/2014 12:00:00 AM"
"1956","4","4","261","1580","5","2/11/2014 12:00:00 AM","2/20/2014 12:00:00 AM","150.7905","12.0632","3.7698","166.6235","2/20/2014 12:00:00 AM"
"1957","4","4","250","1496","5","2/11/2014 12:00:00 AM","2/20/2014 12:00:00 AM","776.7900","62.1432","19.4198","858.3530","2/20/2014 12:00:00 AM"
"1958","4","4","253","1494","2","2/11/2014 12:00:00 AM","2/20/2014 12:00:00 AM","8847.3000","707.7840","221.1825","9776.2665","2/20/2014 12:00:00 AM"
"1959","4","4","255","1650","5","2/11/2014 12:00:00 AM","2/20/2014 12:00:00 AM","171.0765","13.6861","4.2769","189.0395","2/20/2014 12:00:00 AM"
"1960","4","4","256","1654","4","2/11/2014 12:00:00 AM","2/20/2014 12:00:00 AM","20397.3000","1631.7840","509.9325","22539.0165","2/20/2014 12:00:00 AM"
"1961","4","4","259","1664","3","2/12/2014 12:00:00 AM","2/21/2014 12:00:00 AM","14628.0750","1170.2460","365.7019","16164.0229","2/21/2014 12:00:00 AM"
"1962","4","4","260","1678","3","2/12/2014 12:00:00 AM","2/21/2014 12:00:00 AM","33350.6250","2668.0500","833.7656","36852.4406","2/21/2014 12:00:00 AM"
"1963","4","4","258","1616","5","2/12/2014 12:00:00 AM","2/21/2014 12:00:00 AM","414.8550","33.1884","10.3714","458.4148","2/21/2014 12:00:00 AM"
"1964","4","4","254","1492","5","2/12/2014 12:00:00 AM","2/21/2014 12:00:00 AM","278.8380","22.3070","6.9710","308.1160","2/21/2014 12:00:00 AM"
"1965","4","4","252","1602","5","2/12/2014 12:00:00 AM","2/21/2014 12:00:00 AM","1796.0355","143.6828","44.9009","1984.6192","2/21/2014 12:00:00 AM"
"1966","4","4","261","1540","4","2/12/2014 12:00:00 AM","2/21/2014 12:00:00 AM","489.0690","39.1255","12.2267","540.4212","2/21/2014 12:00:00 AM"
"1967","4","4","251","1628","5","2/12/2014 12:00:00 AM","2/21/2014 12:00:00 AM","34644.2250","2771.5380","866.1056","38281.8686","2/21/2014 12:00:00 AM"
"1968","4","4","253","1604","4","2/12/2014 12:00:00 AM","2/21/2014 12:00:00 AM","1839.5055","147.1604","45.9876","2032.6535","2/21/2014 12:00:00 AM"
"1969","4","4","255","1690","5","2/12/2014 12:00:00 AM","2/21/2014 12:00:00 AM","146.2860","11.7029","3.6572","161.6461","2/21/2014 12:00:00 AM"
"1970","4","4","256","1566","5","2/12/2014 12:00:00 AM","2/21/2014 12:00:00 AM","102.5640","8.2051","2.5641","113.3332","2/21/2014 12:00:00 AM"
"1971","4","4","259","1698","5","2/12/2014 12:00:00 AM","2/21/2014 12:00:00 AM","150.7905","12.0632","3.7698","166.6235","2/21/2014 12:00:00 AM"
"1972","4","4","260","1560","5","2/12/2014 12:00:00 AM","2/21/2014 12:00:00 AM","13669.4250","1093.5540","341.7356","15104.7146","2/21/2014 12:00:00 AM"
"1973","4","4","258","1692","5","2/12/2014 12:00:00 AM","2/21/2014 12:00:00 AM","9948.3300","795.8664","248.7083","10992.9047","2/21/2014 12:00:00 AM"
"1974","4","4","254","1696","2","2/12/2014 12:00:00 AM","2/21/2014 12:00:00 AM","28343.7000","2267.4960","708.5925","31319.7885","2/21/2014 12:00:00 AM"
"1975","4","4","257","1504","1","2/12/2014 12:00:00 AM","2/21/2014 12:00:00 AM","551.8800","44.1504","13.7970","609.8274","2/21/2014 12:00:00 AM"
"1976","4","4","261","1544","1","2/12/2014 12:00:00 AM","2/21/2014 12:00:00 AM","6987.7500","559.0200","174.6938","7721.4638","2/21/2014 12:00:00 AM"
"1977","4","4","251","1530","2","2/13/2014 12:00:00 AM","2/22/2014 12:00:00 AM","28072.2750","2245.7820","701.8069","31019.8639","2/22/2014 12:00:00 AM"
"1978","4","4","253","1508","1","2/13/2014 12:00:00 AM","2/22/2014 12:00:00 AM","37312.2750","2984.9820","932.8069","41230.0639","2/22/2014 12:00:00 AM"
"1979","4","4","255","1694","1","2/13/2014 12:00:00 AM","2/22/2014 12:00:00 AM","7623.0000","609.8400","190.5750","8423.4150","2/22/2014 12:00:00 AM"
"1980","4","4","256","1624","2","2/13/2014 12:00:00 AM","2/22/2014 12:00:00 AM","28297.5000","2263.8000","707.4375","31268.7375","2/22/2014 12:00:00 AM"
"1981","4","4","259","1548","2","2/13/2014 12:00:00 AM","2/22/2014 12:00:00 AM","59.9445","4.7956","1.4986","66.2387","2/22/2014 12:00:00 AM"
"1982","4","4","260","1598","4","2/13/2014 12:00:00 AM","2/22/2014 12:00:00 AM","234.6435","18.7715","5.8661","259.2811","2/22/2014 12:00:00 AM"
"1983","4","4","258","1658","5","2/13/2014 12:00:00 AM","2/22/2014 12:00:00 AM","43878.4500","3510.2760","1096.9613","48485.6873","2/22/2014 12:00:00 AM"
"1984","4","4","254","1536","4","2/13/2014 12:00:00 AM","2/22/2014 12:00:00 AM","247.2435","19.7795","6.1811","273.2041","2/22/2014 12:00:00 AM"
"1985","4","4","257","1568","2","2/13/2014 12:00:00 AM","2/22/2014 12:00:00 AM","49376.2500","3950.1000","1234.4063","54560.7563","2/22/2014 12:00:00 AM"
"1986","4","4","261","1648","5","2/13/2014 12:00:00 AM","2/22/2014 12:00:00 AM","142.4115","11.3929","3.5603","157.3647","2/22/2014 12:00:00 AM"
"1987","4","4","251","1646","2","2/13/2014 12:00:00 AM","2/22/2014 12:00:00 AM","48030.6750","3842.4540","1200.7669","53073.8959","2/22/2014 12:00:00 AM"
"1988","4","4","253","1672","5","2/13/2014 12:00:00 AM","2/22/2014 12:00:00 AM","39258.4500","3140.6760","981.4613","43380.5873","2/22/2014 12:00:00 AM"
"1989","4","4","252","1600","1","2/13/2014 12:00:00 AM","2/22/2014 12:00:00 AM","1276.2750","102.1020","31.9069","1410.2839","2/22/2014 12:00:00 AM"
"1990","4","4","256","1522","1","2/13/2014 12:00:00 AM","2/22/2014 12:00:00 AM","2003.9250","160.3140","50.0981","2214.3371","2/22/2014 12:00:00 AM"
"1991","4","4","259","1570","4","2/13/2014 12:00:00 AM","2/22/2014 12:00:00 AM","22516.7250","1801.3380","562.9181","24880.9811","2/22/2014 12:00:00 AM"
"1992","4","4","260","1516","1","2/13/2014 12:00:00 AM","2/22/2014 12:00:00 AM","454.8600","36.3888","11.3715","502.6203","2/22/2014 12:00:00 AM"
"1993","4","4","258","1506","5","2/14/2014 12:00:00 AM","2/23/2014 12:00:00 AM","43878.4500","3510.2760","1096.9613","48485.6873","2/23/2014 12:00:00 AM"
"1994","4","4","254","1626","2","2/14/2014 12:00:00 AM","2/23/2014 12:00:00 AM","7132.1250","570.5700","178.3031","7880.9981","2/23/2014 12:00:00 AM"
"1995","4","4","257","1542","2","2/14/2014 12:00:00 AM","2/23/2014 12:00:00 AM","28343.7000","2267.4960","708.5925","31319.7885","2/23/2014 12:00:00 AM"
"1996","4","4","261","1610","4","2/14/2014 12:00:00 AM","2/23/2014 12:00:00 AM","22516.7250","1801.3380","562.9181","24880.9811","2/23/2014 12:00:00 AM"
"1997","4","4","251","1638","5","2/14/2014 12:00:00 AM","2/23/2014 12:00:00 AM","34644.2250","2771.5380","866.1056","38281.8686","2/23/2014 12:00:00 AM"
"1998","4","4","253","1582","5","2/14/2014 12:00:00 AM","2/23/2014 12:00:00 AM","656.5860","52.5269","16.4147","725.5276","2/23/2014 12:00:00 AM"
"1999","4","4","255","1510","5","2/14/2014 12:00:00 AM","2/23/2014 12:00:00 AM","143.0415","11.4433","3.5760","158.0608","2/23/2014 12:00:00 AM"
"2000","4","4","252","1526","2","2/14/2014 12:00:00 AM","2/23/2014 12:00:00 AM","28199.3250","2255.9460","704.9831","31160.2541","2/23/2014 12:00:00 AM"
"2001","4","4","259","1644","1","2/14/2014 12:00:00 AM","2/23/2014 12:00:00 AM","3713.3250","297.0660","92.8331","4103.2241","2/23/2014 12:00:00 AM"
"2002","4","4","260","1680","5","2/14/2014 12:00:00 AM","2/23/2014 12:00:00 AM","43878.4500","3510.2760","1096.9613","48485.6873","2/23/2014 12:00:00 AM"
"2003","4","4","258","1584","5","2/14/2014 12:00:00 AM","2/23/2014 12:00:00 AM","9799.6500","783.9720","244.9913","10828.6133","2/23/2014 12:00:00 AM"
"2004","4","3","250","1620","5","2/14/2014 12:00:00 AM","2/23/2014 12:00:00 AM","5711.4750","456.9180","142.7869","6311.1799","2/23/2014 12:00:00 AM"
"2005","4","4","257","1666","4","2/14/2014 12:00:00 AM","2/23/2014 12:00:00 AM","111.5415","8.9233","2.7885","123.2533","2/23/2014 12:00:00 AM"
"2006","4","4","261","1592","2","2/14/2014 12:00:00 AM","2/23/2014 12:00:00 AM","97.9650","7.8372","2.4491","108.2513","2/23/2014 12:00:00 AM"
"2007","4","4","251","1618","4","2/14/2014 12:00:00 AM","2/23/2014 12:00:00 AM","114.4710","9.1577","2.8618","126.4905","2/23/2014 12:00:00 AM"
"2008","4","4","253","1612","4","2/14/2014 12:00:00 AM","2/23/2014 12:00:00 AM","132.6465","10.6117","3.3162","146.5744","2/23/2014 12:00:00 AM"
"2009","5","4","255","1586","5","2/17/2014 12:00:00 AM","2/26/2014 12:00:00 AM","43878.4500","3510.2760","1096.9613","48485.6873","2/26/2014 12:00:00 AM"
"2010","4","4","256","1500","1","2/17/2014 12:00:00 AM","2/26/2014 12:00:00 AM","418.9500","33.5160","10.4738","462.9398","2/26/2014 12:00:00 AM"
"2011","4","4","259","1656","5","2/17/2014 12:00:00 AM","2/26/2014 12:00:00 AM","566.0865","45.2869","14.1522","625.5256","2/26/2014 12:00:00 AM"
"2012","4","4","260","1572","1","2/17/2014 12:00:00 AM","2/26/2014 12:00:00 AM","461.7900","36.9432","11.5448","510.2780","2/26/2014 12:00:00 AM"
"2013","4","4","258","1562","4","2/17/2014 12:00:00 AM","2/26/2014 12:00:00 AM","377.0550","30.1644","9.4264","416.6458","2/26/2014 12:00:00 AM"
"2014","4","4","254","1662","2","2/17/2014 12:00:00 AM","2/26/2014 12:00:00 AM","37.0755","2.9660","0.9269","40.9684","2/26/2014 12:00:00 AM"
"2015","4","4","257","1682","4","2/17/2014 12:00:00 AM","2/26/2014 12:00:00 AM","21558.0750","1724.6460","538.9519","23821.6729","2/26/2014 12:00:00 AM"
"2016","4","4","261","1686","4","2/17/2014 12:00:00 AM","2/26/2014 12:00:00 AM","552.2265","44.1781","13.8057","610.2103","2/26/2014 12:00:00 AM"
"2017","4","4","251","1684","5","2/17/2014 12:00:00 AM","2/26/2014 12:00:00 AM","86220.7500","6897.6600","2155.5188","95273.9288","2/26/2014 12:00:00 AM"
"2018","4","4","253","1534","5","2/17/2014 12:00:00 AM","2/26/2014 12:00:00 AM","696.5280","55.7222","17.4132","769.6634","2/26/2014 12:00:00 AM"
"2019","4","4","255","1614","4","2/17/2014 12:00:00 AM","2/26/2014 12:00:00 AM","663.4530","53.0762","16.5863","733.1155","2/26/2014 12:00:00 AM"
"2020","4","4","256","1588","5","2/17/2014 12:00:00 AM","2/26/2014 12:00:00 AM","40471.2000","3237.6960","1011.7800","44720.6760","2/26/2014 12:00:00 AM"
"2021","4","4","259","1622","4","2/17/2014 12:00:00 AM","2/26/2014 12:00:00 AM","259.8435","20.7875","6.4961","287.1271","2/26/2014 12:00:00 AM"
"2022","4","4","250","1632","5","2/17/2014 12:00:00 AM","2/26/2014 12:00:00 AM","38421.0750","3073.6860","960.5269","42455.2879","2/26/2014 12:00:00 AM"
"2023","4","4","258","1608","5","2/17/2014 12:00:00 AM","2/26/2014 12:00:00 AM","5948.2500","475.8600","148.7063","6572.8163","2/26/2014 12:00:00 AM"
"2024","4","4","254","1576","5","2/17/2014 12:00:00 AM","2/26/2014 12:00:00 AM","91117.9500","7289.4360","2277.9488","100685.3348","2/26/2014 12:00:00 AM"
"2025","4","4","257","1590","1","2/19/2014 12:00:00 AM","2/28/2014 12:00:00 AM","525.0000","42.0000","13.1250","580.1250","2/28/2014 12:00:00 AM"
"2026","4","4","261","1514","5","2/19/2014 12:00:00 AM","2/28/2014 12:00:00 AM","2003.6835","160.2947","50.0921","2214.0703","2/28/2014 12:00:00 AM"
"2027","4","4","251","1498","4","2/19/2014 12:00:00 AM","2/28/2014 12:00:00 AM","26455.2750","2116.4220","661.3819","29233.0789","2/28/2014 12:00:00 AM"
"2028","4","4","253","1674","2","2/19/2014 12:00:00 AM","2/28/2014 12:00:00 AM","944.3700","75.5496","23.6093","1043.5289","2/28/2014 12:00:00 AM"
"2029","4","4","255","1652","1","2/19/2014 12:00:00 AM","2/28/2014 12:00:00 AM","3401.4750","272.1180","85.0369","3758.6299","2/28/2014 12:00:00 AM"
"2030","4","4","256","1578","3","2/19/2014 12:00:00 AM","2/28/2014 12:00:00 AM","62843.5500","5027.4840","1571.0888","69442.1228","2/28/2014 12:00:00 AM"
"2031","4","4","259","1538","5","2/19/2014 12:00:00 AM","2/28/2014 12:00:00 AM","37843.5750","3027.4860","946.0894","41817.1504","2/28/2014 12:00:00 AM"
"2032","4","4","260","1556","4","2/19/2014 12:00:00 AM","2/28/2014 12:00:00 AM","25531.2750","2042.5020","638.2819","28212.0589","2/28/2014 12:00:00 AM"
"2033","4","4","250","1554","5","2/19/2014 12:00:00 AM","2/28/2014 12:00:00 AM","415.3275","33.2262","10.3832","458.9369","2/28/2014 12:00:00 AM"
"2034","4","4","254","1688","4","2/19/2014 12:00:00 AM","2/28/2014 12:00:00 AM","125.7480","10.0598","3.1437","138.9515","2/28/2014 12:00:00 AM"
"2035","4","4","257","1580","5","2/19/2014 12:00:00 AM","2/28/2014 12:00:00 AM","150.7905","12.0632","3.7698","166.6235","2/28/2014 12:00:00 AM"
"2036","4","4","261","1496","4","2/19/2014 12:00:00 AM","2/28/2014 12:00:00 AM","484.4070","38.7526","12.1102","535.2698","2/28/2014 12:00:00 AM"
"2037","4","4","251","1494","2","2/19/2014 12:00:00 AM","2/28/2014 12:00:00 AM","8847.3000","707.7840","221.1825","9776.2665","2/28/2014 12:00:00 AM"
"2038","4","4","253","1650","5","2/19/2014 12:00:00 AM","2/28/2014 12:00:00 AM","171.0765","13.6861","4.2769","189.0395","2/28/2014 12:00:00 AM"
"2039","4","4","255","1654","4","2/19/2014 12:00:00 AM","2/28/2014 12:00:00 AM","20397.3000","1631.7840","509.9325","22539.0165","2/28/2014 12:00:00 AM"
"2040","4","4","256","1664","3","2/19/2014 12:00:00 AM","2/28/2014 12:00:00 AM","14628.0750","1170.2460","365.7019","16164.0229","2/28/2014 12:00:00 AM"
"2041","4","4","259","1678","4","2/20/2014 12:00:00 AM","3/1/2014 12:00:00 AM","25334.9250","2026.7940","633.3731","27995.0921","3/1/2014 12:00:00 AM"
"2042","4","4","260","1616","5","2/20/2014 12:00:00 AM","3/1/2014 12:00:00 AM","272.4435","21.7955","6.8111","301.0501","3/1/2014 12:00:00 AM"
"2043","4","4","258","1492","5","2/20/2014 12:00:00 AM","3/1/2014 12:00:00 AM","415.3275","33.2262","10.3832","458.9369","3/1/2014 12:00:00 AM"
"2044","4","4","254","1602","5","2/20/2014 12:00:00 AM","3/1/2014 12:00:00 AM","270.8055","21.6644","6.7701","299.2400","3/1/2014 12:00:00 AM"
"2045","4","4","257","1540","4","2/20/2014 12:00:00 AM","3/1/2014 12:00:00 AM","1814.6835","145.1747","45.3671","2005.2253","3/1/2014 12:00:00 AM"
"2046","4","4","261","1628","5","2/20/2014 12:00:00 AM","3/1/2014 12:00:00 AM","34644.2250","2771.5380","866.1056","38281.8686","3/1/2014 12:00:00 AM"
"2047","4","4","251","1604","4","2/20/2014 12:00:00 AM","3/1/2014 12:00:00 AM","1839.5055","147.1604","45.9876","2032.6535","3/1/2014 12:00:00 AM"
"2048","4","4","253","1690","5","2/20/2014 12:00:00 AM","3/1/2014 12:00:00 AM","146.2860","11.7029","3.6572","161.6461","3/1/2014 12:00:00 AM"
"2049","4","4","255","1566","5","2/20/2014 12:00:00 AM","3/1/2014 12:00:00 AM","102.5640","8.2051","2.5641","113.3332","3/1/2014 12:00:00 AM"
"2050","4","4","256","1698","5","2/20/2014 12:00:00 AM","3/1/2014 12:00:00 AM","150.7905","12.0632","3.7698","166.6235","3/1/2014 12:00:00 AM"
"2051","4","4","252","1560","5","2/20/2014 12:00:00 AM","3/1/2014 12:00:00 AM","13669.4250","1093.5540","341.7356","15104.7146","3/1/2014 12:00:00 AM"
"2052","4","4","260","1692","5","2/20/2014 12:00:00 AM","3/1/2014 12:00:00 AM","6444.9000","515.5920","161.1225","7121.6145","3/1/2014 12:00:00 AM"
"2053","4","4","258","1696","4","2/20/2014 12:00:00 AM","3/1/2014 12:00:00 AM","50860.4250","4068.8340","1271.5106","56200.7696","3/1/2014 12:00:00 AM"
"2054","4","4","254","1504","1","2/20/2014 12:00:00 AM","3/1/2014 12:00:00 AM","551.8800","44.1504","13.7970","609.8274","3/1/2014 12:00:00 AM"
"2055","4","4","257","1544","1","2/20/2014 12:00:00 AM","3/1/2014 12:00:00 AM","6987.7500","559.0200","174.6938","7721.4638","3/1/2014 12:00:00 AM"
"2056","4","4","261","1530","2","2/20/2014 12:00:00 AM","3/1/2014 12:00:00 AM","28072.2750","2245.7820","701.8069","31019.8639","3/1/2014 12:00:00 AM"
"2057","4","4","250","1508","1","2/21/2014 12:00:00 AM","3/2/2014 12:00:00 AM","37312.2750","2984.9820","932.8069","41230.0639","3/2/2014 12:00:00 AM"
"2058","4","4","253","1694","1","2/21/2014 12:00:00 AM","3/2/2014 12:00:00 AM","7623.0000","609.8400","190.5750","8423.4150","3/2/2014 12:00:00 AM"
"2059","4","4","255","1624","2","2/21/2014 12:00:00 AM","3/2/2014 12:00:00 AM","28297.5000","2263.8000","707.4375","31268.7375","3/2/2014 12:00:00 AM"
"2060","4","4","256","1548","2","2/21/2014 12:00:00 AM","3/2/2014 12:00:00 AM","59.9445","4.7956","1.4986","66.2387","3/2/2014 12:00:00 AM"
"2061","4","4","259","1598","5","2/21/2014 12:00:00 AM","3/2/2014 12:00:00 AM","222.0435","17.7635","5.5511","245.3581","3/2/2014 12:00:00 AM"
"2062","4","4","260","1658","5","2/21/2014 12:00:00 AM","3/2/2014 12:00:00 AM","43878.4500","3510.2760","1096.9613","48485.6873","3/2/2014 12:00:00 AM"
"2063","5","4","258","1536","4","2/21/2014 12:00:00 AM","3/2/2014 12:00:00 AM","345.5550","27.6444","8.6389","381.8383","3/2/2014 12:00:00 AM"
"2064","4","4","254","1568","2","2/21/2014 12:00:00 AM","3/2/2014 12:00:00 AM","15153.6000","1212.2880","378.8400","16744.7280","3/2/2014 12:00:00 AM"
"2065","4","4","252","1648","5","2/21/2014 12:00:00 AM","3/2/2014 12:00:00 AM","142.4115","11.3929","3.5603","157.3647","3/2/2014 12:00:00 AM"
"2066","4","4","261","1646","2","2/21/2014 12:00:00 AM","3/2/2014 12:00:00 AM","48030.6750","3842.4540","1200.7669","53073.8959","3/2/2014 12:00:00 AM"
"2067","4","4","251","1672","4","2/21/2014 12:00:00 AM","3/2/2014 12:00:00 AM","823.4100","65.8728","20.5853","909.8681","3/2/2014 12:00:00 AM"
"2068","4","4","253","1600","1","2/21/2014 12:00:00 AM","3/2/2014 12:00:00 AM","1276.2750","102.1020","31.9069","1410.2839","3/2/2014 12:00:00 AM"
"2069","4","4","255","1522","1","2/21/2014 12:00:00 AM","3/2/2014 12:00:00 AM","2003.9250","160.3140","50.0981","2214.3371","3/2/2014 12:00:00 AM"
"2070","4","4","256","1570","2","2/21/2014 12:00:00 AM","3/2/2014 12:00:00 AM","50860.4250","4068.8340","1271.5106","56200.7696","3/2/2014 12:00:00 AM"
"2071","4","4","259","1516","1","2/21/2014 12:00:00 AM","3/2/2014 12:00:00 AM","454.8600","36.3888","11.3715","502.6203","3/2/2014 12:00:00 AM"
"2072","5","4","260","1506","5","2/21/2014 12:00:00 AM","3/2/2014 12:00:00 AM","43878.4500","3510.2760","1096.9613","48485.6873","3/2/2014 12:00:00 AM"
"2073","4","4","258","1626","2","2/24/2014 12:00:00 AM","3/5/2014 12:00:00 AM","7132.1250","570.5700","178.3031","7880.9981","3/5/2014 12:00:00 AM"
"2074","4","4","254","1542","2","2/24/2014 12:00:00 AM","3/5/2014 12:00:00 AM","28343.7000","2267.4960","708.5925","31319.7885","3/5/2014 12:00:00 AM"
"2075","4","4","257","1610","4","2/24/2014 12:00:00 AM","3/5/2014 12:00:00 AM","22516.7250","1801.3380","562.9181","24880.9811","3/5/2014 12:00:00 AM"
"2076","4","4","261","1638","5","2/24/2014 12:00:00 AM","3/5/2014 12:00:00 AM","34644.2250","2771.5380","866.1056","38281.8686","3/5/2014 12:00:00 AM"
"2077","6","4","251","1582","4","2/24/2014 12:00:00 AM","3/5/2014 12:00:00 AM","364.9275","29.1942","9.1232","403.2449","3/5/2014 12:00:00 AM"
"2078","4","4","253","1510","5","2/24/2014 12:00:00 AM","3/5/2014 12:00:00 AM","143.0415","11.4433","3.5760","158.0608","3/5/2014 12:00:00 AM"
"2079","4","4","255","1526","2","2/24/2014 12:00:00 AM","3/5/2014 12:00:00 AM","28199.3250","2255.9460","704.9831","31160.2541","3/5/2014 12:00:00 AM"
"2080","4","4","256","1644","1","2/24/2014 12:00:00 AM","3/5/2014 12:00:00 AM","3713.3250","297.0660","92.8331","4103.2241","3/5/2014 12:00:00 AM"
"2081","4","4","259","1680","4","2/24/2014 12:00:00 AM","3/5/2014 12:00:00 AM","19952.6250","1596.2100","498.8156","22047.6506","3/5/2014 12:00:00 AM"
"2082","4","4","260","1584","5","2/24/2014 12:00:00 AM","3/5/2014 12:00:00 AM","6540.6600","523.2528","163.5165","7227.4293","3/5/2014 12:00:00 AM"
"2083","6","4","258","1620","5","2/24/2014 12:00:00 AM","3/5/2014 12:00:00 AM","5711.4750","456.9180","142.7869","6311.1799","3/5/2014 12:00:00 AM"
"2084","4","4","254","1666","5","2/24/2014 12:00:00 AM","3/5/2014 12:00:00 AM","279.7830","22.3826","6.9946","309.1602","3/5/2014 12:00:00 AM"
"2085","4","4","257","1592","2","2/24/2014 12:00:00 AM","3/5/2014 12:00:00 AM","97.9650","7.8372","2.4491","108.2513","3/5/2014 12:00:00 AM"
"2086","4","4","261","1618","4","2/24/2014 12:00:00 AM","3/5/2014 12:00:00 AM","114.4710","9.1577","2.8618","126.4905","3/5/2014 12:00:00 AM"
"2087","4","4","251","1612","4","2/24/2014 12:00:00 AM","3/5/2014 12:00:00 AM","132.6465","10.6117","3.3162","146.5744","3/5/2014 12:00:00 AM"
"2088","4","4","253","1586","5","2/24/2014 12:00:00 AM","3/5/2014 12:00:00 AM","43878.4500","3510.2760","1096.9613","48485.6873","3/5/2014 12:00:00 AM"
"2089","4","4","252","1500","1","2/25/2014 12:00:00 AM","3/6/2014 12:00:00 AM","418.9500","33.5160","10.4738","462.9398","3/6/2014 12:00:00 AM"
"2090","4","4","256","1656","4","2/25/2014 12:00:00 AM","3/6/2014 12:00:00 AM","404.1450","32.3316","10.1036","446.5802","3/6/2014 12:00:00 AM"
"2091","4","4","259","1572","1","2/25/2014 12:00:00 AM","3/6/2014 12:00:00 AM","461.7900","36.9432","11.5448","510.2780","3/6/2014 12:00:00 AM"
"2092","4","4","260","1562","4","2/25/2014 12:00:00 AM","3/6/2014 12:00:00 AM","247.2435","19.7795","6.1811","273.2041","3/6/2014 12:00:00 AM"
"2093","4","4","258","1662","2","2/25/2014 12:00:00 AM","3/6/2014 12:00:00 AM","37.0755","2.9660","0.9269","40.9684","3/6/2014 12:00:00 AM"
"2094","4","4","254","1682","4","2/25/2014 12:00:00 AM","3/6/2014 12:00:00 AM","21558.0750","1724.6460","538.9519","23821.6729","3/6/2014 12:00:00 AM"
"2095","4","4","257","1686","5","2/25/2014 12:00:00 AM","3/6/2014 12:00:00 AM","533.5470","42.6838","13.3387","589.5695","3/6/2014 12:00:00 AM"
"2096","4","4","261","1684","5","2/25/2014 12:00:00 AM","3/6/2014 12:00:00 AM","86220.7500","6897.6600","2155.5188","95273.9288","3/6/2014 12:00:00 AM"
"2097","4","4","251","1534","5","2/25/2014 12:00:00 AM","3/6/2014 12:00:00 AM","776.7900","62.1432","19.4198","858.3530","3/6/2014 12:00:00 AM"
"2098","4","4","253","1614","4","2/25/2014 12:00:00 AM","3/6/2014 12:00:00 AM","136.6470","10.9318","3.4162","150.9950","3/6/2014 12:00:00 AM"
"2099","4","4","255","1588","5","2/25/2014 12:00:00 AM","3/6/2014 12:00:00 AM","40471.2000","3237.6960","1011.7800","44720.6760","3/6/2014 12:00:00 AM"
"2100","4","4","252","1622","5","2/25/2014 12:00:00 AM","3/6/2014 12:00:00 AM","427.4550","34.1964","10.6864","472.3378","3/6/2014 12:00:00 AM"
"2101","4","4","259","1632","4","2/25/2014 12:00:00 AM","3/6/2014 12:00:00 AM","23671.7250","1893.7380","591.7931","26157.2561","3/6/2014 12:00:00 AM"
"2102","4","4","260","1608","5","2/25/2014 12:00:00 AM","3/6/2014 12:00:00 AM","5948.2500","475.8600","148.7063","6572.8163","3/6/2014 12:00:00 AM"
"2103","5","4","258","1576","5","2/25/2014 12:00:00 AM","3/6/2014 12:00:00 AM","91117.9500","7289.4360","2277.9488","100685.3348","3/6/2014 12:00:00 AM"
"2104","4","3","250","1590","1","2/25/2014 12:00:00 AM","3/6/2014 12:00:00 AM","525.0000","42.0000","13.1250","580.1250","3/6/2014 12:00:00 AM"
"2105","4","4","257","1514","5","2/26/2014 12:00:00 AM","3/7/2014 12:00:00 AM","2003.6835","160.2947","50.0921","2214.0703","3/7/2014 12:00:00 AM"
"2106","4","4","261","1498","4","2/26/2014 12:00:00 AM","3/7/2014 12:00:00 AM","26455.2750","2116.4220","661.3819","29233.0789","3/7/2014 12:00:00 AM"
"2107","4","4","251","1674","2","2/26/2014 12:00:00 AM","3/7/2014 12:00:00 AM","944.3700","75.5496","23.6093","1043.5289","3/7/2014 12:00:00 AM"
"2108","4","4","253","1652","4","2/26/2014 12:00:00 AM","3/7/2014 12:00:00 AM","51588.0750","4127.0460","1289.7019","57004.8229","3/7/2014 12:00:00 AM"
"2109","4","4","255","1578","3","2/26/2014 12:00:00 AM","3/7/2014 12:00:00 AM","62843.5500","5027.4840","1571.0888","69442.1228","3/7/2014 12:00:00 AM"
"2110","4","4","256","1538","5","2/26/2014 12:00:00 AM","3/7/2014 12:00:00 AM","37843.5750","3027.4860","946.0894","41817.1504","3/7/2014 12:00:00 AM"
"2111","4","4","259","1556","4","2/26/2014 12:00:00 AM","3/7/2014 12:00:00 AM","25531.2750","2042.5020","638.2819","28212.0589","3/7/2014 12:00:00 AM"
"2112","4","4","260","1554","5","2/26/2014 12:00:00 AM","3/7/2014 12:00:00 AM","272.7585","21.8207","6.8190","301.3982","3/7/2014 12:00:00 AM"
"2113","4","4","258","1688","4","2/26/2014 12:00:00 AM","3/7/2014 12:00:00 AM","125.7480","10.0598","3.1437","138.9515","3/7/2014 12:00:00 AM"
"2114","4","4","254","1580","5","2/26/2014 12:00:00 AM","3/7/2014 12:00:00 AM","150.7905","12.0632","3.7698","166.6235","3/7/2014 12:00:00 AM"
"2115","4","4","257","1496","4","2/26/2014 12:00:00 AM","3/7/2014 12:00:00 AM","111.5415","8.9233","2.7885","123.2533","3/7/2014 12:00:00 AM"
"2116","4","4","261","1494","2","2/26/2014 12:00:00 AM","3/7/2014 12:00:00 AM","8847.3000","707.7840","221.1825","9776.2665","3/7/2014 12:00:00 AM"
"2117","4","4","251","1650","5","2/26/2014 12:00:00 AM","3/7/2014 12:00:00 AM","171.0765","13.6861","4.2769","189.0395","3/7/2014 12:00:00 AM"
"2118","4","4","253","1654","4","2/26/2014 12:00:00 AM","3/7/2014 12:00:00 AM","20397.3000","1631.7840","509.9325","22539.0165","3/7/2014 12:00:00 AM"
"2119","4","4","255","1664","3","2/26/2014 12:00:00 AM","3/7/2014 12:00:00 AM","14628.0750","1170.2460","365.7019","16164.0229","3/7/2014 12:00:00 AM"
"2120","4","4","256","1678","3","2/26/2014 12:00:00 AM","3/7/2014 12:00:00 AM","58685.5500","4694.8440","1467.1388","64847.5328","3/7/2014 12:00:00 AM"
"2121","4","4","259","1616","4","2/27/2014 12:00:00 AM","3/8/2014 12:00:00 AM","500.5665","40.0453","12.5142","553.1260","3/8/2014 12:00:00 AM"
"2122","4","4","250","1492","5","2/27/2014 12:00:00 AM","3/8/2014 12:00:00 AM","272.7585","21.8207","6.8190","301.3982","3/8/2014 12:00:00 AM"
"2123","4","4","258","1602","5","2/27/2014 12:00:00 AM","3/8/2014 12:00:00 AM","1525.2300","122.0184","38.1308","1685.3792","3/8/2014 12:00:00 AM"
"2124","4","4","254","1540","4","2/27/2014 12:00:00 AM","3/8/2014 12:00:00 AM","260.1585","20.8127","6.5040","287.4752","3/8/2014 12:00:00 AM"
"2125","4","4","257","1628","5","2/27/2014 12:00:00 AM","3/8/2014 12:00:00 AM","34644.2250","2771.5380","866.1056","38281.8686","3/8/2014 12:00:00 AM"
"2126","4","4","261","1604","4","2/27/2014 12:00:00 AM","3/8/2014 12:00:00 AM","1839.5055","147.1604","45.9876","2032.6535","3/8/2014 12:00:00 AM"
"2127","4","4","251","1690","5","2/27/2014 12:00:00 AM","3/8/2014 12:00:00 AM","146.2860","11.7029","3.6572","161.6461","3/8/2014 12:00:00 AM"
"2128","4","4","253","1566","5","2/27/2014 12:00:00 AM","3/8/2014 12:00:00 AM","102.5640","8.2051","2.5641","113.3332","3/8/2014 12:00:00 AM"
"2129","4","4","255","1698","5","2/27/2014 12:00:00 AM","3/8/2014 12:00:00 AM","150.7905","12.0632","3.7698","166.6235","3/8/2014 12:00:00 AM"
"2130","4","4","256","1560","5","2/27/2014 12:00:00 AM","3/8/2014 12:00:00 AM","13669.4250","1093.5540","341.7356","15104.7146","3/8/2014 12:00:00 AM"
"2131","4","4","259","1692","5","2/27/2014 12:00:00 AM","3/8/2014 12:00:00 AM","9948.3300","795.8664","248.7083","10992.9047","3/8/2014 12:00:00 AM"
"2132","4","4","260","1696","4","2/27/2014 12:00:00 AM","3/8/2014 12:00:00 AM","34118.7000","2729.4960","852.9675","37701.1635","3/8/2014 12:00:00 AM"
"2133","4","4","250","1504","1","2/27/2014 12:00:00 AM","3/8/2014 12:00:00 AM","551.8800","44.1504","13.7970","609.8274","3/8/2014 12:00:00 AM"
"2134","4","4","254","1544","1","2/27/2014 12:00:00 AM","3/8/2014 12:00:00 AM","3811.5000","304.9200","95.2875","4211.7075","3/8/2014 12:00:00 AM"
"2135","4","4","257","1530","2","2/27/2014 12:00:00 AM","3/8/2014 12:00:00 AM","28072.2750","2245.7820","701.8069","31019.8639","3/8/2014 12:00:00 AM"
"2136","4","4","261","1508","1","2/27/2014 12:00:00 AM","3/8/2014 12:00:00 AM","37312.2750","2984.9820","932.8069","41230.0639","3/8/2014 12:00:00 AM"
"2137","4","4","251","1694","1","2/28/2014 12:00:00 AM","3/9/2014 12:00:00 AM","7623.0000","609.8400","190.5750","8423.4150","3/9/2014 12:00:00 AM"
"2138","4","4","253","1624","2","2/28/2014 12:00:00 AM","3/9/2014 12:00:00 AM","28297.5000","2263.8000","707.4375","31268.7375","3/9/2014 12:00:00 AM"
"2139","4","4","255","1548","2","2/28/2014 12:00:00 AM","3/9/2014 12:00:00 AM","59.9445","4.7956","1.4986","66.2387","3/9/2014 12:00:00 AM"
"2140","4","4","256","1598","4","2/28/2014 12:00:00 AM","3/9/2014 12:00:00 AM","370.7550","29.6604","9.2689","409.6843","3/9/2014 12:00:00 AM"
"2141","4","4","259","1658","5","2/28/2014 12:00:00 AM","3/9/2014 12:00:00 AM","43878.4500","3510.2760","1096.9613","48485.6873","3/9/2014 12:00:00 AM"
"2142","4","4","260","1536","4","2/28/2014 12:00:00 AM","3/9/2014 12:00:00 AM","272.1285","21.7703","6.8032","300.7020","3/9/2014 12:00:00 AM"
"2143","4","4","258","1568","2","2/28/2014 12:00:00 AM","3/9/2014 12:00:00 AM","21252.0000","1700.1600","531.3000","23483.4600","3/9/2014 12:00:00 AM"
"2144","4","4","254","1648","5","2/28/2014 12:00:00 AM","3/9/2014 12:00:00 AM","142.4115","11.3929","3.5603","157.3647","3/9/2014 12:00:00 AM"
"2145","4","4","257","1646","2","2/28/2014 12:00:00 AM","3/9/2014 12:00:00 AM","48030.6750","3842.4540","1200.7669","53073.8959","3/9/2014 12:00:00 AM"
"2146","4","4","261","1672","4","2/28/2014 12:00:00 AM","3/9/2014 12:00:00 AM","50983.9365","4078.7149","1274.5984","56337.2498","3/9/2014 12:00:00 AM"
"2147","4","4","251","1600","1","2/28/2014 12:00:00 AM","3/9/2014 12:00:00 AM","1276.2750","102.1020","31.9069","1410.2839","3/9/2014 12:00:00 AM"
"2148","4","4","253","1522","1","2/28/2014 12:00:00 AM","3/9/2014 12:00:00 AM","2003.9250","160.3140","50.0981","2214.3371","3/9/2014 12:00:00 AM"
"2149","4","4","255","1570","2","2/28/2014 12:00:00 AM","3/9/2014 12:00:00 AM","50860.4250","4068.8340","1271.5106","56200.7696","3/9/2014 12:00:00 AM"
"2150","4","4","256","1516","1","2/28/2014 12:00:00 AM","3/9/2014 12:00:00 AM","454.8600","36.3888","11.3715","502.6203","3/9/2014 12:00:00 AM"
"2151","5","4","252","1506","5","2/28/2014 12:00:00 AM","3/9/2014 12:00:00 AM","43878.4500","3510.2760","1096.9613","48485.6873","3/9/2014 12:00:00 AM"
"2152","4","4","260","1626","2","2/28/2014 12:00:00 AM","3/9/2014 12:00:00 AM","7132.1250","570.5700","178.3031","7880.9981","3/9/2014 12:00:00 AM"
"2153","4","4","258","1542","2","3/1/2014 12:00:00 AM","3/10/2014 12:00:00 AM","28343.7000","2267.4960","708.5925","31319.7885","3/10/2014 12:00:00 AM"
"2154","4","4","254","1610","4","3/1/2014 12:00:00 AM","3/10/2014 12:00:00 AM","22516.7250","1801.3380","562.9181","24880.9811","3/10/2014 12:00:00 AM"
"2155","4","4","257","1638","5","3/1/2014 12:00:00 AM","3/10/2014 12:00:00 AM","34644.2250","2771.5380","866.1056","38281.8686","3/10/2014 12:00:00 AM"
"2156","4","4","261","1582","5","3/1/2014 12:00:00 AM","3/10/2014 12:00:00 AM","564.1965","45.1357","14.1049","623.4371","3/10/2014 12:00:00 AM"
"2157","4","4","250","1510","5","3/1/2014 12:00:00 AM","3/10/2014 12:00:00 AM","143.0415","11.4433","3.5760","158.0608","3/10/2014 12:00:00 AM"
"2158","4","4","253","1526","2","3/1/2014 12:00:00 AM","3/10/2014 12:00:00 AM","28199.3250","2255.9460","704.9831","31160.2541","3/10/2014 12:00:00 AM"
"2159","4","4","255","1644","1","3/1/2014 12:00:00 AM","3/10/2014 12:00:00 AM","3713.3250","297.0660","92.8331","4103.2241","3/10/2014 12:00:00 AM"
"2160","4","4","256","1680","5","3/1/2014 12:00:00 AM","3/10/2014 12:00:00 AM","63831.0750","5106.4860","1595.7769","70533.3379","3/10/2014 12:00:00 AM"
"2161","4","4","259","1584","5","3/1/2014 12:00:00 AM","3/10/2014 12:00:00 AM","9799.6500","783.9720","244.9913","10828.6133","3/10/2014 12:00:00 AM"
"2162","4","4","260","1620","5","3/1/2014 12:00:00 AM","3/10/2014 12:00:00 AM","5711.4750","456.9180","142.7869","6311.1799","3/10/2014 12:00:00 AM"
"2163","4","4","258","1666","5","3/1/2014 12:00:00 AM","3/10/2014 12:00:00 AM","416.7450","33.3396","10.4186","460.5032","3/10/2014 12:00:00 AM"
"2164","4","4","254","1592","2","3/1/2014 12:00:00 AM","3/10/2014 12:00:00 AM","97.9650","7.8372","2.4491","108.2513","3/10/2014 12:00:00 AM"
"2165","4","4","252","1618","4","3/1/2014 12:00:00 AM","3/10/2014 12:00:00 AM","114.4710","9.1577","2.8618","126.4905","3/10/2014 12:00:00 AM"
"2166","4","4","261","1612","4","3/1/2014 12:00:00 AM","3/10/2014 12:00:00 AM","132.6465","10.6117","3.3162","146.5744","3/10/2014 12:00:00 AM"
"2167","4","4","251","1586","5","3/1/2014 12:00:00 AM","3/10/2014 12:00:00 AM","43878.4500","3510.2760","1096.9613","48485.6873","3/10/2014 12:00:00 AM"
"2168","4","4","253","1500","1","3/1/2014 12:00:00 AM","3/10/2014 12:00:00 AM","418.9500","33.5160","10.4738","462.9398","3/10/2014 12:00:00 AM"
"2169","4","4","255","1656","4","3/3/2014 12:00:00 AM","3/12/2014 12:00:00 AM","633.7485","50.6999","15.8437","700.2921","3/12/2014 12:00:00 AM"
"2170","5","4","256","1572","1","3/3/2014 12:00:00 AM","3/12/2014 12:00:00 AM","461.7900","36.9432","11.5448","510.2780","3/12/2014 12:00:00 AM"
"2171","4","4","259","1562","4","3/3/2014 12:00:00 AM","3/12/2014 12:00:00 AM","475.2090","38.0167","11.8802","525.1059","3/12/2014 12:00:00 AM"
"2172","4","4","260","1662","2","3/3/2014 12:00:00 AM","3/12/2014 12:00:00 AM","37.0755","2.9660","0.9269","40.9684","3/12/2014 12:00:00 AM"
"2173","4","4","258","1682","4","3/3/2014 12:00:00 AM","3/12/2014 12:00:00 AM","21558.0750","1724.6460","538.9519","23821.6729","3/12/2014 12:00:00 AM"
"2174","4","4","254","1686","4","3/3/2014 12:00:00 AM","3/12/2014 12:00:00 AM","259.8435","20.7875","6.4961","287.1271","3/12/2014 12:00:00 AM"
"2175","4","4","257","1684","5","3/3/2014 12:00:00 AM","3/12/2014 12:00:00 AM","86220.7500","6897.6600","2155.5188","95273.9288","3/12/2014 12:00:00 AM"
"2176","4","4","261","1534","4","3/3/2014 12:00:00 AM","3/12/2014 12:00:00 AM","484.4070","38.7526","12.1102","535.2698","3/12/2014 12:00:00 AM"
"2177","4","4","251","1614","5","3/3/2014 12:00:00 AM","3/12/2014 12:00:00 AM","837.9000","67.0320","20.9475","925.8795","3/12/2014 12:00:00 AM"
"2178","4","4","253","1588","5","3/3/2014 12:00:00 AM","3/12/2014 12:00:00 AM","40471.2000","3237.6960","1011.7800","44720.6760","3/12/2014 12:00:00 AM"
"2179","4","4","255","1622","4","3/3/2014 12:00:00 AM","3/12/2014 12:00:00 AM","661.8780","52.9502","16.5470","731.3752","3/12/2014 12:00:00 AM"
"2180","4","4","256","1632","5","3/3/2014 12:00:00 AM","3/12/2014 12:00:00 AM","62092.8000","4967.4240","1552.3200","68612.5440","3/12/2014 12:00:00 AM"
"2181","4","4","259","1608","5","3/3/2014 12:00:00 AM","3/12/2014 12:00:00 AM","5948.2500","475.8600","148.7063","6572.8163","3/12/2014 12:00:00 AM"
"2182","4","4","260","1576","5","3/3/2014 12:00:00 AM","3/12/2014 12:00:00 AM","91117.9500","7289.4360","2277.9488","100685.3348","3/12/2014 12:00:00 AM"
"2183","4","4","258","1590","1","3/3/2014 12:00:00 AM","3/12/2014 12:00:00 AM","525.0000","42.0000","13.1250","580.1250","3/12/2014 12:00:00 AM"
"2184","4","4","254","1514","5","3/3/2014 12:00:00 AM","3/12/2014 12:00:00 AM","281.8935","22.5515","7.0473","311.4923","3/12/2014 12:00:00 AM"
"2185","4","4","257","1498","4","3/4/2014 12:00:00 AM","3/13/2014 12:00:00 AM","26455.2750","2116.4220","661.3819","29233.0789","3/13/2014 12:00:00 AM"
"2186","4","4","261","1674","2","3/4/2014 12:00:00 AM","3/13/2014 12:00:00 AM","944.3700","75.5496","23.6093","1043.5289","3/13/2014 12:00:00 AM"
"2187","4","4","251","1652","4","3/4/2014 12:00:00 AM","3/13/2014 12:00:00 AM","51588.0750","4127.0460","1289.7019","57004.8229","3/13/2014 12:00:00 AM"
"2188","4","4","253","1578","3","3/4/2014 12:00:00 AM","3/13/2014 12:00:00 AM","62843.5500","5027.4840","1571.0888","69442.1228","3/13/2014 12:00:00 AM"
"2189","4","4","252","1538","5","3/4/2014 12:00:00 AM","3/13/2014 12:00:00 AM","37843.5750","3027.4860","946.0894","41817.1504","3/13/2014 12:00:00 AM"
"2190","4","4","256","1556","4","3/4/2014 12:00:00 AM","3/13/2014 12:00:00 AM","25531.2750","2042.5020","638.2819","28212.0589","3/13/2014 12:00:00 AM"
"2191","4","4","259","1554","4","3/4/2014 12:00:00 AM","3/13/2014 12:00:00 AM","501.1965","40.0957","12.5299","553.8221","3/13/2014 12:00:00 AM"
"2192","4","4","260","1688","4","3/4/2014 12:00:00 AM","3/13/2014 12:00:00 AM","125.7480","10.0598","3.1437","138.9515","3/13/2014 12:00:00 AM"
"2193","4","4","258","1580","5","3/4/2014 12:00:00 AM","3/13/2014 12:00:00 AM","150.7905","12.0632","3.7698","166.6235","3/13/2014 12:00:00 AM"
"2194","4","4","254","1496","5","3/4/2014 12:00:00 AM","3/13/2014 12:00:00 AM","279.7830","22.3826","6.9946","309.1602","3/13/2014 12:00:00 AM"
"2195","5","4","257","1494","2","3/4/2014 12:00:00 AM","3/13/2014 12:00:00 AM","8847.3000","707.7840","221.1825","9776.2665","3/13/2014 12:00:00 AM"
"2196","4","4","261","1650","5","3/4/2014 12:00:00 AM","3/13/2014 12:00:00 AM","171.0765","13.6861","4.2769","189.0395","3/13/2014 12:00:00 AM"
"2197","4","4","251","1654","4","3/4/2014 12:00:00 AM","3/13/2014 12:00:00 AM","20397.3000","1631.7840","509.9325","22539.0165","3/13/2014 12:00:00 AM"
"2198","4","4","253","1664","3","3/4/2014 12:00:00 AM","3/13/2014 12:00:00 AM","14628.0750","1170.2460","365.7019","16164.0229","3/13/2014 12:00:00 AM"
"2199","4","4","255","1678","3","3/4/2014 12:00:00 AM","3/13/2014 12:00:00 AM","58685.5500","4694.8440","1467.1388","64847.5328","3/13/2014 12:00:00 AM"
"2200","4","4","252","1616","4","3/4/2014 12:00:00 AM","3/13/2014 12:00:00 AM","358.1550","28.6524","8.9539","395.7613","3/13/2014 12:00:00 AM"
"2201","4","4","259","1492","4","3/5/2014 12:00:00 AM","3/14/2014 12:00:00 AM","501.1965","40.0957","12.5299","553.8221","3/14/2014 12:00:00 AM"
"2202","4","4","260","1602","5","3/5/2014 12:00:00 AM","3/14/2014 12:00:00 AM","270.8055","21.6644","6.7701","299.2400","3/14/2014 12:00:00 AM"
"2203","4","4","258","1540","4","3/5/2014 12:00:00 AM","3/14/2014 12:00:00 AM","371.2275","29.6982","9.2807","410.2064","3/14/2014 12:00:00 AM"
"2204","4","3","250","1628","5","3/5/2014 12:00:00 AM","3/14/2014 12:00:00 AM","34644.2250","2771.5380","866.1056","38281.8686","3/14/2014 12:00:00 AM"
"2205","4","4","257","1604","4","3/5/2014 12:00:00 AM","3/14/2014 12:00:00 AM","1839.5055","147.1604","45.9876","2032.6535","3/14/2014 12:00:00 AM"
"2206","4","4","261","1690","5","3/5/2014 12:00:00 AM","3/14/2014 12:00:00 AM","146.2860","11.7029","3.6572","161.6461","3/14/2014 12:00:00 AM"
"2207","4","4","251","1566","5","3/5/2014 12:00:00 AM","3/14/2014 12:00:00 AM","102.5640","8.2051","2.5641","113.3332","3/14/2014 12:00:00 AM"
"2208","4","4","253","1698","5","3/5/2014 12:00:00 AM","3/14/2014 12:00:00 AM","150.7905","12.0632","3.7698","166.6235","3/14/2014 12:00:00 AM"
"2209","4","4","255","1560","5","3/5/2014 12:00:00 AM","3/14/2014 12:00:00 AM","13669.4250","1093.5540","341.7356","15104.7146","3/14/2014 12:00:00 AM"
"2210","4","4","256","1692","5","3/5/2014 12:00:00 AM","3/14/2014 12:00:00 AM","9637.1100","770.9688","240.9278","10649.0066","3/14/2014 12:00:00 AM"
"2211","4","4","259","1696","5","3/5/2014 12:00:00 AM","3/14/2014 12:00:00 AM","39258.4500","3140.6760","981.4613","43380.5873","3/14/2014 12:00:00 AM"
"2212","4","4","260","1504","1","3/5/2014 12:00:00 AM","3/14/2014 12:00:00 AM","551.8800","44.1504","13.7970","609.8274","3/14/2014 12:00:00 AM"
"2213","4","4","258","1544","1","3/5/2014 12:00:00 AM","3/14/2014 12:00:00 AM","3176.2500","254.1000","79.4063","3509.7563","3/14/2014 12:00:00 AM"
"2214","4","4","254","1530","2","3/5/2014 12:00:00 AM","3/14/2014 12:00:00 AM","28072.2750","2245.7820","701.8069","31019.8639","3/14/2014 12:00:00 AM"
"2215","4","4","257","1508","1","3/5/2014 12:00:00 AM","3/14/2014 12:00:00 AM","37312.2750","2984.9820","932.8069","41230.0639","3/14/2014 12:00:00 AM"
"2216","4","4","261","1694","1","3/5/2014 12:00:00 AM","3/14/2014 12:00:00 AM","7623.0000","609.8400","190.5750","8423.4150","3/14/2014 12:00:00 AM"
"2217","4","4","251","1624","2","3/6/2014 12:00:00 AM","3/15/2014 12:00:00 AM","28297.5000","2263.8000","707.4375","31268.7375","3/15/2014 12:00:00 AM"
"2218","4","4","253","1548","2","3/6/2014 12:00:00 AM","3/15/2014 12:00:00 AM","59.9445","4.7956","1.4986","66.2387","3/15/2014 12:00:00 AM"
"2219","4","4","255","1598","4","3/6/2014 12:00:00 AM","3/15/2014 12:00:00 AM","567.3780","45.3902","14.1845","626.9527","3/15/2014 12:00:00 AM"
"2220","4","4","256","1658","5","3/6/2014 12:00:00 AM","3/15/2014 12:00:00 AM","43878.4500","3510.2760","1096.9613","48485.6873","3/15/2014 12:00:00 AM"
"2221","4","4","259","1536","4","3/6/2014 12:00:00 AM","3/15/2014 12:00:00 AM","525.7665","42.0613","13.1442","580.9720","3/15/2014 12:00:00 AM"
"2222","4","4","250","1568","2","3/6/2014 12:00:00 AM","3/15/2014 12:00:00 AM","10914.7500","873.1800","272.8688","12060.7988","3/15/2014 12:00:00 AM"
"2223","4","4","258","1648","5","3/6/2014 12:00:00 AM","3/15/2014 12:00:00 AM","142.4115","11.3929","3.5603","157.3647","3/15/2014 12:00:00 AM"
"2224","4","4","254","1646","2","3/6/2014 12:00:00 AM","3/15/2014 12:00:00 AM","28794.1500","2303.5320","719.8538","31817.5358","3/15/2014 12:00:00 AM"
"2225","4","4","257","1672","4","3/6/2014 12:00:00 AM","3/15/2014 12:00:00 AM","51807.3465","4144.5877","1295.1837","57247.1179","3/15/2014 12:00:00 AM"
"2226","4","4","261","1600","1","3/6/2014 12:00:00 AM","3/15/2014 12:00:00 AM","1276.2750","102.1020","31.9069","1410.2839","3/15/2014 12:00:00 AM"
"2227","4","4","251","1522","1","3/6/2014 12:00:00 AM","3/15/2014 12:00:00 AM","2003.9250","160.3140","50.0981","2214.3371","3/15/2014 12:00:00 AM"
"2228","4","4","253","1570","2","3/6/2014 12:00:00 AM","3/15/2014 12:00:00 AM","50860.4250","4068.8340","1271.5106","56200.7696","3/15/2014 12:00:00 AM"
"2229","4","4","255","1516","1","3/6/2014 12:00:00 AM","3/15/2014 12:00:00 AM","454.8600","36.3888","11.3715","502.6203","3/15/2014 12:00:00 AM"
"2230","4","4","256","1506","5","3/6/2014 12:00:00 AM","3/15/2014 12:00:00 AM","43878.4500","3510.2760","1096.9613","48485.6873","3/15/2014 12:00:00 AM"
"2231","4","4","259","1626","2","3/6/2014 12:00:00 AM","3/15/2014 12:00:00 AM","7132.1250","570.5700","178.3031","7880.9981","3/15/2014 12:00:00 AM"
"2232","4","4","260","1542","2","3/6/2014 12:00:00 AM","3/15/2014 12:00:00 AM","28343.7000","2267.4960","708.5925","31319.7885","3/15/2014 12:00:00 AM"
"2233","4","4","250","1610","4","3/7/2014 12:00:00 AM","3/16/2014 12:00:00 AM","22516.7250","1801.3380","562.9181","24880.9811","3/16/2014 12:00:00 AM"
"2234","4","4","254","1638","5","3/7/2014 12:00:00 AM","3/16/2014 12:00:00 AM","34644.2250","2771.5380","866.1056","38281.8686","3/16/2014 12:00:00 AM"
"2235","4","4","257","1582","4","3/7/2014 12:00:00 AM","3/16/2014 12:00:00 AM","1151.4825","92.1186","28.7871","1272.3882","3/16/2014 12:00:00 AM"
"2236","4","4","261","1510","5","3/7/2014 12:00:00 AM","3/16/2014 12:00:00 AM","143.0415","11.4433","3.5760","158.0608","3/16/2014 12:00:00 AM"
"2237","4","4","251","1526","2","3/7/2014 12:00:00 AM","3/16/2014 12:00:00 AM","28199.3250","2255.9460","704.9831","31160.2541","3/16/2014 12:00:00 AM"
"2238","4","4","253","1644","1","3/7/2014 12:00:00 AM","3/16/2014 12:00:00 AM","3713.3250","297.0660","92.8331","4103.2241","3/16/2014 12:00:00 AM"
"2239","4","4","255","1680","5","3/7/2014 12:00:00 AM","3/16/2014 12:00:00 AM","63831.0750","5106.4860","1595.7769","70533.3379","3/16/2014 12:00:00 AM"
"2240","4","4","256","1584","5","3/7/2014 12:00:00 AM","3/16/2014 12:00:00 AM","9585.4500","766.8360","239.6363","10591.9223","3/16/2014 12:00:00 AM"
"2241","4","4","259","1620","5","3/7/2014 12:00:00 AM","3/16/2014 12:00:00 AM","5711.4750","456.9180","142.7869","6311.1799","3/16/2014 12:00:00 AM"
"2242","4","4","260","1666","5","3/7/2014 12:00:00 AM","3/16/2014 12:00:00 AM","273.7035","21.8963","6.8426","302.4424","3/16/2014 12:00:00 AM"
"2243","4","4","258","1592","2","3/7/2014 12:00:00 AM","3/16/2014 12:00:00 AM","97.9650","7.8372","2.4491","108.2513","3/16/2014 12:00:00 AM"
"2244","4","4","254","1618","4","3/7/2014 12:00:00 AM","3/16/2014 12:00:00 AM","114.4710","9.1577","2.8618","126.4905","3/16/2014 12:00:00 AM"
"2245","4","4","257","1612","4","3/7/2014 12:00:00 AM","3/16/2014 12:00:00 AM","132.6465","10.6117","3.3162","146.5744","3/16/2014 12:00:00 AM"
"2246","4","4","261","1586","5","3/7/2014 12:00:00 AM","3/16/2014 12:00:00 AM","43878.4500","3510.2760","1096.9613","48485.6873","3/16/2014 12:00:00 AM"
"2247","4","4","251","1500","1","3/7/2014 12:00:00 AM","3/16/2014 12:00:00 AM","418.9500","33.5160","10.4738","462.9398","3/16/2014 12:00:00 AM"
"2248","4","4","253","1656","4","3/7/2014 12:00:00 AM","3/16/2014 12:00:00 AM","607.8555","48.6284","15.1964","671.6803","3/16/2014 12:00:00 AM"
"2249","4","4","255","1572","1","3/10/2014 12:00:00 AM","3/19/2014 12:00:00 AM","461.7900","36.9432","11.5448","510.2780","3/19/2014 12:00:00 AM"
"2250","4","4","256","1562","5","3/10/2014 12:00:00 AM","3/19/2014 12:00:00 AM","414.9180","33.1934","10.3730","458.4844","3/19/2014 12:00:00 AM"
"2251","4","4","252","1662","2","3/10/2014 12:00:00 AM","3/19/2014 12:00:00 AM","37.0755","2.9660","0.9269","40.9684","3/19/2014 12:00:00 AM"
"2252","4","4","260","1682","4","3/10/2014 12:00:00 AM","3/19/2014 12:00:00 AM","21558.0750","1724.6460","538.9519","23821.6729","3/19/2014 12:00:00 AM"
"2253","4","4","258","1686","4","3/10/2014 12:00:00 AM","3/19/2014 12:00:00 AM","364.4550","29.1564","9.1114","402.7228","3/19/2014 12:00:00 AM"
"2254","4","4","254","1684","5","3/10/2014 12:00:00 AM","3/19/2014 12:00:00 AM","41048.7000","3283.8960","1026.2175","45358.8135","3/19/2014 12:00:00 AM"
"2255","4","4","257","1534","4","3/10/2014 12:00:00 AM","3/19/2014 12:00:00 AM","111.5415","8.9233","2.7885","123.2533","3/19/2014 12:00:00 AM"
"2256","4","4","261","1614","4","3/10/2014 12:00:00 AM","3/19/2014 12:00:00 AM","390.6000","31.2480","9.7650","431.6130","3/19/2014 12:00:00 AM"
"2257","4","4","250","1588","5","3/10/2014 12:00:00 AM","3/19/2014 12:00:00 AM","40471.2000","3237.6960","1011.7800","44720.6760","3/19/2014 12:00:00 AM"
"2258","4","4","253","1622","4","3/10/2014 12:00:00 AM","3/19/2014 12:00:00 AM","136.3320","10.9066","3.4083","150.6469","3/19/2014 12:00:00 AM"
"2259","4","4","255","1632","5","3/10/2014 12:00:00 AM","3/19/2014 12:00:00 AM","62092.8000","4967.4240","1552.3200","68612.5440","3/19/2014 12:00:00 AM"
"2260","4","4","256","1608","5","3/10/2014 12:00:00 AM","3/19/2014 12:00:00 AM","5948.2500","475.8600","148.7063","6572.8163","3/19/2014 12:00:00 AM"
"2261","4","4","259","1576","5","3/10/2014 12:00:00 AM","3/19/2014 12:00:00 AM","91117.9500","7289.4360","2277.9488","100685.3348","3/19/2014 12:00:00 AM"
"2262","4","4","260","1590","1","3/10/2014 12:00:00 AM","3/19/2014 12:00:00 AM","525.0000","42.0000","13.1250","580.1250","3/19/2014 12:00:00 AM"
"2263","5","4","258","1514","3","3/10/2014 12:00:00 AM","3/19/2014 12:00:00 AM","1721.7900","137.7432","43.0448","1902.5780","3/19/2014 12:00:00 AM"
"2264","4","4","254","1498","4","3/10/2014 12:00:00 AM","3/19/2014 12:00:00 AM","26455.2750","2116.4220","661.3819","29233.0789","3/19/2014 12:00:00 AM"
"2265","4","4","252","1674","2","3/11/2014 12:00:00 AM","3/20/2014 12:00:00 AM","944.3700","75.5496","23.6093","1043.5289","3/20/2014 12:00:00 AM"
"2266","4","4","261","1652","4","3/11/2014 12:00:00 AM","3/20/2014 12:00:00 AM","51588.0750","4127.0460","1289.7019","57004.8229","3/20/2014 12:00:00 AM"
"2267","4","4","251","1578","3","3/11/2014 12:00:00 AM","3/20/2014 12:00:00 AM","62843.5500","5027.4840","1571.0888","69442.1228","3/20/2014 12:00:00 AM"
"2268","4","4","253","1538","5","3/11/2014 12:00:00 AM","3/20/2014 12:00:00 AM","37843.5750","3027.4860","946.0894","41817.1504","3/20/2014 12:00:00 AM"
"2269","6","4","255","1556","4","3/12/2014 12:00:00 AM","3/21/2014 12:00:00 AM","25531.2750","2042.5020","638.2819","28212.0589","3/21/2014 12:00:00 AM"
"2270","4","4","256","1554","4","3/12/2014 12:00:00 AM","3/21/2014 12:00:00 AM","358.6275","28.6902","8.9657","396.2834","3/21/2014 12:00:00 AM"
"2271","4","4","259","1688","4","3/12/2014 12:00:00 AM","3/21/2014 12:00:00 AM","125.7480","10.0598","3.1437","138.9515","3/21/2014 12:00:00 AM"
"2272","4","4","260","1580","5","3/12/2014 12:00:00 AM","3/21/2014 12:00:00 AM","150.7905","12.0632","3.7698","166.6235","3/21/2014 12:00:00 AM"
"2273","4","4","258","1496","5","3/12/2014 12:00:00 AM","3/21/2014 12:00:00 AM","416.7450","33.3396","10.4186","460.5032","3/21/2014 12:00:00 AM"
"2274","4","4","254","1494","2","3/12/2014 12:00:00 AM","3/21/2014 12:00:00 AM","8847.3000","707.7840","221.1825","9776.2665","3/21/2014 12:00:00 AM"
"2275","4","4","257","1650","5","3/12/2014 12:00:00 AM","3/21/2014 12:00:00 AM","171.0765","13.6861","4.2769","189.0395","3/21/2014 12:00:00 AM"
"2276","4","4","261","1654","4","3/12/2014 12:00:00 AM","3/21/2014 12:00:00 AM","20397.3000","1631.7840","509.9325","22539.0165","3/21/2014 12:00:00 AM"
"2277","4","4","251","1664","3","3/12/2014 12:00:00 AM","3/21/2014 12:00:00 AM","14628.0750","1170.2460","365.7019","16164.0229","3/21/2014 12:00:00 AM"
"2278","4","4","253","1678","3","3/12/2014 12:00:00 AM","3/21/2014 12:00:00 AM","58685.5500","4694.8440","1467.1388","64847.5328","3/21/2014 12:00:00 AM"
"2279","4","4","255","1616","4","3/12/2014 12:00:00 AM","3/21/2014 12:00:00 AM","599.4135","47.9531","14.9853","662.3519","3/21/2014 12:00:00 AM"
"2280","4","4","256","1492","4","3/12/2014 12:00:00 AM","3/21/2014 12:00:00 AM","358.6275","28.6902","8.9657","396.2834","3/21/2014 12:00:00 AM"
"2281","4","4","259","1602","5","3/12/2014 12:00:00 AM","3/21/2014 12:00:00 AM","1525.2300","122.0184","38.1308","1685.3792","3/21/2014 12:00:00 AM"
"2282","4","4","260","1540","4","3/12/2014 12:00:00 AM","3/21/2014 12:00:00 AM","228.4380","18.2750","5.7110","252.4240","3/21/2014 12:00:00 AM"
"2283","4","4","258","1628","5","3/12/2014 12:00:00 AM","3/21/2014 12:00:00 AM","34644.2250","2771.5380","866.1056","38281.8686","3/21/2014 12:00:00 AM"
"2284","4","4","254","1604","4","3/12/2014 12:00:00 AM","3/21/2014 12:00:00 AM","257.5755","20.6060","6.4394","284.6209","3/21/2014 12:00:00 AM"
"2285","7","4","257","1690","5","3/13/2014 12:00:00 AM","3/22/2014 12:00:00 AM","146.2860","11.7029","3.6572","161.6461","3/22/2014 12:00:00 AM"
"2286","4","4","261","1566","5","3/13/2014 12:00:00 AM","3/22/2014 12:00:00 AM","102.5640","8.2051","2.5641","113.3332","3/22/2014 12:00:00 AM"
"2287","4","4","251","1698","5","3/13/2014 12:00:00 AM","3/22/2014 12:00:00 AM","150.7905","12.0632","3.7698","166.6235","3/22/2014 12:00:00 AM"
"2288","4","4","253","1560","5","3/13/2014 12:00:00 AM","3/22/2014 12:00:00 AM","13669.4250","1093.5540","341.7356","15104.7146","3/22/2014 12:00:00 AM"
"2289","4","4","252","1692","5","3/13/2014 12:00:00 AM","3/22/2014 12:00:00 AM","6756.1200","540.4896","168.9030","7465.5126","3/22/2014 12:00:00 AM"
"2290","4","4","256","1696","2","3/13/2014 12:00:00 AM","3/22/2014 12:00:00 AM","50860.4250","4068.8340","1271.5106","56200.7696","3/22/2014 12:00:00 AM"
"2291","4","4","259","1504","1","3/13/2014 12:00:00 AM","3/22/2014 12:00:00 AM","551.8800","44.1504","13.7970","609.8274","3/22/2014 12:00:00 AM"
"2292","4","4","260","1544","1","3/13/2014 12:00:00 AM","3/22/2014 12:00:00 AM","3811.5000","304.9200","95.2875","4211.7075","3/22/2014 12:00:00 AM"
"2293","4","4","258","1530","2","3/13/2014 12:00:00 AM","3/22/2014 12:00:00 AM","28072.2750","2245.7820","701.8069","31019.8639","3/22/2014 12:00:00 AM"
"2294","4","4","254","1508","1","3/13/2014 12:00:00 AM","3/22/2014 12:00:00 AM","35394.9750","2831.5980","884.8744","39111.4474","3/22/2014 12:00:00 AM"
"2295","4","4","257","1694","1","3/13/2014 12:00:00 AM","3/22/2014 12:00:00 AM","7623.0000","609.8400","190.5750","8423.4150","3/22/2014 12:00:00 AM"
"2296","4","4","261","1624","2","3/13/2014 12:00:00 AM","3/22/2014 12:00:00 AM","28297.5000","2263.8000","707.4375","31268.7375","3/22/2014 12:00:00 AM"
"2297","4","4","251","1548","2","3/14/2014 12:00:00 AM","3/23/2014 12:00:00 AM","59.9445","4.7956","1.4986","66.2387","3/23/2014 12:00:00 AM"
"2298","4","4","253","1598","4","3/14/2014 12:00:00 AM","3/23/2014 12:00:00 AM","117.4320","9.3946","2.9358","129.7624","3/23/2014 12:00:00 AM"
"2299","4","4","255","1658","5","3/14/2014 12:00:00 AM","3/23/2014 12:00:00 AM","43878.4500","3510.2760","1096.9613","48485.6873","3/23/2014 12:00:00 AM"
"2300","4","4","252","1536","4","3/14/2014 12:00:00 AM","3/23/2014 12:00:00 AM","377.0550","30.1644","9.4264","416.6458","3/23/2014 12:00:00 AM"
"2301","4","4","259","1568","1","3/14/2014 12:00:00 AM","3/23/2014 12:00:00 AM","18220.1250","1457.6100","455.5031","20133.2381","3/23/2014 12:00:00 AM"
"2302","4","4","260","1648","5","3/14/2014 12:00:00 AM","3/23/2014 12:00:00 AM","142.4115","11.3929","3.5603","157.3647","3/23/2014 12:00:00 AM"
"2303","4","4","258","1646","5","3/14/2014 12:00:00 AM","3/23/2014 12:00:00 AM","19236.5250","1538.9220","480.9131","21256.3601","3/23/2014 12:00:00 AM"
"2304","4","3","250","1672","4","3/14/2014 12:00:00 AM","3/23/2014 12:00:00 AM","285.0435","22.8035","7.1261","314.9731","3/23/2014 12:00:00 AM"
"2305","4","4","257","1600","1","3/14/2014 12:00:00 AM","3/23/2014 12:00:00 AM","1276.2750","102.1020","31.9069","1410.2839","3/23/2014 12:00:00 AM"
"2306","4","4","261","1522","1","3/14/2014 12:00:00 AM","3/23/2014 12:00:00 AM","2003.9250","160.3140","50.0981","2214.3371","3/23/2014 12:00:00 AM"
"2307","4","4","251","1570","2","3/14/2014 12:00:00 AM","3/23/2014 12:00:00 AM","50860.4250","4068.8340","1271.5106","56200.7696","3/23/2014 12:00:00 AM"
"2308","4","4","253","1516","1","3/14/2014 12:00:00 AM","3/23/2014 12:00:00 AM","454.8600","36.3888","11.3715","502.6203","3/23/2014 12:00:00 AM"
"2309","4","4","255","1506","5","3/14/2014 12:00:00 AM","3/23/2014 12:00:00 AM","43878.4500","3510.2760","1096.9613","48485.6873","3/23/2014 12:00:00 AM"
"2310","4","4","256","1626","2","3/14/2014 12:00:00 AM","3/23/2014 12:00:00 AM","7132.1250","570.5700","178.3031","7880.9981","3/23/2014 12:00:00 AM"
"2311","4","4","259","1542","2","3/14/2014 12:00:00 AM","3/23/2014 12:00:00 AM","28343.7000","2267.4960","708.5925","31319.7885","3/23/2014 12:00:00 AM"
"2312","4","4","260","1610","4","3/14/2014 12:00:00 AM","3/23/2014 12:00:00 AM","22516.7250","1801.3380","562.9181","24880.9811","3/23/2014 12:00:00 AM"
"2313","4","4","258","1638","5","3/17/2014 12:00:00 AM","3/26/2014 12:00:00 AM","34644.2250","2771.5380","866.1056","38281.8686","3/26/2014 12:00:00 AM"
"2314","4","4","254","1582","5","3/17/2014 12:00:00 AM","3/26/2014 12:00:00 AM","278.8380","22.3070","6.9710","308.1160","3/26/2014 12:00:00 AM"
"2315","4","4","257","1510","5","3/17/2014 12:00:00 AM","3/26/2014 12:00:00 AM","143.0415","11.4433","3.5760","158.0608","3/26/2014 12:00:00 AM"
"2316","4","4","261","1526","2","3/17/2014 12:00:00 AM","3/26/2014 12:00:00 AM","28199.3250","2255.9460","704.9831","31160.2541","3/26/2014 12:00:00 AM"
"2317","4","4","251","1644","1","3/17/2014 12:00:00 AM","3/26/2014 12:00:00 AM","3713.3250","297.0660","92.8331","4103.2241","3/26/2014 12:00:00 AM"
"2318","4","4","253","1680","5","3/17/2014 12:00:00 AM","3/26/2014 12:00:00 AM","63831.0750","5106.4860","1595.7769","70533.3379","3/26/2014 12:00:00 AM"
"2319","4","4","255","1584","5","3/17/2014 12:00:00 AM","3/26/2014 12:00:00 AM","6754.8600","540.3888","168.8715","7464.1203","3/26/2014 12:00:00 AM"
"2320","4","4","256","1620","5","3/17/2014 12:00:00 AM","3/26/2014 12:00:00 AM","5711.4750","456.9180","142.7869","6311.1799","3/26/2014 12:00:00 AM"
"2321","4","4","259","1666","4","3/17/2014 12:00:00 AM","3/26/2014 12:00:00 AM","503.0865","40.2469","12.5772","555.9106","3/26/2014 12:00:00 AM"
"2322","4","4","250","1592","2","3/17/2014 12:00:00 AM","3/26/2014 12:00:00 AM","97.9650","7.8372","2.4491","108.2513","3/26/2014 12:00:00 AM"
"2323","4","4","258","1618","4","3/17/2014 12:00:00 AM","3/26/2014 12:00:00 AM","114.4710","9.1577","2.8618","126.4905","3/26/2014 12:00:00 AM"
"2324","4","4","254","1612","4","3/17/2014 12:00:00 AM","3/26/2014 12:00:00 AM","132.6465","10.6117","3.3162","146.5744","3/26/2014 12:00:00 AM"
"2325","4","4","257","1586","5","3/17/2014 12:00:00 AM","3/26/2014 12:00:00 AM","43878.4500","3510.2760","1096.9613","48485.6873","3/26/2014 12:00:00 AM"
"2326","4","4","261","1500","1","3/17/2014 12:00:00 AM","3/26/2014 12:00:00 AM","418.9500","33.5160","10.4738","462.9398","3/26/2014 12:00:00 AM"
"2327","4","4","251","1656","4","3/17/2014 12:00:00 AM","3/26/2014 12:00:00 AM","824.3550","65.9484","20.6089","910.9123","3/26/2014 12:00:00 AM"
"2328","4","4","253","1572","1","3/17/2014 12:00:00 AM","3/26/2014 12:00:00 AM","461.7900","36.9432","11.5448","510.2780","3/26/2014 12:00:00 AM"
"2329","4","4","255","1562","4","3/19/2014 12:00:00 AM","3/28/2014 12:00:00 AM","630.3780","50.4302","15.7595","696.5677","3/28/2014 12:00:00 AM"
"2330","4","4","256","1662","2","3/19/2014 12:00:00 AM","3/28/2014 12:00:00 AM","37.0755","2.9660","0.9269","40.9684","3/28/2014 12:00:00 AM"
"2331","4","4","259","1682","4","3/19/2014 12:00:00 AM","3/28/2014 12:00:00 AM","21558.0750","1724.6460","538.9519","23821.6729","3/28/2014 12:00:00 AM"
"2332","4","4","260","1686","4","3/19/2014 12:00:00 AM","3/28/2014 12:00:00 AM","234.6435","18.7715","5.8661","259.2811","3/28/2014 12:00:00 AM"
"2333","5","4","250","1684","4","3/19/2014 12:00:00 AM","3/28/2014 12:00:00 AM","45172.0500","3613.7640","1129.3013","49915.1153","3/28/2014 12:00:00 AM"
"2334","4","4","254","1534","5","3/19/2014 12:00:00 AM","3/28/2014 12:00:00 AM","279.7830","22.3826","6.9946","309.1602","3/28/2014 12:00:00 AM"
"2335","4","4","257","1614","5","3/19/2014 12:00:00 AM","3/28/2014 12:00:00 AM","1228.5000","98.2800","30.7125","1357.4925","3/28/2014 12:00:00 AM"
"2336","4","4","261","1588","5","3/19/2014 12:00:00 AM","3/28/2014 12:00:00 AM","40471.2000","3237.6960","1011.7800","44720.6760","3/28/2014 12:00:00 AM"
"2337","4","4","251","1622","5","3/19/2014 12:00:00 AM","3/28/2014 12:00:00 AM","836.0100","66.8808","20.9003","923.7911","3/28/2014 12:00:00 AM"
"2338","5","4","253","1632","5","3/19/2014 12:00:00 AM","3/28/2014 12:00:00 AM","62092.8000","4967.4240","1552.3200","68612.5440","3/28/2014 12:00:00 AM"
"2339","4","4","255","1608","5","3/19/2014 12:00:00 AM","3/28/2014 12:00:00 AM","5948.2500","475.8600","148.7063","6572.8163","3/28/2014 12:00:00 AM"
"2340","4","4","256","1576","5","3/19/2014 12:00:00 AM","3/28/2014 12:00:00 AM","91117.9500","7289.4360","2277.9488","100685.3348","3/28/2014 12:00:00 AM"
"2341","4","4","259","1590","1","3/19/2014 12:00:00 AM","3/28/2014 12:00:00 AM","525.0000","42.0000","13.1250","580.1250","3/28/2014 12:00:00 AM"
"2342","4","4","260","1514","5","3/19/2014 12:00:00 AM","3/28/2014 12:00:00 AM","281.8935","22.5515","7.0473","311.4923","3/28/2014 12:00:00 AM"
"2343","4","4","258","1498","4","3/19/2014 12:00:00 AM","3/28/2014 12:00:00 AM","26455.2750","2116.4220","661.3819","29233.0789","3/28/2014 12:00:00 AM"
"2344","4","4","254","1674","2","3/19/2014 12:00:00 AM","3/28/2014 12:00:00 AM","944.3700","75.5496","23.6093","1043.5289","3/28/2014 12:00:00 AM"
"2345","4","4","257","1652","4","3/20/2014 12:00:00 AM","3/29/2014 12:00:00 AM","51588.0750","4127.0460","1289.7019","57004.8229","3/29/2014 12:00:00 AM"
"2346","4","4","261","1578","3","3/20/2014 12:00:00 AM","3/29/2014 12:00:00 AM","62843.5500","5027.4840","1571.0888","69442.1228","3/29/2014 12:00:00 AM"
"2347","4","4","251","1538","5","3/20/2014 12:00:00 AM","3/29/2014 12:00:00 AM","37843.5750","3027.4860","946.0894","41817.1504","3/29/2014 12:00:00 AM"
"2348","4","4","253","1556","4","3/20/2014 12:00:00 AM","3/29/2014 12:00:00 AM","25531.2750","2042.5020","638.2819","28212.0589","3/29/2014 12:00:00 AM"
"2349","4","4","255","1554","4","3/20/2014 12:00:00 AM","3/29/2014 12:00:00 AM","234.9585","18.7967","5.8740","259.6292","3/29/2014 12:00:00 AM"
"2350","4","4","256","1688","4","3/20/2014 12:00:00 AM","3/29/2014 12:00:00 AM","125.7480","10.0598","3.1437","138.9515","3/29/2014 12:00:00 AM"
"2351","4","4","252","1580","5","3/20/2014 12:00:00 AM","3/29/2014 12:00:00 AM","150.7905","12.0632","3.7698","166.6235","3/29/2014 12:00:00 AM"
"2352","4","4","260","1496","5","3/20/2014 12:00:00 AM","3/29/2014 12:00:00 AM","273.7035","21.8963","6.8426","302.4424","3/29/2014 12:00:00 AM"
"2353","4","4","258","1494","2","3/20/2014 12:00:00 AM","3/29/2014 12:00:00 AM","8847.3000","707.7840","221.1825","9776.2665","3/29/2014 12:00:00 AM"
"2354","4","4","254","1650","5","3/20/2014 12:00:00 AM","3/29/2014 12:00:00 AM","171.0765","13.6861","4.2769","189.0395","3/29/2014 12:00:00 AM"
"2355","4","4","257","1654","4","3/20/2014 12:00:00 AM","3/29/2014 12:00:00 AM","20397.3000","1631.7840","509.9325","22539.0165","3/29/2014 12:00:00 AM"
"2356","4","4","261","1664","3","3/20/2014 12:00:00 AM","3/29/2014 12:00:00 AM","14628.0750","1170.2460","365.7019","16164.0229","3/29/2014 12:00:00 AM"
"2357","4","4","250","1678","3","3/20/2014 12:00:00 AM","3/29/2014 12:00:00 AM","58685.5500","4694.8440","1467.1388","64847.5328","3/29/2014 12:00:00 AM"
"2358","4","4","253","1616","5","3/20/2014 12:00:00 AM","3/29/2014 12:00:00 AM","693.3780","55.4702","17.3345","766.1827","3/29/2014 12:00:00 AM"
"2359","4","4","255","1492","4","3/20/2014 12:00:00 AM","3/29/2014 12:00:00 AM","234.9585","18.7967","5.8740","259.6292","3/29/2014 12:00:00 AM"
"2360","4","4","256","1602","5","3/20/2014 12:00:00 AM","3/29/2014 12:00:00 AM","1796.0355","143.6828","44.9009","1984.6192","3/29/2014 12:00:00 AM"
"2361","4","4","259","1540","4","3/21/2014 12:00:00 AM","3/30/2014 12:00:00 AM","514.7415","41.1793","12.8685","568.7893","3/30/2014 12:00:00 AM"
"2362","4","4","260","1628","5","3/21/2014 12:00:00 AM","3/30/2014 12:00:00 AM","34644.2250","2771.5380","866.1056","38281.8686","3/30/2014 12:00:00 AM"
"2363","4","4","258","1604","3","3/21/2014 12:00:00 AM","3/30/2014 12:00:00 AM","1581.9300","126.5544","39.5483","1748.0327","3/30/2014 12:00:00 AM"
"2364","4","4","254","1690","5","3/21/2014 12:00:00 AM","3/30/2014 12:00:00 AM","146.2860","11.7029","3.6572","161.6461","3/30/2014 12:00:00 AM"
"2365","4","4","252","1566","5","3/21/2014 12:00:00 AM","3/30/2014 12:00:00 AM","102.5640","8.2051","2.5641","113.3332","3/30/2014 12:00:00 AM"
"2366","4","4","261","1698","5","3/21/2014 12:00:00 AM","3/30/2014 12:00:00 AM","150.7905","12.0632","3.7698","166.6235","3/30/2014 12:00:00 AM"
"2367","4","4","251","1560","5","3/21/2014 12:00:00 AM","3/30/2014 12:00:00 AM","13669.4250","1093.5540","341.7356","15104.7146","3/30/2014 12:00:00 AM"
"2368","4","4","253","1692","5","3/21/2014 12:00:00 AM","3/30/2014 12:00:00 AM","16393.2300","1311.4584","409.8308","18114.5192","3/30/2014 12:00:00 AM"
"2369","4","4","255","1696","2","3/21/2014 12:00:00 AM","3/30/2014 12:00:00 AM","79204.1250","6336.3300","1980.1031","87520.5581","3/30/2014 12:00:00 AM"
"2370","4","4","256","1504","1","3/21/2014 12:00:00 AM","3/30/2014 12:00:00 AM","551.8800","44.1504","13.7970","609.8274","3/30/2014 12:00:00 AM"
"2371","4","4","259","1544","1","3/21/2014 12:00:00 AM","3/30/2014 12:00:00 AM","3176.2500","254.1000","79.4063","3509.7563","3/30/2014 12:00:00 AM"
"2372","4","4","260","1530","2","3/21/2014 12:00:00 AM","3/30/2014 12:00:00 AM","28072.2750","2245.7820","701.8069","31019.8639","3/30/2014 12:00:00 AM"
"2373","4","4","258","1508","1","3/21/2014 12:00:00 AM","3/30/2014 12:00:00 AM","1917.3000","153.3840","47.9325","2118.6165","3/30/2014 12:00:00 AM"
"2374","4","4","254","1694","1","3/21/2014 12:00:00 AM","3/30/2014 12:00:00 AM","4215.7500","337.2600","105.3938","4658.4038","3/30/2014 12:00:00 AM"
"2375","4","4","257","1624","2","3/21/2014 12:00:00 AM","3/30/2014 12:00:00 AM","28297.5000","2263.8000","707.4375","31268.7375","3/30/2014 12:00:00 AM"
"2376","4","4","261","1548","2","3/21/2014 12:00:00 AM","3/30/2014 12:00:00 AM","59.9445","4.7956","1.4986","66.2387","3/30/2014 12:00:00 AM"
"2377","4","4","251","1598","4","3/24/2014 12:00:00 AM","4/2/2014 12:00:00 AM","722.6100","57.8088","18.0653","798.4841","4/2/2014 12:00:00 AM"
"2378","4","4","253","1658","5","3/24/2014 12:00:00 AM","4/2/2014 12:00:00 AM","43878.4500","3510.2760","1096.9613","48485.6873","4/2/2014 12:00:00 AM"
"2379","4","4","255","1536","4","3/24/2014 12:00:00 AM","4/2/2014 12:00:00 AM","592.7985","47.4239","14.8200","655.0424","4/2/2014 12:00:00 AM"
"2380","4","4","256","1568","1","3/24/2014 12:00:00 AM","4/2/2014 12:00:00 AM","13825.3500","1106.0280","345.6338","15277.0118","4/2/2014 12:00:00 AM"
"2381","4","4","259","1648","5","3/24/2014 12:00:00 AM","4/2/2014 12:00:00 AM","142.4115","11.3929","3.5603","157.3647","4/2/2014 12:00:00 AM"
"2382","5","4","260","1646","2","3/24/2014 12:00:00 AM","4/2/2014 12:00:00 AM","28794.1500","2303.5320","719.8538","31817.5358","4/2/2014 12:00:00 AM"
"2383","4","4","258","1672","4","3/24/2014 12:00:00 AM","4/2/2014 12:00:00 AM","408.5550","32.6844","10.2139","451.4533","4/2/2014 12:00:00 AM"
"2384","4","4","254","1600","1","3/24/2014 12:00:00 AM","4/2/2014 12:00:00 AM","1276.2750","102.1020","31.9069","1410.2839","4/2/2014 12:00:00 AM"
"2385","4","4","257","1522","1","3/24/2014 12:00:00 AM","4/2/2014 12:00:00 AM","2003.9250","160.3140","50.0981","2214.3371","4/2/2014 12:00:00 AM"
"2386","4","4","261","1570","2","3/24/2014 12:00:00 AM","4/2/2014 12:00:00 AM","50860.4250","4068.8340","1271.5106","56200.7696","4/2/2014 12:00:00 AM"
"2387","4","4","251","1516","1","3/24/2014 12:00:00 AM","4/2/2014 12:00:00 AM","454.8600","36.3888","11.3715","502.6203","4/2/2014 12:00:00 AM"
"2388","4","4","253","1506","5","3/24/2014 12:00:00 AM","4/2/2014 12:00:00 AM","43878.4500","3510.2760","1096.9613","48485.6873","4/2/2014 12:00:00 AM"
"2389","4","4","252","1626","2","3/24/2014 12:00:00 AM","4/2/2014 12:00:00 AM","7132.1250","570.5700","178.3031","7880.9981","4/2/2014 12:00:00 AM"
"2390","4","4","256","1542","2","3/24/2014 12:00:00 AM","4/2/2014 12:00:00 AM","28343.7000","2267.4960","708.5925","31319.7885","4/2/2014 12:00:00 AM"
"2391","4","4","259","1610","4","3/24/2014 12:00:00 AM","4/2/2014 12:00:00 AM","22516.7250","1801.3380","562.9181","24880.9811","4/2/2014 12:00:00 AM"
"2392","4","4","260","1638","5","3/24/2014 12:00:00 AM","4/2/2014 12:00:00 AM","34644.2250","2771.5380","866.1056","38281.8686","4/2/2014 12:00:00 AM"
"2393","4","4","258","1582","5","3/25/2014 12:00:00 AM","4/3/2014 12:00:00 AM","415.3275","33.2262","10.3832","458.9369","4/3/2014 12:00:00 AM"
"2394","4","4","254","1510","5","3/25/2014 12:00:00 AM","4/3/2014 12:00:00 AM","143.0415","11.4433","3.5760","158.0608","4/3/2014 12:00:00 AM"
"2395","4","4","257","1526","2","3/25/2014 12:00:00 AM","4/3/2014 12:00:00 AM","28199.3250","2255.9460","704.9831","31160.2541","4/3/2014 12:00:00 AM"
"2396","4","4","261","1644","1","3/25/2014 12:00:00 AM","4/3/2014 12:00:00 AM","3713.3250","297.0660","92.8331","4103.2241","4/3/2014 12:00:00 AM"
"2397","4","4","251","1680","5","3/26/2014 12:00:00 AM","4/4/2014 12:00:00 AM","63831.0750","5106.4860","1595.7769","70533.3379","4/4/2014 12:00:00 AM"
"2398","4","4","253","1584","5","3/26/2014 12:00:00 AM","4/4/2014 12:00:00 AM","16340.3100","1307.2248","408.5078","18056.0426","4/4/2014 12:00:00 AM"
"2399","4","4","255","1620","5","3/26/2014 12:00:00 AM","4/4/2014 12:00:00 AM","5711.4750","456.9180","142.7869","6311.1799","4/4/2014 12:00:00 AM"
"2400","4","4","252","1666","4","3/26/2014 12:00:00 AM","4/4/2014 12:00:00 AM","360.0450","28.8036","9.0011","397.8497","4/4/2014 12:00:00 AM"
"2401","4","4","259","1592","2","3/26/2014 12:00:00 AM","4/4/2014 12:00:00 AM","97.9650","7.8372","2.4491","108.2513","4/4/2014 12:00:00 AM"
"2402","4","4","260","1618","4","3/26/2014 12:00:00 AM","4/4/2014 12:00:00 AM","114.4710","9.1577","2.8618","126.4905","4/4/2014 12:00:00 AM"
"2403","4","4","258","1612","4","3/26/2014 12:00:00 AM","4/4/2014 12:00:00 AM","132.6465","10.6117","3.3162","146.5744","4/4/2014 12:00:00 AM"
"2404","4","3","250","1586","5","3/26/2014 12:00:00 AM","4/4/2014 12:00:00 AM","43878.4500","3510.2760","1096.9613","48485.6873","4/4/2014 12:00:00 AM"
"2405","4","4","257","1500","1","3/26/2014 12:00:00 AM","4/4/2014 12:00:00 AM","418.9500","33.5160","10.4738","462.9398","4/4/2014 12:00:00 AM"
"2406","4","4","261","1656","4","3/26/2014 12:00:00 AM","4/4/2014 12:00:00 AM","525.7665","42.0613","13.1442","580.9720","4/4/2014 12:00:00 AM"
"2407","4","4","251","1572","1","3/26/2014 12:00:00 AM","4/4/2014 12:00:00 AM","461.7900","36.9432","11.5448","510.2780","4/4/2014 12:00:00 AM"
"2408","4","4","253","1562","4","3/26/2014 12:00:00 AM","4/4/2014 12:00:00 AM","481.8870","38.5510","12.0472","532.4852","4/4/2014 12:00:00 AM"
"2409","4","4","255","1662","2","3/26/2014 12:00:00 AM","4/4/2014 12:00:00 AM","37.0755","2.9660","0.9269","40.9684","4/4/2014 12:00:00 AM"
"2410","4","4","256","1682","4","3/26/2014 12:00:00 AM","4/4/2014 12:00:00 AM","21558.0750","1724.6460","538.9519","23821.6729","4/4/2014 12:00:00 AM"
"2411","4","4","259","1686","4","3/26/2014 12:00:00 AM","4/4/2014 12:00:00 AM","475.6815","38.0545","11.8920","525.6280","4/4/2014 12:00:00 AM"
"2412","4","4","260","1684","5","3/26/2014 12:00:00 AM","4/4/2014 12:00:00 AM","41048.7000","3283.8960","1026.2175","45358.8135","4/4/2014 12:00:00 AM"
"2413","4","4","258","1534","5","3/27/2014 12:00:00 AM","4/5/2014 12:00:00 AM","416.7450","33.3396","10.4186","460.5032","4/5/2014 12:00:00 AM"
"2414","4","4","254","1614","5","3/27/2014 12:00:00 AM","4/5/2014 12:00:00 AM","279.1530","22.3322","6.9788","308.4640","4/5/2014 12:00:00 AM"
"2415","4","4","257","1588","5","3/27/2014 12:00:00 AM","4/5/2014 12:00:00 AM","40471.2000","3237.6960","1011.7800","44720.6760","4/5/2014 12:00:00 AM"
"2416","4","4","261","1622","4","3/27/2014 12:00:00 AM","4/5/2014 12:00:00 AM","389.6550","31.1724","9.7414","430.5688","4/5/2014 12:00:00 AM"
"2417","4","4","251","1632","5","3/27/2014 12:00:00 AM","4/5/2014 12:00:00 AM","62092.8000","4967.4240","1552.3200","68612.5440","4/5/2014 12:00:00 AM"
"2418","4","4","253","1608","5","3/27/2014 12:00:00 AM","4/5/2014 12:00:00 AM","5948.2500","475.8600","148.7063","6572.8163","4/5/2014 12:00:00 AM"
"2419","4","4","255","1576","5","3/27/2014 12:00:00 AM","4/5/2014 12:00:00 AM","91117.9500","7289.4360","2277.9488","100685.3348","4/5/2014 12:00:00 AM"
"2420","4","4","256","1590","1","3/27/2014 12:00:00 AM","4/5/2014 12:00:00 AM","525.0000","42.0000","13.1250","580.1250","4/5/2014 12:00:00 AM"
"2421","6","4","259","1514","3","3/27/2014 12:00:00 AM","4/5/2014 12:00:00 AM","1721.7900","137.7432","43.0448","1902.5780","4/5/2014 12:00:00 AM"
"2422","4","4","250","1498","4","3/27/2014 12:00:00 AM","4/5/2014 12:00:00 AM","26455.2750","2116.4220","661.3819","29233.0789","4/5/2014 12:00:00 AM"
"2423","4","4","258","1674","2","3/27/2014 12:00:00 AM","4/5/2014 12:00:00 AM","944.3700","75.5496","23.6093","1043.5289","4/5/2014 12:00:00 AM"
"2424","4","4","254","1652","4","3/27/2014 12:00:00 AM","4/5/2014 12:00:00 AM","44594.5500","3567.5640","1114.8638","49276.9778","4/5/2014 12:00:00 AM"
"2425","4","4","257","1578","3","3/27/2014 12:00:00 AM","4/5/2014 12:00:00 AM","62843.5500","5027.4840","1571.0888","69442.1228","4/5/2014 12:00:00 AM"
"2426","4","4","261","1538","5","3/27/2014 12:00:00 AM","4/5/2014 12:00:00 AM","37843.5750","3027.4860","946.0894","41817.1504","4/5/2014 12:00:00 AM"
"2427","4","4","251","1556","4","3/27/2014 12:00:00 AM","4/5/2014 12:00:00 AM","25531.2750","2042.5020","638.2819","28212.0589","4/5/2014 12:00:00 AM"
"2428","4","4","253","1554","5","3/27/2014 12:00:00 AM","4/5/2014 12:00:00 AM","694.1655","55.5332","17.3541","767.0528","4/5/2014 12:00:00 AM"
"2429","4","4","255","1688","4","3/28/2014 12:00:00 AM","4/6/2014 12:00:00 AM","125.7480","10.0598","3.1437","138.9515","4/6/2014 12:00:00 AM"
"2430","4","4","256","1580","5","3/28/2014 12:00:00 AM","4/6/2014 12:00:00 AM","150.7905","12.0632","3.7698","166.6235","4/6/2014 12:00:00 AM"
"2431","4","4","259","1496","4","3/28/2014 12:00:00 AM","4/6/2014 12:00:00 AM","503.0865","40.2469","12.5772","555.9106","4/6/2014 12:00:00 AM"
"2432","4","4","260","1494","2","3/28/2014 12:00:00 AM","4/6/2014 12:00:00 AM","8847.3000","707.7840","221.1825","9776.2665","4/6/2014 12:00:00 AM"
"2433","4","4","250","1650","5","3/28/2014 12:00:00 AM","4/6/2014 12:00:00 AM","171.0765","13.6861","4.2769","189.0395","4/6/2014 12:00:00 AM"
"2434","4","4","254","1654","4","3/28/2014 12:00:00 AM","4/6/2014 12:00:00 AM","20397.3000","1631.7840","509.9325","22539.0165","4/6/2014 12:00:00 AM"
"2435","4","4","257","1664","3","3/28/2014 12:00:00 AM","4/6/2014 12:00:00 AM","14628.0750","1170.2460","365.7019","16164.0229","4/6/2014 12:00:00 AM"
"2436","4","4","261","1678","3","3/28/2014 12:00:00 AM","4/6/2014 12:00:00 AM","58685.5500","4694.8440","1467.1388","64847.5328","4/6/2014 12:00:00 AM"
"2437","4","4","251","1616","5","3/28/2014 12:00:00 AM","4/6/2014 12:00:00 AM","773.0100","61.8408","19.3253","854.1761","4/6/2014 12:00:00 AM"
"2438","6","4","253","1492","5","3/28/2014 12:00:00 AM","4/6/2014 12:00:00 AM","694.1655","55.5332","17.3541","767.0528","4/6/2014 12:00:00 AM"
"2439","4","4","255","1602","5","3/28/2014 12:00:00 AM","4/6/2014 12:00:00 AM","1796.0355","143.6828","44.9009","1984.6192","4/6/2014 12:00:00 AM"
"2440","4","4","256","1540","5","3/28/2014 12:00:00 AM","4/6/2014 12:00:00 AM","416.7450","33.3396","10.4186","460.5032","4/6/2014 12:00:00 AM"
"2441","4","4","259","1628","5","3/28/2014 12:00:00 AM","4/6/2014 12:00:00 AM","34644.2250","2771.5380","866.1056","38281.8686","4/6/2014 12:00:00 AM"
"2442","4","4","260","1604","4","3/28/2014 12:00:00 AM","4/6/2014 12:00:00 AM","257.5755","20.6060","6.4394","284.6209","4/6/2014 12:00:00 AM"
"2443","4","4","258","1690","5","3/28/2014 12:00:00 AM","4/6/2014 12:00:00 AM","146.2860","11.7029","3.6572","161.6461","4/6/2014 12:00:00 AM"
"2444","4","4","254","1566","5","3/28/2014 12:00:00 AM","4/6/2014 12:00:00 AM","102.5640","8.2051","2.5641","113.3332","4/6/2014 12:00:00 AM"
"2445","4","4","257","1698","5","3/31/2014 12:00:00 AM","4/9/2014 12:00:00 AM","150.7905","12.0632","3.7698","166.6235","4/9/2014 12:00:00 AM"
"2446","4","4","261","1560","5","3/31/2014 12:00:00 AM","4/9/2014 12:00:00 AM","13669.4250","1093.5540","341.7356","15104.7146","4/9/2014 12:00:00 AM"
"2447","4","4","251","1692","5","3/31/2014 12:00:00 AM","4/9/2014 12:00:00 AM","16393.2300","1311.4584","409.8308","18114.5192","4/9/2014 12:00:00 AM"
"2448","4","4","253","1696","4","3/31/2014 12:00:00 AM","4/9/2014 12:00:00 AM","22516.7250","1801.3380","562.9181","24880.9811","4/9/2014 12:00:00 AM"
"2449","4","4","255","1504","1","3/31/2014 12:00:00 AM","4/9/2014 12:00:00 AM","551.8800","44.1504","13.7970","609.8274","4/9/2014 12:00:00 AM"
"2450","4","4","256","1544","1","3/31/2014 12:00:00 AM","4/9/2014 12:00:00 AM","6987.7500","559.0200","174.6938","7721.4638","4/9/2014 12:00:00 AM"
"2451","4","4","252","1530","2","3/31/2014 12:00:00 AM","4/9/2014 12:00:00 AM","28072.2750","2245.7820","701.8069","31019.8639","4/9/2014 12:00:00 AM"
"2452","4","4","260","1508","1","3/31/2014 12:00:00 AM","4/9/2014 12:00:00 AM","35394.9750","2831.5980","884.8744","39111.4474","4/9/2014 12:00:00 AM"
"2453","4","4","258","1694","1","3/31/2014 12:00:00 AM","4/9/2014 12:00:00 AM","3407.2500","272.5800","85.1813","3765.0113","4/9/2014 12:00:00 AM"
"2454","4","4","254","1624","2","3/31/2014 12:00:00 AM","4/9/2014 12:00:00 AM","28297.5000","2263.8000","707.4375","31268.7375","4/9/2014 12:00:00 AM"
"2455","4","4","257","1548","2","3/31/2014 12:00:00 AM","4/9/2014 12:00:00 AM","59.9445","4.7956","1.4986","66.2387","4/9/2014 12:00:00 AM"
"2456","4","4","261","1598","4","3/31/2014 12:00:00 AM","4/9/2014 12:00:00 AM","332.9550","26.6364","8.3239","367.9153","4/9/2014 12:00:00 AM"
"2457","4","4","250","1658","5","3/31/2014 12:00:00 AM","4/9/2014 12:00:00 AM","43878.4500","3510.2760","1096.9613","48485.6873","4/9/2014 12:00:00 AM"
"2458","4","4","253","1536","4","3/31/2014 12:00:00 AM","4/9/2014 12:00:00 AM","544.5720","43.5658","13.6143","601.7521","4/9/2014 12:00:00 AM"
"2459","4","4","255","1568","2","3/31/2014 12:00:00 AM","4/9/2014 12:00:00 AM","36405.6000","2912.4480","910.1400","40228.1880","4/9/2014 12:00:00 AM"
"2460","4","4","256","1648","5","3/31/2014 12:00:00 AM","4/9/2014 12:00:00 AM","142.4115","11.3929","3.5603","157.3647","4/9/2014 12:00:00 AM"
"2461","4","4","259","1646","5","4/2/2014 12:00:00 AM","4/11/2014 12:00:00 AM","19236.5250","1538.9220","480.9131","21256.3601","4/11/2014 12:00:00 AM"
"2462","4","4","260","1672","4","4/2/2014 12:00:00 AM","4/11/2014 12:00:00 AM","253.3230","20.2658","6.3331","279.9219","4/11/2014 12:00:00 AM"
"2463","4","4","258","1600","1","4/2/2014 12:00:00 AM","4/11/2014 12:00:00 AM","1276.2750","102.1020","31.9069","1410.2839","4/11/2014 12:00:00 AM"
"2464","4","4","254","1522","1","4/2/2014 12:00:00 AM","4/11/2014 12:00:00 AM","2003.9250","160.3140","50.0981","2214.3371","4/11/2014 12:00:00 AM"
"2465","4","4","252","1570","2","4/2/2014 12:00:00 AM","4/11/2014 12:00:00 AM","50860.4250","4068.8340","1271.5106","56200.7696","4/11/2014 12:00:00 AM"
"2466","4","4","261","1516","1","4/2/2014 12:00:00 AM","4/11/2014 12:00:00 AM","454.8600","36.3888","11.3715","502.6203","4/11/2014 12:00:00 AM"
"2467","4","4","251","1506","5","4/2/2014 12:00:00 AM","4/11/2014 12:00:00 AM","43878.4500","3510.2760","1096.9613","48485.6873","4/11/2014 12:00:00 AM"
"2468","4","4","253","1626","2","4/2/2014 12:00:00 AM","4/11/2014 12:00:00 AM","7132.1250","570.5700","178.3031","7880.9981","4/11/2014 12:00:00 AM"
"2469","4","4","255","1542","2","4/2/2014 12:00:00 AM","4/11/2014 12:00:00 AM","28343.7000","2267.4960","708.5925","31319.7885","4/11/2014 12:00:00 AM"
"2470","4","4","256","1610","4","4/2/2014 12:00:00 AM","4/11/2014 12:00:00 AM","22516.7250","1801.3380","562.9181","24880.9811","4/11/2014 12:00:00 AM"
"2471","4","4","259","1638","5","4/2/2014 12:00:00 AM","4/11/2014 12:00:00 AM","34644.2250","2771.5380","866.1056","38281.8686","4/11/2014 12:00:00 AM"
"2472","4","4","260","1582","5","4/2/2014 12:00:00 AM","4/11/2014 12:00:00 AM","272.7585","21.8207","6.8190","301.3982","4/11/2014 12:00:00 AM"
"2473","4","4","258","1510","5","4/2/2014 12:00:00 AM","4/11/2014 12:00:00 AM","143.0415","11.4433","3.5760","158.0608","4/11/2014 12:00:00 AM"
"2474","4","4","254","1526","2","4/2/2014 12:00:00 AM","4/11/2014 12:00:00 AM","28199.3250","2255.9460","704.9831","31160.2541","4/11/2014 12:00:00 AM"
"2475","4","4","257","1644","1","4/2/2014 12:00:00 AM","4/11/2014 12:00:00 AM","3713.3250","297.0660","92.8331","4103.2241","4/11/2014 12:00:00 AM"
"2476","4","4","261","1680","5","4/2/2014 12:00:00 AM","4/11/2014 12:00:00 AM","63831.0750","5106.4860","1595.7769","70533.3379","4/11/2014 12:00:00 AM"
"2477","4","4","251","1584","5","4/3/2014 12:00:00 AM","4/12/2014 12:00:00 AM","16340.3100","1307.2248","408.5078","18056.0426","4/12/2014 12:00:00 AM"
"2478","4","4","253","1620","5","4/3/2014 12:00:00 AM","4/12/2014 12:00:00 AM","5711.4750","456.9180","142.7869","6311.1799","4/12/2014 12:00:00 AM"
"2479","4","4","255","1666","4","4/3/2014 12:00:00 AM","4/12/2014 12:00:00 AM","235.9035","18.8723","5.8976","260.6734","4/12/2014 12:00:00 AM"
"2480","5","4","256","1592","2","4/3/2014 12:00:00 AM","4/12/2014 12:00:00 AM","97.9650","7.8372","2.4491","108.2513","4/12/2014 12:00:00 AM"
"2481","4","4","259","1618","4","4/3/2014 12:00:00 AM","4/12/2014 12:00:00 AM","114.4710","9.1577","2.8618","126.4905","4/12/2014 12:00:00 AM"
"2482","4","4","260","1612","4","4/3/2014 12:00:00 AM","4/12/2014 12:00:00 AM","132.6465","10.6117","3.3162","146.5744","4/12/2014 12:00:00 AM"
"2483","4","4","258","1586","5","4/3/2014 12:00:00 AM","4/12/2014 12:00:00 AM","43878.4500","3510.2760","1096.9613","48485.6873","4/12/2014 12:00:00 AM"
"2484","4","4","254","1500","1","4/3/2014 12:00:00 AM","4/12/2014 12:00:00 AM","418.9500","33.5160","10.4738","462.9398","4/12/2014 12:00:00 AM"
"2485","4","4","257","1656","4","4/3/2014 12:00:00 AM","4/12/2014 12:00:00 AM","3413.2455","273.0596","85.3311","3771.6362","4/12/2014 12:00:00 AM"
"2486","4","4","261","1572","1","4/3/2014 12:00:00 AM","4/12/2014 12:00:00 AM","461.7900","36.9432","11.5448","510.2780","4/12/2014 12:00:00 AM"
"2487","4","4","251","1562","4","4/3/2014 12:00:00 AM","4/12/2014 12:00:00 AM","760.4100","60.8328","19.0103","840.2531","4/12/2014 12:00:00 AM"
"2488","4","4","253","1662","2","4/3/2014 12:00:00 AM","4/12/2014 12:00:00 AM","37.0755","2.9660","0.9269","40.9684","4/12/2014 12:00:00 AM"
"2489","4","4","252","1682","4","4/3/2014 12:00:00 AM","4/12/2014 12:00:00 AM","21558.0750","1724.6460","538.9519","23821.6729","4/12/2014 12:00:00 AM"
"2490","4","4","256","1686","4","4/3/2014 12:00:00 AM","4/12/2014 12:00:00 AM","422.1000","33.7680","10.5525","466.4205","4/12/2014 12:00:00 AM"
"2491","4","4","259","1684","4","4/3/2014 12:00:00 AM","4/12/2014 12:00:00 AM","45172.0500","3613.7640","1129.3013","49915.1153","4/12/2014 12:00:00 AM"
"2492","4","4","260","1534","5","4/3/2014 12:00:00 AM","4/12/2014 12:00:00 AM","273.7035","21.8963","6.8426","302.4424","4/12/2014 12:00:00 AM"
"2493","4","4","258","1614","5","4/4/2014 12:00:00 AM","4/13/2014 12:00:00 AM","415.8000","33.2640","10.3950","459.4590","4/13/2014 12:00:00 AM"
"2494","4","4","254","1588","5","4/4/2014 12:00:00 AM","4/13/2014 12:00:00 AM","40471.2000","3237.6960","1011.7800","44720.6760","4/13/2014 12:00:00 AM"
"2495","4","4","257","1622","5","4/4/2014 12:00:00 AM","4/13/2014 12:00:00 AM","1225.6650","98.0532","30.6416","1354.3598","4/13/2014 12:00:00 AM"
"2496","4","4","261","1632","5","4/4/2014 12:00:00 AM","4/13/2014 12:00:00 AM","62092.8000","4967.4240","1552.3200","68612.5440","4/13/2014 12:00:00 AM"
"2497","4","4","251","1608","5","4/4/2014 12:00:00 AM","4/13/2014 12:00:00 AM","5948.2500","475.8600","148.7063","6572.8163","4/13/2014 12:00:00 AM"
"2498","4","4","253","1576","5","4/4/2014 12:00:00 AM","4/13/2014 12:00:00 AM","91117.9500","7289.4360","2277.9488","100685.3348","4/13/2014 12:00:00 AM"
"2499","4","4","255","1590","1","4/4/2014 12:00:00 AM","4/13/2014 12:00:00 AM","525.0000","42.0000","13.1250","580.1250","4/13/2014 12:00:00 AM"
"2500","4","4","252","1514","5","4/4/2014 12:00:00 AM","4/13/2014 12:00:00 AM","2003.6835","160.2947","50.0921","2214.0703","4/13/2014 12:00:00 AM"
"2501","4","4","259","1498","4","4/4/2014 12:00:00 AM","4/13/2014 12:00:00 AM","26455.2750","2116.4220","661.3819","29233.0789","4/13/2014 12:00:00 AM"
"2502","4","4","260","1674","2","4/4/2014 12:00:00 AM","4/13/2014 12:00:00 AM","944.3700","75.5496","23.6093","1043.5289","4/13/2014 12:00:00 AM"
"2503","4","4","258","1652","1","4/4/2014 12:00:00 AM","4/13/2014 12:00:00 AM","6993.5250","559.4820","174.8381","7727.8451","4/13/2014 12:00:00 AM"
"2504","4","3","250","1578","3","4/4/2014 12:00:00 AM","4/13/2014 12:00:00 AM","36122.6250","2889.8100","903.0656","39915.5006","4/13/2014 12:00:00 AM"
"2505","4","4","257","1538","5","4/4/2014 12:00:00 AM","4/13/2014 12:00:00 AM","37843.5750","3027.4860","946.0894","41817.1504","4/13/2014 12:00:00 AM"
"2506","4","4","261","1556","4","4/4/2014 12:00:00 AM","4/13/2014 12:00:00 AM","25531.2750","2042.5020","638.2819","28212.0589","4/13/2014 12:00:00 AM"
"2507","4","4","251","1554","5","4/4/2014 12:00:00 AM","4/13/2014 12:00:00 AM","773.9550","61.9164","19.3489","855.2203","4/13/2014 12:00:00 AM"
"2508","4","4","253","1688","4","4/4/2014 12:00:00 AM","4/13/2014 12:00:00 AM","125.7480","10.0598","3.1437","138.9515","4/13/2014 12:00:00 AM"
"2509","4","4","255","1580","5","4/7/2014 12:00:00 AM","4/16/2014 12:00:00 AM","150.7905","12.0632","3.7698","166.6235","4/16/2014 12:00:00 AM"
"2510","4","4","256","1496","4","4/7/2014 12:00:00 AM","4/16/2014 12:00:00 AM","360.0450","28.8036","9.0011","397.8497","4/16/2014 12:00:00 AM"
"2511","4","4","259","1494","2","4/7/2014 12:00:00 AM","4/16/2014 12:00:00 AM","8847.3000","707.7840","221.1825","9776.2665","4/16/2014 12:00:00 AM"
"2512","4","4","260","1650","5","4/7/2014 12:00:00 AM","4/16/2014 12:00:00 AM","171.0765","13.6861","4.2769","189.0395","4/16/2014 12:00:00 AM"
"2513","4","4","258","1654","4","4/7/2014 12:00:00 AM","4/16/2014 12:00:00 AM","20397.3000","1631.7840","509.9325","22539.0165","4/16/2014 12:00:00 AM"
"2514","4","4","254","1664","3","4/7/2014 12:00:00 AM","4/16/2014 12:00:00 AM","14628.0750","1170.2460","365.7019","16164.0229","4/16/2014 12:00:00 AM"
"2515","4","4","257","1678","3","4/7/2014 12:00:00 AM","4/16/2014 12:00:00 AM","58685.5500","4694.8440","1467.1388","64847.5328","4/16/2014 12:00:00 AM"
"2516","4","4","261","1616","4","4/7/2014 12:00:00 AM","4/16/2014 12:00:00 AM","481.8870","38.5510","12.0472","532.4852","4/16/2014 12:00:00 AM"
"2517","4","4","251","1492","5","4/7/2014 12:00:00 AM","4/16/2014 12:00:00 AM","773.9550","61.9164","19.3489","855.2203","4/16/2014 12:00:00 AM"
"2518","4","4","253","1602","5","4/7/2014 12:00:00 AM","4/16/2014 12:00:00 AM","1796.0355","143.6828","44.9009","1984.6192","4/16/2014 12:00:00 AM"
"2519","4","4","255","1540","5","4/7/2014 12:00:00 AM","4/16/2014 12:00:00 AM","658.9485","52.7159","16.4737","728.1381","4/16/2014 12:00:00 AM"
"2520","4","4","256","1628","5","4/7/2014 12:00:00 AM","4/16/2014 12:00:00 AM","34644.2250","2771.5380","866.1056","38281.8686","4/16/2014 12:00:00 AM"
"2521","4","4","259","1604","3","4/7/2014 12:00:00 AM","4/16/2014 12:00:00 AM","1581.9300","126.5544","39.5483","1748.0327","4/16/2014 12:00:00 AM"
"2522","4","4","250","1690","5","4/7/2014 12:00:00 AM","4/16/2014 12:00:00 AM","146.2860","11.7029","3.6572","161.6461","4/16/2014 12:00:00 AM"
"2523","4","4","258","1566","5","4/7/2014 12:00:00 AM","4/16/2014 12:00:00 AM","102.5640","8.2051","2.5641","113.3332","4/16/2014 12:00:00 AM"
"2524","4","4","254","1698","5","4/7/2014 12:00:00 AM","4/16/2014 12:00:00 AM","150.7905","12.0632","3.7698","166.6235","4/16/2014 12:00:00 AM"
"2525","4","4","257","1560","5","4/8/2014 12:00:00 AM","4/17/2014 12:00:00 AM","13669.4250","1093.5540","341.7356","15104.7146","4/17/2014 12:00:00 AM"
"2526","4","4","261","1692","5","4/8/2014 12:00:00 AM","4/17/2014 12:00:00 AM","13458.6900","1076.6952","336.4673","14871.8525","4/17/2014 12:00:00 AM"
"2527","4","4","251","1696","2","4/8/2014 12:00:00 AM","4/17/2014 12:00:00 AM","101720.8500","8137.6680","2543.0213","112401.5393","4/17/2014 12:00:00 AM"
"2528","4","4","253","1504","1","4/8/2014 12:00:00 AM","4/17/2014 12:00:00 AM","551.8800","44.1504","13.7970","609.8274","4/17/2014 12:00:00 AM"
"2529","4","4","255","1544","1","4/8/2014 12:00:00 AM","4/17/2014 12:00:00 AM","6987.7500","559.0200","174.6938","7721.4638","4/17/2014 12:00:00 AM"
"2530","4","4","256","1530","2","4/8/2014 12:00:00 AM","4/17/2014 12:00:00 AM","28072.2750","2245.7820","701.8069","31019.8639","4/17/2014 12:00:00 AM"
"2531","4","4","259","1508","1","4/8/2014 12:00:00 AM","4/17/2014 12:00:00 AM","1917.3000","153.3840","47.9325","2118.6165","4/17/2014 12:00:00 AM"
"2532","4","4","260","1694","1","4/8/2014 12:00:00 AM","4/17/2014 12:00:00 AM","4215.7500","337.2600","105.3938","4658.4038","4/17/2014 12:00:00 AM"
"2533","4","4","250","1624","2","4/8/2014 12:00:00 AM","4/17/2014 12:00:00 AM","28297.5000","2263.8000","707.4375","31268.7375","4/17/2014 12:00:00 AM"
"2534","4","4","254","1548","2","4/8/2014 12:00:00 AM","4/17/2014 12:00:00 AM","59.9445","4.7956","1.4986","66.2387","4/17/2014 12:00:00 AM"
"2535","4","4","257","1598","4","4/8/2014 12:00:00 AM","4/17/2014 12:00:00 AM","1055.5650","84.4452","26.3891","1166.3993","4/17/2014 12:00:00 AM"
"2536","4","4","261","1658","5","4/8/2014 12:00:00 AM","4/17/2014 12:00:00 AM","43878.4500","3510.2760","1096.9613","48485.6873","4/17/2014 12:00:00 AM"
"2537","4","4","251","1536","4","4/8/2014 12:00:00 AM","4/17/2014 12:00:00 AM","722.4525","57.7962","18.0613","798.3100","4/17/2014 12:00:00 AM"
"2538","4","4","253","1568","2","4/8/2014 12:00:00 AM","4/17/2014 12:00:00 AM","24318.5250","1945.4820","607.9631","26871.9701","4/17/2014 12:00:00 AM"
"2539","5","4","255","1648","5","4/8/2014 12:00:00 AM","4/17/2014 12:00:00 AM","142.4115","11.3929","3.5603","157.3647","4/17/2014 12:00:00 AM"
"2540","5","4","256","1646","2","4/8/2014 12:00:00 AM","4/17/2014 12:00:00 AM","48030.6750","3842.4540","1200.7669","53073.8959","4/17/2014 12:00:00 AM"
"2541","4","4","259","1672","2","4/9/2014 12:00:00 AM","4/18/2014 12:00:00 AM","50860.4250","4068.8340","1271.5106","56200.7696","4/18/2014 12:00:00 AM"
"2542","4","4","260","1600","1","4/9/2014 12:00:00 AM","4/18/2014 12:00:00 AM","1276.2750","102.1020","31.9069","1410.2839","4/18/2014 12:00:00 AM"
"2543","4","4","258","1522","1","4/9/2014 12:00:00 AM","4/18/2014 12:00:00 AM","2003.9250","160.3140","50.0981","2214.3371","4/18/2014 12:00:00 AM"
"2544","4","4","254","1570","2","4/9/2014 12:00:00 AM","4/18/2014 12:00:00 AM","28343.7000","2267.4960","708.5925","31319.7885","4/18/2014 12:00:00 AM"
"2545","4","4","257","1516","1","4/9/2014 12:00:00 AM","4/18/2014 12:00:00 AM","454.8600","36.3888","11.3715","502.6203","4/18/2014 12:00:00 AM"
"2546","4","4","261","1506","5","4/9/2014 12:00:00 AM","4/18/2014 12:00:00 AM","43878.4500","3510.2760","1096.9613","48485.6873","4/18/2014 12:00:00 AM"
"2547","4","4","251","1626","2","4/9/2014 12:00:00 AM","4/18/2014 12:00:00 AM","7132.1250","570.5700","178.3031","7880.9981","4/18/2014 12:00:00 AM"
"2548","4","4","253","1542","2","4/9/2014 12:00:00 AM","4/18/2014 12:00:00 AM","28343.7000","2267.4960","708.5925","31319.7885","4/18/2014 12:00:00 AM"
"2549","4","4","255","1610","4","4/9/2014 12:00:00 AM","4/18/2014 12:00:00 AM","22516.7250","1801.3380","562.9181","24880.9811","4/18/2014 12:00:00 AM"
"2550","4","4","256","1638","5","4/9/2014 12:00:00 AM","4/18/2014 12:00:00 AM","34644.2250","2771.5380","866.1056","38281.8686","4/18/2014 12:00:00 AM"
"2551","4","4","252","1582","4","4/9/2014 12:00:00 AM","4/18/2014 12:00:00 AM","501.1965","40.0957","12.5299","553.8221","4/18/2014 12:00:00 AM"
"2552","4","4","260","1510","5","4/9/2014 12:00:00 AM","4/18/2014 12:00:00 AM","143.0415","11.4433","3.5760","158.0608","4/18/2014 12:00:00 AM"
"2553","4","4","258","1526","2","4/9/2014 12:00:00 AM","4/18/2014 12:00:00 AM","28199.3250","2255.9460","704.9831","31160.2541","4/18/2014 12:00:00 AM"
"2554","4","4","254","1644","1","4/9/2014 12:00:00 AM","4/18/2014 12:00:00 AM","3713.3250","297.0660","92.8331","4103.2241","4/18/2014 12:00:00 AM"
"2555","4","4","257","1680","5","4/9/2014 12:00:00 AM","4/18/2014 12:00:00 AM","63831.0750","5106.4860","1595.7769","70533.3379","4/18/2014 12:00:00 AM"
"2556","4","4","261","1584","5","4/9/2014 12:00:00 AM","4/18/2014 12:00:00 AM","13361.0400","1068.8832","334.0260","14763.9492","4/18/2014 12:00:00 AM"
"2557","4","4","250","1620","5","4/10/2014 12:00:00 AM","4/19/2014 12:00:00 AM","5711.4750","456.9180","142.7869","6311.1799","4/19/2014 12:00:00 AM"
"2558","4","4","253","1666","5","4/10/2014 12:00:00 AM","4/19/2014 12:00:00 AM","696.5280","55.7222","17.4132","769.6634","4/19/2014 12:00:00 AM"
"2559","4","4","255","1592","2","4/10/2014 12:00:00 AM","4/19/2014 12:00:00 AM","97.9650","7.8372","2.4491","108.2513","4/19/2014 12:00:00 AM"
"2560","4","4","256","1618","4","4/10/2014 12:00:00 AM","4/19/2014 12:00:00 AM","114.4710","9.1577","2.8618","126.4905","4/19/2014 12:00:00 AM"
"2561","4","4","259","1612","4","4/10/2014 12:00:00 AM","4/19/2014 12:00:00 AM","132.6465","10.6117","3.3162","146.5744","4/19/2014 12:00:00 AM"
"2562","4","4","260","1586","5","4/10/2014 12:00:00 AM","4/19/2014 12:00:00 AM","43878.4500","3510.2760","1096.9613","48485.6873","4/19/2014 12:00:00 AM"
"2563","4","4","258","1500","1","4/10/2014 12:00:00 AM","4/19/2014 12:00:00 AM","418.9500","33.5160","10.4738","462.9398","4/19/2014 12:00:00 AM"
"2564","5","4","254","1656","4","4/10/2014 12:00:00 AM","4/19/2014 12:00:00 AM","272.4435","21.7955","6.8111","301.0501","4/19/2014 12:00:00 AM"
"2565","4","4","252","1572","1","4/10/2014 12:00:00 AM","4/19/2014 12:00:00 AM","461.7900","36.9432","11.5448","510.2780","4/19/2014 12:00:00 AM"
"2566","4","4","261","1562","4","4/10/2014 12:00:00 AM","4/19/2014 12:00:00 AM","462.7665","37.0213","11.5692","511.3570","4/19/2014 12:00:00 AM"
"2567","4","4","251","1662","2","4/10/2014 12:00:00 AM","4/19/2014 12:00:00 AM","37.0755","2.9660","0.9269","40.9684","4/19/2014 12:00:00 AM"
"2568","4","4","253","1682","4","4/10/2014 12:00:00 AM","4/19/2014 12:00:00 AM","21558.0750","1724.6460","538.9519","23821.6729","4/19/2014 12:00:00 AM"
"2569","4","4","255","1686","4","4/10/2014 12:00:00 AM","4/19/2014 12:00:00 AM","663.6735","53.0939","16.5918","733.3592","4/19/2014 12:00:00 AM"
"2570","4","4","256","1684","5","4/10/2014 12:00:00 AM","4/19/2014 12:00:00 AM","65240.1750","5219.2140","1631.0044","72090.3934","4/19/2014 12:00:00 AM"
"2571","4","4","259","1534","4","4/10/2014 12:00:00 AM","4/19/2014 12:00:00 AM","503.0865","40.2469","12.5772","555.9106","4/19/2014 12:00:00 AM"
"2572","4","4","260","1614","5","4/10/2014 12:00:00 AM","4/19/2014 12:00:00 AM","273.0735","21.8459","6.8268","301.7462","4/19/2014 12:00:00 AM"
"2573","4","4","258","1588","5","4/11/2014 12:00:00 AM","4/20/2014 12:00:00 AM","40471.2000","3237.6960","1011.7800","44720.6760","4/20/2014 12:00:00 AM"
"2574","4","4","254","1622","5","4/11/2014 12:00:00 AM","4/20/2014 12:00:00 AM","278.5230","22.2818","6.9631","307.7679","4/20/2014 12:00:00 AM"
"2575","4","4","257","1632","5","4/11/2014 12:00:00 AM","4/20/2014 12:00:00 AM","62092.8000","4967.4240","1552.3200","68612.5440","4/20/2014 12:00:00 AM"
"2576","4","4","261","1608","5","4/11/2014 12:00:00 AM","4/20/2014 12:00:00 AM","5948.2500","475.8600","148.7063","6572.8163","4/20/2014 12:00:00 AM"
"2577","4","4","251","1576","5","4/11/2014 12:00:00 AM","4/20/2014 12:00:00 AM","91117.9500","7289.4360","2277.9488","100685.3348","4/20/2014 12:00:00 AM"
"2578","4","4","253","1590","1","4/11/2014 12:00:00 AM","4/20/2014 12:00:00 AM","525.0000","42.0000","13.1250","580.1250","4/20/2014 12:00:00 AM"
"2579","4","4","255","1514","5","4/11/2014 12:00:00 AM","4/20/2014 12:00:00 AM","2003.6835","160.2947","50.0921","2214.0703","4/20/2014 12:00:00 AM"
"2580","4","4","256","1498","4","4/11/2014 12:00:00 AM","4/20/2014 12:00:00 AM","26455.2750","2116.4220","661.3819","29233.0789","4/20/2014 12:00:00 AM"
"2581","4","4","259","1674","2","4/11/2014 12:00:00 AM","4/20/2014 12:00:00 AM","944.3700","75.5496","23.6093","1043.5289","4/20/2014 12:00:00 AM"
"2582","4","4","260","1652","4","4/11/2014 12:00:00 AM","4/20/2014 12:00:00 AM","44594.5500","3567.5640","1114.8638","49276.9778","4/20/2014 12:00:00 AM"
"2583","4","4","258","1578","5","4/11/2014 12:00:00 AM","4/20/2014 12:00:00 AM","26720.9250","2137.6740","668.0231","29526.6221","4/20/2014 12:00:00 AM"
"2584","4","4","254","1538","5","4/11/2014 12:00:00 AM","4/20/2014 12:00:00 AM","37843.5750","3027.4860","946.0894","41817.1504","4/20/2014 12:00:00 AM"
"2585","4","4","257","1556","4","4/11/2014 12:00:00 AM","4/20/2014 12:00:00 AM","25531.2750","2042.5020","638.2819","28212.0589","4/20/2014 12:00:00 AM"
"2586","4","4","261","1554","4","4/11/2014 12:00:00 AM","4/20/2014 12:00:00 AM","482.5170","38.6014","12.0629","533.1813","4/20/2014 12:00:00 AM"
"2587","4","4","251","1688","4","4/11/2014 12:00:00 AM","4/20/2014 12:00:00 AM","125.7480","10.0598","3.1437","138.9515","4/20/2014 12:00:00 AM"
"2588","4","4","253","1580","5","4/11/2014 12:00:00 AM","4/20/2014 12:00:00 AM","150.7905","12.0632","3.7698","166.6235","4/20/2014 12:00:00 AM"
"2589","4","4","252","1496","4","4/14/2014 12:00:00 AM","4/23/2014 12:00:00 AM","235.9035","18.8723","5.8976","260.6734","4/23/2014 12:00:00 AM"
"2590","4","4","256","1494","2","4/14/2014 12:00:00 AM","4/23/2014 12:00:00 AM","8847.3000","707.7840","221.1825","9776.2665","4/23/2014 12:00:00 AM"
"2591","4","4","259","1650","5","4/14/2014 12:00:00 AM","4/23/2014 12:00:00 AM","171.0765","13.6861","4.2769","189.0395","4/23/2014 12:00:00 AM"
"2592","4","4","260","1654","4","4/14/2014 12:00:00 AM","4/23/2014 12:00:00 AM","20397.3000","1631.7840","509.9325","22539.0165","4/23/2014 12:00:00 AM"
"2593","4","4","258","1664","3","4/14/2014 12:00:00 AM","4/23/2014 12:00:00 AM","14628.0750","1170.2460","365.7019","16164.0229","4/23/2014 12:00:00 AM"
"2594","4","4","254","1678","3","4/14/2014 12:00:00 AM","4/23/2014 12:00:00 AM","33350.6250","2668.0500","833.7656","36852.4406","4/23/2014 12:00:00 AM"
"2595","4","4","257","1616","4","4/14/2014 12:00:00 AM","4/23/2014 12:00:00 AM","475.6815","38.0545","11.8920","525.6280","4/23/2014 12:00:00 AM"
"2596","4","4","261","1492","4","4/14/2014 12:00:00 AM","4/23/2014 12:00:00 AM","482.5170","38.6014","12.0629","533.1813","4/23/2014 12:00:00 AM"
"2597","4","4","251","1602","5","4/14/2014 12:00:00 AM","4/23/2014 12:00:00 AM","1796.0355","143.6828","44.9009","1984.6192","4/23/2014 12:00:00 AM"
"2598","4","4","253","1540","4","4/14/2014 12:00:00 AM","4/23/2014 12:00:00 AM","602.2485","48.1799","15.0562","665.4846","4/23/2014 12:00:00 AM"
"2599","4","4","255","1628","5","4/14/2014 12:00:00 AM","4/23/2014 12:00:00 AM","34644.2250","2771.5380","866.1056","38281.8686","4/23/2014 12:00:00 AM"
"2600","4","4","252","1604","4","4/14/2014 12:00:00 AM","4/23/2014 12:00:00 AM","1839.5055","147.1604","45.9876","2032.6535","4/23/2014 12:00:00 AM"
"2601","4","4","259","1690","5","4/14/2014 12:00:00 AM","4/23/2014 12:00:00 AM","146.2860","11.7029","3.6572","161.6461","4/23/2014 12:00:00 AM"
"2602","4","4","260","1566","5","4/14/2014 12:00:00 AM","4/23/2014 12:00:00 AM","102.5640","8.2051","2.5641","113.3332","4/23/2014 12:00:00 AM"
"2603","5","4","258","1698","5","4/14/2014 12:00:00 AM","4/23/2014 12:00:00 AM","150.7905","12.0632","3.7698","166.6235","4/23/2014 12:00:00 AM"
"2604","4","3","250","1560","5","4/14/2014 12:00:00 AM","4/23/2014 12:00:00 AM","13669.4250","1093.5540","341.7356","15104.7146","4/23/2014 12:00:00 AM"
"2605","4","4","257","1692","5","4/15/2014 12:00:00 AM","4/24/2014 12:00:00 AM","2934.5400","234.7632","73.3635","3242.6667","4/24/2014 12:00:00 AM"
"2606","4","4","261","1696","2","4/15/2014 12:00:00 AM","4/24/2014 12:00:00 AM","50860.4250","4068.8340","1271.5106","56200.7696","4/24/2014 12:00:00 AM"
"2607","4","4","251","1504","1","4/15/2014 12:00:00 AM","4/24/2014 12:00:00 AM","551.8800","44.1504","13.7970","609.8274","4/24/2014 12:00:00 AM"
"2608","4","4","253","1544","1","4/15/2014 12:00:00 AM","4/24/2014 12:00:00 AM","6987.7500","559.0200","174.6938","7721.4638","4/24/2014 12:00:00 AM"
"2609","4","4","255","1530","2","4/15/2014 12:00:00 AM","4/24/2014 12:00:00 AM","28072.2750","2245.7820","701.8069","31019.8639","4/24/2014 12:00:00 AM"
"2610","4","4","256","1508","1","4/15/2014 12:00:00 AM","4/24/2014 12:00:00 AM","37312.2750","2984.9820","932.8069","41230.0639","4/24/2014 12:00:00 AM"
"2611","4","4","259","1694","1","4/15/2014 12:00:00 AM","4/24/2014 12:00:00 AM","3407.2500","272.5800","85.1813","3765.0113","4/24/2014 12:00:00 AM"
"2612","4","4","260","1624","2","4/15/2014 12:00:00 AM","4/24/2014 12:00:00 AM","28297.5000","2263.8000","707.4375","31268.7375","4/24/2014 12:00:00 AM"
"2613","4","4","258","1548","2","4/15/2014 12:00:00 AM","4/24/2014 12:00:00 AM","59.9445","4.7956","1.4986","66.2387","4/24/2014 12:00:00 AM"
"2614","4","4","254","1598","4","4/15/2014 12:00:00 AM","4/24/2014 12:00:00 AM","240.7230","19.2578","6.0181","265.9989","4/24/2014 12:00:00 AM"
"2615","4","4","257","1658","5","4/15/2014 12:00:00 AM","4/24/2014 12:00:00 AM","43878.4500","3510.2760","1096.9613","48485.6873","4/24/2014 12:00:00 AM"
"2616","4","4","261","1536","5","4/15/2014 12:00:00 AM","4/24/2014 12:00:00 AM","544.7295","43.5784","13.6182","601.9261","4/24/2014 12:00:00 AM"
"2617","4","4","251","1568","1","4/15/2014 12:00:00 AM","4/24/2014 12:00:00 AM","18641.7000","1491.3360","466.0425","20599.0785","4/24/2014 12:00:00 AM"
"2618","4","4","253","1648","5","4/15/2014 12:00:00 AM","4/24/2014 12:00:00 AM","142.4115","11.3929","3.5603","157.3647","4/24/2014 12:00:00 AM"
"2619","4","4","255","1646","2","4/15/2014 12:00:00 AM","4/24/2014 12:00:00 AM","48030.6750","3842.4540","1200.7669","53073.8959","4/24/2014 12:00:00 AM"
"2620","4","4","256","1672","4","4/15/2014 12:00:00 AM","4/24/2014 12:00:00 AM","421.1550","33.6924","10.5289","465.3763","4/24/2014 12:00:00 AM"
"2621","4","4","259","1600","1","4/16/2014 12:00:00 AM","4/25/2014 12:00:00 AM","1276.2750","102.1020","31.9069","1410.2839","4/25/2014 12:00:00 AM"
"2622","7","4","250","1522","1","4/16/2014 12:00:00 AM","4/25/2014 12:00:00 AM","2003.9250","160.3140","50.0981","2214.3371","4/25/2014 12:00:00 AM"
"2623","4","4","258","1570","4","4/16/2014 12:00:00 AM","4/25/2014 12:00:00 AM","22516.7250","1801.3380","562.9181","24880.9811","4/25/2014 12:00:00 AM"
"2624","4","4","254","1516","1","4/16/2014 12:00:00 AM","4/25/2014 12:00:00 AM","454.8600","36.3888","11.3715","502.6203","4/25/2014 12:00:00 AM"
"2625","4","4","257","1506","5","4/16/2014 12:00:00 AM","4/25/2014 12:00:00 AM","43878.4500","3510.2760","1096.9613","48485.6873","4/25/2014 12:00:00 AM"
"2626","4","4","261","1626","2","4/16/2014 12:00:00 AM","4/25/2014 12:00:00 AM","7132.1250","570.5700","178.3031","7880.9981","4/25/2014 12:00:00 AM"
"2627","4","4","251","1542","2","4/16/2014 12:00:00 AM","4/25/2014 12:00:00 AM","28343.7000","2267.4960","708.5925","31319.7885","4/25/2014 12:00:00 AM"
"2628","4","4","253","1610","4","4/16/2014 12:00:00 AM","4/25/2014 12:00:00 AM","22516.7250","1801.3380","562.9181","24880.9811","4/25/2014 12:00:00 AM"
"2629","4","4","255","1638","5","4/16/2014 12:00:00 AM","4/25/2014 12:00:00 AM","34644.2250","2771.5380","866.1056","38281.8686","4/25/2014 12:00:00 AM"
"2630","4","4","256","1582","4","4/16/2014 12:00:00 AM","4/25/2014 12:00:00 AM","247.5585","19.8047","6.1890","273.5522","4/25/2014 12:00:00 AM"
"2631","4","4","259","1510","5","4/16/2014 12:00:00 AM","4/25/2014 12:00:00 AM","143.0415","11.4433","3.5760","158.0608","4/25/2014 12:00:00 AM"
"2632","4","4","260","1526","2","4/16/2014 12:00:00 AM","4/25/2014 12:00:00 AM","28199.3250","2255.9460","704.9831","31160.2541","4/25/2014 12:00:00 AM"
"2633","4","4","250","1644","1","4/16/2014 12:00:00 AM","4/25/2014 12:00:00 AM","3713.3250","297.0660","92.8331","4103.2241","4/25/2014 12:00:00 AM"
"2634","4","4","254","1680","5","4/16/2014 12:00:00 AM","4/25/2014 12:00:00 AM","43878.4500","3510.2760","1096.9613","48485.6873","4/25/2014 12:00:00 AM"
"2635","4","4","257","1584","5","4/16/2014 12:00:00 AM","4/25/2014 12:00:00 AM","2979.2700","238.3416","74.4818","3292.0934","4/25/2014 12:00:00 AM"
"2636","4","4","261","1620","5","4/16/2014 12:00:00 AM","4/25/2014 12:00:00 AM","5711.4750","456.9180","142.7869","6311.1799","4/25/2014 12:00:00 AM"
"2637","4","4","251","1666","5","4/17/2014 12:00:00 AM","4/26/2014 12:00:00 AM","776.7900","62.1432","19.4198","858.3530","4/26/2014 12:00:00 AM"
"2638","4","4","253","1592","2","4/17/2014 12:00:00 AM","4/26/2014 12:00:00 AM","97.9650","7.8372","2.4491","108.2513","4/26/2014 12:00:00 AM"
"2639","4","4","255","1618","4","4/17/2014 12:00:00 AM","4/26/2014 12:00:00 AM","114.4710","9.1577","2.8618","126.4905","4/26/2014 12:00:00 AM"
"2640","4","4","256","1612","4","4/17/2014 12:00:00 AM","4/26/2014 12:00:00 AM","132.6465","10.6117","3.3162","146.5744","4/26/2014 12:00:00 AM"
"2641","4","4","259","1586","5","4/17/2014 12:00:00 AM","4/26/2014 12:00:00 AM","43878.4500","3510.2760","1096.9613","48485.6873","4/26/2014 12:00:00 AM"
"2642","4","4","260","1500","1","4/17/2014 12:00:00 AM","4/26/2014 12:00:00 AM","418.9500","33.5160","10.4738","462.9398","4/26/2014 12:00:00 AM"
"2643","4","4","258","1656","4","4/17/2014 12:00:00 AM","4/26/2014 12:00:00 AM","389.6550","31.1724","9.7414","430.5688","4/26/2014 12:00:00 AM"
"2644","4","4","254","1572","1","4/17/2014 12:00:00 AM","4/26/2014 12:00:00 AM","461.7900","36.9432","11.5448","510.2780","4/26/2014 12:00:00 AM"
"2645","4","4","257","1562","4","4/17/2014 12:00:00 AM","4/26/2014 12:00:00 AM","1656.8370","132.5470","41.4209","1830.8049","4/26/2014 12:00:00 AM"
"2646","4","4","261","1662","2","4/17/2014 12:00:00 AM","4/26/2014 12:00:00 AM","37.0755","2.9660","0.9269","40.9684","4/26/2014 12:00:00 AM"
"2647","4","4","251","1682","4","4/17/2014 12:00:00 AM","4/26/2014 12:00:00 AM","21558.0750","1724.6460","538.9519","23821.6729","4/26/2014 12:00:00 AM"
"2648","4","4","253","1686","4","4/17/2014 12:00:00 AM","4/26/2014 12:00:00 AM","624.2985","49.9439","15.6075","689.8499","4/26/2014 12:00:00 AM"
"2649","4","4","255","1684","4","4/17/2014 12:00:00 AM","4/26/2014 12:00:00 AM","20980.5750","1678.4460","524.5144","23183.5354","4/26/2014 12:00:00 AM"
"2650","4","4","256","1534","4","4/17/2014 12:00:00 AM","4/26/2014 12:00:00 AM","360.0450","28.8036","9.0011","397.8497","4/26/2014 12:00:00 AM"
"2651","4","4","252","1614","4","4/17/2014 12:00:00 AM","4/26/2014 12:00:00 AM","260.4735","20.8379","6.5118","287.8232","4/26/2014 12:00:00 AM"
"2652","4","4","260","1588","5","4/17/2014 12:00:00 AM","4/26/2014 12:00:00 AM","40471.2000","3237.6960","1011.7800","44720.6760","4/26/2014 12:00:00 AM"
"2653","4","4","258","1622","5","4/18/2014 12:00:00 AM","4/27/2014 12:00:00 AM","414.8550","33.1884","10.3714","458.4148","4/27/2014 12:00:00 AM"
"2654","4","4","254","1632","5","4/18/2014 12:00:00 AM","4/27/2014 12:00:00 AM","38421.0750","3073.6860","960.5269","42455.2879","4/27/2014 12:00:00 AM"
"2655","4","4","257","1608","5","4/18/2014 12:00:00 AM","4/27/2014 12:00:00 AM","5948.2500","475.8600","148.7063","6572.8163","4/27/2014 12:00:00 AM"
"2656","4","4","261","1576","5","4/18/2014 12:00:00 AM","4/27/2014 12:00:00 AM","91117.9500","7289.4360","2277.9488","100685.3348","4/27/2014 12:00:00 AM"
"2657","4","4","250","1590","1","4/18/2014 12:00:00 AM","4/27/2014 12:00:00 AM","525.0000","42.0000","13.1250","580.1250","4/27/2014 12:00:00 AM"
"2658","4","4","253","1514","5","4/18/2014 12:00:00 AM","4/27/2014 12:00:00 AM","2003.6835","160.2947","50.0921","2214.0703","4/27/2014 12:00:00 AM"
"2659","4","4","255","1498","4","4/18/2014 12:00:00 AM","4/27/2014 12:00:00 AM","26455.2750","2116.4220","661.3819","29233.0789","4/27/2014 12:00:00 AM"
"2660","4","4","256","1674","2","4/18/2014 12:00:00 AM","4/27/2014 12:00:00 AM","944.3700","75.5496","23.6093","1043.5289","4/27/2014 12:00:00 AM"
"2661","4","4","259","1652","1","4/18/2014 12:00:00 AM","4/27/2014 12:00:00 AM","6993.5250","559.4820","174.8381","7727.8451","4/27/2014 12:00:00 AM"
"2662","4","4","260","1578","3","4/18/2014 12:00:00 AM","4/27/2014 12:00:00 AM","36122.6250","2889.8100","903.0656","39915.5006","4/27/2014 12:00:00 AM"
"2663","4","4","258","1538","5","4/18/2014 12:00:00 AM","4/27/2014 12:00:00 AM","37843.5750","3027.4860","946.0894","41817.1504","4/27/2014 12:00:00 AM"
"2664","4","4","254","1556","4","4/18/2014 12:00:00 AM","4/27/2014 12:00:00 AM","25531.2750","2042.5020","638.2819","28212.0589","4/27/2014 12:00:00 AM"
"2665","4","4","252","1554","4","4/18/2014 12:00:00 AM","4/27/2014 12:00:00 AM","111.0690","8.8855","2.7767","122.7312","4/27/2014 12:00:00 AM"
"2666","9","4","261","1688","4","4/18/2014 12:00:00 AM","4/27/2014 12:00:00 AM","125.7480","10.0598","3.1437","138.9515","4/27/2014 12:00:00 AM"
"2667","4","4","251","1580","5","4/18/2014 12:00:00 AM","4/27/2014 12:00:00 AM","150.7905","12.0632","3.7698","166.6235","4/27/2014 12:00:00 AM"
"2668","4","4","253","1496","5","4/18/2014 12:00:00 AM","4/27/2014 12:00:00 AM","696.5280","55.7222","17.4132","769.6634","4/27/2014 12:00:00 AM"
"2669","4","4","255","1494","2","4/21/2014 12:00:00 AM","4/30/2014 12:00:00 AM","8847.3000","707.7840","221.1825","9776.2665","4/30/2014 12:00:00 AM"
"2670","4","4","256","1650","5","4/21/2014 12:00:00 AM","4/30/2014 12:00:00 AM","171.0765","13.6861","4.2769","189.0395","4/30/2014 12:00:00 AM"
"2671","4","4","259","1654","4","4/21/2014 12:00:00 AM","4/30/2014 12:00:00 AM","20397.3000","1631.7840","509.9325","22539.0165","4/30/2014 12:00:00 AM"
"2672","4","4","260","1664","3","4/21/2014 12:00:00 AM","4/30/2014 12:00:00 AM","14628.0750","1170.2460","365.7019","16164.0229","4/30/2014 12:00:00 AM"
"2673","4","4","258","1678","4","4/21/2014 12:00:00 AM","4/30/2014 12:00:00 AM","25334.9250","2026.7940","633.3731","27995.0921","4/30/2014 12:00:00 AM"
"2674","4","4","254","1616","5","4/21/2014 12:00:00 AM","4/30/2014 12:00:00 AM","278.5230","22.2818","6.9631","307.7679","4/30/2014 12:00:00 AM"
"2675","4","4","257","1492","4","4/21/2014 12:00:00 AM","4/30/2014 12:00:00 AM","111.0690","8.8855","2.7767","122.7312","4/30/2014 12:00:00 AM"
"2676","4","4","261","1602","5","4/21/2014 12:00:00 AM","4/30/2014 12:00:00 AM","1796.0355","143.6828","44.9009","1984.6192","4/30/2014 12:00:00 AM"
"2677","4","4","251","1540","4","4/21/2014 12:00:00 AM","4/30/2014 12:00:00 AM","748.7550","59.9004","18.7189","827.3743","4/30/2014 12:00:00 AM"
"2678","4","4","253","1628","5","4/21/2014 12:00:00 AM","4/30/2014 12:00:00 AM","34644.2250","2771.5380","866.1056","38281.8686","4/30/2014 12:00:00 AM"
"2679","4","4","255","1604","4","4/21/2014 12:00:00 AM","4/30/2014 12:00:00 AM","1839.5055","147.1604","45.9876","2032.6535","4/30/2014 12:00:00 AM"
"2680","4","4","256","1690","5","4/21/2014 12:00:00 AM","4/30/2014 12:00:00 AM","146.2860","11.7029","3.6572","161.6461","4/30/2014 12:00:00 AM"
"2681","4","4","259","1566","5","4/21/2014 12:00:00 AM","4/30/2014 12:00:00 AM","102.5640","8.2051","2.5641","113.3332","4/30/2014 12:00:00 AM"
"2682","4","4","260","1698","5","4/21/2014 12:00:00 AM","4/30/2014 12:00:00 AM","150.7905","12.0632","3.7698","166.6235","4/30/2014 12:00:00 AM"
"2683","4","4","258","1560","5","4/21/2014 12:00:00 AM","4/30/2014 12:00:00 AM","13669.4250","1093.5540","341.7356","15104.7146","4/30/2014 12:00:00 AM"
"2684","4","4","254","1692","5","4/21/2014 12:00:00 AM","4/30/2014 12:00:00 AM","6444.9000","515.5920","161.1225","7121.6145","4/30/2014 12:00:00 AM"
"2685","4","4","257","1696","2","4/22/2014 12:00:00 AM","5/1/2014 12:00:00 AM","152581.2750","12206.5020","3814.5319","168602.3089","5/1/2014 12:00:00 AM"
"2686","4","4","261","1504","1","4/22/2014 12:00:00 AM","5/1/2014 12:00:00 AM","551.8800","44.1504","13.7970","609.8274","5/1/2014 12:00:00 AM"
"2687","4","4","251","1544","1","4/22/2014 12:00:00 AM","5/1/2014 12:00:00 AM","6987.7500","559.0200","174.6938","7721.4638","5/1/2014 12:00:00 AM"
"2688","5","4","253","1530","2","4/22/2014 12:00:00 AM","5/1/2014 12:00:00 AM","28072.2750","2245.7820","701.8069","31019.8639","5/1/2014 12:00:00 AM"
"2689","4","4","252","1508","1","4/22/2014 12:00:00 AM","5/1/2014 12:00:00 AM","37312.2750","2984.9820","932.8069","41230.0639","5/1/2014 12:00:00 AM"
"2690","4","4","256","1694","1","4/22/2014 12:00:00 AM","5/1/2014 12:00:00 AM","7623.0000","609.8400","190.5750","8423.4150","5/1/2014 12:00:00 AM"
"2691","4","4","259","1624","2","4/22/2014 12:00:00 AM","5/1/2014 12:00:00 AM","28297.5000","2263.8000","707.4375","31268.7375","5/1/2014 12:00:00 AM"
"2692","4","4","260","1548","2","4/22/2014 12:00:00 AM","5/1/2014 12:00:00 AM","59.9445","4.7956","1.4986","66.2387","5/1/2014 12:00:00 AM"
"2693","4","4","258","1598","4","4/22/2014 12:00:00 AM","5/1/2014 12:00:00 AM","358.1550","28.6524","8.9539","395.7613","5/1/2014 12:00:00 AM"
"2694","4","4","254","1658","5","4/22/2014 12:00:00 AM","5/1/2014 12:00:00 AM","43878.4500","3510.2760","1096.9613","48485.6873","5/1/2014 12:00:00 AM"
"2695","4","4","257","1536","4","4/22/2014 12:00:00 AM","5/1/2014 12:00:00 AM","1637.9370","131.0350","40.9484","1809.9204","5/1/2014 12:00:00 AM"
"2696","4","4","261","1568","2","4/22/2014 12:00:00 AM","5/1/2014 12:00:00 AM","29989.5750","2399.1660","749.7394","33138.4804","5/1/2014 12:00:00 AM"
"2697","4","4","251","1648","5","4/22/2014 12:00:00 AM","5/1/2014 12:00:00 AM","142.4115","11.3929","3.5603","157.3647","5/1/2014 12:00:00 AM"
"2698","4","4","253","1646","2","4/22/2014 12:00:00 AM","5/1/2014 12:00:00 AM","48030.6750","3842.4540","1200.7669","53073.8959","5/1/2014 12:00:00 AM"
"2699","4","4","255","1672","4","4/22/2014 12:00:00 AM","5/1/2014 12:00:00 AM","12127.7415","970.2193","303.1935","13401.1543","5/1/2014 12:00:00 AM"
"2700","4","4","252","1600","1","4/22/2014 12:00:00 AM","5/1/2014 12:00:00 AM","1276.2750","102.1020","31.9069","1410.2839","5/1/2014 12:00:00 AM"
"2701","4","4","259","1522","1","4/23/2014 12:00:00 AM","5/2/2014 12:00:00 AM","2003.9250","160.3140","50.0981","2214.3371","5/2/2014 12:00:00 AM"
"2702","4","4","260","1570","2","4/23/2014 12:00:00 AM","5/2/2014 12:00:00 AM","28343.7000","2267.4960","708.5925","31319.7885","5/2/2014 12:00:00 AM"
"2703","4","4","258","1516","1","4/23/2014 12:00:00 AM","5/2/2014 12:00:00 AM","454.8600","36.3888","11.3715","502.6203","5/2/2014 12:00:00 AM"
"2704","4","3","250","1506","5","4/23/2014 12:00:00 AM","5/2/2014 12:00:00 AM","43878.4500","3510.2760","1096.9613","48485.6873","5/2/2014 12:00:00 AM"
"2705","4","4","257","1626","2","4/23/2014 12:00:00 AM","5/2/2014 12:00:00 AM","7132.1250","570.5700","178.3031","7880.9981","5/2/2014 12:00:00 AM"
"2706","5","4","261","1542","2","4/23/2014 12:00:00 AM","5/2/2014 12:00:00 AM","28343.7000","2267.4960","708.5925","31319.7885","5/2/2014 12:00:00 AM"
"2707","4","4","251","1610","4","4/23/2014 12:00:00 AM","5/2/2014 12:00:00 AM","22516.7250","1801.3380","562.9181","24880.9811","5/2/2014 12:00:00 AM"
"2708","4","4","253","1638","5","4/23/2014 12:00:00 AM","5/2/2014 12:00:00 AM","34644.2250","2771.5380","866.1056","38281.8686","5/2/2014 12:00:00 AM"
"2709","4","4","255","1582","5","4/23/2014 12:00:00 AM","5/2/2014 12:00:00 AM","694.1655","55.5332","17.3541","767.0528","5/2/2014 12:00:00 AM"
"2710","4","4","256","1510","5","4/23/2014 12:00:00 AM","5/2/2014 12:00:00 AM","143.0415","11.4433","3.5760","158.0608","5/2/2014 12:00:00 AM"
"2711","4","4","259","1526","2","4/23/2014 12:00:00 AM","5/2/2014 12:00:00 AM","28199.3250","2255.9460","704.9831","31160.2541","5/2/2014 12:00:00 AM"
"2712","4","4","260","1644","1","4/23/2014 12:00:00 AM","5/2/2014 12:00:00 AM","3713.3250","297.0660","92.8331","4103.2241","5/2/2014 12:00:00 AM"
"2713","4","4","258","1680","4","4/23/2014 12:00:00 AM","5/2/2014 12:00:00 AM","19952.6250","1596.2100","498.8156","22047.6506","5/2/2014 12:00:00 AM"
"2714","4","4","254","1584","5","4/23/2014 12:00:00 AM","5/2/2014 12:00:00 AM","6540.6600","523.2528","163.5165","7227.4293","5/2/2014 12:00:00 AM"
"2715","4","4","257","1620","5","4/23/2014 12:00:00 AM","5/2/2014 12:00:00 AM","5711.4750","456.9180","142.7869","6311.1799","5/2/2014 12:00:00 AM"
"2716","4","4","261","1666","4","4/23/2014 12:00:00 AM","5/2/2014 12:00:00 AM","484.4070","38.7526","12.1102","535.2698","5/2/2014 12:00:00 AM"
"2717","4","4","251","1592","2","4/24/2014 12:00:00 AM","5/3/2014 12:00:00 AM","97.9650","7.8372","2.4491","108.2513","5/3/2014 12:00:00 AM"
"2718","4","4","253","1618","4","4/24/2014 12:00:00 AM","5/3/2014 12:00:00 AM","114.4710","9.1577","2.8618","126.4905","5/3/2014 12:00:00 AM"
"2719","4","4","255","1612","4","4/24/2014 12:00:00 AM","5/3/2014 12:00:00 AM","132.6465","10.6117","3.3162","146.5744","5/3/2014 12:00:00 AM"
"2720","4","4","256","1586","5","4/24/2014 12:00:00 AM","5/3/2014 12:00:00 AM","43878.4500","3510.2760","1096.9613","48485.6873","5/3/2014 12:00:00 AM"
"2721","4","4","259","1500","1","4/24/2014 12:00:00 AM","5/3/2014 12:00:00 AM","418.9500","33.5160","10.4738","462.9398","5/3/2014 12:00:00 AM"
"2722","5","4","250","1656","4","4/24/2014 12:00:00 AM","5/3/2014 12:00:00 AM","240.7230","19.2578","6.0181","265.9989","5/3/2014 12:00:00 AM"
"2723","4","4","258","1572","1","4/24/2014 12:00:00 AM","5/3/2014 12:00:00 AM","461.7900","36.9432","11.5448","510.2780","5/3/2014 12:00:00 AM"
"2724","4","4","254","1562","4","4/24/2014 12:00:00 AM","5/3/2014 12:00:00 AM","253.3230","20.2658","6.3331","279.9219","5/3/2014 12:00:00 AM"
"2725","4","4","257","1662","2","4/24/2014 12:00:00 AM","5/3/2014 12:00:00 AM","37.0755","2.9660","0.9269","40.9684","5/3/2014 12:00:00 AM"
"2726","4","4","261","1682","4","4/24/2014 12:00:00 AM","5/3/2014 12:00:00 AM","21558.0750","1724.6460","538.9519","23821.6729","5/3/2014 12:00:00 AM"
"2727","4","4","251","1686","4","4/24/2014 12:00:00 AM","5/3/2014 12:00:00 AM","710.3250","56.8260","17.7581","784.9091","5/3/2014 12:00:00 AM"
"2728","4","4","253","1684","5","4/24/2014 12:00:00 AM","5/3/2014 12:00:00 AM","86220.7500","6897.6600","2155.5188","95273.9288","5/3/2014 12:00:00 AM"
"2729","4","4","255","1534","4","4/24/2014 12:00:00 AM","5/3/2014 12:00:00 AM","235.9035","18.8723","5.8976","260.6734","5/3/2014 12:00:00 AM"
"2730","4","4","256","1614","5","4/24/2014 12:00:00 AM","5/3/2014 12:00:00 AM","428.4000","34.2720","10.7100","473.3820","5/3/2014 12:00:00 AM"
"2731","4","4","259","1588","5","4/24/2014 12:00:00 AM","5/3/2014 12:00:00 AM","40471.2000","3237.6960","1011.7800","44720.6760","5/3/2014 12:00:00 AM"
"2732","4","4","260","1622","5","4/24/2014 12:00:00 AM","5/3/2014 12:00:00 AM","272.4435","21.7955","6.8111","301.0501","5/3/2014 12:00:00 AM"
"2733","4","4","250","1632","4","4/25/2014 12:00:00 AM","5/4/2014 12:00:00 AM","23671.7250","1893.7380","591.7931","26157.2561","5/4/2014 12:00:00 AM"
"2734","4","4","254","1608","5","4/25/2014 12:00:00 AM","5/4/2014 12:00:00 AM","5948.2500","475.8600","148.7063","6572.8163","5/4/2014 12:00:00 AM"
"2735","4","4","257","1576","5","4/25/2014 12:00:00 AM","5/4/2014 12:00:00 AM","91117.9500","7289.4360","2277.9488","100685.3348","5/4/2014 12:00:00 AM"
"2736","4","4","261","1590","1","4/25/2014 12:00:00 AM","5/4/2014 12:00:00 AM","525.0000","42.0000","13.1250","580.1250","5/4/2014 12:00:00 AM"
"2737","4","4","251","1514","5","4/25/2014 12:00:00 AM","5/4/2014 12:00:00 AM","2003.6835","160.2947","50.0921","2214.0703","5/4/2014 12:00:00 AM"
"2738","4","4","253","1498","4","4/25/2014 12:00:00 AM","5/4/2014 12:00:00 AM","26455.2750","2116.4220","661.3819","29233.0789","5/4/2014 12:00:00 AM"
"2739","4","4","255","1674","2","4/25/2014 12:00:00 AM","5/4/2014 12:00:00 AM","944.3700","75.5496","23.6093","1043.5289","5/4/2014 12:00:00 AM"
"2740","4","4","256","1652","4","4/25/2014 12:00:00 AM","5/4/2014 12:00:00 AM","48186.6000","3854.9280","1204.6650","53246.1930","5/4/2014 12:00:00 AM"
"2741","4","4","259","1578","5","4/25/2014 12:00:00 AM","5/4/2014 12:00:00 AM","26720.9250","2137.6740","668.0231","29526.6221","5/4/2014 12:00:00 AM"
"2742","4","4","260","1538","5","4/25/2014 12:00:00 AM","5/4/2014 12:00:00 AM","37843.5750","3027.4860","946.0894","41817.1504","5/4/2014 12:00:00 AM"
"2743","4","4","258","1556","4","4/25/2014 12:00:00 AM","5/4/2014 12:00:00 AM","25531.2750","2042.5020","638.2819","28212.0589","5/4/2014 12:00:00 AM"
"2744","4","4","254","1554","5","4/25/2014 12:00:00 AM","5/4/2014 12:00:00 AM","278.8380","22.3070","6.9710","308.1160","5/4/2014 12:00:00 AM"
"2745","4","4","257","1688","4","4/25/2014 12:00:00 AM","5/4/2014 12:00:00 AM","125.7480","10.0598","3.1437","138.9515","5/4/2014 12:00:00 AM"
"2746","4","4","261","1580","5","4/25/2014 12:00:00 AM","5/4/2014 12:00:00 AM","150.7905","12.0632","3.7698","166.6235","5/4/2014 12:00:00 AM"
"2747","4","4","251","1496","5","4/25/2014 12:00:00 AM","5/4/2014 12:00:00 AM","776.7900","62.1432","19.4198","858.3530","5/4/2014 12:00:00 AM"
"2748","4","4","253","1494","2","4/25/2014 12:00:00 AM","5/4/2014 12:00:00 AM","8847.3000","707.7840","221.1825","9776.2665","5/4/2014 12:00:00 AM"
"2749","4","4","255","1650","5","4/28/2014 12:00:00 AM","5/7/2014 12:00:00 AM","171.0765","13.6861","4.2769","189.0395","5/7/2014 12:00:00 AM"
"2750","4","4","256","1654","4","4/28/2014 12:00:00 AM","5/7/2014 12:00:00 AM","20397.3000","1631.7840","509.9325","22539.0165","5/7/2014 12:00:00 AM"
"2751","4","4","252","1664","3","4/28/2014 12:00:00 AM","5/7/2014 12:00:00 AM","14628.0750","1170.2460","365.7019","16164.0229","5/7/2014 12:00:00 AM"
"2752","4","4","260","1678","3","4/28/2014 12:00:00 AM","5/7/2014 12:00:00 AM","33350.6250","2668.0500","833.7656","36852.4406","5/7/2014 12:00:00 AM"
"2753","4","4","258","1616","5","4/28/2014 12:00:00 AM","5/7/2014 12:00:00 AM","414.8550","33.1884","10.3714","458.4148","5/7/2014 12:00:00 AM"
"2754","4","4","254","1492","5","4/28/2014 12:00:00 AM","5/7/2014 12:00:00 AM","278.8380","22.3070","6.9710","308.1160","5/7/2014 12:00:00 AM"
"2755","4","4","257","1602","5","4/28/2014 12:00:00 AM","5/7/2014 12:00:00 AM","1796.0355","143.6828","44.9009","1984.6192","5/7/2014 12:00:00 AM"
"2756","4","4","261","1540","4","4/28/2014 12:00:00 AM","5/7/2014 12:00:00 AM","489.0690","39.1255","12.2267","540.4212","5/7/2014 12:00:00 AM"
"2757","4","4","250","1628","5","4/28/2014 12:00:00 AM","5/7/2014 12:00:00 AM","34644.2250","2771.5380","866.1056","38281.8686","5/7/2014 12:00:00 AM"
"2758","4","4","253","1604","4","4/28/2014 12:00:00 AM","5/7/2014 12:00:00 AM","1839.5055","147.1604","45.9876","2032.6535","5/7/2014 12:00:00 AM"
"2759","4","4","255","1690","5","4/28/2014 12:00:00 AM","5/7/2014 12:00:00 AM","146.2860","11.7029","3.6572","161.6461","5/7/2014 12:00:00 AM"
"2760","4","4","256","1566","5","4/28/2014 12:00:00 AM","5/7/2014 12:00:00 AM","102.5640","8.2051","2.5641","113.3332","5/7/2014 12:00:00 AM"
"2761","4","4","259","1698","5","4/28/2014 12:00:00 AM","5/7/2014 12:00:00 AM","150.7905","12.0632","3.7698","166.6235","5/7/2014 12:00:00 AM"
"2762","4","4","260","1560","5","4/28/2014 12:00:00 AM","5/7/2014 12:00:00 AM","13669.4250","1093.5540","341.7356","15104.7146","5/7/2014 12:00:00 AM"
"2763","4","4","258","1692","5","4/28/2014 12:00:00 AM","5/7/2014 12:00:00 AM","9948.3300","795.8664","248.7083","10992.9047","5/7/2014 12:00:00 AM"
"2764","4","4","254","1696","2","4/28/2014 12:00:00 AM","5/7/2014 12:00:00 AM","28343.7000","2267.4960","708.5925","31319.7885","5/7/2014 12:00:00 AM"
"2765","4","4","252","1504","1","4/29/2014 12:00:00 AM","5/8/2014 12:00:00 AM","551.8800","44.1504","13.7970","609.8274","5/8/2014 12:00:00 AM"
"2766","4","4","261","1544","1","4/29/2014 12:00:00 AM","5/8/2014 12:00:00 AM","6987.7500","559.0200","174.6938","7721.4638","5/8/2014 12:00:00 AM"
"2767","4","4","251","1530","2","4/29/2014 12:00:00 AM","5/8/2014 12:00:00 AM","28072.2750","2245.7820","701.8069","31019.8639","5/8/2014 12:00:00 AM"
"2768","4","4","253","1508","1","4/29/2014 12:00:00 AM","5/8/2014 12:00:00 AM","37312.2750","2984.9820","932.8069","41230.0639","5/8/2014 12:00:00 AM"
"2769","4","4","255","1694","1","4/29/2014 12:00:00 AM","5/8/2014 12:00:00 AM","7623.0000","609.8400","190.5750","8423.4150","5/8/2014 12:00:00 AM"
"2770","4","4","256","1624","2","4/29/2014 12:00:00 AM","5/8/2014 12:00:00 AM","28297.5000","2263.8000","707.4375","31268.7375","5/8/2014 12:00:00 AM"
"2771","4","4","259","1548","2","4/29/2014 12:00:00 AM","5/8/2014 12:00:00 AM","59.9445","4.7956","1.4986","66.2387","5/8/2014 12:00:00 AM"
"2772","4","4","260","1598","4","4/29/2014 12:00:00 AM","5/8/2014 12:00:00 AM","234.6435","18.7715","5.8661","259.2811","5/8/2014 12:00:00 AM"
"2773","4","4","258","1658","5","4/29/2014 12:00:00 AM","5/8/2014 12:00:00 AM","43878.4500","3510.2760","1096.9613","48485.6873","5/8/2014 12:00:00 AM"
"2774","6","4","254","1536","4","4/29/2014 12:00:00 AM","5/8/2014 12:00:00 AM","247.2435","19.7795","6.1811","273.2041","5/8/2014 12:00:00 AM"
"2775","4","4","257","1568","2","4/29/2014 12:00:00 AM","5/8/2014 12:00:00 AM","49376.2500","3950.1000","1234.4063","54560.7563","5/8/2014 12:00:00 AM"
"2776","4","4","261","1648","5","4/29/2014 12:00:00 AM","5/8/2014 12:00:00 AM","142.4115","11.3929","3.5603","157.3647","5/8/2014 12:00:00 AM"
"2777","4","4","251","1646","2","4/29/2014 12:00:00 AM","5/8/2014 12:00:00 AM","48030.6750","3842.4540","1200.7669","53073.8959","5/8/2014 12:00:00 AM"
"2778","4","4","253","1672","5","4/29/2014 12:00:00 AM","5/8/2014 12:00:00 AM","39258.4500","3140.6760","981.4613","43380.5873","5/8/2014 12:00:00 AM"
"2779","4","4","255","1600","1","4/29/2014 12:00:00 AM","5/8/2014 12:00:00 AM","1276.2750","102.1020","31.9069","1410.2839","5/8/2014 12:00:00 AM"
"2780","4","4","256","1522","1","4/29/2014 12:00:00 AM","5/8/2014 12:00:00 AM","2003.9250","160.3140","50.0981","2214.3371","5/8/2014 12:00:00 AM"
"2781","4","4","259","1570","4","4/30/2014 12:00:00 AM","5/9/2014 12:00:00 AM","22516.7250","1801.3380","562.9181","24880.9811","5/9/2014 12:00:00 AM"
"2782","4","4","260","1516","1","4/30/2014 12:00:00 AM","5/9/2014 12:00:00 AM","454.8600","36.3888","11.3715","502.6203","5/9/2014 12:00:00 AM"
"2783","4","4","258","1506","5","4/30/2014 12:00:00 AM","5/9/2014 12:00:00 AM","43878.4500","3510.2760","1096.9613","48485.6873","5/9/2014 12:00:00 AM"
"2784","4","4","254","1626","2","4/30/2014 12:00:00 AM","5/9/2014 12:00:00 AM","7132.1250","570.5700","178.3031","7880.9981","5/9/2014 12:00:00 AM"
"2785","5","4","257","1542","2","4/30/2014 12:00:00 AM","5/9/2014 12:00:00 AM","28343.7000","2267.4960","708.5925","31319.7885","5/9/2014 12:00:00 AM"
"2786","4","4","261","1610","4","4/30/2014 12:00:00 AM","5/9/2014 12:00:00 AM","22516.7250","1801.3380","562.9181","24880.9811","5/9/2014 12:00:00 AM"
"2787","4","4","251","1638","5","4/30/2014 12:00:00 AM","5/9/2014 12:00:00 AM","34644.2250","2771.5380","866.1056","38281.8686","5/9/2014 12:00:00 AM"
"2788","4","4","253","1582","5","4/30/2014 12:00:00 AM","5/9/2014 12:00:00 AM","656.5860","52.5269","16.4147","725.5276","5/9/2014 12:00:00 AM"
"2789","4","4","252","1510","5","4/30/2014 12:00:00 AM","5/9/2014 12:00:00 AM","143.0415","11.4433","3.5760","158.0608","5/9/2014 12:00:00 AM"
"2790","4","4","256","1526","2","4/30/2014 12:00:00 AM","5/9/2014 12:00:00 AM","28199.3250","2255.9460","704.9831","31160.2541","5/9/2014 12:00:00 AM"
"2791","4","4","259","1644","1","4/30/2014 12:00:00 AM","5/9/2014 12:00:00 AM","3713.3250","297.0660","92.8331","4103.2241","5/9/2014 12:00:00 AM"
"2792","4","4","260","1680","5","4/30/2014 12:00:00 AM","5/9/2014 12:00:00 AM","43878.4500","3510.2760","1096.9613","48485.6873","5/9/2014 12:00:00 AM"
"2793","4","4","258","1584","5","4/30/2014 12:00:00 AM","5/9/2014 12:00:00 AM","9799.6500","783.9720","244.9913","10828.6133","5/9/2014 12:00:00 AM"
"2794","4","4","254","1620","5","4/30/2014 12:00:00 AM","5/9/2014 12:00:00 AM","5711.4750","456.9180","142.7869","6311.1799","5/9/2014 12:00:00 AM"
"2795","4","4","257","1666","4","4/30/2014 12:00:00 AM","5/9/2014 12:00:00 AM","111.5415","8.9233","2.7885","123.2533","5/9/2014 12:00:00 AM"
"2796","4","4","261","1592","2","4/30/2014 12:00:00 AM","5/9/2014 12:00:00 AM","97.9650","7.8372","2.4491","108.2513","5/9/2014 12:00:00 AM"
"2797","4","4","251","1618","4","5/1/2014 12:00:00 AM","5/10/2014 12:00:00 AM","114.4710","9.1577","2.8618","126.4905","5/10/2014 12:00:00 AM"
"2798","4","4","253","1612","4","5/1/2014 12:00:00 AM","5/10/2014 12:00:00 AM","132.6465","10.6117","3.3162","146.5744","5/10/2014 12:00:00 AM"
"2799","4","4","255","1586","5","5/1/2014 12:00:00 AM","5/10/2014 12:00:00 AM","43878.4500","3510.2760","1096.9613","48485.6873","5/10/2014 12:00:00 AM"
"2800","4","4","252","1500","1","5/1/2014 12:00:00 AM","5/10/2014 12:00:00 AM","418.9500","33.5160","10.4738","462.9398","5/10/2014 12:00:00 AM"
"2801","4","4","259","1656","5","5/1/2014 12:00:00 AM","5/10/2014 12:00:00 AM","566.0865","45.2869","14.1522","625.5256","5/10/2014 12:00:00 AM"
"2802","4","4","260","1572","1","5/1/2014 12:00:00 AM","5/10/2014 12:00:00 AM","461.7900","36.9432","11.5448","510.2780","5/10/2014 12:00:00 AM"
"2803","4","4","258","1562","4","5/1/2014 12:00:00 AM","5/10/2014 12:00:00 AM","377.0550","30.1644","9.4264","416.6458","5/10/2014 12:00:00 AM"
"2804","4","3","250","1662","2","5/1/2014 12:00:00 AM","5/10/2014 12:00:00 AM","37.0755","2.9660","0.9269","40.9684","5/10/2014 12:00:00 AM"
"2805","4","4","257","1682","4","5/1/2014 12:00:00 AM","5/10/2014 12:00:00 AM","21558.0750","1724.6460","538.9519","23821.6729","5/10/2014 12:00:00 AM"
"2806","4","4","261","1686","4","5/1/2014 12:00:00 AM","5/10/2014 12:00:00 AM","552.2265","44.1781","13.8057","610.2103","5/10/2014 12:00:00 AM"
"2807","4","4","251","1684","5","5/1/2014 12:00:00 AM","5/10/2014 12:00:00 AM","86220.7500","6897.6600","2155.5188","95273.9288","5/10/2014 12:00:00 AM"
"2808","4","4","253","1534","5","5/1/2014 12:00:00 AM","5/10/2014 12:00:00 AM","696.5280","55.7222","17.4132","769.6634","5/10/2014 12:00:00 AM"
"2809","4","4","255","1614","4","5/1/2014 12:00:00 AM","5/10/2014 12:00:00 AM","663.4530","53.0762","16.5863","733.1155","5/10/2014 12:00:00 AM"
"2810","4","4","256","1588","5","5/1/2014 12:00:00 AM","5/10/2014 12:00:00 AM","40471.2000","3237.6960","1011.7800","44720.6760","5/10/2014 12:00:00 AM"
"2811","4","4","259","1622","4","5/1/2014 12:00:00 AM","5/10/2014 12:00:00 AM","259.8435","20.7875","6.4961","287.1271","5/10/2014 12:00:00 AM"
"2812","4","4","260","1632","5","5/1/2014 12:00:00 AM","5/10/2014 12:00:00 AM","38421.0750","3073.6860","960.5269","42455.2879","5/10/2014 12:00:00 AM"
"2813","4","4","258","1608","5","5/2/2014 12:00:00 AM","5/11/2014 12:00:00 AM","5948.2500","475.8600","148.7063","6572.8163","5/11/2014 12:00:00 AM"
"2814","4","4","254","1576","5","5/2/2014 12:00:00 AM","5/11/2014 12:00:00 AM","91117.9500","7289.4360","2277.9488","100685.3348","5/11/2014 12:00:00 AM"
"2815","4","4","257","1590","1","5/2/2014 12:00:00 AM","5/11/2014 12:00:00 AM","525.0000","42.0000","13.1250","580.1250","5/11/2014 12:00:00 AM"
"2816","4","4","261","1514","5","5/2/2014 12:00:00 AM","5/11/2014 12:00:00 AM","2003.6835","160.2947","50.0921","2214.0703","5/11/2014 12:00:00 AM"
"2817","4","4","251","1498","4","5/2/2014 12:00:00 AM","5/11/2014 12:00:00 AM","26455.2750","2116.4220","661.3819","29233.0789","5/11/2014 12:00:00 AM"
"2818","4","4","253","1674","2","5/2/2014 12:00:00 AM","5/11/2014 12:00:00 AM","944.3700","75.5496","23.6093","1043.5289","5/11/2014 12:00:00 AM"
"2819","5","4","255","1652","1","5/2/2014 12:00:00 AM","5/11/2014 12:00:00 AM","3401.4750","272.1180","85.0369","3758.6299","5/11/2014 12:00:00 AM"
"2820","4","4","256","1578","3","5/2/2014 12:00:00 AM","5/11/2014 12:00:00 AM","62843.5500","5027.4840","1571.0888","69442.1228","5/11/2014 12:00:00 AM"
"2821","4","4","259","1538","5","5/2/2014 12:00:00 AM","5/11/2014 12:00:00 AM","37843.5750","3027.4860","946.0894","41817.1504","5/11/2014 12:00:00 AM"
"2822","4","4","250","1556","4","5/2/2014 12:00:00 AM","5/11/2014 12:00:00 AM","25531.2750","2042.5020","638.2819","28212.0589","5/11/2014 12:00:00 AM"
"2823","4","4","258","1554","5","5/2/2014 12:00:00 AM","5/11/2014 12:00:00 AM","415.3275","33.2262","10.3832","458.9369","5/11/2014 12:00:00 AM"
"2824","4","4","254","1688","4","5/2/2014 12:00:00 AM","5/11/2014 12:00:00 AM","125.7480","10.0598","3.1437","138.9515","5/11/2014 12:00:00 AM"
"2825","4","4","257","1580","5","5/2/2014 12:00:00 AM","5/11/2014 12:00:00 AM","150.7905","12.0632","3.7698","166.6235","5/11/2014 12:00:00 AM"
"2826","4","4","261","1496","4","5/2/2014 12:00:00 AM","5/11/2014 12:00:00 AM","484.4070","38.7526","12.1102","535.2698","5/11/2014 12:00:00 AM"
"2827","4","4","251","1494","2","5/2/2014 12:00:00 AM","5/11/2014 12:00:00 AM","8847.3000","707.7840","221.1825","9776.2665","5/11/2014 12:00:00 AM"
"2828","4","4","253","1650","5","5/2/2014 12:00:00 AM","5/11/2014 12:00:00 AM","171.0765","13.6861","4.2769","189.0395","5/11/2014 12:00:00 AM"
"2829","4","4","255","1654","4","5/3/2014 12:00:00 AM","5/12/2014 12:00:00 AM","20397.3000","1631.7840","509.9325","22539.0165","5/12/2014 12:00:00 AM"
"2830","4","4","256","1664","3","5/3/2014 12:00:00 AM","5/12/2014 12:00:00 AM","14628.0750","1170.2460","365.7019","16164.0229","5/12/2014 12:00:00 AM"
"2831","4","4","259","1678","4","5/3/2014 12:00:00 AM","5/12/2014 12:00:00 AM","25334.9250","2026.7940","633.3731","27995.0921","5/12/2014 12:00:00 AM"
"2832","4","4","260","1616","5","5/3/2014 12:00:00 AM","5/12/2014 12:00:00 AM","272.4435","21.7955","6.8111","301.0501","5/12/2014 12:00:00 AM"
"2833","4","4","250","1492","5","5/5/2014 12:00:00 AM","5/14/2014 12:00:00 AM","415.3275","33.2262","10.3832","458.9369","5/14/2014 12:00:00 AM"
"2834","4","4","254","1602","5","5/5/2014 12:00:00 AM","5/14/2014 12:00:00 AM","270.8055","21.6644","6.7701","299.2400","5/14/2014 12:00:00 AM"
"2835","4","4","257","1540","4","5/5/2014 12:00:00 AM","5/14/2014 12:00:00 AM","1814.6835","145.1747","45.3671","2005.2253","5/14/2014 12:00:00 AM"
"2836","4","4","261","1628","5","5/5/2014 12:00:00 AM","5/14/2014 12:00:00 AM","34644.2250","2771.5380","866.1056","38281.8686","5/14/2014 12:00:00 AM"
"2837","4","4","251","1604","4","5/5/2014 12:00:00 AM","5/14/2014 12:00:00 AM","1839.5055","147.1604","45.9876","2032.6535","5/14/2014 12:00:00 AM"
"2838","4","4","253","1690","5","5/5/2014 12:00:00 AM","5/14/2014 12:00:00 AM","146.2860","11.7029","3.6572","161.6461","5/14/2014 12:00:00 AM"
"2839","4","4","255","1566","5","5/5/2014 12:00:00 AM","5/14/2014 12:00:00 AM","102.5640","8.2051","2.5641","113.3332","5/14/2014 12:00:00 AM"
"2840","4","4","256","1698","5","5/5/2014 12:00:00 AM","5/14/2014 12:00:00 AM","150.7905","12.0632","3.7698","166.6235","5/14/2014 12:00:00 AM"
"2841","4","4","259","1560","5","5/5/2014 12:00:00 AM","5/14/2014 12:00:00 AM","13669.4250","1093.5540","341.7356","15104.7146","5/14/2014 12:00:00 AM"
"2842","4","4","260","1692","5","5/5/2014 12:00:00 AM","5/14/2014 12:00:00 AM","6444.9000","515.5920","161.1225","7121.6145","5/14/2014 12:00:00 AM"
"2843","4","4","258","1696","4","5/5/2014 12:00:00 AM","5/14/2014 12:00:00 AM","50860.4250","4068.8340","1271.5106","56200.7696","5/14/2014 12:00:00 AM"
"2844","4","4","254","1504","1","5/5/2014 12:00:00 AM","5/14/2014 12:00:00 AM","551.8800","44.1504","13.7970","609.8274","5/14/2014 12:00:00 AM"
"2845","5","4","257","1544","1","5/5/2014 12:00:00 AM","5/14/2014 12:00:00 AM","6987.7500","559.0200","174.6938","7721.4638","5/14/2014 12:00:00 AM"
"2846","4","4","261","1530","2","5/5/2014 12:00:00 AM","5/14/2014 12:00:00 AM","28072.2750","2245.7820","701.8069","31019.8639","5/14/2014 12:00:00 AM"
"2847","4","4","251","1508","1","5/5/2014 12:00:00 AM","5/14/2014 12:00:00 AM","37312.2750","2984.9820","932.8069","41230.0639","5/14/2014 12:00:00 AM"
"2848","4","4","253","1694","1","5/5/2014 12:00:00 AM","5/14/2014 12:00:00 AM","7623.0000","609.8400","190.5750","8423.4150","5/14/2014 12:00:00 AM"
"2849","4","4","255","1624","2","5/6/2014 12:00:00 AM","5/15/2014 12:00:00 AM","28297.5000","2263.8000","707.4375","31268.7375","5/15/2014 12:00:00 AM"
"2850","4","4","256","1548","2","5/6/2014 12:00:00 AM","5/15/2014 12:00:00 AM","59.9445","4.7956","1.4986","66.2387","5/15/2014 12:00:00 AM"
"2851","4","4","252","1598","5","5/6/2014 12:00:00 AM","5/15/2014 12:00:00 AM","222.0435","17.7635","5.5511","245.3581","5/15/2014 12:00:00 AM"
"2852","4","4","260","1658","5","5/6/2014 12:00:00 AM","5/15/2014 12:00:00 AM","43878.4500","3510.2760","1096.9613","48485.6873","5/15/2014 12:00:00 AM"
"2853","4","4","258","1536","4","5/8/2014 12:00:00 AM","5/17/2014 12:00:00 AM","345.5550","27.6444","8.6389","381.8383","5/17/2014 12:00:00 AM"
"2854","4","4","254","1568","2","5/8/2014 12:00:00 AM","5/17/2014 12:00:00 AM","15153.6000","1212.2880","378.8400","16744.7280","5/17/2014 12:00:00 AM"
"2855","4","4","257","1648","5","5/8/2014 12:00:00 AM","5/17/2014 12:00:00 AM","142.4115","11.3929","3.5603","157.3647","5/17/2014 12:00:00 AM"
"2856","5","4","261","1646","2","5/8/2014 12:00:00 AM","5/17/2014 12:00:00 AM","48030.6750","3842.4540","1200.7669","53073.8959","5/17/2014 12:00:00 AM"
"2857","4","4","250","1672","4","5/8/2014 12:00:00 AM","5/17/2014 12:00:00 AM","823.4100","65.8728","20.5853","909.8681","5/17/2014 12:00:00 AM"
"2858","4","4","253","1600","1","5/8/2014 12:00:00 AM","5/17/2014 12:00:00 AM","1276.2750","102.1020","31.9069","1410.2839","5/17/2014 12:00:00 AM"
"2859","4","4","255","1522","1","5/8/2014 12:00:00 AM","5/17/2014 12:00:00 AM","2003.9250","160.3140","50.0981","2214.3371","5/17/2014 12:00:00 AM"
"2860","4","4","256","1570","2","5/8/2014 12:00:00 AM","5/17/2014 12:00:00 AM","50860.4250","4068.8340","1271.5106","56200.7696","5/17/2014 12:00:00 AM"
"2861","4","4","259","1516","1","5/8/2014 12:00:00 AM","5/17/2014 12:00:00 AM","454.8600","36.3888","11.3715","502.6203","5/17/2014 12:00:00 AM"
"2862","4","4","260","1506","5","5/8/2014 12:00:00 AM","5/17/2014 12:00:00 AM","43878.4500","3510.2760","1096.9613","48485.6873","5/17/2014 12:00:00 AM"
"2863","4","4","258","1626","2","5/8/2014 12:00:00 AM","5/17/2014 12:00:00 AM","7132.1250","570.5700","178.3031","7880.9981","5/17/2014 12:00:00 AM"
"2864","4","4","254","1542","2","5/8/2014 12:00:00 AM","5/17/2014 12:00:00 AM","28343.7000","2267.4960","708.5925","31319.7885","5/17/2014 12:00:00 AM"
"2865","4","4","252","1610","4","5/8/2014 12:00:00 AM","5/17/2014 12:00:00 AM","22516.7250","1801.3380","562.9181","24880.9811","5/17/2014 12:00:00 AM"
"2866","4","4","261","1638","5","5/8/2014 12:00:00 AM","5/17/2014 12:00:00 AM","34644.2250","2771.5380","866.1056","38281.8686","5/17/2014 12:00:00 AM"
"2867","4","4","251","1582","4","5/8/2014 12:00:00 AM","5/17/2014 12:00:00 AM","364.9275","29.1942","9.1232","403.2449","5/17/2014 12:00:00 AM"
"2868","4","4","253","1510","5","5/8/2014 12:00:00 AM","5/17/2014 12:00:00 AM","143.0415","11.4433","3.5760","158.0608","5/17/2014 12:00:00 AM"
"2869","4","4","255","1526","2","5/9/2014 12:00:00 AM","5/18/2014 12:00:00 AM","28199.3250","2255.9460","704.9831","31160.2541","5/18/2014 12:00:00 AM"
"2870","4","4","256","1644","1","5/9/2014 12:00:00 AM","5/18/2014 12:00:00 AM","3713.3250","297.0660","92.8331","4103.2241","5/18/2014 12:00:00 AM"
"2871","4","4","259","1680","4","5/9/2014 12:00:00 AM","5/18/2014 12:00:00 AM","19952.6250","1596.2100","498.8156","22047.6506","5/18/2014 12:00:00 AM"
"2872","4","4","260","1584","5","5/9/2014 12:00:00 AM","5/18/2014 12:00:00 AM","6540.6600","523.2528","163.5165","7227.4293","5/18/2014 12:00:00 AM"
"2873","4","4","258","1620","5","5/9/2014 12:00:00 AM","5/18/2014 12:00:00 AM","5711.4750","456.9180","142.7869","6311.1799","5/18/2014 12:00:00 AM"
"2874","4","4","254","1666","5","5/9/2014 12:00:00 AM","5/18/2014 12:00:00 AM","279.7830","22.3826","6.9946","309.1602","5/18/2014 12:00:00 AM"
"2875","4","4","257","1592","2","5/9/2014 12:00:00 AM","5/18/2014 12:00:00 AM","97.9650","7.8372","2.4491","108.2513","5/18/2014 12:00:00 AM"
"2876","4","4","261","1618","4","5/9/2014 12:00:00 AM","5/18/2014 12:00:00 AM","114.4710","9.1577","2.8618","126.4905","5/18/2014 12:00:00 AM"
"2877","4","4","251","1612","4","5/9/2014 12:00:00 AM","5/18/2014 12:00:00 AM","132.6465","10.6117","3.3162","146.5744","5/18/2014 12:00:00 AM"
"2878","4","4","253","1586","5","5/9/2014 12:00:00 AM","5/18/2014 12:00:00 AM","43878.4500","3510.2760","1096.9613","48485.6873","5/18/2014 12:00:00 AM"
"2879","4","4","255","1500","1","5/9/2014 12:00:00 AM","5/18/2014 12:00:00 AM","418.9500","33.5160","10.4738","462.9398","5/18/2014 12:00:00 AM"
"2880","4","4","256","1656","4","5/9/2014 12:00:00 AM","5/18/2014 12:00:00 AM","404.1450","32.3316","10.1036","446.5802","5/18/2014 12:00:00 AM"
"2881","4","4","259","1572","1","5/9/2014 12:00:00 AM","5/18/2014 12:00:00 AM","461.7900","36.9432","11.5448","510.2780","5/18/2014 12:00:00 AM"
"2882","4","4","260","1562","4","5/9/2014 12:00:00 AM","5/18/2014 12:00:00 AM","247.2435","19.7795","6.1811","273.2041","5/18/2014 12:00:00 AM"
"2883","4","4","258","1662","2","5/9/2014 12:00:00 AM","5/18/2014 12:00:00 AM","37.0755","2.9660","0.9269","40.9684","5/18/2014 12:00:00 AM"
"2884","4","4","254","1682","4","5/9/2014 12:00:00 AM","5/18/2014 12:00:00 AM","21558.0750","1724.6460","538.9519","23821.6729","5/18/2014 12:00:00 AM"
"2885","4","4","257","1686","5","5/12/2014 12:00:00 AM","5/21/2014 12:00:00 AM","533.5470","42.6838","13.3387","589.5695","5/21/2014 12:00:00 AM"
"2886","4","4","261","1684","5","5/12/2014 12:00:00 AM","5/21/2014 12:00:00 AM","86220.7500","6897.6600","2155.5188","95273.9288","5/21/2014 12:00:00 AM"
"2887","4","4","251","1534","5","5/12/2014 12:00:00 AM","5/21/2014 12:00:00 AM","776.7900","62.1432","19.4198","858.3530","5/21/2014 12:00:00 AM"
"2888","4","4","253","1614","4","5/12/2014 12:00:00 AM","5/21/2014 12:00:00 AM","136.6470","10.9318","3.4162","150.9950","5/21/2014 12:00:00 AM"
"2889","4","4","252","1588","5","5/12/2014 12:00:00 AM","5/21/2014 12:00:00 AM","40471.2000","3237.6960","1011.7800","44720.6760","5/21/2014 12:00:00 AM"
"2890","4","4","256","1622","5","5/12/2014 12:00:00 AM","5/21/2014 12:00:00 AM","427.4550","34.1964","10.6864","472.3378","5/21/2014 12:00:00 AM"
"2891","4","4","259","1632","4","5/12/2014 12:00:00 AM","5/21/2014 12:00:00 AM","23671.7250","1893.7380","591.7931","26157.2561","5/21/2014 12:00:00 AM"
"2892","4","4","260","1608","5","5/12/2014 12:00:00 AM","5/21/2014 12:00:00 AM","5948.2500","475.8600","148.7063","6572.8163","5/21/2014 12:00:00 AM"
"2893","4","4","258","1576","5","5/12/2014 12:00:00 AM","5/21/2014 12:00:00 AM","91117.9500","7289.4360","2277.9488","100685.3348","5/21/2014 12:00:00 AM"
"2894","4","4","254","1590","1","5/12/2014 12:00:00 AM","5/21/2014 12:00:00 AM","525.0000","42.0000","13.1250","580.1250","5/21/2014 12:00:00 AM"
"2895","4","4","257","1514","5","5/12/2014 12:00:00 AM","5/21/2014 12:00:00 AM","2003.6835","160.2947","50.0921","2214.0703","5/21/2014 12:00:00 AM"
"2896","4","4","261","1498","4","5/12/2014 12:00:00 AM","5/21/2014 12:00:00 AM","26455.2750","2116.4220","661.3819","29233.0789","5/21/2014 12:00:00 AM"
"2897","4","4","251","1674","2","5/12/2014 12:00:00 AM","5/21/2014 12:00:00 AM","944.3700","75.5496","23.6093","1043.5289","5/21/2014 12:00:00 AM"
"2898","4","4","253","1652","4","5/12/2014 12:00:00 AM","5/21/2014 12:00:00 AM","51588.0750","4127.0460","1289.7019","57004.8229","5/21/2014 12:00:00 AM"
"2899","4","4","255","1578","3","5/12/2014 12:00:00 AM","5/21/2014 12:00:00 AM","62843.5500","5027.4840","1571.0888","69442.1228","5/21/2014 12:00:00 AM"
"2900","4","4","252","1538","5","5/12/2014 12:00:00 AM","5/21/2014 12:00:00 AM","37843.5750","3027.4860","946.0894","41817.1504","5/21/2014 12:00:00 AM"
"2901","6","4","259","1556","4","5/13/2014 12:00:00 AM","5/22/2014 12:00:00 AM","25531.2750","2042.5020","638.2819","28212.0589","5/22/2014 12:00:00 AM"
"2902","4","4","260","1554","5","5/13/2014 12:00:00 AM","5/22/2014 12:00:00 AM","272.7585","21.8207","6.8190","301.3982","5/22/2014 12:00:00 AM"
"2903","4","4","258","1688","4","5/13/2014 12:00:00 AM","5/22/2014 12:00:00 AM","125.7480","10.0598","3.1437","138.9515","5/22/2014 12:00:00 AM"
"2904","4","3","250","1580","5","5/13/2014 12:00:00 AM","5/22/2014 12:00:00 AM","150.7905","12.0632","3.7698","166.6235","5/22/2014 12:00:00 AM"
"2905","4","4","257","1496","4","5/13/2014 12:00:00 AM","5/22/2014 12:00:00 AM","111.5415","8.9233","2.7885","123.2533","5/22/2014 12:00:00 AM"
"2906","4","4","261","1494","2","5/13/2014 12:00:00 AM","5/22/2014 12:00:00 AM","8847.3000","707.7840","221.1825","9776.2665","5/22/2014 12:00:00 AM"
"2907","4","4","251","1650","5","5/13/2014 12:00:00 AM","5/22/2014 12:00:00 AM","171.0765","13.6861","4.2769","189.0395","5/22/2014 12:00:00 AM"
"2908","4","4","253","1654","4","5/13/2014 12:00:00 AM","5/22/2014 12:00:00 AM","20397.3000","1631.7840","509.9325","22539.0165","5/22/2014 12:00:00 AM"
"2909","4","4","255","1664","3","5/13/2014 12:00:00 AM","5/22/2014 12:00:00 AM","14628.0750","1170.2460","365.7019","16164.0229","5/22/2014 12:00:00 AM"
"2910","4","4","256","1678","3","5/13/2014 12:00:00 AM","5/22/2014 12:00:00 AM","58685.5500","4694.8440","1467.1388","64847.5328","5/22/2014 12:00:00 AM"
"2911","4","4","259","1616","4","5/13/2014 12:00:00 AM","5/22/2014 12:00:00 AM","500.5665","40.0453","12.5142","553.1260","5/22/2014 12:00:00 AM"
"2912","4","4","260","1492","5","5/13/2014 12:00:00 AM","5/22/2014 12:00:00 AM","272.7585","21.8207","6.8190","301.3982","5/22/2014 12:00:00 AM"
"2913","4","4","258","1602","5","5/13/2014 12:00:00 AM","5/22/2014 12:00:00 AM","1525.2300","122.0184","38.1308","1685.3792","5/22/2014 12:00:00 AM"
"2914","4","4","254","1540","4","5/13/2014 12:00:00 AM","5/22/2014 12:00:00 AM","260.1585","20.8127","6.5040","287.4752","5/22/2014 12:00:00 AM"
"2915","4","4","257","1628","5","5/13/2014 12:00:00 AM","5/22/2014 12:00:00 AM","34644.2250","2771.5380","866.1056","38281.8686","5/22/2014 12:00:00 AM"
"2916","4","4","261","1604","4","5/13/2014 12:00:00 AM","5/22/2014 12:00:00 AM","1839.5055","147.1604","45.9876","2032.6535","5/22/2014 12:00:00 AM"
"2917","4","4","251","1690","5","5/14/2014 12:00:00 AM","5/23/2014 12:00:00 AM","146.2860","11.7029","3.6572","161.6461","5/23/2014 12:00:00 AM"
"2918","4","4","253","1566","5","5/14/2014 12:00:00 AM","5/23/2014 12:00:00 AM","102.5640","8.2051","2.5641","113.3332","5/23/2014 12:00:00 AM"
"2919","4","4","255","1698","5","5/14/2014 12:00:00 AM","5/23/2014 12:00:00 AM","150.7905","12.0632","3.7698","166.6235","5/23/2014 12:00:00 AM"
"2920","4","4","256","1560","5","5/14/2014 12:00:00 AM","5/23/2014 12:00:00 AM","13669.4250","1093.5540","341.7356","15104.7146","5/23/2014 12:00:00 AM"
"2921","4","4","259","1692","5","5/14/2014 12:00:00 AM","5/23/2014 12:00:00 AM","9948.3300","795.8664","248.7083","10992.9047","5/23/2014 12:00:00 AM"
"2922","4","4","250","1696","4","5/14/2014 12:00:00 AM","5/23/2014 12:00:00 AM","34118.7000","2729.4960","852.9675","37701.1635","5/23/2014 12:00:00 AM"
"2923","4","4","258","1504","1","5/14/2014 12:00:00 AM","5/23/2014 12:00:00 AM","551.8800","44.1504","13.7970","609.8274","5/23/2014 12:00:00 AM"
"2924","4","4","254","1544","1","5/14/2014 12:00:00 AM","5/23/2014 12:00:00 AM","3811.5000","304.9200","95.2875","4211.7075","5/23/2014 12:00:00 AM"
"2925","4","4","257","1530","2","5/14/2014 12:00:00 AM","5/23/2014 12:00:00 AM","28072.2750","2245.7820","701.8069","31019.8639","5/23/2014 12:00:00 AM"
"2926","4","4","261","1508","1","5/14/2014 12:00:00 AM","5/23/2014 12:00:00 AM","37312.2750","2984.9820","932.8069","41230.0639","5/23/2014 12:00:00 AM"
"2927","4","4","251","1694","1","5/14/2014 12:00:00 AM","5/23/2014 12:00:00 AM","7623.0000","609.8400","190.5750","8423.4150","5/23/2014 12:00:00 AM"
"2928","4","4","253","1624","2","5/14/2014 12:00:00 AM","5/23/2014 12:00:00 AM","28297.5000","2263.8000","707.4375","31268.7375","5/23/2014 12:00:00 AM"
"2929","4","4","255","1548","2","5/14/2014 12:00:00 AM","5/23/2014 12:00:00 AM","59.9445","4.7956","1.4986","66.2387","5/23/2014 12:00:00 AM"
"2930","4","4","256","1598","4","5/14/2014 12:00:00 AM","5/23/2014 12:00:00 AM","370.7550","29.6604","9.2689","409.6843","5/23/2014 12:00:00 AM"
"2931","4","4","259","1658","5","5/14/2014 12:00:00 AM","5/23/2014 12:00:00 AM","43878.4500","3510.2760","1096.9613","48485.6873","5/23/2014 12:00:00 AM"
"2932","4","4","260","1536","4","5/14/2014 12:00:00 AM","5/23/2014 12:00:00 AM","272.1285","21.7703","6.8032","300.7020","5/23/2014 12:00:00 AM"
"2933","4","4","250","1568","2","5/15/2014 12:00:00 AM","5/24/2014 12:00:00 AM","21252.0000","1700.1600","531.3000","23483.4600","5/24/2014 12:00:00 AM"
"2934","4","4","254","1648","5","5/15/2014 12:00:00 AM","5/24/2014 12:00:00 AM","142.4115","11.3929","3.5603","157.3647","5/24/2014 12:00:00 AM"
"2935","4","4","257","1646","2","5/15/2014 12:00:00 AM","5/24/2014 12:00:00 AM","48030.6750","3842.4540","1200.7669","53073.8959","5/24/2014 12:00:00 AM"
"2936","4","4","261","1672","4","5/15/2014 12:00:00 AM","5/24/2014 12:00:00 AM","50983.9365","4078.7149","1274.5984","56337.2498","5/24/2014 12:00:00 AM"
"2937","4","4","251","1600","1","5/15/2014 12:00:00 AM","5/24/2014 12:00:00 AM","1276.2750","102.1020","31.9069","1410.2839","5/24/2014 12:00:00 AM"
"2938","4","4","253","1522","1","5/15/2014 12:00:00 AM","5/24/2014 12:00:00 AM","2003.9250","160.3140","50.0981","2214.3371","5/24/2014 12:00:00 AM"
"2939","4","4","255","1570","2","5/15/2014 12:00:00 AM","5/24/2014 12:00:00 AM","50860.4250","4068.8340","1271.5106","56200.7696","5/24/2014 12:00:00 AM"
"2940","4","4","256","1516","1","5/15/2014 12:00:00 AM","5/24/2014 12:00:00 AM","454.8600","36.3888","11.3715","502.6203","5/24/2014 12:00:00 AM"
"2941","4","4","259","1506","5","5/15/2014 12:00:00 AM","5/24/2014 12:00:00 AM","43878.4500","3510.2760","1096.9613","48485.6873","5/24/2014 12:00:00 AM"
"2942","4","4","260","1626","2","5/15/2014 12:00:00 AM","5/24/2014 12:00:00 AM","7132.1250","570.5700","178.3031","7880.9981","5/24/2014 12:00:00 AM"
"2943","7","4","258","1542","2","5/15/2014 12:00:00 AM","5/24/2014 12:00:00 AM","28343.7000","2267.4960","708.5925","31319.7885","5/24/2014 12:00:00 AM"
"2944","4","4","254","1610","4","5/15/2014 12:00:00 AM","5/24/2014 12:00:00 AM","22516.7250","1801.3380","562.9181","24880.9811","5/24/2014 12:00:00 AM"
"2945","4","4","257","1638","5","5/15/2014 12:00:00 AM","5/24/2014 12:00:00 AM","34644.2250","2771.5380","866.1056","38281.8686","5/24/2014 12:00:00 AM"
"2946","4","4","261","1582","5","5/15/2014 12:00:00 AM","5/24/2014 12:00:00 AM","564.1965","45.1357","14.1049","623.4371","5/24/2014 12:00:00 AM"
"2947","4","4","251","1510","5","5/15/2014 12:00:00 AM","5/24/2014 12:00:00 AM","143.0415","11.4433","3.5760","158.0608","5/24/2014 12:00:00 AM"
"2948","4","4","253","1526","2","5/15/2014 12:00:00 AM","5/24/2014 12:00:00 AM","28199.3250","2255.9460","704.9831","31160.2541","5/24/2014 12:00:00 AM"
"2949","4","4","255","1644","1","5/16/2014 12:00:00 AM","5/25/2014 12:00:00 AM","3713.3250","297.0660","92.8331","4103.2241","5/25/2014 12:00:00 AM"
"2950","4","4","256","1680","5","5/16/2014 12:00:00 AM","5/25/2014 12:00:00 AM","63831.0750","5106.4860","1595.7769","70533.3379","5/25/2014 12:00:00 AM"
"2951","4","4","252","1584","5","5/16/2014 12:00:00 AM","5/25/2014 12:00:00 AM","9799.6500","783.9720","244.9913","10828.6133","5/25/2014 12:00:00 AM"
"2952","4","4","260","1620","5","5/16/2014 12:00:00 AM","5/25/2014 12:00:00 AM","5711.4750","456.9180","142.7869","6311.1799","5/25/2014 12:00:00 AM"
"2953","4","4","258","1666","5","5/16/2014 12:00:00 AM","5/25/2014 12:00:00 AM","416.7450","33.3396","10.4186","460.5032","5/25/2014 12:00:00 AM"
"2954","4","4","254","1592","2","5/16/2014 12:00:00 AM","5/25/2014 12:00:00 AM","97.9650","7.8372","2.4491","108.2513","5/25/2014 12:00:00 AM"
"2955","6","4","257","1618","4","5/16/2014 12:00:00 AM","5/25/2014 12:00:00 AM","114.4710","9.1577","2.8618","126.4905","5/25/2014 12:00:00 AM"
"2956","4","4","261","1612","4","5/16/2014 12:00:00 AM","5/25/2014 12:00:00 AM","132.6465","10.6117","3.3162","146.5744","5/25/2014 12:00:00 AM"
"2957","4","4","250","1586","5","5/16/2014 12:00:00 AM","5/25/2014 12:00:00 AM","43878.4500","3510.2760","1096.9613","48485.6873","5/25/2014 12:00:00 AM"
"2958","4","4","253","1500","1","5/16/2014 12:00:00 AM","5/25/2014 12:00:00 AM","418.9500","33.5160","10.4738","462.9398","5/25/2014 12:00:00 AM"
"2959","4","4","255","1656","4","5/16/2014 12:00:00 AM","5/25/2014 12:00:00 AM","633.7485","50.6999","15.8437","700.2921","5/25/2014 12:00:00 AM"
"2960","4","4","256","1572","1","5/16/2014 12:00:00 AM","5/25/2014 12:00:00 AM","461.7900","36.9432","11.5448","510.2780","5/25/2014 12:00:00 AM"
"2961","4","4","259","1562","4","5/16/2014 12:00:00 AM","5/25/2014 12:00:00 AM","475.2090","38.0167","11.8802","525.1059","5/25/2014 12:00:00 AM"
"2962","4","4","260","1662","2","5/16/2014 12:00:00 AM","5/25/2014 12:00:00 AM","37.0755","2.9660","0.9269","40.9684","5/25/2014 12:00:00 AM"
"2963","5","4","258","1682","4","5/16/2014 12:00:00 AM","5/25/2014 12:00:00 AM","21558.0750","1724.6460","538.9519","23821.6729","5/25/2014 12:00:00 AM"
"2964","4","4","254","1686","4","5/16/2014 12:00:00 AM","5/25/2014 12:00:00 AM","259.8435","20.7875","6.4961","287.1271","5/25/2014 12:00:00 AM"
"2965","4","4","252","1684","5","5/19/2014 12:00:00 AM","5/28/2014 12:00:00 AM","86220.7500","6897.6600","2155.5188","95273.9288","5/28/2014 12:00:00 AM"
"2966","4","4","261","1534","4","5/19/2014 12:00:00 AM","5/28/2014 12:00:00 AM","484.4070","38.7526","12.1102","535.2698","5/28/2014 12:00:00 AM"
"2967","4","4","251","1614","5","5/19/2014 12:00:00 AM","5/28/2014 12:00:00 AM","837.9000","67.0320","20.9475","925.8795","5/28/2014 12:00:00 AM"
"2968","4","4","253","1588","5","5/19/2014 12:00:00 AM","5/28/2014 12:00:00 AM","40471.2000","3237.6960","1011.7800","44720.6760","5/28/2014 12:00:00 AM"
"2969","4","4","255","1622","4","5/19/2014 12:00:00 AM","5/28/2014 12:00:00 AM","661.8780","52.9502","16.5470","731.3752","5/28/2014 12:00:00 AM"
"2970","4","4","256","1632","5","5/19/2014 12:00:00 AM","5/28/2014 12:00:00 AM","62092.8000","4967.4240","1552.3200","68612.5440","5/28/2014 12:00:00 AM"
"2971","4","4","259","1608","5","5/19/2014 12:00:00 AM","5/28/2014 12:00:00 AM","5948.2500","475.8600","148.7063","6572.8163","5/28/2014 12:00:00 AM"
"2972","4","4","260","1576","5","5/19/2014 12:00:00 AM","5/28/2014 12:00:00 AM","91117.9500","7289.4360","2277.9488","100685.3348","5/28/2014 12:00:00 AM"
"2973","4","4","258","1590","1","5/19/2014 12:00:00 AM","5/28/2014 12:00:00 AM","525.0000","42.0000","13.1250","580.1250","5/28/2014 12:00:00 AM"
"2974","4","4","254","1514","5","5/19/2014 12:00:00 AM","5/28/2014 12:00:00 AM","281.8935","22.5515","7.0473","311.4923","5/28/2014 12:00:00 AM"
"2975","4","4","257","1498","4","5/19/2014 12:00:00 AM","5/28/2014 12:00:00 AM","26455.2750","2116.4220","661.3819","29233.0789","5/28/2014 12:00:00 AM"
"2976","4","4","261","1674","2","5/19/2014 12:00:00 AM","5/28/2014 12:00:00 AM","944.3700","75.5496","23.6093","1043.5289","5/28/2014 12:00:00 AM"
"2977","4","4","251","1652","4","5/19/2014 12:00:00 AM","5/28/2014 12:00:00 AM","51588.0750","4127.0460","1289.7019","57004.8229","5/28/2014 12:00:00 AM"
"2978","4","4","253","1578","3","5/19/2014 12:00:00 AM","5/28/2014 12:00:00 AM","62843.5500","5027.4840","1571.0888","69442.1228","5/28/2014 12:00:00 AM"
"2979","4","4","255","1538","5","5/19/2014 12:00:00 AM","5/28/2014 12:00:00 AM","37843.5750","3027.4860","946.0894","41817.1504","5/28/2014 12:00:00 AM"
"2980","4","4","256","1556","4","5/19/2014 12:00:00 AM","5/28/2014 12:00:00 AM","25531.2750","2042.5020","638.2819","28212.0589","5/28/2014 12:00:00 AM"
"2981","4","4","259","1554","4","5/20/2014 12:00:00 AM","5/29/2014 12:00:00 AM","501.1965","40.0957","12.5299","553.8221","5/29/2014 12:00:00 AM"
"2982","4","4","260","1688","4","5/20/2014 12:00:00 AM","5/29/2014 12:00:00 AM","125.7480","10.0598","3.1437","138.9515","5/29/2014 12:00:00 AM"
"2983","4","4","258","1580","5","5/20/2014 12:00:00 AM","5/29/2014 12:00:00 AM","150.7905","12.0632","3.7698","166.6235","5/29/2014 12:00:00 AM"
"2984","4","4","254","1496","5","5/20/2014 12:00:00 AM","5/29/2014 12:00:00 AM","279.7830","22.3826","6.9946","309.1602","5/29/2014 12:00:00 AM"
"2985","4","4","257","1494","2","5/20/2014 12:00:00 AM","5/29/2014 12:00:00 AM","8847.3000","707.7840","221.1825","9776.2665","5/29/2014 12:00:00 AM"
"2986","4","4","261","1650","5","5/20/2014 12:00:00 AM","5/29/2014 12:00:00 AM","171.0765","13.6861","4.2769","189.0395","5/29/2014 12:00:00 AM"
"2987","4","4","251","1654","4","5/20/2014 12:00:00 AM","5/29/2014 12:00:00 AM","20397.3000","1631.7840","509.9325","22539.0165","5/29/2014 12:00:00 AM"
"2988","4","4","253","1664","3","5/20/2014 12:00:00 AM","5/29/2014 12:00:00 AM","14628.0750","1170.2460","365.7019","16164.0229","5/29/2014 12:00:00 AM"
"2989","4","4","252","1678","3","5/20/2014 12:00:00 AM","5/29/2014 12:00:00 AM","58685.5500","4694.8440","1467.1388","64847.5328","5/29/2014 12:00:00 AM"
"2990","4","4","256","1616","4","5/20/2014 12:00:00 AM","5/29/2014 12:00:00 AM","358.1550","28.6524","8.9539","395.7613","5/29/2014 12:00:00 AM"
"2991","5","4","259","1492","4","5/20/2014 12:00:00 AM","5/29/2014 12:00:00 AM","501.1965","40.0957","12.5299","553.8221","5/29/2014 12:00:00 AM"
"2992","4","4","260","1602","5","5/20/2014 12:00:00 AM","5/29/2014 12:00:00 AM","270.8055","21.6644","6.7701","299.2400","5/29/2014 12:00:00 AM"
"2993","4","4","258","1540","4","5/20/2014 12:00:00 AM","5/29/2014 12:00:00 AM","371.2275","29.6982","9.2807","410.2064","5/29/2014 12:00:00 AM"
"2994","4","4","254","1628","5","5/20/2014 12:00:00 AM","5/29/2014 12:00:00 AM","34644.2250","2771.5380","866.1056","38281.8686","5/29/2014 12:00:00 AM"
"2995","4","4","257","1604","4","5/20/2014 12:00:00 AM","5/29/2014 12:00:00 AM","1839.5055","147.1604","45.9876","2032.6535","5/29/2014 12:00:00 AM"
"2996","4","4","261","1690","5","5/20/2014 12:00:00 AM","5/29/2014 12:00:00 AM","146.2860","11.7029","3.6572","161.6461","5/29/2014 12:00:00 AM"
"2997","4","4","251","1566","5","5/21/2014 12:00:00 AM","5/30/2014 12:00:00 AM","102.5640","8.2051","2.5641","113.3332","5/30/2014 12:00:00 AM"
"2998","4","4","253","1698","5","5/21/2014 12:00:00 AM","5/30/2014 12:00:00 AM","150.7905","12.0632","3.7698","166.6235","5/30/2014 12:00:00 AM"
"2999","4","4","255","1560","5","5/21/2014 12:00:00 AM","5/30/2014 12:00:00 AM","13669.4250","1093.5540","341.7356","15104.7146","5/30/2014 12:00:00 AM"
"3000","4","4","252","1692","5","5/21/2014 12:00:00 AM","5/30/2014 12:00:00 AM","9637.1100","770.9688","240.9278","10649.0066","5/30/2014 12:00:00 AM"
"3001","4","4","259","1696","5","5/21/2014 12:00:00 AM","5/30/2014 12:00:00 AM","39258.4500","3140.6760","981.4613","43380.5873","5/30/2014 12:00:00 AM"
"3002","4","4","260","1504","1","5/21/2014 12:00:00 AM","5/30/2014 12:00:00 AM","551.8800","44.1504","13.7970","609.8274","5/30/2014 12:00:00 AM"
"3003","4","4","258","1544","1","5/21/2014 12:00:00 AM","5/30/2014 12:00:00 AM","3176.2500","254.1000","79.4063","3509.7563","5/30/2014 12:00:00 AM"
"3004","4","3","250","1530","2","5/21/2014 12:00:00 AM","5/30/2014 12:00:00 AM","28072.2750","2245.7820","701.8069","31019.8639","5/30/2014 12:00:00 AM"
"3005","4","4","257","1508","1","5/21/2014 12:00:00 AM","5/30/2014 12:00:00 AM","37312.2750","2984.9820","932.8069","41230.0639","5/30/2014 12:00:00 AM"
"3006","4","4","261","1694","1","5/21/2014 12:00:00 AM","5/30/2014 12:00:00 AM","7623.0000","609.8400","190.5750","8423.4150","5/30/2014 12:00:00 AM"
"3007","4","4","251","1624","2","5/21/2014 12:00:00 AM","5/30/2014 12:00:00 AM","28297.5000","2263.8000","707.4375","31268.7375","5/30/2014 12:00:00 AM"
"3008","4","4","253","1548","2","5/21/2014 12:00:00 AM","5/30/2014 12:00:00 AM","59.9445","4.7956","1.4986","66.2387","5/30/2014 12:00:00 AM"
"3009","4","4","255","1598","4","5/21/2014 12:00:00 AM","5/30/2014 12:00:00 AM","567.3780","45.3902","14.1845","626.9527","5/30/2014 12:00:00 AM"
"3010","4","4","256","1658","5","5/21/2014 12:00:00 AM","5/30/2014 12:00:00 AM","43878.4500","3510.2760","1096.9613","48485.6873","5/30/2014 12:00:00 AM"
"3011","4","4","259","1536","4","5/21/2014 12:00:00 AM","5/30/2014 12:00:00 AM","525.7665","42.0613","13.1442","580.9720","5/30/2014 12:00:00 AM"
"3012","4","4","260","1568","2","5/21/2014 12:00:00 AM","5/30/2014 12:00:00 AM","10914.7500","873.1800","272.8688","12060.7988","5/30/2014 12:00:00 AM"
"3013","4","4","258","1648","5","5/22/2014 12:00:00 AM","5/31/2014 12:00:00 AM","142.4115","11.3929","3.5603","157.3647","5/31/2014 12:00:00 AM"
"3014","4","4","254","1646","2","5/22/2014 12:00:00 AM","5/31/2014 12:00:00 AM","28794.1500","2303.5320","719.8538","31817.5358","5/31/2014 12:00:00 AM"
"3015","4","4","257","1672","4","5/22/2014 12:00:00 AM","5/31/2014 12:00:00 AM","51807.3465","4144.5877","1295.1837","57247.1179","5/31/2014 12:00:00 AM"
"3016","4","4","261","1600","1","5/22/2014 12:00:00 AM","5/31/2014 12:00:00 AM","1276.2750","102.1020","31.9069","1410.2839","5/31/2014 12:00:00 AM"
"3017","4","4","251","1522","1","5/22/2014 12:00:00 AM","5/31/2014 12:00:00 AM","2003.9250","160.3140","50.0981","2214.3371","5/31/2014 12:00:00 AM"
"3018","4","4","253","1570","2","5/22/2014 12:00:00 AM","5/31/2014 12:00:00 AM","50860.4250","4068.8340","1271.5106","56200.7696","5/31/2014 12:00:00 AM"
"3019","4","4","255","1516","1","5/22/2014 12:00:00 AM","5/31/2014 12:00:00 AM","454.8600","36.3888","11.3715","502.6203","5/31/2014 12:00:00 AM"
"3020","4","4","256","1506","5","5/22/2014 12:00:00 AM","5/31/2014 12:00:00 AM","43878.4500","3510.2760","1096.9613","48485.6873","5/31/2014 12:00:00 AM"
"3021","4","4","259","1626","2","5/22/2014 12:00:00 AM","5/31/2014 12:00:00 AM","7132.1250","570.5700","178.3031","7880.9981","5/31/2014 12:00:00 AM"
"3022","4","4","250","1542","2","5/22/2014 12:00:00 AM","5/31/2014 12:00:00 AM","28343.7000","2267.4960","708.5925","31319.7885","5/31/2014 12:00:00 AM"
"3023","4","4","258","1610","4","5/22/2014 12:00:00 AM","5/31/2014 12:00:00 AM","22516.7250","1801.3380","562.9181","24880.9811","5/31/2014 12:00:00 AM"
"3024","4","4","254","1638","5","5/22/2014 12:00:00 AM","5/31/2014 12:00:00 AM","34644.2250","2771.5380","866.1056","38281.8686","5/31/2014 12:00:00 AM"
"3025","4","4","257","1582","4","5/22/2014 12:00:00 AM","5/31/2014 12:00:00 AM","1151.4825","92.1186","28.7871","1272.3882","5/31/2014 12:00:00 AM"
"3026","4","4","261","1510","5","5/22/2014 12:00:00 AM","5/31/2014 12:00:00 AM","143.0415","11.4433","3.5760","158.0608","5/31/2014 12:00:00 AM"
"3027","4","4","251","1526","2","5/22/2014 12:00:00 AM","5/31/2014 12:00:00 AM","28199.3250","2255.9460","704.9831","31160.2541","5/31/2014 12:00:00 AM"
"3028","4","4","253","1644","1","5/22/2014 12:00:00 AM","5/31/2014 12:00:00 AM","3713.3250","297.0660","92.8331","4103.2241","5/31/2014 12:00:00 AM"
"3029","4","4","255","1680","5","5/23/2014 12:00:00 AM","6/1/2014 12:00:00 AM","63831.0750","5106.4860","1595.7769","70533.3379","6/1/2014 12:00:00 AM"
"3030","6","4","256","1584","5","5/23/2014 12:00:00 AM","6/1/2014 12:00:00 AM","9585.4500","766.8360","239.6363","10591.9223","6/1/2014 12:00:00 AM"
"3031","5","4","259","1620","5","5/23/2014 12:00:00 AM","6/1/2014 12:00:00 AM","5711.4750","456.9180","142.7869","6311.1799","6/1/2014 12:00:00 AM"
"3032","4","4","260","1666","5","5/23/2014 12:00:00 AM","6/1/2014 12:00:00 AM","273.7035","21.8963","6.8426","302.4424","6/1/2014 12:00:00 AM"
"3033","4","4","250","1592","2","5/23/2014 12:00:00 AM","6/1/2014 12:00:00 AM","97.9650","7.8372","2.4491","108.2513","6/1/2014 12:00:00 AM"
"3034","4","4","254","1618","4","5/23/2014 12:00:00 AM","6/1/2014 12:00:00 AM","114.4710","9.1577","2.8618","126.4905","6/1/2014 12:00:00 AM"
"3035","4","4","257","1612","4","5/23/2014 12:00:00 AM","6/1/2014 12:00:00 AM","132.6465","10.6117","3.3162","146.5744","6/1/2014 12:00:00 AM"
"3036","4","4","261","1586","5","5/23/2014 12:00:00 AM","6/1/2014 12:00:00 AM","43878.4500","3510.2760","1096.9613","48485.6873","6/1/2014 12:00:00 AM"
"3037","4","4","251","1500","1","5/23/2014 12:00:00 AM","6/1/2014 12:00:00 AM","418.9500","33.5160","10.4738","462.9398","6/1/2014 12:00:00 AM"
"3038","4","4","253","1656","4","5/23/2014 12:00:00 AM","6/1/2014 12:00:00 AM","607.8555","48.6284","15.1964","671.6803","6/1/2014 12:00:00 AM"
"3039","4","4","255","1572","1","5/23/2014 12:00:00 AM","6/1/2014 12:00:00 AM","461.7900","36.9432","11.5448","510.2780","6/1/2014 12:00:00 AM"
"3040","4","4","256","1562","5","5/23/2014 12:00:00 AM","6/1/2014 12:00:00 AM","414.9180","33.1934","10.3730","458.4844","6/1/2014 12:00:00 AM"
"3041","4","4","259","1662","2","5/23/2014 12:00:00 AM","6/1/2014 12:00:00 AM","37.0755","2.9660","0.9269","40.9684","6/1/2014 12:00:00 AM"
"3042","4","4","260","1682","4","5/23/2014 12:00:00 AM","6/1/2014 12:00:00 AM","21558.0750","1724.6460","538.9519","23821.6729","6/1/2014 12:00:00 AM"
"3043","4","4","258","1686","4","5/23/2014 12:00:00 AM","6/1/2014 12:00:00 AM","364.4550","29.1564","9.1114","402.7228","6/1/2014 12:00:00 AM"
"3044","4","4","254","1684","5","5/23/2014 12:00:00 AM","6/1/2014 12:00:00 AM","41048.7000","3283.8960","1026.2175","45358.8135","6/1/2014 12:00:00 AM"
"3045","4","4","257","1534","4","5/24/2014 12:00:00 AM","6/2/2014 12:00:00 AM","111.5415","8.9233","2.7885","123.2533","6/2/2014 12:00:00 AM"
"3046","4","4","261","1614","4","5/24/2014 12:00:00 AM","6/2/2014 12:00:00 AM","390.6000","31.2480","9.7650","431.6130","6/2/2014 12:00:00 AM"
"3047","4","4","251","1588","5","5/24/2014 12:00:00 AM","6/2/2014 12:00:00 AM","40471.2000","3237.6960","1011.7800","44720.6760","6/2/2014 12:00:00 AM"
"3048","4","4","253","1622","4","5/24/2014 12:00:00 AM","6/2/2014 12:00:00 AM","136.3320","10.9066","3.4083","150.6469","6/2/2014 12:00:00 AM"
"3049","4","4","255","1632","5","5/24/2014 12:00:00 AM","6/2/2014 12:00:00 AM","62092.8000","4967.4240","1552.3200","68612.5440","6/2/2014 12:00:00 AM"
"3050","4","4","256","1608","5","5/24/2014 12:00:00 AM","6/2/2014 12:00:00 AM","5948.2500","475.8600","148.7063","6572.8163","6/2/2014 12:00:00 AM"
"3051","4","4","252","1576","5","5/24/2014 12:00:00 AM","6/2/2014 12:00:00 AM","91117.9500","7289.4360","2277.9488","100685.3348","6/2/2014 12:00:00 AM"
"3052","4","4","260","1590","1","5/24/2014 12:00:00 AM","6/2/2014 12:00:00 AM","525.0000","42.0000","13.1250","580.1250","6/2/2014 12:00:00 AM"
"3053","4","4","258","1514","3","5/24/2014 12:00:00 AM","6/2/2014 12:00:00 AM","1721.7900","137.7432","43.0448","1902.5780","6/2/2014 12:00:00 AM"
"3054","4","4","254","1498","4","5/24/2014 12:00:00 AM","6/2/2014 12:00:00 AM","26455.2750","2116.4220","661.3819","29233.0789","6/2/2014 12:00:00 AM"
"3055","4","4","257","1674","2","5/24/2014 12:00:00 AM","6/2/2014 12:00:00 AM","944.3700","75.5496","23.6093","1043.5289","6/2/2014 12:00:00 AM"
"3056","4","4","261","1652","4","5/24/2014 12:00:00 AM","6/2/2014 12:00:00 AM","51588.0750","4127.0460","1289.7019","57004.8229","6/2/2014 12:00:00 AM"
"3057","4","4","250","1578","3","5/24/2014 12:00:00 AM","6/2/2014 12:00:00 AM","62843.5500","5027.4840","1571.0888","69442.1228","6/2/2014 12:00:00 AM"
"3058","4","4","253","1538","5","5/24/2014 12:00:00 AM","6/2/2014 12:00:00 AM","37843.5750","3027.4860","946.0894","41817.1504","6/2/2014 12:00:00 AM"
"3059","4","4","255","1556","4","5/24/2014 12:00:00 AM","6/2/2014 12:00:00 AM","25531.2750","2042.5020","638.2819","28212.0589","6/2/2014 12:00:00 AM"
"3060","4","4","256","1554","4","5/24/2014 12:00:00 AM","6/2/2014 12:00:00 AM","358.6275","28.6902","8.9657","396.2834","6/2/2014 12:00:00 AM"
"3061","4","4","259","1688","4","5/26/2014 12:00:00 AM","6/4/2014 12:00:00 AM","125.7480","10.0598","3.1437","138.9515","6/4/2014 12:00:00 AM"
"3062","4","4","260","1580","5","5/26/2014 12:00:00 AM","6/4/2014 12:00:00 AM","150.7905","12.0632","3.7698","166.6235","6/4/2014 12:00:00 AM"
"3063","4","4","258","1496","5","5/26/2014 12:00:00 AM","6/4/2014 12:00:00 AM","416.7450","33.3396","10.4186","460.5032","6/4/2014 12:00:00 AM"
"3064","4","4","254","1494","2","5/26/2014 12:00:00 AM","6/4/2014 12:00:00 AM","8847.3000","707.7840","221.1825","9776.2665","6/4/2014 12:00:00 AM"
"3065","4","4","252","1650","5","5/26/2014 12:00:00 AM","6/4/2014 12:00:00 AM","171.0765","13.6861","4.2769","189.0395","6/4/2014 12:00:00 AM"
"3066","4","4","261","1654","4","5/26/2014 12:00:00 AM","6/4/2014 12:00:00 AM","20397.3000","1631.7840","509.9325","22539.0165","6/4/2014 12:00:00 AM"
"3067","4","4","251","1664","3","5/26/2014 12:00:00 AM","6/4/2014 12:00:00 AM","14628.0750","1170.2460","365.7019","16164.0229","6/4/2014 12:00:00 AM"
"3068","4","4","253","1678","3","5/26/2014 12:00:00 AM","6/4/2014 12:00:00 AM","58685.5500","4694.8440","1467.1388","64847.5328","6/4/2014 12:00:00 AM"
"3069","4","4","255","1616","4","5/26/2014 12:00:00 AM","6/4/2014 12:00:00 AM","599.4135","47.9531","14.9853","662.3519","6/4/2014 12:00:00 AM"
"3070","4","4","256","1492","4","5/26/2014 12:00:00 AM","6/4/2014 12:00:00 AM","358.6275","28.6902","8.9657","396.2834","6/4/2014 12:00:00 AM"
"3071","4","4","259","1602","5","5/26/2014 12:00:00 AM","6/4/2014 12:00:00 AM","1525.2300","122.0184","38.1308","1685.3792","6/4/2014 12:00:00 AM"
"3072","4","4","260","1540","4","5/26/2014 12:00:00 AM","6/4/2014 12:00:00 AM","228.4380","18.2750","5.7110","252.4240","6/4/2014 12:00:00 AM"
"3073","4","4","258","1628","5","5/26/2014 12:00:00 AM","6/4/2014 12:00:00 AM","34644.2250","2771.5380","866.1056","38281.8686","6/4/2014 12:00:00 AM"
"3074","4","4","254","1604","4","5/26/2014 12:00:00 AM","6/4/2014 12:00:00 AM","257.5755","20.6060","6.4394","284.6209","6/4/2014 12:00:00 AM"
"3075","4","4","257","1690","5","5/26/2014 12:00:00 AM","6/4/2014 12:00:00 AM","146.2860","11.7029","3.6572","161.6461","6/4/2014 12:00:00 AM"
"3076","4","4","261","1566","5","5/26/2014 12:00:00 AM","6/4/2014 12:00:00 AM","102.5640","8.2051","2.5641","113.3332","6/4/2014 12:00:00 AM"
"3077","4","4","251","1698","5","5/27/2014 12:00:00 AM","6/5/2014 12:00:00 AM","150.7905","12.0632","3.7698","166.6235","6/5/2014 12:00:00 AM"
"3078","4","4","253","1560","5","5/27/2014 12:00:00 AM","6/5/2014 12:00:00 AM","13669.4250","1093.5540","341.7356","15104.7146","6/5/2014 12:00:00 AM"
"3079","4","4","255","1692","5","5/27/2014 12:00:00 AM","6/5/2014 12:00:00 AM","6756.1200","540.4896","168.9030","7465.5126","6/5/2014 12:00:00 AM"
"3080","4","4","256","1696","2","5/27/2014 12:00:00 AM","6/5/2014 12:00:00 AM","50860.4250","4068.8340","1271.5106","56200.7696","6/5/2014 12:00:00 AM"
"3081","4","4","259","1504","1","5/27/2014 12:00:00 AM","6/5/2014 12:00:00 AM","551.8800","44.1504","13.7970","609.8274","6/5/2014 12:00:00 AM"
"3082","4","4","260","1544","1","5/27/2014 12:00:00 AM","6/5/2014 12:00:00 AM","3811.5000","304.9200","95.2875","4211.7075","6/5/2014 12:00:00 AM"
"3083","4","4","258","1530","2","5/27/2014 12:00:00 AM","6/5/2014 12:00:00 AM","28072.2750","2245.7820","701.8069","31019.8639","6/5/2014 12:00:00 AM"
"3084","4","4","254","1508","1","5/27/2014 12:00:00 AM","6/5/2014 12:00:00 AM","35394.9750","2831.5980","884.8744","39111.4474","6/5/2014 12:00:00 AM"
"3085","4","4","257","1694","1","5/27/2014 12:00:00 AM","6/5/2014 12:00:00 AM","7623.0000","609.8400","190.5750","8423.4150","6/5/2014 12:00:00 AM"
"3086","4","4","261","1624","2","5/27/2014 12:00:00 AM","6/5/2014 12:00:00 AM","28297.5000","2263.8000","707.4375","31268.7375","6/5/2014 12:00:00 AM"
"3087","4","4","251","1548","2","5/27/2014 12:00:00 AM","6/5/2014 12:00:00 AM","59.9445","4.7956","1.4986","66.2387","6/5/2014 12:00:00 AM"
"3088","5","4","253","1598","4","5/27/2014 12:00:00 AM","6/5/2014 12:00:00 AM","117.4320","9.3946","2.9358","129.7624","6/5/2014 12:00:00 AM"
"3089","5","4","252","1658","5","5/27/2014 12:00:00 AM","6/5/2014 12:00:00 AM","43878.4500","3510.2760","1096.9613","48485.6873","6/5/2014 12:00:00 AM"
"3090","4","4","256","1536","4","5/27/2014 12:00:00 AM","6/5/2014 12:00:00 AM","377.0550","30.1644","9.4264","416.6458","6/5/2014 12:00:00 AM"
"3091","4","4","259","1568","1","5/27/2014 12:00:00 AM","6/5/2014 12:00:00 AM","18220.1250","1457.6100","455.5031","20133.2381","6/5/2014 12:00:00 AM"
"3092","4","4","260","1648","5","5/27/2014 12:00:00 AM","6/5/2014 12:00:00 AM","142.4115","11.3929","3.5603","157.3647","6/5/2014 12:00:00 AM"
"3093","4","4","258","1646","5","5/28/2014 12:00:00 AM","6/6/2014 12:00:00 AM","19236.5250","1538.9220","480.9131","21256.3601","6/6/2014 12:00:00 AM"
"3094","4","4","254","1672","4","5/28/2014 12:00:00 AM","6/6/2014 12:00:00 AM","285.0435","22.8035","7.1261","314.9731","6/6/2014 12:00:00 AM"
"3095","4","4","257","1600","1","5/28/2014 12:00:00 AM","6/6/2014 12:00:00 AM","1276.2750","102.1020","31.9069","1410.2839","6/6/2014 12:00:00 AM"
"3096","4","4","261","1522","1","5/28/2014 12:00:00 AM","6/6/2014 12:00:00 AM","2003.9250","160.3140","50.0981","2214.3371","6/6/2014 12:00:00 AM"
"3097","4","4","251","1570","2","5/28/2014 12:00:00 AM","6/6/2014 12:00:00 AM","50860.4250","4068.8340","1271.5106","56200.7696","6/6/2014 12:00:00 AM"
"3098","4","4","253","1516","1","5/28/2014 12:00:00 AM","6/6/2014 12:00:00 AM","454.8600","36.3888","11.3715","502.6203","6/6/2014 12:00:00 AM"
"3099","4","4","255","1506","5","5/28/2014 12:00:00 AM","6/6/2014 12:00:00 AM","43878.4500","3510.2760","1096.9613","48485.6873","6/6/2014 12:00:00 AM"
"3100","4","4","252","1626","2","5/28/2014 12:00:00 AM","6/6/2014 12:00:00 AM","7132.1250","570.5700","178.3031","7880.9981","6/6/2014 12:00:00 AM"
"3101","4","4","259","1542","2","5/28/2014 12:00:00 AM","6/6/2014 12:00:00 AM","28343.7000","2267.4960","708.5925","31319.7885","6/6/2014 12:00:00 AM"
"3102","4","4","260","1610","4","5/28/2014 12:00:00 AM","6/6/2014 12:00:00 AM","22516.7250","1801.3380","562.9181","24880.9811","6/6/2014 12:00:00 AM"
"3103","4","4","258","1638","5","5/28/2014 12:00:00 AM","6/6/2014 12:00:00 AM","34644.2250","2771.5380","866.1056","38281.8686","6/6/2014 12:00:00 AM"
"3104","4","3","250","1582","5","5/28/2014 12:00:00 AM","6/6/2014 12:00:00 AM","278.8380","22.3070","6.9710","308.1160","6/6/2014 12:00:00 AM"
"3105","4","4","257","1510","5","5/28/2014 12:00:00 AM","6/6/2014 12:00:00 AM","143.0415","11.4433","3.5760","158.0608","6/6/2014 12:00:00 AM"
"3106","4","4","261","1526","2","5/28/2014 12:00:00 AM","6/6/2014 12:00:00 AM","28199.3250","2255.9460","704.9831","31160.2541","6/6/2014 12:00:00 AM"
"3107","4","4","251","1644","1","5/28/2014 12:00:00 AM","6/6/2014 12:00:00 AM","3713.3250","297.0660","92.8331","4103.2241","6/6/2014 12:00:00 AM"
"3108","4","4","253","1680","5","5/28/2014 12:00:00 AM","6/6/2014 12:00:00 AM","63831.0750","5106.4860","1595.7769","70533.3379","6/6/2014 12:00:00 AM"
"3109","4","4","255","1584","5","5/29/2014 12:00:00 AM","6/7/2014 12:00:00 AM","6754.8600","540.3888","168.8715","7464.1203","6/7/2014 12:00:00 AM"
"3110","4","4","256","1620","5","5/29/2014 12:00:00 AM","6/7/2014 12:00:00 AM","5711.4750","456.9180","142.7869","6311.1799","6/7/2014 12:00:00 AM"
"3111","4","4","259","1666","4","5/29/2014 12:00:00 AM","6/7/2014 12:00:00 AM","503.0865","40.2469","12.5772","555.9106","6/7/2014 12:00:00 AM"
"3112","4","4","260","1592","2","5/29/2014 12:00:00 AM","6/7/2014 12:00:00 AM","97.9650","7.8372","2.4491","108.2513","6/7/2014 12:00:00 AM"
"3113","4","4","258","1618","4","5/29/2014 12:00:00 AM","6/7/2014 12:00:00 AM","114.4710","9.1577","2.8618","126.4905","6/7/2014 12:00:00 AM"
"3114","4","4","254","1612","4","5/29/2014 12:00:00 AM","6/7/2014 12:00:00 AM","132.6465","10.6117","3.3162","146.5744","6/7/2014 12:00:00 AM"
"3115","4","4","257","1586","5","5/29/2014 12:00:00 AM","6/7/2014 12:00:00 AM","43878.4500","3510.2760","1096.9613","48485.6873","6/7/2014 12:00:00 AM"
"3116","4","4","261","1500","1","5/29/2014 12:00:00 AM","6/7/2014 12:00:00 AM","418.9500","33.5160","10.4738","462.9398","6/7/2014 12:00:00 AM"
"3117","4","4","251","1656","4","5/29/2014 12:00:00 AM","6/7/2014 12:00:00 AM","824.3550","65.9484","20.6089","910.9123","6/7/2014 12:00:00 AM"
"3118","4","4","253","1572","1","5/29/2014 12:00:00 AM","6/7/2014 12:00:00 AM","461.7900","36.9432","11.5448","510.2780","6/7/2014 12:00:00 AM"
"3119","4","4","255","1562","4","5/29/2014 12:00:00 AM","6/7/2014 12:00:00 AM","630.3780","50.4302","15.7595","696.5677","6/7/2014 12:00:00 AM"
"3120","4","4","256","1662","2","5/29/2014 12:00:00 AM","6/7/2014 12:00:00 AM","37.0755","2.9660","0.9269","40.9684","6/7/2014 12:00:00 AM"
"3121","4","4","259","1682","4","5/29/2014 12:00:00 AM","6/7/2014 12:00:00 AM","21558.0750","1724.6460","538.9519","23821.6729","6/7/2014 12:00:00 AM"
"3122","4","4","250","1686","4","5/29/2014 12:00:00 AM","6/7/2014 12:00:00 AM","234.6435","18.7715","5.8661","259.2811","6/7/2014 12:00:00 AM"
"3123","4","4","258","1684","4","5/29/2014 12:00:00 AM","6/7/2014 12:00:00 AM","45172.0500","3613.7640","1129.3013","49915.1153","6/7/2014 12:00:00 AM"
"3124","4","4","254","1534","5","5/29/2014 12:00:00 AM","6/7/2014 12:00:00 AM","279.7830","22.3826","6.9946","309.1602","6/7/2014 12:00:00 AM"
"3125","4","4","257","1614","5","5/30/2014 12:00:00 AM","6/8/2014 12:00:00 AM","1228.5000","98.2800","30.7125","1357.4925","6/8/2014 12:00:00 AM"
"3126","4","4","261","1588","5","5/30/2014 12:00:00 AM","6/8/2014 12:00:00 AM","40471.2000","3237.6960","1011.7800","44720.6760","6/8/2014 12:00:00 AM"
"3127","4","4","251","1622","5","5/30/2014 12:00:00 AM","6/8/2014 12:00:00 AM","836.0100","66.8808","20.9003","923.7911","6/8/2014 12:00:00 AM"
"3128","4","4","253","1632","5","5/30/2014 12:00:00 AM","6/8/2014 12:00:00 AM","62092.8000","4967.4240","1552.3200","68612.5440","6/8/2014 12:00:00 AM"
"3129","4","4","255","1608","5","5/30/2014 12:00:00 AM","6/8/2014 12:00:00 AM","5948.2500","475.8600","148.7063","6572.8163","6/8/2014 12:00:00 AM"
"3130","4","4","256","1576","5","5/30/2014 12:00:00 AM","6/8/2014 12:00:00 AM","91117.9500","7289.4360","2277.9488","100685.3348","6/8/2014 12:00:00 AM"
"3131","4","4","259","1590","1","5/30/2014 12:00:00 AM","6/8/2014 12:00:00 AM","525.0000","42.0000","13.1250","580.1250","6/8/2014 12:00:00 AM"
"3132","4","4","260","1514","5","5/30/2014 12:00:00 AM","6/8/2014 12:00:00 AM","281.8935","22.5515","7.0473","311.4923","6/8/2014 12:00:00 AM"
"3133","4","4","250","1498","4","5/30/2014 12:00:00 AM","6/8/2014 12:00:00 AM","26455.2750","2116.4220","661.3819","29233.0789","6/8/2014 12:00:00 AM"
"3134","4","4","254","1674","2","5/30/2014 12:00:00 AM","6/8/2014 12:00:00 AM","944.3700","75.5496","23.6093","1043.5289","6/8/2014 12:00:00 AM"
"3135","4","4","257","1652","4","5/30/2014 12:00:00 AM","6/8/2014 12:00:00 AM","51588.0750","4127.0460","1289.7019","57004.8229","6/8/2014 12:00:00 AM"
"3136","4","4","261","1578","3","5/30/2014 12:00:00 AM","6/8/2014 12:00:00 AM","62843.5500","5027.4840","1571.0888","69442.1228","6/8/2014 12:00:00 AM"
"3137","4","4","251","1538","5","5/30/2014 12:00:00 AM","6/8/2014 12:00:00 AM","37843.5750","3027.4860","946.0894","41817.1504","6/8/2014 12:00:00 AM"
"3138","4","4","253","1556","4","5/30/2014 12:00:00 AM","6/8/2014 12:00:00 AM","25531.2750","2042.5020","638.2819","28212.0589","6/8/2014 12:00:00 AM"
"3139","4","4","255","1554","4","5/30/2014 12:00:00 AM","6/8/2014 12:00:00 AM","234.9585","18.7967","5.8740","259.6292","6/8/2014 12:00:00 AM"
"3140","4","4","256","1688","4","5/30/2014 12:00:00 AM","6/8/2014 12:00:00 AM","125.7480","10.0598","3.1437","138.9515","6/8/2014 12:00:00 AM"
"3141","4","4","259","1580","5","5/31/2014 12:00:00 AM","6/9/2014 12:00:00 AM","150.7905","12.0632","3.7698","166.6235","6/9/2014 12:00:00 AM"
"3142","4","4","260","1496","5","5/31/2014 12:00:00 AM","6/9/2014 12:00:00 AM","273.7035","21.8963","6.8426","302.4424","6/9/2014 12:00:00 AM"
"3143","4","4","258","1494","2","5/31/2014 12:00:00 AM","6/9/2014 12:00:00 AM","8847.3000","707.7840","221.1825","9776.2665","6/9/2014 12:00:00 AM"
"3144","4","4","254","1650","5","5/31/2014 12:00:00 AM","6/9/2014 12:00:00 AM","171.0765","13.6861","4.2769","189.0395","6/9/2014 12:00:00 AM"
"3145","4","4","257","1654","4","6/2/2014 12:00:00 AM","6/11/2014 12:00:00 AM","20397.3000","1631.7840","509.9325","22539.0165","6/11/2014 12:00:00 AM"
"3146","4","4","261","1664","3","6/2/2014 12:00:00 AM","6/11/2014 12:00:00 AM","14628.0750","1170.2460","365.7019","16164.0229","6/11/2014 12:00:00 AM"
"3147","4","4","251","1678","3","6/2/2014 12:00:00 AM","6/11/2014 12:00:00 AM","58685.5500","4694.8440","1467.1388","64847.5328","6/11/2014 12:00:00 AM"
"3148","4","4","253","1616","5","6/2/2014 12:00:00 AM","6/11/2014 12:00:00 AM","693.3780","55.4702","17.3345","766.1827","6/11/2014 12:00:00 AM"
"3149","4","4","255","1492","4","6/2/2014 12:00:00 AM","6/11/2014 12:00:00 AM","234.9585","18.7967","5.8740","259.6292","6/11/2014 12:00:00 AM"
"3150","4","4","256","1602","5","6/2/2014 12:00:00 AM","6/11/2014 12:00:00 AM","1796.0355","143.6828","44.9009","1984.6192","6/11/2014 12:00:00 AM"
"3151","4","4","252","1540","4","6/2/2014 12:00:00 AM","6/11/2014 12:00:00 AM","514.7415","41.1793","12.8685","568.7893","6/11/2014 12:00:00 AM"
"3152","4","4","260","1628","5","6/2/2014 12:00:00 AM","6/11/2014 12:00:00 AM","34644.2250","2771.5380","866.1056","38281.8686","6/11/2014 12:00:00 AM"
"3153","4","4","258","1604","3","6/2/2014 12:00:00 AM","6/11/2014 12:00:00 AM","1581.9300","126.5544","39.5483","1748.0327","6/11/2014 12:00:00 AM"
"3154","4","4","254","1690","5","6/2/2014 12:00:00 AM","6/11/2014 12:00:00 AM","146.2860","11.7029","3.6572","161.6461","6/11/2014 12:00:00 AM"
"3155","4","4","257","1566","5","6/2/2014 12:00:00 AM","6/11/2014 12:00:00 AM","102.5640","8.2051","2.5641","113.3332","6/11/2014 12:00:00 AM"
"3156","4","4","261","1698","5","6/2/2014 12:00:00 AM","6/11/2014 12:00:00 AM","150.7905","12.0632","3.7698","166.6235","6/11/2014 12:00:00 AM"
"3157","4","4","250","1560","5","6/2/2014 12:00:00 AM","6/11/2014 12:00:00 AM","13669.4250","1093.5540","341.7356","15104.7146","6/11/2014 12:00:00 AM"
"3158","4","4","253","1692","5","6/2/2014 12:00:00 AM","6/11/2014 12:00:00 AM","16393.2300","1311.4584","409.8308","18114.5192","6/11/2014 12:00:00 AM"
"3159","6","4","255","1696","2","6/2/2014 12:00:00 AM","6/11/2014 12:00:00 AM","79204.1250","6336.3300","1980.1031","87520.5581","6/11/2014 12:00:00 AM"
"3160","4","4","256","1504","1","6/2/2014 12:00:00 AM","6/11/2014 12:00:00 AM","551.8800","44.1504","13.7970","609.8274","6/11/2014 12:00:00 AM"
"3161","4","4","259","1544","1","6/3/2014 12:00:00 AM","6/12/2014 12:00:00 AM","3176.2500","254.1000","79.4063","3509.7563","6/12/2014 12:00:00 AM"
"3162","4","4","260","1530","2","6/3/2014 12:00:00 AM","6/12/2014 12:00:00 AM","28072.2750","2245.7820","701.8069","31019.8639","6/12/2014 12:00:00 AM"
"3163","4","4","258","1508","1","6/3/2014 12:00:00 AM","6/12/2014 12:00:00 AM","1917.3000","153.3840","47.9325","2118.6165","6/12/2014 12:00:00 AM"
"3164","4","4","254","1694","1","6/3/2014 12:00:00 AM","6/12/2014 12:00:00 AM","4215.7500","337.2600","105.3938","4658.4038","6/12/2014 12:00:00 AM"
"3165","4","4","252","1624","2","6/3/2014 12:00:00 AM","6/12/2014 12:00:00 AM","28297.5000","2263.8000","707.4375","31268.7375","6/12/2014 12:00:00 AM"
"3166","4","4","261","1548","2","6/3/2014 12:00:00 AM","6/12/2014 12:00:00 AM","59.9445","4.7956","1.4986","66.2387","6/12/2014 12:00:00 AM"
"3167","4","4","251","1598","4","6/3/2014 12:00:00 AM","6/12/2014 12:00:00 AM","722.6100","57.8088","18.0653","798.4841","6/12/2014 12:00:00 AM"
"3168","4","4","253","1658","5","6/3/2014 12:00:00 AM","6/12/2014 12:00:00 AM","43878.4500","3510.2760","1096.9613","48485.6873","6/12/2014 12:00:00 AM"
"3169","4","4","255","1536","4","6/3/2014 12:00:00 AM","6/12/2014 12:00:00 AM","592.7985","47.4239","14.8200","655.0424","6/12/2014 12:00:00 AM"
"3170","4","4","256","1568","1","6/3/2014 12:00:00 AM","6/12/2014 12:00:00 AM","13825.3500","1106.0280","345.6338","15277.0118","6/12/2014 12:00:00 AM"
"3171","4","4","259","1648","5","6/3/2014 12:00:00 AM","6/12/2014 12:00:00 AM","142.4115","11.3929","3.5603","157.3647","6/12/2014 12:00:00 AM"
"3172","4","4","260","1646","2","6/3/2014 12:00:00 AM","6/12/2014 12:00:00 AM","28794.1500","2303.5320","719.8538","31817.5358","6/12/2014 12:00:00 AM"
"3173","4","4","258","1672","4","6/3/2014 12:00:00 AM","6/12/2014 12:00:00 AM","408.5550","32.6844","10.2139","451.4533","6/12/2014 12:00:00 AM"
"3174","4","4","254","1600","1","6/3/2014 12:00:00 AM","6/12/2014 12:00:00 AM","1276.2750","102.1020","31.9069","1410.2839","6/12/2014 12:00:00 AM"
"3175","4","4","257","1522","1","6/3/2014 12:00:00 AM","6/12/2014 12:00:00 AM","2003.9250","160.3140","50.0981","2214.3371","6/12/2014 12:00:00 AM"
"3176","4","4","261","1570","2","6/3/2014 12:00:00 AM","6/12/2014 12:00:00 AM","50860.4250","4068.8340","1271.5106","56200.7696","6/12/2014 12:00:00 AM"
"3177","4","4","251","1516","1","6/4/2014 12:00:00 AM","6/13/2014 12:00:00 AM","454.8600","36.3888","11.3715","502.6203","6/13/2014 12:00:00 AM"
"3178","4","4","253","1506","5","6/4/2014 12:00:00 AM","6/13/2014 12:00:00 AM","43878.4500","3510.2760","1096.9613","48485.6873","6/13/2014 12:00:00 AM"
"3179","4","4","255","1626","2","6/4/2014 12:00:00 AM","6/13/2014 12:00:00 AM","7132.1250","570.5700","178.3031","7880.9981","6/13/2014 12:00:00 AM"
"3180","4","4","256","1542","2","6/4/2014 12:00:00 AM","6/13/2014 12:00:00 AM","28343.7000","2267.4960","708.5925","31319.7885","6/13/2014 12:00:00 AM"
"3181","4","4","259","1610","4","6/4/2014 12:00:00 AM","6/13/2014 12:00:00 AM","22516.7250","1801.3380","562.9181","24880.9811","6/13/2014 12:00:00 AM"
"3182","4","4","260","1638","5","6/4/2014 12:00:00 AM","6/13/2014 12:00:00 AM","34644.2250","2771.5380","866.1056","38281.8686","6/13/2014 12:00:00 AM"
"3183","4","4","258","1582","5","6/4/2014 12:00:00 AM","6/13/2014 12:00:00 AM","415.3275","33.2262","10.3832","458.9369","6/13/2014 12:00:00 AM"
"3184","4","4","254","1510","5","6/4/2014 12:00:00 AM","6/13/2014 12:00:00 AM","143.0415","11.4433","3.5760","158.0608","6/13/2014 12:00:00 AM"
"3185","4","4","257","1526","2","6/4/2014 12:00:00 AM","6/13/2014 12:00:00 AM","28199.3250","2255.9460","704.9831","31160.2541","6/13/2014 12:00:00 AM"
"3186","5","4","261","1644","1","6/4/2014 12:00:00 AM","6/13/2014 12:00:00 AM","3713.3250","297.0660","92.8331","4103.2241","6/13/2014 12:00:00 AM"
"3187","4","4","251","1680","5","6/4/2014 12:00:00 AM","6/13/2014 12:00:00 AM","63831.0750","5106.4860","1595.7769","70533.3379","6/13/2014 12:00:00 AM"
"3188","4","4","253","1584","5","6/4/2014 12:00:00 AM","6/13/2014 12:00:00 AM","16340.3100","1307.2248","408.5078","18056.0426","6/13/2014 12:00:00 AM"
"3189","4","4","252","1620","5","6/4/2014 12:00:00 AM","6/13/2014 12:00:00 AM","5711.4750","456.9180","142.7869","6311.1799","6/13/2014 12:00:00 AM"
"3190","4","4","256","1666","4","6/4/2014 12:00:00 AM","6/13/2014 12:00:00 AM","360.0450","28.8036","9.0011","397.8497","6/13/2014 12:00:00 AM"
"3191","4","4","259","1592","2","6/4/2014 12:00:00 AM","6/13/2014 12:00:00 AM","97.9650","7.8372","2.4491","108.2513","6/13/2014 12:00:00 AM"
"3192","4","4","260","1618","4","6/4/2014 12:00:00 AM","6/13/2014 12:00:00 AM","114.4710","9.1577","2.8618","126.4905","6/13/2014 12:00:00 AM"
"3193","4","4","258","1612","4","6/5/2014 12:00:00 AM","6/14/2014 12:00:00 AM","132.6465","10.6117","3.3162","146.5744","6/14/2014 12:00:00 AM"
"3194","4","4","254","1586","5","6/5/2014 12:00:00 AM","6/14/2014 12:00:00 AM","43878.4500","3510.2760","1096.9613","48485.6873","6/14/2014 12:00:00 AM"
"3195","4","4","257","1500","1","6/5/2014 12:00:00 AM","6/14/2014 12:00:00 AM","418.9500","33.5160","10.4738","462.9398","6/14/2014 12:00:00 AM"
"3196","4","4","261","1656","4","6/5/2014 12:00:00 AM","6/14/2014 12:00:00 AM","525.7665","42.0613","13.1442","580.9720","6/14/2014 12:00:00 AM"
"3197","4","4","251","1572","1","6/5/2014 12:00:00 AM","6/14/2014 12:00:00 AM","461.7900","36.9432","11.5448","510.2780","6/14/2014 12:00:00 AM"
"3198","4","4","253","1562","4","6/5/2014 12:00:00 AM","6/14/2014 12:00:00 AM","481.8870","38.5510","12.0472","532.4852","6/14/2014 12:00:00 AM"
"3199","4","4","255","1662","2","6/5/2014 12:00:00 AM","6/14/2014 12:00:00 AM","37.0755","2.9660","0.9269","40.9684","6/14/2014 12:00:00 AM"
"3200","4","4","252","1682","4","6/5/2014 12:00:00 AM","6/14/2014 12:00:00 AM","21558.0750","1724.6460","538.9519","23821.6729","6/14/2014 12:00:00 AM"
"3201","4","4","259","1686","4","6/5/2014 12:00:00 AM","6/14/2014 12:00:00 AM","475.6815","38.0545","11.8920","525.6280","6/14/2014 12:00:00 AM"
"3202","4","4","260","1684","5","6/5/2014 12:00:00 AM","6/14/2014 12:00:00 AM","41048.7000","3283.8960","1026.2175","45358.8135","6/14/2014 12:00:00 AM"
"3203","4","4","258","1534","5","6/5/2014 12:00:00 AM","6/14/2014 12:00:00 AM","416.7450","33.3396","10.4186","460.5032","6/14/2014 12:00:00 AM"
"3204","4","3","250","1614","5","6/5/2014 12:00:00 AM","6/14/2014 12:00:00 AM","279.1530","22.3322","6.9788","308.4640","6/14/2014 12:00:00 AM"
"3205","4","4","257","1588","5","6/5/2014 12:00:00 AM","6/14/2014 12:00:00 AM","40471.2000","3237.6960","1011.7800","44720.6760","6/14/2014 12:00:00 AM"
"3206","4","4","261","1622","4","6/5/2014 12:00:00 AM","6/14/2014 12:00:00 AM","389.6550","31.1724","9.7414","430.5688","6/14/2014 12:00:00 AM"
"3207","4","4","251","1632","5","6/5/2014 12:00:00 AM","6/14/2014 12:00:00 AM","62092.8000","4967.4240","1552.3200","68612.5440","6/14/2014 12:00:00 AM"
"3208","4","4","253","1608","5","6/5/2014 12:00:00 AM","6/14/2014 12:00:00 AM","5948.2500","475.8600","148.7063","6572.8163","6/14/2014 12:00:00 AM"
"3209","4","4","255","1576","5","6/6/2014 12:00:00 AM","6/15/2014 12:00:00 AM","91117.9500","7289.4360","2277.9488","100685.3348","6/15/2014 12:00:00 AM"
"3210","4","4","256","1590","1","6/6/2014 12:00:00 AM","6/15/2014 12:00:00 AM","525.0000","42.0000","13.1250","580.1250","6/15/2014 12:00:00 AM"
"3211","4","4","259","1514","3","6/6/2014 12:00:00 AM","6/15/2014 12:00:00 AM","1721.7900","137.7432","43.0448","1902.5780","6/15/2014 12:00:00 AM"
"3212","4","4","260","1498","4","6/6/2014 12:00:00 AM","6/15/2014 12:00:00 AM","26455.2750","2116.4220","661.3819","29233.0789","6/15/2014 12:00:00 AM"
"3213","4","4","258","1674","2","6/6/2014 12:00:00 AM","6/15/2014 12:00:00 AM","944.3700","75.5496","23.6093","1043.5289","6/15/2014 12:00:00 AM"
"3214","4","4","254","1652","4","6/6/2014 12:00:00 AM","6/15/2014 12:00:00 AM","44594.5500","3567.5640","1114.8638","49276.9778","6/15/2014 12:00:00 AM"
"3215","4","4","257","1578","3","6/6/2014 12:00:00 AM","6/15/2014 12:00:00 AM","62843.5500","5027.4840","1571.0888","69442.1228","6/15/2014 12:00:00 AM"
"3216","4","4","261","1538","5","6/6/2014 12:00:00 AM","6/15/2014 12:00:00 AM","37843.5750","3027.4860","946.0894","41817.1504","6/15/2014 12:00:00 AM"
"3217","5","4","251","1556","4","6/6/2014 12:00:00 AM","6/15/2014 12:00:00 AM","25531.2750","2042.5020","638.2819","28212.0589","6/15/2014 12:00:00 AM"
"3218","4","4","253","1554","5","6/6/2014 12:00:00 AM","6/15/2014 12:00:00 AM","694.1655","55.5332","17.3541","767.0528","6/15/2014 12:00:00 AM"
"3219","4","4","255","1688","4","6/6/2014 12:00:00 AM","6/15/2014 12:00:00 AM","125.7480","10.0598","3.1437","138.9515","6/15/2014 12:00:00 AM"
"3220","7","4","256","1580","5","6/6/2014 12:00:00 AM","6/15/2014 12:00:00 AM","150.7905","12.0632","3.7698","166.6235","6/15/2014 12:00:00 AM"
"3221","4","4","259","1496","4","6/6/2014 12:00:00 AM","6/15/2014 12:00:00 AM","503.0865","40.2469","12.5772","555.9106","6/15/2014 12:00:00 AM"
"3222","4","4","250","1494","2","6/6/2014 12:00:00 AM","6/15/2014 12:00:00 AM","8847.3000","707.7840","221.1825","9776.2665","6/15/2014 12:00:00 AM"
"3223","4","4","258","1650","5","6/6/2014 12:00:00 AM","6/15/2014 12:00:00 AM","171.0765","13.6861","4.2769","189.0395","6/15/2014 12:00:00 AM"
"3224","4","4","254","1654","4","6/6/2014 12:00:00 AM","6/15/2014 12:00:00 AM","20397.3000","1631.7840","509.9325","22539.0165","6/15/2014 12:00:00 AM"
"3225","4","4","257","1664","3","6/7/2014 12:00:00 AM","6/16/2014 12:00:00 AM","14628.0750","1170.2460","365.7019","16164.0229","6/16/2014 12:00:00 AM"
"3226","4","4","261","1678","3","6/7/2014 12:00:00 AM","6/16/2014 12:00:00 AM","58685.5500","4694.8440","1467.1388","64847.5328","6/16/2014 12:00:00 AM"
"3227","4","4","251","1616","5","6/7/2014 12:00:00 AM","6/16/2014 12:00:00 AM","773.0100","61.8408","19.3253","854.1761","6/16/2014 12:00:00 AM"
"3228","4","4","253","1492","5","6/7/2014 12:00:00 AM","6/16/2014 12:00:00 AM","694.1655","55.5332","17.3541","767.0528","6/16/2014 12:00:00 AM"
"3229","4","4","255","1602","5","6/7/2014 12:00:00 AM","6/16/2014 12:00:00 AM","1796.0355","143.6828","44.9009","1984.6192","6/16/2014 12:00:00 AM"
"3230","4","4","256","1540","5","6/7/2014 12:00:00 AM","6/16/2014 12:00:00 AM","416.7450","33.3396","10.4186","460.5032","6/16/2014 12:00:00 AM"
"3231","6","4","259","1628","5","6/7/2014 12:00:00 AM","6/16/2014 12:00:00 AM","34644.2250","2771.5380","866.1056","38281.8686","6/16/2014 12:00:00 AM"
"3232","4","4","260","1604","4","6/7/2014 12:00:00 AM","6/16/2014 12:00:00 AM","257.5755","20.6060","6.4394","284.6209","6/16/2014 12:00:00 AM"
"3233","4","4","250","1690","5","6/9/2014 12:00:00 AM","6/18/2014 12:00:00 AM","146.2860","11.7029","3.6572","161.6461","6/18/2014 12:00:00 AM"
"3234","4","4","254","1566","5","6/9/2014 12:00:00 AM","6/18/2014 12:00:00 AM","102.5640","8.2051","2.5641","113.3332","6/18/2014 12:00:00 AM"
"3235","4","4","257","1698","5","6/9/2014 12:00:00 AM","6/18/2014 12:00:00 AM","150.7905","12.0632","3.7698","166.6235","6/18/2014 12:00:00 AM"
"3236","4","4","261","1560","5","6/9/2014 12:00:00 AM","6/18/2014 12:00:00 AM","13669.4250","1093.5540","341.7356","15104.7146","6/18/2014 12:00:00 AM"
"3237","4","4","251","1692","5","6/9/2014 12:00:00 AM","6/18/2014 12:00:00 AM","16393.2300","1311.4584","409.8308","18114.5192","6/18/2014 12:00:00 AM"
"3238","4","4","253","1696","4","6/9/2014 12:00:00 AM","6/18/2014 12:00:00 AM","22516.7250","1801.3380","562.9181","24880.9811","6/18/2014 12:00:00 AM"
"3239","4","4","255","1504","1","6/9/2014 12:00:00 AM","6/18/2014 12:00:00 AM","551.8800","44.1504","13.7970","609.8274","6/18/2014 12:00:00 AM"
"3240","4","4","256","1544","1","6/9/2014 12:00:00 AM","6/18/2014 12:00:00 AM","6987.7500","559.0200","174.6938","7721.4638","6/18/2014 12:00:00 AM"
"3241","4","4","259","1530","2","6/9/2014 12:00:00 AM","6/18/2014 12:00:00 AM","28072.2750","2245.7820","701.8069","31019.8639","6/18/2014 12:00:00 AM"
"3242","6","4","260","1508","1","6/9/2014 12:00:00 AM","6/18/2014 12:00:00 AM","35394.9750","2831.5980","884.8744","39111.4474","6/18/2014 12:00:00 AM"
"3243","4","4","258","1694","1","6/9/2014 12:00:00 AM","6/18/2014 12:00:00 AM","3407.2500","272.5800","85.1813","3765.0113","6/18/2014 12:00:00 AM"
"3244","5","4","254","1624","2","6/9/2014 12:00:00 AM","6/18/2014 12:00:00 AM","28297.5000","2263.8000","707.4375","31268.7375","6/18/2014 12:00:00 AM"
"3245","4","4","257","1548","2","6/9/2014 12:00:00 AM","6/18/2014 12:00:00 AM","59.9445","4.7956","1.4986","66.2387","6/18/2014 12:00:00 AM"
"3246","4","4","261","1598","4","6/9/2014 12:00:00 AM","6/18/2014 12:00:00 AM","332.9550","26.6364","8.3239","367.9153","6/18/2014 12:00:00 AM"
"3247","4","4","251","1658","5","6/9/2014 12:00:00 AM","6/18/2014 12:00:00 AM","43878.4500","3510.2760","1096.9613","48485.6873","6/18/2014 12:00:00 AM"
"3248","4","4","253","1536","4","6/9/2014 12:00:00 AM","6/18/2014 12:00:00 AM","544.5720","43.5658","13.6143","601.7521","6/18/2014 12:00:00 AM"
"3249","4","4","255","1568","2","6/10/2014 12:00:00 AM","6/19/2014 12:00:00 AM","36405.6000","2912.4480","910.1400","40228.1880","6/19/2014 12:00:00 AM"
"3250","4","4","256","1648","5","6/10/2014 12:00:00 AM","6/19/2014 12:00:00 AM","142.4115","11.3929","3.5603","157.3647","6/19/2014 12:00:00 AM"
"3251","4","4","252","1646","5","6/10/2014 12:00:00 AM","6/19/2014 12:00:00 AM","19236.5250","1538.9220","480.9131","21256.3601","6/19/2014 12:00:00 AM"
"3252","4","4","260","1672","4","6/10/2014 12:00:00 AM","6/19/2014 12:00:00 AM","253.3230","20.2658","6.3331","279.9219","6/19/2014 12:00:00 AM"
"3253","4","4","258","1600","1","6/10/2014 12:00:00 AM","6/19/2014 12:00:00 AM","1276.2750","102.1020","31.9069","1410.2839","6/19/2014 12:00:00 AM"
"3254","4","4","254","1522","1","6/10/2014 12:00:00 AM","6/19/2014 12:00:00 AM","2003.9250","160.3140","50.0981","2214.3371","6/19/2014 12:00:00 AM"
"3255","4","4","257","1570","2","6/10/2014 12:00:00 AM","6/19/2014 12:00:00 AM","50860.4250","4068.8340","1271.5106","56200.7696","6/19/2014 12:00:00 AM"
"3256","4","4","261","1516","1","6/10/2014 12:00:00 AM","6/19/2014 12:00:00 AM","454.8600","36.3888","11.3715","502.6203","6/19/2014 12:00:00 AM"
"3257","4","4","250","1506","5","6/10/2014 12:00:00 AM","6/19/2014 12:00:00 AM","43878.4500","3510.2760","1096.9613","48485.6873","6/19/2014 12:00:00 AM"
"3258","4","4","253","1626","2","6/10/2014 12:00:00 AM","6/19/2014 12:00:00 AM","7132.1250","570.5700","178.3031","7880.9981","6/19/2014 12:00:00 AM"
"3259","4","4","255","1542","2","6/10/2014 12:00:00 AM","6/19/2014 12:00:00 AM","28343.7000","2267.4960","708.5925","31319.7885","6/19/2014 12:00:00 AM"
"3260","4","4","256","1610","4","6/10/2014 12:00:00 AM","6/19/2014 12:00:00 AM","22516.7250","1801.3380","562.9181","24880.9811","6/19/2014 12:00:00 AM"
"3261","4","4","259","1638","5","6/10/2014 12:00:00 AM","6/19/2014 12:00:00 AM","34644.2250","2771.5380","866.1056","38281.8686","6/19/2014 12:00:00 AM"
"3262","4","4","260","1582","5","6/10/2014 12:00:00 AM","6/19/2014 12:00:00 AM","272.7585","21.8207","6.8190","301.3982","6/19/2014 12:00:00 AM"
"3263","4","4","258","1510","5","6/10/2014 12:00:00 AM","6/19/2014 12:00:00 AM","143.0415","11.4433","3.5760","158.0608","6/19/2014 12:00:00 AM"
"3264","4","4","254","1526","2","6/10/2014 12:00:00 AM","6/19/2014 12:00:00 AM","28199.3250","2255.9460","704.9831","31160.2541","6/19/2014 12:00:00 AM"
"3265","4","4","252","1644","1","6/11/2014 12:00:00 AM","6/20/2014 12:00:00 AM","3713.3250","297.0660","92.8331","4103.2241","6/20/2014 12:00:00 AM"
"3266","4","4","261","1680","5","6/11/2014 12:00:00 AM","6/20/2014 12:00:00 AM","63831.0750","5106.4860","1595.7769","70533.3379","6/20/2014 12:00:00 AM"
"3267","4","4","251","1584","5","6/11/2014 12:00:00 AM","6/20/2014 12:00:00 AM","16340.3100","1307.2248","408.5078","18056.0426","6/20/2014 12:00:00 AM"
"3268","4","4","253","1620","5","6/11/2014 12:00:00 AM","6/20/2014 12:00:00 AM","5711.4750","456.9180","142.7869","6311.1799","6/20/2014 12:00:00 AM"
"3269","4","4","255","1666","4","6/11/2014 12:00:00 AM","6/20/2014 12:00:00 AM","235.9035","18.8723","5.8976","260.6734","6/20/2014 12:00:00 AM"
"3270","4","4","256","1592","2","6/11/2014 12:00:00 AM","6/20/2014 12:00:00 AM","97.9650","7.8372","2.4491","108.2513","6/20/2014 12:00:00 AM"
"3271","4","4","259","1618","4","6/11/2014 12:00:00 AM","6/20/2014 12:00:00 AM","114.4710","9.1577","2.8618","126.4905","6/20/2014 12:00:00 AM"
"3272","4","4","260","1612","4","6/11/2014 12:00:00 AM","6/20/2014 12:00:00 AM","132.6465","10.6117","3.3162","146.5744","6/20/2014 12:00:00 AM"
"3273","4","4","258","1586","5","6/11/2014 12:00:00 AM","6/20/2014 12:00:00 AM","43878.4500","3510.2760","1096.9613","48485.6873","6/20/2014 12:00:00 AM"
"3274","4","4","254","1500","1","6/11/2014 12:00:00 AM","6/20/2014 12:00:00 AM","418.9500","33.5160","10.4738","462.9398","6/20/2014 12:00:00 AM"
"3275","4","4","257","1656","4","6/11/2014 12:00:00 AM","6/20/2014 12:00:00 AM","3413.2455","273.0596","85.3311","3771.6362","6/20/2014 12:00:00 AM"
"3276","4","4","261","1572","1","6/11/2014 12:00:00 AM","6/20/2014 12:00:00 AM","461.7900","36.9432","11.5448","510.2780","6/20/2014 12:00:00 AM"
"3277","4","4","251","1562","4","6/11/2014 12:00:00 AM","6/20/2014 12:00:00 AM","760.4100","60.8328","19.0103","840.2531","6/20/2014 12:00:00 AM"
"3278","4","4","253","1662","2","6/11/2014 12:00:00 AM","6/20/2014 12:00:00 AM","37.0755","2.9660","0.9269","40.9684","6/20/2014 12:00:00 AM"
"3279","6","4","255","1682","4","6/11/2014 12:00:00 AM","6/20/2014 12:00:00 AM","21558.0750","1724.6460","538.9519","23821.6729","6/20/2014 12:00:00 AM"
"3280","4","4","256","1686","4","6/11/2014 12:00:00 AM","6/20/2014 12:00:00 AM","422.1000","33.7680","10.5525","466.4205","6/20/2014 12:00:00 AM"
"3281","4","4","259","1684","4","6/12/2014 12:00:00 AM","6/21/2014 12:00:00 AM","45172.0500","3613.7640","1129.3013","49915.1153","6/21/2014 12:00:00 AM"
"3282","4","4","260","1534","5","6/12/2014 12:00:00 AM","6/21/2014 12:00:00 AM","273.7035","21.8963","6.8426","302.4424","6/21/2014 12:00:00 AM"
"3283","4","4","258","1614","5","6/12/2014 12:00:00 AM","6/21/2014 12:00:00 AM","415.8000","33.2640","10.3950","459.4590","6/21/2014 12:00:00 AM"
"3284","4","4","254","1588","5","6/12/2014 12:00:00 AM","6/21/2014 12:00:00 AM","40471.2000","3237.6960","1011.7800","44720.6760","6/21/2014 12:00:00 AM"
"3285","4","4","257","1622","5","6/12/2014 12:00:00 AM","6/21/2014 12:00:00 AM","1225.6650","98.0532","30.6416","1354.3598","6/21/2014 12:00:00 AM"
"3286","4","4","261","1632","5","6/12/2014 12:00:00 AM","6/21/2014 12:00:00 AM","62092.8000","4967.4240","1552.3200","68612.5440","6/21/2014 12:00:00 AM"
"3287","4","4","251","1608","5","6/12/2014 12:00:00 AM","6/21/2014 12:00:00 AM","5948.2500","475.8600","148.7063","6572.8163","6/21/2014 12:00:00 AM"
"3288","4","4","253","1576","5","6/12/2014 12:00:00 AM","6/21/2014 12:00:00 AM","91117.9500","7289.4360","2277.9488","100685.3348","6/21/2014 12:00:00 AM"
"3289","4","4","252","1590","1","6/12/2014 12:00:00 AM","6/21/2014 12:00:00 AM","525.0000","42.0000","13.1250","580.1250","6/21/2014 12:00:00 AM"
"3290","4","4","256","1514","5","6/12/2014 12:00:00 AM","6/21/2014 12:00:00 AM","2003.6835","160.2947","50.0921","2214.0703","6/21/2014 12:00:00 AM"
"3291","4","4","259","1498","4","6/12/2014 12:00:00 AM","6/21/2014 12:00:00 AM","26455.2750","2116.4220","661.3819","29233.0789","6/21/2014 12:00:00 AM"
"3292","4","4","260","1674","2","6/12/2014 12:00:00 AM","6/21/2014 12:00:00 AM","944.3700","75.5496","23.6093","1043.5289","6/21/2014 12:00:00 AM"
"3293","4","4","258","1652","1","6/12/2014 12:00:00 AM","6/21/2014 12:00:00 AM","6993.5250","559.4820","174.8381","7727.8451","6/21/2014 12:00:00 AM"
"3294","4","4","254","1578","3","6/12/2014 12:00:00 AM","6/21/2014 12:00:00 AM","36122.6250","2889.8100","903.0656","39915.5006","6/21/2014 12:00:00 AM"
"3295","4","4","257","1538","5","6/12/2014 12:00:00 AM","6/21/2014 12:00:00 AM","37843.5750","3027.4860","946.0894","41817.1504","6/21/2014 12:00:00 AM"
"3296","4","4","261","1556","4","6/12/2014 12:00:00 AM","6/21/2014 12:00:00 AM","25531.2750","2042.5020","638.2819","28212.0589","6/21/2014 12:00:00 AM"
"3297","4","4","251","1554","5","6/13/2014 12:00:00 AM","6/22/2014 12:00:00 AM","773.9550","61.9164","19.3489","855.2203","6/22/2014 12:00:00 AM"
"3298","4","4","253","1688","4","6/13/2014 12:00:00 AM","6/22/2014 12:00:00 AM","125.7480","10.0598","3.1437","138.9515","6/22/2014 12:00:00 AM"
"3299","4","4","255","1580","5","6/13/2014 12:00:00 AM","6/22/2014 12:00:00 AM","150.7905","12.0632","3.7698","166.6235","6/22/2014 12:00:00 AM"
"3300","4","4","252","1496","4","6/13/2014 12:00:00 AM","6/22/2014 12:00:00 AM","360.0450","28.8036","9.0011","397.8497","6/22/2014 12:00:00 AM"
"3301","4","4","259","1494","2","6/13/2014 12:00:00 AM","6/22/2014 12:00:00 AM","8847.3000","707.7840","221.1825","9776.2665","6/22/2014 12:00:00 AM"
"3302","4","4","260","1650","5","6/13/2014 12:00:00 AM","6/22/2014 12:00:00 AM","171.0765","13.6861","4.2769","189.0395","6/22/2014 12:00:00 AM"
"3303","4","4","258","1654","4","6/13/2014 12:00:00 AM","6/22/2014 12:00:00 AM","20397.3000","1631.7840","509.9325","22539.0165","6/22/2014 12:00:00 AM"
"3304","4","3","250","1664","3","6/13/2014 12:00:00 AM","6/22/2014 12:00:00 AM","14628.0750","1170.2460","365.7019","16164.0229","6/22/2014 12:00:00 AM"
"3305","4","4","257","1678","3","6/13/2014 12:00:00 AM","6/22/2014 12:00:00 AM","58685.5500","4694.8440","1467.1388","64847.5328","6/22/2014 12:00:00 AM"
"3306","4","4","261","1616","4","6/13/2014 12:00:00 AM","6/22/2014 12:00:00 AM","481.8870","38.5510","12.0472","532.4852","6/22/2014 12:00:00 AM"
"3307","4","4","251","1492","5","6/13/2014 12:00:00 AM","6/22/2014 12:00:00 AM","773.9550","61.9164","19.3489","855.2203","6/22/2014 12:00:00 AM"
"3308","4","4","253","1602","5","6/13/2014 12:00:00 AM","6/22/2014 12:00:00 AM","1796.0355","143.6828","44.9009","1984.6192","6/22/2014 12:00:00 AM"
"3309","5","4","255","1540","5","6/13/2014 12:00:00 AM","6/22/2014 12:00:00 AM","658.9485","52.7159","16.4737","728.1381","6/22/2014 12:00:00 AM"
"3310","4","4","256","1628","5","6/13/2014 12:00:00 AM","6/22/2014 12:00:00 AM","34644.2250","2771.5380","866.1056","38281.8686","6/22/2014 12:00:00 AM"
"3311","4","4","259","1604","3","6/13/2014 12:00:00 AM","6/22/2014 12:00:00 AM","1581.9300","126.5544","39.5483","1748.0327","6/22/2014 12:00:00 AM"
"3312","4","4","260","1690","5","6/13/2014 12:00:00 AM","6/22/2014 12:00:00 AM","146.2860","11.7029","3.6572","161.6461","6/22/2014 12:00:00 AM"
"3313","4","4","258","1566","5","6/16/2014 12:00:00 AM","6/25/2014 12:00:00 AM","102.5640","8.2051","2.5641","113.3332","6/25/2014 12:00:00 AM"
"3314","4","4","254","1698","5","6/16/2014 12:00:00 AM","6/25/2014 12:00:00 AM","150.7905","12.0632","3.7698","166.6235","6/25/2014 12:00:00 AM"
"3315","4","4","257","1560","5","6/16/2014 12:00:00 AM","6/25/2014 12:00:00 AM","13669.4250","1093.5540","341.7356","15104.7146","6/25/2014 12:00:00 AM"
"3316","4","4","261","1692","5","6/16/2014 12:00:00 AM","6/25/2014 12:00:00 AM","13458.6900","1076.6952","336.4673","14871.8525","6/25/2014 12:00:00 AM"
"3317","4","4","251","1696","2","6/16/2014 12:00:00 AM","6/25/2014 12:00:00 AM","101720.8500","8137.6680","2543.0213","112401.5393","6/25/2014 12:00:00 AM"
"3318","4","4","253","1504","1","6/16/2014 12:00:00 AM","6/25/2014 12:00:00 AM","551.8800","44.1504","13.7970","609.8274","6/25/2014 12:00:00 AM"
"3319","4","4","255","1544","1","6/16/2014 12:00:00 AM","6/25/2014 12:00:00 AM","6987.7500","559.0200","174.6938","7721.4638","6/25/2014 12:00:00 AM"
"3320","5","4","256","1530","2","6/16/2014 12:00:00 AM","6/25/2014 12:00:00 AM","28072.2750","2245.7820","701.8069","31019.8639","6/25/2014 12:00:00 AM"
"3321","4","4","259","1508","1","6/16/2014 12:00:00 AM","6/25/2014 12:00:00 AM","1917.3000","153.3840","47.9325","2118.6165","6/25/2014 12:00:00 AM"
"3322","4","4","250","1694","1","6/16/2014 12:00:00 AM","6/25/2014 12:00:00 AM","4215.7500","337.2600","105.3938","4658.4038","6/25/2014 12:00:00 AM"
"3323","4","4","258","1624","2","6/16/2014 12:00:00 AM","6/25/2014 12:00:00 AM","28297.5000","2263.8000","707.4375","31268.7375","6/25/2014 12:00:00 AM"
"3324","4","4","254","1548","2","6/16/2014 12:00:00 AM","6/25/2014 12:00:00 AM","59.9445","4.7956","1.4986","66.2387","6/25/2014 12:00:00 AM"
"3325","4","4","257","1598","4","6/16/2014 12:00:00 AM","6/25/2014 12:00:00 AM","1055.5650","84.4452","26.3891","1166.3993","6/25/2014 12:00:00 AM"
"3326","4","4","261","1658","5","6/16/2014 12:00:00 AM","6/25/2014 12:00:00 AM","43878.4500","3510.2760","1096.9613","48485.6873","6/25/2014 12:00:00 AM"
"3327","4","4","251","1536","4","6/16/2014 12:00:00 AM","6/25/2014 12:00:00 AM","722.4525","57.7962","18.0613","798.3100","6/25/2014 12:00:00 AM"
"3328","4","4","253","1568","2","6/16/2014 12:00:00 AM","6/25/2014 12:00:00 AM","24318.5250","1945.4820","607.9631","26871.9701","6/25/2014 12:00:00 AM"
"3329","4","4","255","1648","5","6/17/2014 12:00:00 AM","6/26/2014 12:00:00 AM","142.4115","11.3929","3.5603","157.3647","6/26/2014 12:00:00 AM"
"3330","4","4","256","1646","2","6/17/2014 12:00:00 AM","6/26/2014 12:00:00 AM","48030.6750","3842.4540","1200.7669","53073.8959","6/26/2014 12:00:00 AM"
"3331","5","4","259","1672","2","6/17/2014 12:00:00 AM","6/26/2014 12:00:00 AM","50860.4250","4068.8340","1271.5106","56200.7696","6/26/2014 12:00:00 AM"
"3332","4","4","260","1600","1","6/17/2014 12:00:00 AM","6/26/2014 12:00:00 AM","1276.2750","102.1020","31.9069","1410.2839","6/26/2014 12:00:00 AM"
"3333","4","4","250","1522","1","6/17/2014 12:00:00 AM","6/26/2014 12:00:00 AM","2003.9250","160.3140","50.0981","2214.3371","6/26/2014 12:00:00 AM"
"3334","4","4","254","1570","2","6/17/2014 12:00:00 AM","6/26/2014 12:00:00 AM","28343.7000","2267.4960","708.5925","31319.7885","6/26/2014 12:00:00 AM"
"3335","4","4","257","1516","1","6/17/2014 12:00:00 AM","6/26/2014 12:00:00 AM","454.8600","36.3888","11.3715","502.6203","6/26/2014 12:00:00 AM"
"3336","4","4","261","1506","5","6/17/2014 12:00:00 AM","6/26/2014 12:00:00 AM","43878.4500","3510.2760","1096.9613","48485.6873","6/26/2014 12:00:00 AM"
"3337","4","4","251","1626","2","6/17/2014 12:00:00 AM","6/26/2014 12:00:00 AM","7132.1250","570.5700","178.3031","7880.9981","6/26/2014 12:00:00 AM"
"3338","4","4","253","1542","2","6/17/2014 12:00:00 AM","6/26/2014 12:00:00 AM","28343.7000","2267.4960","708.5925","31319.7885","6/26/2014 12:00:00 AM"
"3339","4","4","255","1610","4","6/17/2014 12:00:00 AM","6/26/2014 12:00:00 AM","22516.7250","1801.3380","562.9181","24880.9811","6/26/2014 12:00:00 AM"
"3340","4","4","256","1638","5","6/17/2014 12:00:00 AM","6/26/2014 12:00:00 AM","34644.2250","2771.5380","866.1056","38281.8686","6/26/2014 12:00:00 AM"
"3341","4","4","259","1582","4","6/17/2014 12:00:00 AM","6/26/2014 12:00:00 AM","501.1965","40.0957","12.5299","553.8221","6/26/2014 12:00:00 AM"
"3342","4","4","260","1510","5","6/17/2014 12:00:00 AM","6/26/2014 12:00:00 AM","143.0415","11.4433","3.5760","158.0608","6/26/2014 12:00:00 AM"
"3343","4","4","258","1526","2","6/17/2014 12:00:00 AM","6/26/2014 12:00:00 AM","28199.3250","2255.9460","704.9831","31160.2541","6/26/2014 12:00:00 AM"
"3344","4","4","254","1644","1","6/17/2014 12:00:00 AM","6/26/2014 12:00:00 AM","3713.3250","297.0660","92.8331","4103.2241","6/26/2014 12:00:00 AM"
"3345","4","4","257","1680","5","6/18/2014 12:00:00 AM","6/27/2014 12:00:00 AM","63831.0750","5106.4860","1595.7769","70533.3379","6/27/2014 12:00:00 AM"
"3346","4","4","261","1584","5","6/18/2014 12:00:00 AM","6/27/2014 12:00:00 AM","13361.0400","1068.8832","334.0260","14763.9492","6/27/2014 12:00:00 AM"
"3347","4","4","251","1620","5","6/18/2014 12:00:00 AM","6/27/2014 12:00:00 AM","5711.4750","456.9180","142.7869","6311.1799","6/27/2014 12:00:00 AM"
"3348","4","4","253","1666","5","6/18/2014 12:00:00 AM","6/27/2014 12:00:00 AM","696.5280","55.7222","17.4132","769.6634","6/27/2014 12:00:00 AM"
"3349","4","4","255","1592","2","6/18/2014 12:00:00 AM","6/27/2014 12:00:00 AM","97.9650","7.8372","2.4491","108.2513","6/27/2014 12:00:00 AM"
"3350","4","4","256","1618","4","6/18/2014 12:00:00 AM","6/27/2014 12:00:00 AM","114.4710","9.1577","2.8618","126.4905","6/27/2014 12:00:00 AM"
"3351","4","4","252","1612","4","6/18/2014 12:00:00 AM","6/27/2014 12:00:00 AM","132.6465","10.6117","3.3162","146.5744","6/27/2014 12:00:00 AM"
"3352","4","4","260","1586","5","6/18/2014 12:00:00 AM","6/27/2014 12:00:00 AM","43878.4500","3510.2760","1096.9613","48485.6873","6/27/2014 12:00:00 AM"
"3353","4","4","258","1500","1","6/18/2014 12:00:00 AM","6/27/2014 12:00:00 AM","418.9500","33.5160","10.4738","462.9398","6/27/2014 12:00:00 AM"
"3354","4","4","254","1656","4","6/18/2014 12:00:00 AM","6/27/2014 12:00:00 AM","272.4435","21.7955","6.8111","301.0501","6/27/2014 12:00:00 AM"
"3355","6","4","257","1572","1","6/18/2014 12:00:00 AM","6/27/2014 12:00:00 AM","461.7900","36.9432","11.5448","510.2780","6/27/2014 12:00:00 AM"
"3356","4","4","261","1562","4","6/18/2014 12:00:00 AM","6/27/2014 12:00:00 AM","462.7665","37.0213","11.5692","511.3570","6/27/2014 12:00:00 AM"
"3357","4","4","250","1662","2","6/18/2014 12:00:00 AM","6/27/2014 12:00:00 AM","37.0755","2.9660","0.9269","40.9684","6/27/2014 12:00:00 AM"
"3358","4","4","253","1682","4","6/18/2014 12:00:00 AM","6/27/2014 12:00:00 AM","21558.0750","1724.6460","538.9519","23821.6729","6/27/2014 12:00:00 AM"
"3359","4","4","255","1686","4","6/18/2014 12:00:00 AM","6/27/2014 12:00:00 AM","663.6735","53.0939","16.5918","733.3592","6/27/2014 12:00:00 AM"
"3360","5","4","256","1684","5","6/18/2014 12:00:00 AM","6/27/2014 12:00:00 AM","65240.1750","5219.2140","1631.0044","72090.3934","6/27/2014 12:00:00 AM"
"3361","4","4","259","1534","4","6/19/2014 12:00:00 AM","6/28/2014 12:00:00 AM","503.0865","40.2469","12.5772","555.9106","6/28/2014 12:00:00 AM"
"3362","4","4","260","1614","5","6/19/2014 12:00:00 AM","6/28/2014 12:00:00 AM","273.0735","21.8459","6.8268","301.7462","6/28/2014 12:00:00 AM"
"3363","4","4","258","1588","5","6/19/2014 12:00:00 AM","6/28/2014 12:00:00 AM","40471.2000","3237.6960","1011.7800","44720.6760","6/28/2014 12:00:00 AM"
"3364","4","4","254","1622","5","6/19/2014 12:00:00 AM","6/28/2014 12:00:00 AM","278.5230","22.2818","6.9631","307.7679","6/28/2014 12:00:00 AM"
"3365","4","4","252","1632","5","6/19/2014 12:00:00 AM","6/28/2014 12:00:00 AM","62092.8000","4967.4240","1552.3200","68612.5440","6/28/2014 12:00:00 AM"
"3366","4","4","261","1608","5","6/19/2014 12:00:00 AM","6/28/2014 12:00:00 AM","5948.2500","475.8600","148.7063","6572.8163","6/28/2014 12:00:00 AM"
"3367","4","4","251","1576","5","6/19/2014 12:00:00 AM","6/28/2014 12:00:00 AM","91117.9500","7289.4360","2277.9488","100685.3348","6/28/2014 12:00:00 AM"
"3368","4","4","253","1590","1","6/19/2014 12:00:00 AM","6/28/2014 12:00:00 AM","525.0000","42.0000","13.1250","580.1250","6/28/2014 12:00:00 AM"
"3369","4","4","255","1514","5","6/19/2014 12:00:00 AM","6/28/2014 12:00:00 AM","2003.6835","160.2947","50.0921","2214.0703","6/28/2014 12:00:00 AM"
"3370","4","4","256","1498","4","6/19/2014 12:00:00 AM","6/28/2014 12:00:00 AM","26455.2750","2116.4220","661.3819","29233.0789","6/28/2014 12:00:00 AM"
"3371","4","4","259","1674","2","6/19/2014 12:00:00 AM","6/28/2014 12:00:00 AM","944.3700","75.5496","23.6093","1043.5289","6/28/2014 12:00:00 AM"
"3372","4","4","260","1652","4","6/19/2014 12:00:00 AM","6/28/2014 12:00:00 AM","44594.5500","3567.5640","1114.8638","49276.9778","6/28/2014 12:00:00 AM"
"3373","4","4","258","1578","5","6/19/2014 12:00:00 AM","6/28/2014 12:00:00 AM","26720.9250","2137.6740","668.0231","29526.6221","6/28/2014 12:00:00 AM"
"3374","4","4","254","1538","5","6/19/2014 12:00:00 AM","6/28/2014 12:00:00 AM","37843.5750","3027.4860","946.0894","41817.1504","6/28/2014 12:00:00 AM"
"3375","4","4","257","1556","4","6/19/2014 12:00:00 AM","6/28/2014 12:00:00 AM","25531.2750","2042.5020","638.2819","28212.0589","6/28/2014 12:00:00 AM"
"3376","4","4","261","1554","4","6/19/2014 12:00:00 AM","6/28/2014 12:00:00 AM","482.5170","38.6014","12.0629","533.1813","6/28/2014 12:00:00 AM"
"3377","4","4","251","1688","4","6/20/2014 12:00:00 AM","6/29/2014 12:00:00 AM","125.7480","10.0598","3.1437","138.9515","6/29/2014 12:00:00 AM"
"3378","4","4","253","1580","5","6/20/2014 12:00:00 AM","6/29/2014 12:00:00 AM","150.7905","12.0632","3.7698","166.6235","6/29/2014 12:00:00 AM"
"3379","4","4","255","1496","4","6/20/2014 12:00:00 AM","6/29/2014 12:00:00 AM","235.9035","18.8723","5.8976","260.6734","6/29/2014 12:00:00 AM"
"3380","4","4","256","1494","2","6/20/2014 12:00:00 AM","6/29/2014 12:00:00 AM","8847.3000","707.7840","221.1825","9776.2665","6/29/2014 12:00:00 AM"
"3381","4","4","259","1650","5","6/20/2014 12:00:00 AM","6/29/2014 12:00:00 AM","171.0765","13.6861","4.2769","189.0395","6/29/2014 12:00:00 AM"
"3382","4","4","260","1654","4","6/20/2014 12:00:00 AM","6/29/2014 12:00:00 AM","20397.3000","1631.7840","509.9325","22539.0165","6/29/2014 12:00:00 AM"
"3383","4","4","258","1664","3","6/20/2014 12:00:00 AM","6/29/2014 12:00:00 AM","14628.0750","1170.2460","365.7019","16164.0229","6/29/2014 12:00:00 AM"
"3384","4","4","254","1678","3","6/20/2014 12:00:00 AM","6/29/2014 12:00:00 AM","33350.6250","2668.0500","833.7656","36852.4406","6/29/2014 12:00:00 AM"
"3385","4","4","257","1616","4","6/20/2014 12:00:00 AM","6/29/2014 12:00:00 AM","475.6815","38.0545","11.8920","525.6280","6/29/2014 12:00:00 AM"
"3386","4","4","261","1492","4","6/20/2014 12:00:00 AM","6/29/2014 12:00:00 AM","482.5170","38.6014","12.0629","533.1813","6/29/2014 12:00:00 AM"
"3387","4","4","251","1602","5","6/20/2014 12:00:00 AM","6/29/2014 12:00:00 AM","1796.0355","143.6828","44.9009","1984.6192","6/29/2014 12:00:00 AM"
"3388","4","4","253","1540","4","6/20/2014 12:00:00 AM","6/29/2014 12:00:00 AM","602.2485","48.1799","15.0562","665.4846","6/29/2014 12:00:00 AM"
"3389","4","4","252","1628","5","6/20/2014 12:00:00 AM","6/29/2014 12:00:00 AM","34644.2250","2771.5380","866.1056","38281.8686","6/29/2014 12:00:00 AM"
"3390","6","4","256","1604","4","6/20/2014 12:00:00 AM","6/29/2014 12:00:00 AM","1839.5055","147.1604","45.9876","2032.6535","6/29/2014 12:00:00 AM"
"3391","4","4","259","1690","5","6/20/2014 12:00:00 AM","6/29/2014 12:00:00 AM","146.2860","11.7029","3.6572","161.6461","6/29/2014 12:00:00 AM"
"3392","4","4","260","1566","5","6/20/2014 12:00:00 AM","6/29/2014 12:00:00 AM","102.5640","8.2051","2.5641","113.3332","6/29/2014 12:00:00 AM"
"3393","4","4","258","1698","5","6/21/2014 12:00:00 AM","6/30/2014 12:00:00 AM","150.7905","12.0632","3.7698","166.6235","6/30/2014 12:00:00 AM"
"3394","4","4","254","1560","5","6/21/2014 12:00:00 AM","6/30/2014 12:00:00 AM","13669.4250","1093.5540","341.7356","15104.7146","6/30/2014 12:00:00 AM"
"3395","4","4","257","1692","5","6/21/2014 12:00:00 AM","6/30/2014 12:00:00 AM","2934.5400","234.7632","73.3635","3242.6667","6/30/2014 12:00:00 AM"
"3396","4","4","261","1696","2","6/21/2014 12:00:00 AM","6/30/2014 12:00:00 AM","50860.4250","4068.8340","1271.5106","56200.7696","6/30/2014 12:00:00 AM"
"3397","4","4","251","1504","1","6/21/2014 12:00:00 AM","6/30/2014 12:00:00 AM","551.8800","44.1504","13.7970","609.8274","6/30/2014 12:00:00 AM"
"3398","4","4","253","1544","1","6/21/2014 12:00:00 AM","6/30/2014 12:00:00 AM","6987.7500","559.0200","174.6938","7721.4638","6/30/2014 12:00:00 AM"
"3399","4","4","255","1530","2","6/21/2014 12:00:00 AM","6/30/2014 12:00:00 AM","28072.2750","2245.7820","701.8069","31019.8639","6/30/2014 12:00:00 AM"
"3400","4","4","252","1508","1","6/21/2014 12:00:00 AM","6/30/2014 12:00:00 AM","37312.2750","2984.9820","932.8069","41230.0639","6/30/2014 12:00:00 AM"
"3401","4","4","259","1694","1","6/21/2014 12:00:00 AM","6/30/2014 12:00:00 AM","3407.2500","272.5800","85.1813","3765.0113","6/30/2014 12:00:00 AM"
"3402","4","4","260","1624","2","6/21/2014 12:00:00 AM","6/30/2014 12:00:00 AM","28297.5000","2263.8000","707.4375","31268.7375","6/30/2014 12:00:00 AM"
"3403","4","4","258","1548","2","6/21/2014 12:00:00 AM","6/30/2014 12:00:00 AM","59.9445","4.7956","1.4986","66.2387","6/30/2014 12:00:00 AM"
"3404","4","3","250","1598","4","6/21/2014 12:00:00 AM","6/30/2014 12:00:00 AM","240.7230","19.2578","6.0181","265.9989","6/30/2014 12:00:00 AM"
"3405","4","4","257","1658","5","6/21/2014 12:00:00 AM","6/30/2014 12:00:00 AM","43878.4500","3510.2760","1096.9613","48485.6873","6/30/2014 12:00:00 AM"
"3406","4","4","261","1536","5","6/21/2014 12:00:00 AM","6/30/2014 12:00:00 AM","544.7295","43.5784","13.6182","601.9261","6/30/2014 12:00:00 AM"
"3407","4","4","251","1568","1","6/21/2014 12:00:00 AM","6/30/2014 12:00:00 AM","18641.7000","1491.3360","466.0425","20599.0785","6/30/2014 12:00:00 AM"
"3408","5","4","253","1648","5","6/21/2014 12:00:00 AM","6/30/2014 12:00:00 AM","142.4115","11.3929","3.5603","157.3647","6/30/2014 12:00:00 AM"
"3409","4","4","255","1646","2","6/22/2014 12:00:00 AM","7/1/2014 12:00:00 AM","48030.6750","3842.4540","1200.7669","53073.8959","7/1/2014 12:00:00 AM"
"3410","4","4","256","1672","4","6/22/2014 12:00:00 AM","7/1/2014 12:00:00 AM","421.1550","33.6924","10.5289","465.3763","7/1/2014 12:00:00 AM"
"3411","4","4","259","1600","1","6/22/2014 12:00:00 AM","7/1/2014 12:00:00 AM","1276.2750","102.1020","31.9069","1410.2839","7/1/2014 12:00:00 AM"
"3412","4","4","260","1522","1","6/22/2014 12:00:00 AM","7/1/2014 12:00:00 AM","2003.9250","160.3140","50.0981","2214.3371","7/1/2014 12:00:00 AM"
"3413","4","4","258","1570","4","6/23/2014 12:00:00 AM","7/2/2014 12:00:00 AM","22516.7250","1801.3380","562.9181","24880.9811","7/2/2014 12:00:00 AM"
"3414","4","4","254","1516","1","6/23/2014 12:00:00 AM","7/2/2014 12:00:00 AM","454.8600","36.3888","11.3715","502.6203","7/2/2014 12:00:00 AM"
"3415","4","4","257","1506","5","6/23/2014 12:00:00 AM","7/2/2014 12:00:00 AM","43878.4500","3510.2760","1096.9613","48485.6873","7/2/2014 12:00:00 AM"
"3416","4","4","261","1626","2","6/23/2014 12:00:00 AM","7/2/2014 12:00:00 AM","7132.1250","570.5700","178.3031","7880.9981","7/2/2014 12:00:00 AM"
"3417","4","4","251","1542","2","6/23/2014 12:00:00 AM","7/2/2014 12:00:00 AM","28343.7000","2267.4960","708.5925","31319.7885","7/2/2014 12:00:00 AM"
"3418","4","4","253","1610","4","6/23/2014 12:00:00 AM","7/2/2014 12:00:00 AM","22516.7250","1801.3380","562.9181","24880.9811","7/2/2014 12:00:00 AM"
"3419","4","4","255","1638","5","6/23/2014 12:00:00 AM","7/2/2014 12:00:00 AM","34644.2250","2771.5380","866.1056","38281.8686","7/2/2014 12:00:00 AM"
"3420","4","4","256","1582","4","6/23/2014 12:00:00 AM","7/2/2014 12:00:00 AM","247.5585","19.8047","6.1890","273.5522","7/2/2014 12:00:00 AM"
"3421","4","4","259","1510","5","6/23/2014 12:00:00 AM","7/2/2014 12:00:00 AM","143.0415","11.4433","3.5760","158.0608","7/2/2014 12:00:00 AM"
"3422","4","4","250","1526","2","6/23/2014 12:00:00 AM","7/2/2014 12:00:00 AM","28199.3250","2255.9460","704.9831","31160.2541","7/2/2014 12:00:00 AM"
"3423","4","4","258","1644","1","6/23/2014 12:00:00 AM","7/2/2014 12:00:00 AM","3713.3250","297.0660","92.8331","4103.2241","7/2/2014 12:00:00 AM"
"3424","4","4","254","1680","5","6/23/2014 12:00:00 AM","7/2/2014 12:00:00 AM","43878.4500","3510.2760","1096.9613","48485.6873","7/2/2014 12:00:00 AM"
"3425","4","4","257","1584","5","6/23/2014 12:00:00 AM","7/2/2014 12:00:00 AM","2979.2700","238.3416","74.4818","3292.0934","7/2/2014 12:00:00 AM"
"3426","4","4","261","1620","5","6/23/2014 12:00:00 AM","7/2/2014 12:00:00 AM","5711.4750","456.9180","142.7869","6311.1799","7/2/2014 12:00:00 AM"
"3427","4","4","251","1666","5","6/23/2014 12:00:00 AM","7/2/2014 12:00:00 AM","776.7900","62.1432","19.4198","858.3530","7/2/2014 12:00:00 AM"
"3428","4","4","253","1592","2","6/23/2014 12:00:00 AM","7/2/2014 12:00:00 AM","97.9650","7.8372","2.4491","108.2513","7/2/2014 12:00:00 AM"
"3429","4","4","255","1618","4","6/24/2014 12:00:00 AM","7/3/2014 12:00:00 AM","114.4710","9.1577","2.8618","126.4905","7/3/2014 12:00:00 AM"
"3430","4","4","256","1612","4","6/24/2014 12:00:00 AM","7/3/2014 12:00:00 AM","132.6465","10.6117","3.3162","146.5744","7/3/2014 12:00:00 AM"
"3431","4","4","259","1586","5","6/24/2014 12:00:00 AM","7/3/2014 12:00:00 AM","43878.4500","3510.2760","1096.9613","48485.6873","7/3/2014 12:00:00 AM"
"3432","4","4","260","1500","1","6/24/2014 12:00:00 AM","7/3/2014 12:00:00 AM","418.9500","33.5160","10.4738","462.9398","7/3/2014 12:00:00 AM"
"3433","4","4","250","1656","4","6/24/2014 12:00:00 AM","7/3/2014 12:00:00 AM","389.6550","31.1724","9.7414","430.5688","7/3/2014 12:00:00 AM"
"3434","4","4","254","1572","1","6/24/2014 12:00:00 AM","7/3/2014 12:00:00 AM","461.7900","36.9432","11.5448","510.2780","7/3/2014 12:00:00 AM"
"3435","4","4","257","1562","4","6/24/2014 12:00:00 AM","7/3/2014 12:00:00 AM","1656.8370","132.5470","41.4209","1830.8049","7/3/2014 12:00:00 AM"
"3436","4","4","261","1662","2","6/24/2014 12:00:00 AM","7/3/2014 12:00:00 AM","37.0755","2.9660","0.9269","40.9684","7/3/2014 12:00:00 AM"
"3437","4","4","251","1682","4","6/24/2014 12:00:00 AM","7/3/2014 12:00:00 AM","21558.0750","1724.6460","538.9519","23821.6729","7/3/2014 12:00:00 AM"
"3438","4","4","253","1686","4","6/24/2014 12:00:00 AM","7/3/2014 12:00:00 AM","624.2985","49.9439","15.6075","689.8499","7/3/2014 12:00:00 AM"
"3439","4","4","255","1684","4","6/24/2014 12:00:00 AM","7/3/2014 12:00:00 AM","20980.5750","1678.4460","524.5144","23183.5354","7/3/2014 12:00:00 AM"
"3440","4","4","256","1534","4","6/24/2014 12:00:00 AM","7/3/2014 12:00:00 AM","360.0450","28.8036","9.0011","397.8497","7/3/2014 12:00:00 AM"
"3441","4","4","259","1614","4","6/24/2014 12:00:00 AM","7/3/2014 12:00:00 AM","260.4735","20.8379","6.5118","287.8232","7/3/2014 12:00:00 AM"
"3442","4","4","260","1588","5","6/24/2014 12:00:00 AM","7/3/2014 12:00:00 AM","40471.2000","3237.6960","1011.7800","44720.6760","7/3/2014 12:00:00 AM"
"3443","4","4","258","1622","5","6/24/2014 12:00:00 AM","7/3/2014 12:00:00 AM","414.8550","33.1884","10.3714","458.4148","7/3/2014 12:00:00 AM"
"3444","4","4","254","1632","5","6/24/2014 12:00:00 AM","7/3/2014 12:00:00 AM","38421.0750","3073.6860","960.5269","42455.2879","7/3/2014 12:00:00 AM"
"3445","4","4","257","1608","5","6/25/2014 12:00:00 AM","7/4/2014 12:00:00 AM","5948.2500","475.8600","148.7063","6572.8163","7/4/2014 12:00:00 AM"
"3446","4","4","261","1576","5","6/25/2014 12:00:00 AM","7/4/2014 12:00:00 AM","91117.9500","7289.4360","2277.9488","100685.3348","7/4/2014 12:00:00 AM"
"3447","4","4","251","1590","1","6/25/2014 12:00:00 AM","7/4/2014 12:00:00 AM","525.0000","42.0000","13.1250","580.1250","7/4/2014 12:00:00 AM"
"3448","4","4","253","1514","5","6/25/2014 12:00:00 AM","7/4/2014 12:00:00 AM","2003.6835","160.2947","50.0921","2214.0703","7/4/2014 12:00:00 AM"
"3449","4","4","255","1498","4","6/25/2014 12:00:00 AM","7/4/2014 12:00:00 AM","26455.2750","2116.4220","661.3819","29233.0789","7/4/2014 12:00:00 AM"
"3450","4","4","256","1674","2","6/25/2014 12:00:00 AM","7/4/2014 12:00:00 AM","944.3700","75.5496","23.6093","1043.5289","7/4/2014 12:00:00 AM"
"3451","4","4","252","1652","1","6/25/2014 12:00:00 AM","7/4/2014 12:00:00 AM","6993.5250","559.4820","174.8381","7727.8451","7/4/2014 12:00:00 AM"
"3452","5","4","260","1578","3","6/25/2014 12:00:00 AM","7/4/2014 12:00:00 AM","36122.6250","2889.8100","903.0656","39915.5006","7/4/2014 12:00:00 AM"
"3453","4","4","258","1538","5","6/25/2014 12:00:00 AM","7/4/2014 12:00:00 AM","37843.5750","3027.4860","946.0894","41817.1504","7/4/2014 12:00:00 AM"
"3454","4","4","254","1556","4","6/25/2014 12:00:00 AM","7/4/2014 12:00:00 AM","25531.2750","2042.5020","638.2819","28212.0589","7/4/2014 12:00:00 AM"
"3455","5","4","257","1554","4","6/25/2014 12:00:00 AM","7/4/2014 12:00:00 AM","111.0690","8.8855","2.7767","122.7312","7/4/2014 12:00:00 AM"
"3456","4","4","261","1688","4","6/25/2014 12:00:00 AM","7/4/2014 12:00:00 AM","125.7480","10.0598","3.1437","138.9515","7/4/2014 12:00:00 AM"
"3457","4","4","250","1580","5","6/25/2014 12:00:00 AM","7/4/2014 12:00:00 AM","150.7905","12.0632","3.7698","166.6235","7/4/2014 12:00:00 AM"
"3458","4","4","253","1496","5","6/25/2014 12:00:00 AM","7/4/2014 12:00:00 AM","696.5280","55.7222","17.4132","769.6634","7/4/2014 12:00:00 AM"
"3459","4","4","255","1494","2","6/25/2014 12:00:00 AM","7/4/2014 12:00:00 AM","8847.3000","707.7840","221.1825","9776.2665","7/4/2014 12:00:00 AM"
"3460","4","4","256","1650","5","6/25/2014 12:00:00 AM","7/4/2014 12:00:00 AM","171.0765","13.6861","4.2769","189.0395","7/4/2014 12:00:00 AM"
"3461","4","4","259","1654","4","6/26/2014 12:00:00 AM","7/5/2014 12:00:00 AM","20397.3000","1631.7840","509.9325","22539.0165","7/5/2014 12:00:00 AM"
"3462","4","4","260","1664","3","6/26/2014 12:00:00 AM","7/5/2014 12:00:00 AM","14628.0750","1170.2460","365.7019","16164.0229","7/5/2014 12:00:00 AM"
"3463","4","4","258","1678","4","6/26/2014 12:00:00 AM","7/5/2014 12:00:00 AM","25334.9250","2026.7940","633.3731","27995.0921","7/5/2014 12:00:00 AM"
"3464","4","4","254","1616","5","6/26/2014 12:00:00 AM","7/5/2014 12:00:00 AM","278.5230","22.2818","6.9631","307.7679","7/5/2014 12:00:00 AM"
"3465","4","4","252","1492","4","6/26/2014 12:00:00 AM","7/5/2014 12:00:00 AM","111.0690","8.8855","2.7767","122.7312","7/5/2014 12:00:00 AM"
"3466","4","4","261","1602","5","6/26/2014 12:00:00 AM","7/5/2014 12:00:00 AM","1796.0355","143.6828","44.9009","1984.6192","7/5/2014 12:00:00 AM"
"3467","4","4","251","1540","4","6/26/2014 12:00:00 AM","7/5/2014 12:00:00 AM","748.7550","59.9004","18.7189","827.3743","7/5/2014 12:00:00 AM"
"3468","4","4","253","1628","5","6/26/2014 12:00:00 AM","7/5/2014 12:00:00 AM","34644.2250","2771.5380","866.1056","38281.8686","7/5/2014 12:00:00 AM"
"3469","4","4","255","1604","4","6/26/2014 12:00:00 AM","7/5/2014 12:00:00 AM","1839.5055","147.1604","45.9876","2032.6535","7/5/2014 12:00:00 AM"
"3470","4","4","256","1690","5","6/26/2014 12:00:00 AM","7/5/2014 12:00:00 AM","146.2860","11.7029","3.6572","161.6461","7/5/2014 12:00:00 AM"
"3471","4","4","259","1566","5","6/26/2014 12:00:00 AM","7/5/2014 12:00:00 AM","102.5640","8.2051","2.5641","113.3332","7/5/2014 12:00:00 AM"
"3472","4","4","260","1698","5","6/26/2014 12:00:00 AM","7/5/2014 12:00:00 AM","150.7905","12.0632","3.7698","166.6235","7/5/2014 12:00:00 AM"
"3473","4","4","258","1560","5","6/26/2014 12:00:00 AM","7/5/2014 12:00:00 AM","13669.4250","1093.5540","341.7356","15104.7146","7/5/2014 12:00:00 AM"
"3474","4","4","254","1692","5","6/26/2014 12:00:00 AM","7/5/2014 12:00:00 AM","6444.9000","515.5920","161.1225","7121.6145","7/5/2014 12:00:00 AM"
"3475","4","4","257","1696","2","6/26/2014 12:00:00 AM","7/5/2014 12:00:00 AM","152581.2750","12206.5020","3814.5319","168602.3089","7/5/2014 12:00:00 AM"
"3476","4","4","261","1504","1","6/26/2014 12:00:00 AM","7/5/2014 12:00:00 AM","551.8800","44.1504","13.7970","609.8274","7/5/2014 12:00:00 AM"
"3477","4","4","251","1544","1","6/27/2014 12:00:00 AM","7/6/2014 12:00:00 AM","6987.7500","559.0200","174.6938","7721.4638","7/6/2014 12:00:00 AM"
"3478","4","4","253","1530","2","6/27/2014 12:00:00 AM","7/6/2014 12:00:00 AM","28072.2750","2245.7820","701.8069","31019.8639","7/6/2014 12:00:00 AM"
"3479","4","4","255","1508","1","6/27/2014 12:00:00 AM","7/6/2014 12:00:00 AM","37312.2750","2984.9820","932.8069","41230.0639","7/6/2014 12:00:00 AM"
"3480","4","4","256","1694","1","6/27/2014 12:00:00 AM","7/6/2014 12:00:00 AM","7623.0000","609.8400","190.5750","8423.4150","7/6/2014 12:00:00 AM"
"3481","4","4","259","1624","2","6/27/2014 12:00:00 AM","7/6/2014 12:00:00 AM","28297.5000","2263.8000","707.4375","31268.7375","7/6/2014 12:00:00 AM"
"3482","4","4","260","1548","2","6/27/2014 12:00:00 AM","7/6/2014 12:00:00 AM","59.9445","4.7956","1.4986","66.2387","7/6/2014 12:00:00 AM"
"3483","4","4","258","1598","4","6/27/2014 12:00:00 AM","7/6/2014 12:00:00 AM","358.1550","28.6524","8.9539","395.7613","7/6/2014 12:00:00 AM"
"3484","4","4","254","1658","5","6/27/2014 12:00:00 AM","7/6/2014 12:00:00 AM","43878.4500","3510.2760","1096.9613","48485.6873","7/6/2014 12:00:00 AM"
"3485","4","4","257","1536","4","6/27/2014 12:00:00 AM","7/6/2014 12:00:00 AM","1637.9370","131.0350","40.9484","1809.9204","7/6/2014 12:00:00 AM"
"3486","4","4","261","1568","2","6/27/2014 12:00:00 AM","7/6/2014 12:00:00 AM","29989.5750","2399.1660","749.7394","33138.4804","7/6/2014 12:00:00 AM"
"3487","4","4","251","1648","5","6/27/2014 12:00:00 AM","7/6/2014 12:00:00 AM","142.4115","11.3929","3.5603","157.3647","7/6/2014 12:00:00 AM"
"3488","4","4","253","1646","2","6/27/2014 12:00:00 AM","7/6/2014 12:00:00 AM","48030.6750","3842.4540","1200.7669","53073.8959","7/6/2014 12:00:00 AM"
"3489","4","4","252","1672","4","6/27/2014 12:00:00 AM","7/6/2014 12:00:00 AM","12127.7415","970.2193","303.1935","13401.1543","7/6/2014 12:00:00 AM"
"3490","4","4","256","1600","1","6/27/2014 12:00:00 AM","7/6/2014 12:00:00 AM","1276.2750","102.1020","31.9069","1410.2839","7/6/2014 12:00:00 AM"
"3491","4","4","259","1522","1","6/27/2014 12:00:00 AM","7/6/2014 12:00:00 AM","2003.9250","160.3140","50.0981","2214.3371","7/6/2014 12:00:00 AM"
"3492","4","4","260","1570","2","6/27/2014 12:00:00 AM","7/6/2014 12:00:00 AM","28343.7000","2267.4960","708.5925","31319.7885","7/6/2014 12:00:00 AM"
"3493","4","4","258","1516","1","6/28/2014 12:00:00 AM","7/7/2014 12:00:00 AM","454.8600","36.3888","11.3715","502.6203","7/7/2014 12:00:00 AM"
"3494","4","4","254","1506","5","6/28/2014 12:00:00 AM","7/7/2014 12:00:00 AM","43878.4500","3510.2760","1096.9613","48485.6873","7/7/2014 12:00:00 AM"
"3495","4","4","257","1626","2","6/28/2014 12:00:00 AM","7/7/2014 12:00:00 AM","7132.1250","570.5700","178.3031","7880.9981","7/7/2014 12:00:00 AM"
"3496","4","4","261","1542","2","6/28/2014 12:00:00 AM","7/7/2014 12:00:00 AM","28343.7000","2267.4960","708.5925","31319.7885","7/7/2014 12:00:00 AM"
"3497","4","4","251","1610","4","6/28/2014 12:00:00 AM","7/7/2014 12:00:00 AM","22516.7250","1801.3380","562.9181","24880.9811","7/7/2014 12:00:00 AM"
"3498","4","4","253","1638","5","6/28/2014 12:00:00 AM","7/7/2014 12:00:00 AM","34644.2250","2771.5380","866.1056","38281.8686","7/7/2014 12:00:00 AM"
"3499","4","4","255","1582","5","6/28/2014 12:00:00 AM","7/7/2014 12:00:00 AM","694.1655","55.5332","17.3541","767.0528","7/7/2014 12:00:00 AM"
"3500","4","4","252","1510","5","6/28/2014 12:00:00 AM","7/7/2014 12:00:00 AM","143.0415","11.4433","3.5760","158.0608","7/7/2014 12:00:00 AM"
"3501","4","4","259","1526","2","6/28/2014 12:00:00 AM","7/7/2014 12:00:00 AM","28199.3250","2255.9460","704.9831","31160.2541","7/7/2014 12:00:00 AM"
"3502","4","4","260","1644","1","6/28/2014 12:00:00 AM","7/7/2014 12:00:00 AM","3713.3250","297.0660","92.8331","4103.2241","7/7/2014 12:00:00 AM"
"3503","4","4","258","1680","4","6/28/2014 12:00:00 AM","7/7/2014 12:00:00 AM","19952.6250","1596.2100","498.8156","22047.6506","7/7/2014 12:00:00 AM"
"3504","5","3","250","1584","5","6/28/2014 12:00:00 AM","7/7/2014 12:00:00 AM","6540.6600","523.2528","163.5165","7227.4293","7/7/2014 12:00:00 AM"
"3505","4","4","257","1620","5","6/30/2014 12:00:00 AM","7/9/2014 12:00:00 AM","5711.4750","456.9180","142.7869","6311.1799","7/9/2014 12:00:00 AM"
"3506","4","4","261","1666","4","6/30/2014 12:00:00 AM","7/9/2014 12:00:00 AM","484.4070","38.7526","12.1102","535.2698","7/9/2014 12:00:00 AM"
"3507","4","4","251","1592","2","6/30/2014 12:00:00 AM","7/9/2014 12:00:00 AM","97.9650","7.8372","2.4491","108.2513","7/9/2014 12:00:00 AM"
"3508","4","4","253","1618","4","6/30/2014 12:00:00 AM","7/9/2014 12:00:00 AM","114.4710","9.1577","2.8618","126.4905","7/9/2014 12:00:00 AM"
"3509","4","4","255","1612","4","6/30/2014 12:00:00 AM","7/9/2014 12:00:00 AM","132.6465","10.6117","3.3162","146.5744","7/9/2014 12:00:00 AM"
"3510","4","4","256","1586","5","6/30/2014 12:00:00 AM","7/9/2014 12:00:00 AM","43878.4500","3510.2760","1096.9613","48485.6873","7/9/2014 12:00:00 AM"
"3511","4","4","259","1500","1","6/30/2014 12:00:00 AM","7/9/2014 12:00:00 AM","418.9500","33.5160","10.4738","462.9398","7/9/2014 12:00:00 AM"
"3512","4","4","260","1656","4","6/30/2014 12:00:00 AM","7/9/2014 12:00:00 AM","240.7230","19.2578","6.0181","265.9989","7/9/2014 12:00:00 AM"
"3513","4","4","258","1572","1","6/30/2014 12:00:00 AM","7/9/2014 12:00:00 AM","461.7900","36.9432","11.5448","510.2780","7/9/2014 12:00:00 AM"
"3514","5","4","254","1562","4","6/30/2014 12:00:00 AM","7/9/2014 12:00:00 AM","253.3230","20.2658","6.3331","279.9219","7/9/2014 12:00:00 AM"
"3515","4","4","257","1662","2","6/30/2014 12:00:00 AM","7/9/2014 12:00:00 AM","37.0755","2.9660","0.9269","40.9684","7/9/2014 12:00:00 AM"
"3516","4","4","261","1682","4","6/30/2014 12:00:00 AM","7/9/2014 12:00:00 AM","21558.0750","1724.6460","538.9519","23821.6729","7/9/2014 12:00:00 AM"
"3517","4","4","251","1686","4","6/30/2014 12:00:00 AM","7/9/2014 12:00:00 AM","710.3250","56.8260","17.7581","784.9091","7/9/2014 12:00:00 AM"
"3518","4","4","253","1684","5","6/30/2014 12:00:00 AM","7/9/2014 12:00:00 AM","86220.7500","6897.6600","2155.5188","95273.9288","7/9/2014 12:00:00 AM"
"3519","4","4","255","1534","4","6/30/2014 12:00:00 AM","7/9/2014 12:00:00 AM","235.9035","18.8723","5.8976","260.6734","7/9/2014 12:00:00 AM"
"3520","4","4","256","1614","5","6/30/2014 12:00:00 AM","7/9/2014 12:00:00 AM","428.4000","34.2720","10.7100","473.3820","7/9/2014 12:00:00 AM"
"3521","4","4","259","1588","5","7/1/2014 12:00:00 AM","7/10/2014 12:00:00 AM","40471.2000","3237.6960","1011.7800","44720.6760","7/10/2014 12:00:00 AM"
"3522","4","4","250","1622","5","7/1/2014 12:00:00 AM","7/10/2014 12:00:00 AM","272.4435","21.7955","6.8111","301.0501","7/10/2014 12:00:00 AM"
"3523","4","4","258","1632","4","7/1/2014 12:00:00 AM","7/10/2014 12:00:00 AM","23671.7250","1893.7380","591.7931","26157.2561","7/10/2014 12:00:00 AM"
"3524","4","4","254","1608","5","7/1/2014 12:00:00 AM","7/10/2014 12:00:00 AM","5948.2500","475.8600","148.7063","6572.8163","7/10/2014 12:00:00 AM"
"3525","4","4","257","1576","5","7/1/2014 12:00:00 AM","7/10/2014 12:00:00 AM","91117.9500","7289.4360","2277.9488","100685.3348","7/10/2014 12:00:00 AM"
"3526","4","4","261","1590","1","7/1/2014 12:00:00 AM","7/10/2014 12:00:00 AM","525.0000","42.0000","13.1250","580.1250","7/10/2014 12:00:00 AM"
"3527","4","4","251","1514","5","7/1/2014 12:00:00 AM","7/10/2014 12:00:00 AM","2003.6835","160.2947","50.0921","2214.0703","7/10/2014 12:00:00 AM"
"3528","4","4","253","1498","4","7/1/2014 12:00:00 AM","7/10/2014 12:00:00 AM","26455.2750","2116.4220","661.3819","29233.0789","7/10/2014 12:00:00 AM"
"3529","4","4","255","1674","2","7/1/2014 12:00:00 AM","7/10/2014 12:00:00 AM","944.3700","75.5496","23.6093","1043.5289","7/10/2014 12:00:00 AM"
"3530","4","4","256","1652","4","7/1/2014 12:00:00 AM","7/10/2014 12:00:00 AM","48186.6000","3854.9280","1204.6650","53246.1930","7/10/2014 12:00:00 AM"
"3531","4","4","259","1578","5","7/1/2014 12:00:00 AM","7/10/2014 12:00:00 AM","26720.9250","2137.6740","668.0231","29526.6221","7/10/2014 12:00:00 AM"
"3532","4","4","260","1538","5","7/1/2014 12:00:00 AM","7/10/2014 12:00:00 AM","37843.5750","3027.4860","946.0894","41817.1504","7/10/2014 12:00:00 AM"
"3533","4","4","250","1556","4","7/1/2014 12:00:00 AM","7/10/2014 12:00:00 AM","25531.2750","2042.5020","638.2819","28212.0589","7/10/2014 12:00:00 AM"
"3534","4","4","254","1554","5","7/1/2014 12:00:00 AM","7/10/2014 12:00:00 AM","278.8380","22.3070","6.9710","308.1160","7/10/2014 12:00:00 AM"
"3535","4","4","257","1688","4","7/1/2014 12:00:00 AM","7/10/2014 12:00:00 AM","125.7480","10.0598","3.1437","138.9515","7/10/2014 12:00:00 AM"
"3536","4","4","261","1580","5","7/1/2014 12:00:00 AM","7/10/2014 12:00:00 AM","150.7905","12.0632","3.7698","166.6235","7/10/2014 12:00:00 AM"
"3537","4","4","251","1496","5","7/2/2014 12:00:00 AM","7/11/2014 12:00:00 AM","776.7900","62.1432","19.4198","858.3530","7/11/2014 12:00:00 AM"
"3538","4","4","253","1494","2","7/2/2014 12:00:00 AM","7/11/2014 12:00:00 AM","8847.3000","707.7840","221.1825","9776.2665","7/11/2014 12:00:00 AM"
"3539","4","4","255","1650","5","7/2/2014 12:00:00 AM","7/11/2014 12:00:00 AM","171.0765","13.6861","4.2769","189.0395","7/11/2014 12:00:00 AM"
"3540","4","4","256","1654","4","7/2/2014 12:00:00 AM","7/11/2014 12:00:00 AM","20397.3000","1631.7840","509.9325","22539.0165","7/11/2014 12:00:00 AM"
"3541","4","4","259","1664","3","7/2/2014 12:00:00 AM","7/11/2014 12:00:00 AM","14628.0750","1170.2460","365.7019","16164.0229","7/11/2014 12:00:00 AM"
"3542","4","4","260","1678","3","7/2/2014 12:00:00 AM","7/11/2014 12:00:00 AM","33350.6250","2668.0500","833.7656","36852.4406","7/11/2014 12:00:00 AM"
"3543","6","4","258","1616","5","7/2/2014 12:00:00 AM","7/11/2014 12:00:00 AM","414.8550","33.1884","10.3714","458.4148","7/11/2014 12:00:00 AM"
"3544","4","4","254","1492","5","7/2/2014 12:00:00 AM","7/11/2014 12:00:00 AM","278.8380","22.3070","6.9710","308.1160","7/11/2014 12:00:00 AM"
"3545","4","4","257","1602","5","7/2/2014 12:00:00 AM","7/11/2014 12:00:00 AM","1796.0355","143.6828","44.9009","1984.6192","7/11/2014 12:00:00 AM"
"3546","7","4","261","1540","4","7/2/2014 12:00:00 AM","7/11/2014 12:00:00 AM","489.0690","39.1255","12.2267","540.4212","7/11/2014 12:00:00 AM"
"3547","4","4","251","1628","5","7/2/2014 12:00:00 AM","7/11/2014 12:00:00 AM","34644.2250","2771.5380","866.1056","38281.8686","7/11/2014 12:00:00 AM"
"3548","4","4","253","1604","4","7/2/2014 12:00:00 AM","7/11/2014 12:00:00 AM","1839.5055","147.1604","45.9876","2032.6535","7/11/2014 12:00:00 AM"
"3549","4","4","255","1690","5","7/2/2014 12:00:00 AM","7/11/2014 12:00:00 AM","146.2860","11.7029","3.6572","161.6461","7/11/2014 12:00:00 AM"
"3550","4","4","256","1566","5","7/2/2014 12:00:00 AM","7/11/2014 12:00:00 AM","102.5640","8.2051","2.5641","113.3332","7/11/2014 12:00:00 AM"
"3551","4","4","252","1698","5","7/2/2014 12:00:00 AM","7/11/2014 12:00:00 AM","150.7905","12.0632","3.7698","166.6235","7/11/2014 12:00:00 AM"
"3552","4","4","260","1560","5","7/2/2014 12:00:00 AM","7/11/2014 12:00:00 AM","13669.4250","1093.5540","341.7356","15104.7146","7/11/2014 12:00:00 AM"
"3553","4","4","258","1692","5","7/3/2014 12:00:00 AM","7/12/2014 12:00:00 AM","9948.3300","795.8664","248.7083","10992.9047","7/12/2014 12:00:00 AM"
"3554","4","4","254","1696","2","7/3/2014 12:00:00 AM","7/12/2014 12:00:00 AM","28343.7000","2267.4960","708.5925","31319.7885","7/12/2014 12:00:00 AM"
"3555","4","4","257","1504","1","7/3/2014 12:00:00 AM","7/12/2014 12:00:00 AM","551.8800","44.1504","13.7970","609.8274","7/12/2014 12:00:00 AM"
"3556","4","4","261","1544","1","7/3/2014 12:00:00 AM","7/12/2014 12:00:00 AM","6987.7500","559.0200","174.6938","7721.4638","7/12/2014 12:00:00 AM"
"3557","4","4","250","1530","2","7/3/2014 12:00:00 AM","7/12/2014 12:00:00 AM","28072.2750","2245.7820","701.8069","31019.8639","7/12/2014 12:00:00 AM"
"3558","4","4","253","1508","1","7/3/2014 12:00:00 AM","7/12/2014 12:00:00 AM","37312.2750","2984.9820","932.8069","41230.0639","7/12/2014 12:00:00 AM"
"3559","4","4","255","1694","1","7/3/2014 12:00:00 AM","7/12/2014 12:00:00 AM","7623.0000","609.8400","190.5750","8423.4150","7/12/2014 12:00:00 AM"
"3560","4","4","256","1624","2","7/3/2014 12:00:00 AM","7/12/2014 12:00:00 AM","28297.5000","2263.8000","707.4375","31268.7375","7/12/2014 12:00:00 AM"
"3561","4","4","259","1548","2","7/3/2014 12:00:00 AM","7/12/2014 12:00:00 AM","59.9445","4.7956","1.4986","66.2387","7/12/2014 12:00:00 AM"
"3562","4","4","260","1598","4","7/3/2014 12:00:00 AM","7/12/2014 12:00:00 AM","234.6435","18.7715","5.8661","259.2811","7/12/2014 12:00:00 AM"
"3563","4","4","258","1658","5","7/3/2014 12:00:00 AM","7/12/2014 12:00:00 AM","43878.4500","3510.2760","1096.9613","48485.6873","7/12/2014 12:00:00 AM"
"3564","4","4","254","1536","4","7/3/2014 12:00:00 AM","7/12/2014 12:00:00 AM","247.2435","19.7795","6.1811","273.2041","7/12/2014 12:00:00 AM"
"3565","4","4","252","1568","2","7/3/2014 12:00:00 AM","7/12/2014 12:00:00 AM","49376.2500","3950.1000","1234.4063","54560.7563","7/12/2014 12:00:00 AM"
"3566","4","4","261","1648","5","7/3/2014 12:00:00 AM","7/12/2014 12:00:00 AM","142.4115","11.3929","3.5603","157.3647","7/12/2014 12:00:00 AM"
"3567","4","4","251","1646","2","7/3/2014 12:00:00 AM","7/12/2014 12:00:00 AM","48030.6750","3842.4540","1200.7669","53073.8959","7/12/2014 12:00:00 AM"
"3568","4","4","253","1672","5","7/3/2014 12:00:00 AM","7/12/2014 12:00:00 AM","39258.4500","3140.6760","981.4613","43380.5873","7/12/2014 12:00:00 AM"
"3569","4","4","255","1600","1","7/4/2014 12:00:00 AM","7/13/2014 12:00:00 AM","1276.2750","102.1020","31.9069","1410.2839","7/13/2014 12:00:00 AM"
"3570","4","4","256","1522","1","7/4/2014 12:00:00 AM","7/13/2014 12:00:00 AM","2003.9250","160.3140","50.0981","2214.3371","7/13/2014 12:00:00 AM"
"3571","4","4","259","1570","4","7/4/2014 12:00:00 AM","7/13/2014 12:00:00 AM","22516.7250","1801.3380","562.9181","24880.9811","7/13/2014 12:00:00 AM"
"3572","4","4","260","1516","1","7/4/2014 12:00:00 AM","7/13/2014 12:00:00 AM","454.8600","36.3888","11.3715","502.6203","7/13/2014 12:00:00 AM"
"3573","4","4","258","1506","5","7/4/2014 12:00:00 AM","7/13/2014 12:00:00 AM","43878.4500","3510.2760","1096.9613","48485.6873","7/13/2014 12:00:00 AM"
"3574","4","4","254","1626","2","7/4/2014 12:00:00 AM","7/13/2014 12:00:00 AM","7132.1250","570.5700","178.3031","7880.9981","7/13/2014 12:00:00 AM"
"3575","5","4","257","1542","2","7/4/2014 12:00:00 AM","7/13/2014 12:00:00 AM","28343.7000","2267.4960","708.5925","31319.7885","7/13/2014 12:00:00 AM"
"3576","4","4","261","1610","4","7/4/2014 12:00:00 AM","7/13/2014 12:00:00 AM","22516.7250","1801.3380","562.9181","24880.9811","7/13/2014 12:00:00 AM"
"3577","4","4","251","1638","5","7/4/2014 12:00:00 AM","7/13/2014 12:00:00 AM","34644.2250","2771.5380","866.1056","38281.8686","7/13/2014 12:00:00 AM"
"3578","4","4","253","1582","5","7/4/2014 12:00:00 AM","7/13/2014 12:00:00 AM","656.5860","52.5269","16.4147","725.5276","7/13/2014 12:00:00 AM"
"3579","4","4","255","1510","5","7/4/2014 12:00:00 AM","7/13/2014 12:00:00 AM","143.0415","11.4433","3.5760","158.0608","7/13/2014 12:00:00 AM"
"3580","5","4","256","1526","2","7/4/2014 12:00:00 AM","7/13/2014 12:00:00 AM","28199.3250","2255.9460","704.9831","31160.2541","7/13/2014 12:00:00 AM"
"3581","4","4","259","1644","1","7/4/2014 12:00:00 AM","7/13/2014 12:00:00 AM","3713.3250","297.0660","92.8331","4103.2241","7/13/2014 12:00:00 AM"
"3582","4","4","260","1680","5","7/4/2014 12:00:00 AM","7/13/2014 12:00:00 AM","43878.4500","3510.2760","1096.9613","48485.6873","7/13/2014 12:00:00 AM"
"3583","4","4","258","1584","5","7/4/2014 12:00:00 AM","7/13/2014 12:00:00 AM","9799.6500","783.9720","244.9913","10828.6133","7/13/2014 12:00:00 AM"
"3584","4","4","254","1620","5","7/4/2014 12:00:00 AM","7/13/2014 12:00:00 AM","5711.4750","456.9180","142.7869","6311.1799","7/13/2014 12:00:00 AM"
"3585","4","4","257","1666","4","7/7/2014 12:00:00 AM","7/16/2014 12:00:00 AM","111.5415","8.9233","2.7885","123.2533","7/16/2014 12:00:00 AM"
"3586","4","4","261","1592","2","7/7/2014 12:00:00 AM","7/16/2014 12:00:00 AM","97.9650","7.8372","2.4491","108.2513","7/16/2014 12:00:00 AM"
"3587","4","4","251","1618","4","7/7/2014 12:00:00 AM","7/16/2014 12:00:00 AM","114.4710","9.1577","2.8618","126.4905","7/16/2014 12:00:00 AM"
"3588","4","4","253","1612","4","7/7/2014 12:00:00 AM","7/16/2014 12:00:00 AM","132.6465","10.6117","3.3162","146.5744","7/16/2014 12:00:00 AM"
"3589","4","4","252","1586","5","7/7/2014 12:00:00 AM","7/16/2014 12:00:00 AM","43878.4500","3510.2760","1096.9613","48485.6873","7/16/2014 12:00:00 AM"
"3590","4","4","256","1500","1","7/7/2014 12:00:00 AM","7/16/2014 12:00:00 AM","418.9500","33.5160","10.4738","462.9398","7/16/2014 12:00:00 AM"
"3591","4","4","259","1656","5","7/7/2014 12:00:00 AM","7/16/2014 12:00:00 AM","566.0865","45.2869","14.1522","625.5256","7/16/2014 12:00:00 AM"
"3592","4","4","260","1572","1","7/7/2014 12:00:00 AM","7/16/2014 12:00:00 AM","461.7900","36.9432","11.5448","510.2780","7/16/2014 12:00:00 AM"
"3593","4","4","258","1562","4","7/7/2014 12:00:00 AM","7/16/2014 12:00:00 AM","377.0550","30.1644","9.4264","416.6458","7/16/2014 12:00:00 AM"
"3594","4","4","254","1662","2","7/7/2014 12:00:00 AM","7/16/2014 12:00:00 AM","37.0755","2.9660","0.9269","40.9684","7/16/2014 12:00:00 AM"
"3595","4","4","257","1682","4","7/7/2014 12:00:00 AM","7/16/2014 12:00:00 AM","21558.0750","1724.6460","538.9519","23821.6729","7/16/2014 12:00:00 AM"
"3596","4","4","261","1686","4","7/7/2014 12:00:00 AM","7/16/2014 12:00:00 AM","552.2265","44.1781","13.8057","610.2103","7/16/2014 12:00:00 AM"
"3597","4","4","251","1684","5","7/7/2014 12:00:00 AM","7/16/2014 12:00:00 AM","86220.7500","6897.6600","2155.5188","95273.9288","7/16/2014 12:00:00 AM"
"3598","4","4","253","1534","5","7/7/2014 12:00:00 AM","7/16/2014 12:00:00 AM","696.5280","55.7222","17.4132","769.6634","7/16/2014 12:00:00 AM"
"3599","4","4","255","1614","4","7/7/2014 12:00:00 AM","7/16/2014 12:00:00 AM","663.4530","53.0762","16.5863","733.1155","7/16/2014 12:00:00 AM"
"3600","5","4","252","1588","5","7/7/2014 12:00:00 AM","7/16/2014 12:00:00 AM","40471.2000","3237.6960","1011.7800","44720.6760","7/16/2014 12:00:00 AM"
"3601","4","4","259","1622","4","7/8/2014 12:00:00 AM","7/17/2014 12:00:00 AM","259.8435","20.7875","6.4961","287.1271","7/17/2014 12:00:00 AM"
"3602","4","4","260","1632","5","7/8/2014 12:00:00 AM","7/17/2014 12:00:00 AM","38421.0750","3073.6860","960.5269","42455.2879","7/17/2014 12:00:00 AM"
"3603","5","4","258","1608","5","7/8/2014 12:00:00 AM","7/17/2014 12:00:00 AM","5948.2500","475.8600","148.7063","6572.8163","7/17/2014 12:00:00 AM"
"3604","4","3","250","1576","5","7/8/2014 12:00:00 AM","7/17/2014 12:00:00 AM","91117.9500","7289.4360","2277.9488","100685.3348","7/17/2014 12:00:00 AM"
"3605","4","4","257","1590","1","7/8/2014 12:00:00 AM","7/17/2014 12:00:00 AM","525.0000","42.0000","13.1250","580.1250","7/17/2014 12:00:00 AM"
"3606","4","4","261","1514","5","7/8/2014 12:00:00 AM","7/17/2014 12:00:00 AM","2003.6835","160.2947","50.0921","2214.0703","7/17/2014 12:00:00 AM"
"3607","4","4","251","1498","4","7/8/2014 12:00:00 AM","7/17/2014 12:00:00 AM","26455.2750","2116.4220","661.3819","29233.0789","7/17/2014 12:00:00 AM"
"3608","4","4","253","1674","2","7/8/2014 12:00:00 AM","7/17/2014 12:00:00 AM","944.3700","75.5496","23.6093","1043.5289","7/17/2014 12:00:00 AM"
"3609","4","4","255","1652","1","7/8/2014 12:00:00 AM","7/17/2014 12:00:00 AM","3401.4750","272.1180","85.0369","3758.6299","7/17/2014 12:00:00 AM"
"3610","4","4","256","1578","3","7/8/2014 12:00:00 AM","7/17/2014 12:00:00 AM","62843.5500","5027.4840","1571.0888","69442.1228","7/17/2014 12:00:00 AM"
"3611","4","4","259","1538","5","7/8/2014 12:00:00 AM","7/17/2014 12:00:00 AM","37843.5750","3027.4860","946.0894","41817.1504","7/17/2014 12:00:00 AM"
"3612","4","4","260","1556","4","7/8/2014 12:00:00 AM","7/17/2014 12:00:00 AM","25531.2750","2042.5020","638.2819","28212.0589","7/17/2014 12:00:00 AM"
"3613","4","4","258","1554","5","7/8/2014 12:00:00 AM","7/17/2014 12:00:00 AM","415.3275","33.2262","10.3832","458.9369","7/17/2014 12:00:00 AM"
"3614","4","4","254","1688","4","7/8/2014 12:00:00 AM","7/17/2014 12:00:00 AM","125.7480","10.0598","3.1437","138.9515","7/17/2014 12:00:00 AM"
"3615","4","4","257","1580","5","7/8/2014 12:00:00 AM","7/17/2014 12:00:00 AM","150.7905","12.0632","3.7698","166.6235","7/17/2014 12:00:00 AM"
"3616","4","4","261","1496","4","7/8/2014 12:00:00 AM","7/17/2014 12:00:00 AM","484.4070","38.7526","12.1102","535.2698","7/17/2014 12:00:00 AM"
"3617","4","4","251","1494","2","7/9/2014 12:00:00 AM","7/18/2014 12:00:00 AM","8847.3000","707.7840","221.1825","9776.2665","7/18/2014 12:00:00 AM"
"3618","4","4","253","1650","5","7/9/2014 12:00:00 AM","7/18/2014 12:00:00 AM","171.0765","13.6861","4.2769","189.0395","7/18/2014 12:00:00 AM"
"3619","4","4","255","1654","4","7/9/2014 12:00:00 AM","7/18/2014 12:00:00 AM","20397.3000","1631.7840","509.9325","22539.0165","7/18/2014 12:00:00 AM"
"3620","4","4","256","1664","3","7/9/2014 12:00:00 AM","7/18/2014 12:00:00 AM","14628.0750","1170.2460","365.7019","16164.0229","7/18/2014 12:00:00 AM"
"3621","4","4","259","1678","4","7/9/2014 12:00:00 AM","7/18/2014 12:00:00 AM","25334.9250","2026.7940","633.3731","27995.0921","7/18/2014 12:00:00 AM"
"3622","4","4","250","1616","5","7/9/2014 12:00:00 AM","7/18/2014 12:00:00 AM","272.4435","21.7955","6.8111","301.0501","7/18/2014 12:00:00 AM"
"3623","4","4","258","1492","5","7/9/2014 12:00:00 AM","7/18/2014 12:00:00 AM","415.3275","33.2262","10.3832","458.9369","7/18/2014 12:00:00 AM"
"3624","4","4","254","1602","5","7/9/2014 12:00:00 AM","7/18/2014 12:00:00 AM","270.8055","21.6644","6.7701","299.2400","7/18/2014 12:00:00 AM"
"3625","4","4","257","1540","4","7/9/2014 12:00:00 AM","7/18/2014 12:00:00 AM","1814.6835","145.1747","45.3671","2005.2253","7/18/2014 12:00:00 AM"
"3626","4","4","261","1628","5","7/9/2014 12:00:00 AM","7/18/2014 12:00:00 AM","34644.2250","2771.5380","866.1056","38281.8686","7/18/2014 12:00:00 AM"
"3627","4","4","251","1604","4","7/9/2014 12:00:00 AM","7/18/2014 12:00:00 AM","1839.5055","147.1604","45.9876","2032.6535","7/18/2014 12:00:00 AM"
"3628","4","4","253","1690","5","7/9/2014 12:00:00 AM","7/18/2014 12:00:00 AM","146.2860","11.7029","3.6572","161.6461","7/18/2014 12:00:00 AM"
"3629","4","4","255","1566","5","7/9/2014 12:00:00 AM","7/18/2014 12:00:00 AM","102.5640","8.2051","2.5641","113.3332","7/18/2014 12:00:00 AM"
"3630","4","4","256","1698","5","7/9/2014 12:00:00 AM","7/18/2014 12:00:00 AM","150.7905","12.0632","3.7698","166.6235","7/18/2014 12:00:00 AM"
"3631","4","4","259","1560","5","7/9/2014 12:00:00 AM","7/18/2014 12:00:00 AM","13669.4250","1093.5540","341.7356","15104.7146","7/18/2014 12:00:00 AM"
"3632","4","4","260","1692","5","7/9/2014 12:00:00 AM","7/18/2014 12:00:00 AM","6444.9000","515.5920","161.1225","7121.6145","7/18/2014 12:00:00 AM"
"3633","4","4","250","1696","4","7/10/2014 12:00:00 AM","7/19/2014 12:00:00 AM","50860.4250","4068.8340","1271.5106","56200.7696","7/19/2014 12:00:00 AM"
"3634","4","4","254","1504","1","7/10/2014 12:00:00 AM","7/19/2014 12:00:00 AM","551.8800","44.1504","13.7970","609.8274","7/19/2014 12:00:00 AM"
"3635","4","4","257","1544","1","7/10/2014 12:00:00 AM","7/19/2014 12:00:00 AM","6987.7500","559.0200","174.6938","7721.4638","7/19/2014 12:00:00 AM"
"3636","4","4","261","1530","2","7/10/2014 12:00:00 AM","7/19/2014 12:00:00 AM","28072.2750","2245.7820","701.8069","31019.8639","7/19/2014 12:00:00 AM"
"3637","4","4","251","1508","1","7/10/2014 12:00:00 AM","7/19/2014 12:00:00 AM","37312.2750","2984.9820","932.8069","41230.0639","7/19/2014 12:00:00 AM"
"3638","4","4","253","1694","1","7/10/2014 12:00:00 AM","7/19/2014 12:00:00 AM","7623.0000","609.8400","190.5750","8423.4150","7/19/2014 12:00:00 AM"
"3639","4","4","255","1624","2","7/10/2014 12:00:00 AM","7/19/2014 12:00:00 AM","28297.5000","2263.8000","707.4375","31268.7375","7/19/2014 12:00:00 AM"
"3640","4","4","256","1548","2","7/10/2014 12:00:00 AM","7/19/2014 12:00:00 AM","59.9445","4.7956","1.4986","66.2387","7/19/2014 12:00:00 AM"
"3641","4","4","259","1598","5","7/10/2014 12:00:00 AM","7/19/2014 12:00:00 AM","222.0435","17.7635","5.5511","245.3581","7/19/2014 12:00:00 AM"
"3642","7","4","260","1658","5","7/10/2014 12:00:00 AM","7/19/2014 12:00:00 AM","43878.4500","3510.2760","1096.9613","48485.6873","7/19/2014 12:00:00 AM"
"3643","4","4","258","1536","4","7/10/2014 12:00:00 AM","7/19/2014 12:00:00 AM","345.5550","27.6444","8.6389","381.8383","7/19/2014 12:00:00 AM"
"3644","4","4","254","1568","2","7/10/2014 12:00:00 AM","7/19/2014 12:00:00 AM","15153.6000","1212.2880","378.8400","16744.7280","7/19/2014 12:00:00 AM"
"3645","4","4","257","1648","5","7/10/2014 12:00:00 AM","7/19/2014 12:00:00 AM","142.4115","11.3929","3.5603","157.3647","7/19/2014 12:00:00 AM"
"3646","4","4","261","1646","2","7/10/2014 12:00:00 AM","7/19/2014 12:00:00 AM","48030.6750","3842.4540","1200.7669","53073.8959","7/19/2014 12:00:00 AM"
"3647","4","4","251","1672","4","7/10/2014 12:00:00 AM","7/19/2014 12:00:00 AM","823.4100","65.8728","20.5853","909.8681","7/19/2014 12:00:00 AM"
"3648","4","4","253","1600","1","7/10/2014 12:00:00 AM","7/19/2014 12:00:00 AM","1276.2750","102.1020","31.9069","1410.2839","7/19/2014 12:00:00 AM"
"3649","4","4","255","1522","1","7/11/2014 12:00:00 AM","7/20/2014 12:00:00 AM","2003.9250","160.3140","50.0981","2214.3371","7/20/2014 12:00:00 AM"
"3650","4","4","256","1570","2","7/11/2014 12:00:00 AM","7/20/2014 12:00:00 AM","50860.4250","4068.8340","1271.5106","56200.7696","7/20/2014 12:00:00 AM"
"3651","4","4","252","1516","1","7/11/2014 12:00:00 AM","7/20/2014 12:00:00 AM","454.8600","36.3888","11.3715","502.6203","7/20/2014 12:00:00 AM"
"3652","4","4","260","1506","5","7/11/2014 12:00:00 AM","7/20/2014 12:00:00 AM","43878.4500","3510.2760","1096.9613","48485.6873","7/20/2014 12:00:00 AM"
"3653","4","4","258","1626","2","7/11/2014 12:00:00 AM","7/20/2014 12:00:00 AM","7132.1250","570.5700","178.3031","7880.9981","7/20/2014 12:00:00 AM"
"3654","5","4","254","1542","2","7/11/2014 12:00:00 AM","7/20/2014 12:00:00 AM","28343.7000","2267.4960","708.5925","31319.7885","7/20/2014 12:00:00 AM"
"3655","4","4","257","1610","4","7/11/2014 12:00:00 AM","7/20/2014 12:00:00 AM","22516.7250","1801.3380","562.9181","24880.9811","7/20/2014 12:00:00 AM"
"3656","4","4","261","1638","5","7/11/2014 12:00:00 AM","7/20/2014 12:00:00 AM","34644.2250","2771.5380","866.1056","38281.8686","7/20/2014 12:00:00 AM"
"3657","4","4","250","1582","4","7/11/2014 12:00:00 AM","7/20/2014 12:00:00 AM","364.9275","29.1942","9.1232","403.2449","7/20/2014 12:00:00 AM"
"3658","4","4","253","1510","5","7/11/2014 12:00:00 AM","7/20/2014 12:00:00 AM","143.0415","11.4433","3.5760","158.0608","7/20/2014 12:00:00 AM"
"3659","4","4","255","1526","2","7/11/2014 12:00:00 AM","7/20/2014 12:00:00 AM","28199.3250","2255.9460","704.9831","31160.2541","7/20/2014 12:00:00 AM"
"3660","4","4","256","1644","1","7/11/2014 12:00:00 AM","7/20/2014 12:00:00 AM","3713.3250","297.0660","92.8331","4103.2241","7/20/2014 12:00:00 AM"
"3661","4","4","259","1680","4","7/11/2014 12:00:00 AM","7/20/2014 12:00:00 AM","19952.6250","1596.2100","498.8156","22047.6506","7/20/2014 12:00:00 AM"
"3662","4","4","260","1584","5","7/11/2014 12:00:00 AM","7/20/2014 12:00:00 AM","6540.6600","523.2528","163.5165","7227.4293","7/20/2014 12:00:00 AM"
"3663","4","4","258","1620","5","7/11/2014 12:00:00 AM","7/20/2014 12:00:00 AM","5711.4750","456.9180","142.7869","6311.1799","7/20/2014 12:00:00 AM"
"3664","4","4","254","1666","5","7/11/2014 12:00:00 AM","7/20/2014 12:00:00 AM","279.7830","22.3826","6.9946","309.1602","7/20/2014 12:00:00 AM"
"3665","4","4","252","1592","2","7/12/2014 12:00:00 AM","7/21/2014 12:00:00 AM","97.9650","7.8372","2.4491","108.2513","7/21/2014 12:00:00 AM"
"3666","4","4","261","1618","4","7/12/2014 12:00:00 AM","7/21/2014 12:00:00 AM","114.4710","9.1577","2.8618","126.4905","7/21/2014 12:00:00 AM"
"3667","4","4","251","1612","4","7/12/2014 12:00:00 AM","7/21/2014 12:00:00 AM","132.6465","10.6117","3.3162","146.5744","7/21/2014 12:00:00 AM"
"3668","4","4","253","1586","5","7/12/2014 12:00:00 AM","7/21/2014 12:00:00 AM","43878.4500","3510.2760","1096.9613","48485.6873","7/21/2014 12:00:00 AM"
"3669","4","4","255","1500","1","7/12/2014 12:00:00 AM","7/21/2014 12:00:00 AM","418.9500","33.5160","10.4738","462.9398","7/21/2014 12:00:00 AM"
"3670","4","4","256","1656","4","7/12/2014 12:00:00 AM","7/21/2014 12:00:00 AM","404.1450","32.3316","10.1036","446.5802","7/21/2014 12:00:00 AM"
"3671","4","4","259","1572","1","7/12/2014 12:00:00 AM","7/21/2014 12:00:00 AM","461.7900","36.9432","11.5448","510.2780","7/21/2014 12:00:00 AM"
"3672","4","4","260","1562","4","7/12/2014 12:00:00 AM","7/21/2014 12:00:00 AM","247.2435","19.7795","6.1811","273.2041","7/21/2014 12:00:00 AM"
"3673","4","4","258","1662","2","7/12/2014 12:00:00 AM","7/21/2014 12:00:00 AM","37.0755","2.9660","0.9269","40.9684","7/21/2014 12:00:00 AM"
"3674","4","4","254","1682","4","7/12/2014 12:00:00 AM","7/21/2014 12:00:00 AM","21558.0750","1724.6460","538.9519","23821.6729","7/21/2014 12:00:00 AM"
"3675","4","4","257","1686","5","7/12/2014 12:00:00 AM","7/21/2014 12:00:00 AM","533.5470","42.6838","13.3387","589.5695","7/21/2014 12:00:00 AM"
"3676","4","4","261","1684","5","7/12/2014 12:00:00 AM","7/21/2014 12:00:00 AM","86220.7500","6897.6600","2155.5188","95273.9288","7/21/2014 12:00:00 AM"
"3677","4","4","251","1534","5","7/12/2014 12:00:00 AM","7/21/2014 12:00:00 AM","776.7900","62.1432","19.4198","858.3530","7/21/2014 12:00:00 AM"
"3678","4","4","253","1614","4","7/12/2014 12:00:00 AM","7/21/2014 12:00:00 AM","136.6470","10.9318","3.4162","150.9950","7/21/2014 12:00:00 AM"
"3679","5","4","255","1588","5","7/12/2014 12:00:00 AM","7/21/2014 12:00:00 AM","40471.2000","3237.6960","1011.7800","44720.6760","7/21/2014 12:00:00 AM"
"3680","4","4","256","1622","5","7/12/2014 12:00:00 AM","7/21/2014 12:00:00 AM","427.4550","34.1964","10.6864","472.3378","7/21/2014 12:00:00 AM"
"3681","4","4","259","1632","4","7/14/2014 12:00:00 AM","7/23/2014 12:00:00 AM","23671.7250","1893.7380","591.7931","26157.2561","7/23/2014 12:00:00 AM"
"3682","4","4","260","1608","5","7/14/2014 12:00:00 AM","7/23/2014 12:00:00 AM","5948.2500","475.8600","148.7063","6572.8163","7/23/2014 12:00:00 AM"
"3683","4","4","258","1576","5","7/14/2014 12:00:00 AM","7/23/2014 12:00:00 AM","91117.9500","7289.4360","2277.9488","100685.3348","7/23/2014 12:00:00 AM"
"3684","4","4","254","1590","1","7/14/2014 12:00:00 AM","7/23/2014 12:00:00 AM","525.0000","42.0000","13.1250","580.1250","7/23/2014 12:00:00 AM"
"3685","4","4","257","1514","5","7/14/2014 12:00:00 AM","7/23/2014 12:00:00 AM","2003.6835","160.2947","50.0921","2214.0703","7/23/2014 12:00:00 AM"
"3686","4","4","261","1498","4","7/14/2014 12:00:00 AM","7/23/2014 12:00:00 AM","26455.2750","2116.4220","661.3819","29233.0789","7/23/2014 12:00:00 AM"
"3687","4","4","251","1674","2","7/14/2014 12:00:00 AM","7/23/2014 12:00:00 AM","944.3700","75.5496","23.6093","1043.5289","7/23/2014 12:00:00 AM"
"3688","4","4","253","1652","4","7/14/2014 12:00:00 AM","7/23/2014 12:00:00 AM","51588.0750","4127.0460","1289.7019","57004.8229","7/23/2014 12:00:00 AM"
"3689","4","4","252","1578","3","7/14/2014 12:00:00 AM","7/23/2014 12:00:00 AM","62843.5500","5027.4840","1571.0888","69442.1228","7/23/2014 12:00:00 AM"
"3690","4","4","256","1538","5","7/14/2014 12:00:00 AM","7/23/2014 12:00:00 AM","37843.5750","3027.4860","946.0894","41817.1504","7/23/2014 12:00:00 AM"
"3691","4","4","259","1556","4","7/14/2014 12:00:00 AM","7/23/2014 12:00:00 AM","25531.2750","2042.5020","638.2819","28212.0589","7/23/2014 12:00:00 AM"
"3692","4","4","260","1554","5","7/14/2014 12:00:00 AM","7/23/2014 12:00:00 AM","272.7585","21.8207","6.8190","301.3982","7/23/2014 12:00:00 AM"
"3693","4","4","258","1688","4","7/14/2014 12:00:00 AM","7/23/2014 12:00:00 AM","125.7480","10.0598","3.1437","138.9515","7/23/2014 12:00:00 AM"
"3694","4","4","254","1580","5","7/14/2014 12:00:00 AM","7/23/2014 12:00:00 AM","150.7905","12.0632","3.7698","166.6235","7/23/2014 12:00:00 AM"
"3695","4","4","257","1496","4","7/14/2014 12:00:00 AM","7/23/2014 12:00:00 AM","111.5415","8.9233","2.7885","123.2533","7/23/2014 12:00:00 AM"
"3696","4","4","261","1494","2","7/14/2014 12:00:00 AM","7/23/2014 12:00:00 AM","8847.3000","707.7840","221.1825","9776.2665","7/23/2014 12:00:00 AM"
"3697","4","4","251","1650","5","7/15/2014 12:00:00 AM","7/24/2014 12:00:00 AM","171.0765","13.6861","4.2769","189.0395","7/24/2014 12:00:00 AM"
"3698","4","4","253","1654","4","7/15/2014 12:00:00 AM","7/24/2014 12:00:00 AM","20397.3000","1631.7840","509.9325","22539.0165","7/24/2014 12:00:00 AM"
"3699","4","4","255","1664","3","7/15/2014 12:00:00 AM","7/24/2014 12:00:00 AM","14628.0750","1170.2460","365.7019","16164.0229","7/24/2014 12:00:00 AM"
"3700","4","4","252","1678","3","7/15/2014 12:00:00 AM","7/24/2014 12:00:00 AM","58685.5500","4694.8440","1467.1388","64847.5328","7/24/2014 12:00:00 AM"
"3701","4","4","259","1616","4","7/15/2014 12:00:00 AM","7/24/2014 12:00:00 AM","500.5665","40.0453","12.5142","553.1260","7/24/2014 12:00:00 AM"
"3702","4","4","260","1492","5","7/15/2014 12:00:00 AM","7/24/2014 12:00:00 AM","272.7585","21.8207","6.8190","301.3982","7/24/2014 12:00:00 AM"
"3703","4","4","258","1602","5","7/15/2014 12:00:00 AM","7/24/2014 12:00:00 AM","1525.2300","122.0184","38.1308","1685.3792","7/24/2014 12:00:00 AM"
"3704","4","3","250","1540","4","7/15/2014 12:00:00 AM","7/24/2014 12:00:00 AM","260.1585","20.8127","6.5040","287.4752","7/24/2014 12:00:00 AM"
"3705","4","4","257","1628","5","7/15/2014 12:00:00 AM","7/24/2014 12:00:00 AM","34644.2250","2771.5380","866.1056","38281.8686","7/24/2014 12:00:00 AM"
"3706","4","4","261","1604","4","7/15/2014 12:00:00 AM","7/24/2014 12:00:00 AM","1839.5055","147.1604","45.9876","2032.6535","7/24/2014 12:00:00 AM"
"3707","5","4","251","1690","5","7/15/2014 12:00:00 AM","7/24/2014 12:00:00 AM","146.2860","11.7029","3.6572","161.6461","7/24/2014 12:00:00 AM"
"3708","4","4","253","1566","5","7/15/2014 12:00:00 AM","7/24/2014 12:00:00 AM","102.5640","8.2051","2.5641","113.3332","7/24/2014 12:00:00 AM"
"3709","4","4","255","1698","5","7/15/2014 12:00:00 AM","7/24/2014 12:00:00 AM","150.7905","12.0632","3.7698","166.6235","7/24/2014 12:00:00 AM"
"3710","4","4","256","1560","5","7/15/2014 12:00:00 AM","7/24/2014 12:00:00 AM","13669.4250","1093.5540","341.7356","15104.7146","7/24/2014 12:00:00 AM"
"3711","4","4","259","1692","5","7/15/2014 12:00:00 AM","7/24/2014 12:00:00 AM","9948.3300","795.8664","248.7083","10992.9047","7/24/2014 12:00:00 AM"
"3712","4","4","260","1696","4","7/15/2014 12:00:00 AM","7/24/2014 12:00:00 AM","34118.7000","2729.4960","852.9675","37701.1635","7/24/2014 12:00:00 AM"
"3713","4","4","258","1504","1","7/16/2014 12:00:00 AM","7/25/2014 12:00:00 AM","551.8800","44.1504","13.7970","609.8274","7/25/2014 12:00:00 AM"
"3714","4","4","254","1544","1","7/16/2014 12:00:00 AM","7/25/2014 12:00:00 AM","3811.5000","304.9200","95.2875","4211.7075","7/25/2014 12:00:00 AM"
"3715","4","4","257","1530","2","7/16/2014 12:00:00 AM","7/25/2014 12:00:00 AM","28072.2750","2245.7820","701.8069","31019.8639","7/25/2014 12:00:00 AM"
"3716","4","4","261","1508","1","7/16/2014 12:00:00 AM","7/25/2014 12:00:00 AM","37312.2750","2984.9820","932.8069","41230.0639","7/25/2014 12:00:00 AM"
"3717","4","4","251","1694","1","7/16/2014 12:00:00 AM","7/25/2014 12:00:00 AM","7623.0000","609.8400","190.5750","8423.4150","7/25/2014 12:00:00 AM"
"3718","4","4","253","1624","2","7/16/2014 12:00:00 AM","7/25/2014 12:00:00 AM","28297.5000","2263.8000","707.4375","31268.7375","7/25/2014 12:00:00 AM"
"3719","4","4","255","1548","2","7/16/2014 12:00:00 AM","7/25/2014 12:00:00 AM","59.9445","4.7956","1.4986","66.2387","7/25/2014 12:00:00 AM"
"3720","4","4","256","1598","4","7/16/2014 12:00:00 AM","7/25/2014 12:00:00 AM","370.7550","29.6604","9.2689","409.6843","7/25/2014 12:00:00 AM"
"3721","4","4","259","1658","5","7/16/2014 12:00:00 AM","7/25/2014 12:00:00 AM","43878.4500","3510.2760","1096.9613","48485.6873","7/25/2014 12:00:00 AM"
"3722","4","4","250","1536","4","7/16/2014 12:00:00 AM","7/25/2014 12:00:00 AM","272.1285","21.7703","6.8032","300.7020","7/25/2014 12:00:00 AM"
"3723","4","4","258","1568","2","7/16/2014 12:00:00 AM","7/25/2014 12:00:00 AM","21252.0000","1700.1600","531.3000","23483.4600","7/25/2014 12:00:00 AM"
"3724","4","4","254","1648","5","7/16/2014 12:00:00 AM","7/25/2014 12:00:00 AM","142.4115","11.3929","3.5603","157.3647","7/25/2014 12:00:00 AM"
"3725","4","4","257","1646","2","7/16/2014 12:00:00 AM","7/25/2014 12:00:00 AM","48030.6750","3842.4540","1200.7669","53073.8959","7/25/2014 12:00:00 AM"
"3726","4","4","261","1672","4","7/16/2014 12:00:00 AM","7/25/2014 12:00:00 AM","50983.9365","4078.7149","1274.5984","56337.2498","7/25/2014 12:00:00 AM"
"3727","4","4","251","1600","1","7/16/2014 12:00:00 AM","7/25/2014 12:00:00 AM","1276.2750","102.1020","31.9069","1410.2839","7/25/2014 12:00:00 AM"
"3728","4","4","253","1522","1","7/16/2014 12:00:00 AM","7/25/2014 12:00:00 AM","2003.9250","160.3140","50.0981","2214.3371","7/25/2014 12:00:00 AM"
"3729","4","4","255","1570","2","7/17/2014 12:00:00 AM","7/26/2014 12:00:00 AM","50860.4250","4068.8340","1271.5106","56200.7696","7/26/2014 12:00:00 AM"
"3730","4","4","256","1516","1","7/17/2014 12:00:00 AM","7/26/2014 12:00:00 AM","454.8600","36.3888","11.3715","502.6203","7/26/2014 12:00:00 AM"
"3731","4","4","259","1506","5","7/17/2014 12:00:00 AM","7/26/2014 12:00:00 AM","43878.4500","3510.2760","1096.9613","48485.6873","7/26/2014 12:00:00 AM"
"3732","4","4","260","1626","2","7/17/2014 12:00:00 AM","7/26/2014 12:00:00 AM","7132.1250","570.5700","178.3031","7880.9981","7/26/2014 12:00:00 AM"
"3733","4","4","250","1542","2","7/17/2014 12:00:00 AM","7/26/2014 12:00:00 AM","28343.7000","2267.4960","708.5925","31319.7885","7/26/2014 12:00:00 AM"
"3734","4","4","254","1610","4","7/17/2014 12:00:00 AM","7/26/2014 12:00:00 AM","22516.7250","1801.3380","562.9181","24880.9811","7/26/2014 12:00:00 AM"
"3735","4","4","257","1638","5","7/17/2014 12:00:00 AM","7/26/2014 12:00:00 AM","34644.2250","2771.5380","866.1056","38281.8686","7/26/2014 12:00:00 AM"
"3736","4","4","261","1582","5","7/17/2014 12:00:00 AM","7/26/2014 12:00:00 AM","564.1965","45.1357","14.1049","623.4371","7/26/2014 12:00:00 AM"
"3737","4","4","251","1510","5","7/17/2014 12:00:00 AM","7/26/2014 12:00:00 AM","143.0415","11.4433","3.5760","158.0608","7/26/2014 12:00:00 AM"
"3738","4","4","253","1526","2","7/17/2014 12:00:00 AM","7/26/2014 12:00:00 AM","28199.3250","2255.9460","704.9831","31160.2541","7/26/2014 12:00:00 AM"
"3739","4","4","255","1644","1","7/17/2014 12:00:00 AM","7/26/2014 12:00:00 AM","3713.3250","297.0660","92.8331","4103.2241","7/26/2014 12:00:00 AM"
"3740","4","4","256","1680","5","7/17/2014 12:00:00 AM","7/26/2014 12:00:00 AM","63831.0750","5106.4860","1595.7769","70533.3379","7/26/2014 12:00:00 AM"
"3741","4","4","259","1584","5","7/17/2014 12:00:00 AM","7/26/2014 12:00:00 AM","9799.6500","783.9720","244.9913","10828.6133","7/26/2014 12:00:00 AM"
"3742","5","4","260","1620","5","7/17/2014 12:00:00 AM","7/26/2014 12:00:00 AM","5711.4750","456.9180","142.7869","6311.1799","7/26/2014 12:00:00 AM"
"3743","4","4","258","1666","5","7/17/2014 12:00:00 AM","7/26/2014 12:00:00 AM","416.7450","33.3396","10.4186","460.5032","7/26/2014 12:00:00 AM"
"3744","4","4","254","1592","2","7/17/2014 12:00:00 AM","7/26/2014 12:00:00 AM","97.9650","7.8372","2.4491","108.2513","7/26/2014 12:00:00 AM"
"3745","4","4","257","1618","4","7/18/2014 12:00:00 AM","7/27/2014 12:00:00 AM","114.4710","9.1577","2.8618","126.4905","7/27/2014 12:00:00 AM"
"3746","4","4","261","1612","4","7/18/2014 12:00:00 AM","7/27/2014 12:00:00 AM","132.6465","10.6117","3.3162","146.5744","7/27/2014 12:00:00 AM"
"3747","4","4","251","1586","5","7/18/2014 12:00:00 AM","7/27/2014 12:00:00 AM","43878.4500","3510.2760","1096.9613","48485.6873","7/27/2014 12:00:00 AM"
"3748","4","4","253","1500","1","7/18/2014 12:00:00 AM","7/27/2014 12:00:00 AM","418.9500","33.5160","10.4738","462.9398","7/27/2014 12:00:00 AM"
"3749","4","4","255","1656","4","7/18/2014 12:00:00 AM","7/27/2014 12:00:00 AM","633.7485","50.6999","15.8437","700.2921","7/27/2014 12:00:00 AM"
"3750","4","4","256","1572","1","7/18/2014 12:00:00 AM","7/27/2014 12:00:00 AM","461.7900","36.9432","11.5448","510.2780","7/27/2014 12:00:00 AM"
"3751","4","4","252","1562","4","7/18/2014 12:00:00 AM","7/27/2014 12:00:00 AM","475.2090","38.0167","11.8802","525.1059","7/27/2014 12:00:00 AM"
"3752","4","4","260","1662","2","7/18/2014 12:00:00 AM","7/27/2014 12:00:00 AM","37.0755","2.9660","0.9269","40.9684","7/27/2014 12:00:00 AM"
"3753","5","4","258","1682","4","7/18/2014 12:00:00 AM","7/27/2014 12:00:00 AM","21558.0750","1724.6460","538.9519","23821.6729","7/27/2014 12:00:00 AM"
"3754","4","4","254","1686","4","7/18/2014 12:00:00 AM","7/27/2014 12:00:00 AM","259.8435","20.7875","6.4961","287.1271","7/27/2014 12:00:00 AM"
"3755","4","4","257","1684","5","7/18/2014 12:00:00 AM","7/27/2014 12:00:00 AM","86220.7500","6897.6600","2155.5188","95273.9288","7/27/2014 12:00:00 AM"
"3756","4","4","261","1534","4","7/18/2014 12:00:00 AM","7/27/2014 12:00:00 AM","484.4070","38.7526","12.1102","535.2698","7/27/2014 12:00:00 AM"
"3757","4","4","250","1614","5","7/18/2014 12:00:00 AM","7/27/2014 12:00:00 AM","837.9000","67.0320","20.9475","925.8795","7/27/2014 12:00:00 AM"
"3758","4","4","253","1588","5","7/18/2014 12:00:00 AM","7/27/2014 12:00:00 AM","40471.2000","3237.6960","1011.7800","44720.6760","7/27/2014 12:00:00 AM"
"3759","4","4","255","1622","4","7/18/2014 12:00:00 AM","7/27/2014 12:00:00 AM","661.8780","52.9502","16.5470","731.3752","7/27/2014 12:00:00 AM"
"3760","4","4","256","1632","5","7/18/2014 12:00:00 AM","7/27/2014 12:00:00 AM","62092.8000","4967.4240","1552.3200","68612.5440","7/27/2014 12:00:00 AM"
"3761","4","4","259","1608","5","7/19/2014 12:00:00 AM","7/28/2014 12:00:00 AM","5948.2500","475.8600","148.7063","6572.8163","7/28/2014 12:00:00 AM"
"3762","4","4","260","1576","5","7/19/2014 12:00:00 AM","7/28/2014 12:00:00 AM","91117.9500","7289.4360","2277.9488","100685.3348","7/28/2014 12:00:00 AM"
"3763","4","4","258","1590","1","7/19/2014 12:00:00 AM","7/28/2014 12:00:00 AM","525.0000","42.0000","13.1250","580.1250","7/28/2014 12:00:00 AM"
"3764","4","4","254","1514","5","7/19/2014 12:00:00 AM","7/28/2014 12:00:00 AM","281.8935","22.5515","7.0473","311.4923","7/28/2014 12:00:00 AM"
"3765","4","4","252","1498","4","7/19/2014 12:00:00 AM","7/28/2014 12:00:00 AM","26455.2750","2116.4220","661.3819","29233.0789","7/28/2014 12:00:00 AM"
"3766","4","4","261","1674","2","7/19/2014 12:00:00 AM","7/28/2014 12:00:00 AM","944.3700","75.5496","23.6093","1043.5289","7/28/2014 12:00:00 AM"
"3767","4","4","251","1652","4","7/19/2014 12:00:00 AM","7/28/2014 12:00:00 AM","51588.0750","4127.0460","1289.7019","57004.8229","7/28/2014 12:00:00 AM"
"3768","4","4","253","1578","3","7/19/2014 12:00:00 AM","7/28/2014 12:00:00 AM","62843.5500","5027.4840","1571.0888","69442.1228","7/28/2014 12:00:00 AM"
"3769","4","4","255","1538","5","7/19/2014 12:00:00 AM","7/28/2014 12:00:00 AM","37843.5750","3027.4860","946.0894","41817.1504","7/28/2014 12:00:00 AM"
"3770","5","4","256","1556","4","7/19/2014 12:00:00 AM","7/28/2014 12:00:00 AM","25531.2750","2042.5020","638.2819","28212.0589","7/28/2014 12:00:00 AM"
"3771","4","4","259","1554","4","7/19/2014 12:00:00 AM","7/28/2014 12:00:00 AM","501.1965","40.0957","12.5299","553.8221","7/28/2014 12:00:00 AM"
"3772","4","4","260","1688","4","7/19/2014 12:00:00 AM","7/28/2014 12:00:00 AM","125.7480","10.0598","3.1437","138.9515","7/28/2014 12:00:00 AM"
"3773","4","4","258","1580","5","7/19/2014 12:00:00 AM","7/28/2014 12:00:00 AM","150.7905","12.0632","3.7698","166.6235","7/28/2014 12:00:00 AM"
"3774","4","4","254","1496","5","7/19/2014 12:00:00 AM","7/28/2014 12:00:00 AM","279.7830","22.3826","6.9946","309.1602","7/28/2014 12:00:00 AM"
"3775","4","4","257","1494","2","7/19/2014 12:00:00 AM","7/28/2014 12:00:00 AM","8847.3000","707.7840","221.1825","9776.2665","7/28/2014 12:00:00 AM"
"3776","4","4","261","1650","5","7/19/2014 12:00:00 AM","7/28/2014 12:00:00 AM","171.0765","13.6861","4.2769","189.0395","7/28/2014 12:00:00 AM"
"3777","4","1","251","1654","4","7/21/2014 12:00:00 AM","7/30/2014 12:00:00 AM","20397.3000","1631.7840","509.9325","22539.0165","7/30/2014 12:00:00 AM"
"3778","4","1","253","1664","3","7/21/2014 12:00:00 AM","7/30/2014 12:00:00 AM","14628.0750","1170.2460","365.7019","16164.0229","7/30/2014 12:00:00 AM"
"3779","4","1","255","1678","3","7/21/2014 12:00:00 AM","7/30/2014 12:00:00 AM","58685.5500","4694.8440","1467.1388","64847.5328","7/30/2014 12:00:00 AM"
"3780","4","1","256","1616","4","7/21/2014 12:00:00 AM","7/30/2014 12:00:00 AM","358.1550","28.6524","8.9539","395.7613","7/30/2014 12:00:00 AM"
"3781","4","1","259","1492","4","7/21/2014 12:00:00 AM","7/30/2014 12:00:00 AM","501.1965","40.0957","12.5299","553.8221","7/30/2014 12:00:00 AM"
"3782","4","1","260","1602","5","7/21/2014 12:00:00 AM","7/30/2014 12:00:00 AM","270.8055","21.6644","6.7701","299.2400","7/30/2014 12:00:00 AM"
"3783","4","1","258","1540","4","7/21/2014 12:00:00 AM","7/30/2014 12:00:00 AM","371.2275","29.6982","9.2807","410.2064","7/30/2014 12:00:00 AM"
"3784","4","1","254","1628","5","7/21/2014 12:00:00 AM","7/30/2014 12:00:00 AM","34644.2250","2771.5380","866.1056","38281.8686","7/30/2014 12:00:00 AM"
"3785","4","1","257","1604","4","7/21/2014 12:00:00 AM","7/30/2014 12:00:00 AM","1839.5055","147.1604","45.9876","2032.6535","7/30/2014 12:00:00 AM"
"3786","4","1","261","1690","5","7/21/2014 12:00:00 AM","7/30/2014 12:00:00 AM","146.2860","11.7029","3.6572","161.6461","7/30/2014 12:00:00 AM"
"3787","4","1","251","1566","5","7/21/2014 12:00:00 AM","7/30/2014 12:00:00 AM","102.5640","8.2051","2.5641","113.3332","7/30/2014 12:00:00 AM"
"3788","4","1","253","1698","5","7/21/2014 12:00:00 AM","7/30/2014 12:00:00 AM","150.7905","12.0632","3.7698","166.6235","7/30/2014 12:00:00 AM"
"3789","4","1","252","1560","5","7/21/2014 12:00:00 AM","7/30/2014 12:00:00 AM","13669.4250","1093.5540","341.7356","15104.7146","7/30/2014 12:00:00 AM"
"3790","4","1","256","1692","5","7/21/2014 12:00:00 AM","7/30/2014 12:00:00 AM","9637.1100","770.9688","240.9278","10649.0066","7/30/2014 12:00:00 AM"
"3791","4","1","259","1696","5","7/21/2014 12:00:00 AM","7/30/2014 12:00:00 AM","39258.4500","3140.6760","981.4613","43380.5873","7/30/2014 12:00:00 AM"
"3792","4","1","260","1504","1","7/21/2014 12:00:00 AM","7/30/2014 12:00:00 AM","551.8800","44.1504","13.7970","609.8274","7/30/2014 12:00:00 AM"
"3793","4","1","258","1544","1","7/22/2014 12:00:00 AM","7/31/2014 12:00:00 AM","3176.2500","254.1000","79.4063","3509.7563","7/31/2014 12:00:00 AM"
"3794","4","1","254","1530","2","7/22/2014 12:00:00 AM","7/31/2014 12:00:00 AM","28072.2750","2245.7820","701.8069","31019.8639","7/31/2014 12:00:00 AM"
"3795","4","1","257","1508","1","7/22/2014 12:00:00 AM","7/31/2014 12:00:00 AM","37312.2750","2984.9820","932.8069","41230.0639","7/31/2014 12:00:00 AM"
"3796","4","1","261","1694","1","7/22/2014 12:00:00 AM","7/31/2014 12:00:00 AM","7623.0000","609.8400","190.5750","8423.4150","7/31/2014 12:00:00 AM"
"3797","4","1","251","1624","2","7/22/2014 12:00:00 AM","7/31/2014 12:00:00 AM","28297.5000","2263.8000","707.4375","31268.7375","7/31/2014 12:00:00 AM"
"3798","4","1","253","1548","2","7/22/2014 12:00:00 AM","7/31/2014 12:00:00 AM","59.9445","4.7956","1.4986","66.2387","7/31/2014 12:00:00 AM"
"3799","4","1","255","1598","4","7/22/2014 12:00:00 AM","7/31/2014 12:00:00 AM","567.3780","45.3902","14.1845","626.9527","7/31/2014 12:00:00 AM"
"3800","4","1","252","1658","5","7/22/2014 12:00:00 AM","7/31/2014 12:00:00 AM","43878.4500","3510.2760","1096.9613","48485.6873","7/31/2014 12:00:00 AM"
"3801","4","1","259","1536","4","7/22/2014 12:00:00 AM","7/31/2014 12:00:00 AM","525.7665","42.0613","13.1442","580.9720","7/31/2014 12:00:00 AM"
"3802","4","1","260","1568","2","7/22/2014 12:00:00 AM","7/31/2014 12:00:00 AM","10914.7500","873.1800","272.8688","12060.7988","7/31/2014 12:00:00 AM"
"3803","4","1","258","1648","5","7/22/2014 12:00:00 AM","7/31/2014 12:00:00 AM","142.4115","11.3929","3.5603","157.3647","7/31/2014 12:00:00 AM"
"3804","4","1","250","1646","2","7/22/2014 12:00:00 AM","7/31/2014 12:00:00 AM","28794.1500","2303.5320","719.8538","31817.5358","7/31/2014 12:00:00 AM"
"3805","4","1","257","1672","4","7/22/2014 12:00:00 AM","7/31/2014 12:00:00 AM","51807.3465","4144.5877","1295.1837","57247.1179","7/31/2014 12:00:00 AM"
"3806","4","1","261","1600","1","7/22/2014 12:00:00 AM","7/31/2014 12:00:00 AM","1276.2750","102.1020","31.9069","1410.2839","7/31/2014 12:00:00 AM"
"3807","4","1","251","1522","1","7/22/2014 12:00:00 AM","7/31/2014 12:00:00 AM","2003.9250","160.3140","50.0981","2214.3371","7/31/2014 12:00:00 AM"
"3808","4","1","253","1570","2","7/22/2014 12:00:00 AM","7/31/2014 12:00:00 AM","50860.4250","4068.8340","1271.5106","56200.7696","7/31/2014 12:00:00 AM"
"3809","4","1","255","1516","1","7/23/2014 12:00:00 AM","8/1/2014 12:00:00 AM","454.8600","36.3888","11.3715","502.6203","8/1/2014 12:00:00 AM"
"3810","4","1","256","1506","5","7/23/2014 12:00:00 AM","8/1/2014 12:00:00 AM","43878.4500","3510.2760","1096.9613","48485.6873","8/1/2014 12:00:00 AM"
"3811","4","1","259","1626","2","7/23/2014 12:00:00 AM","8/1/2014 12:00:00 AM","7132.1250","570.5700","178.3031","7880.9981","8/1/2014 12:00:00 AM"
"3812","4","1","260","1542","2","7/23/2014 12:00:00 AM","8/1/2014 12:00:00 AM","28343.7000","2267.4960","708.5925","31319.7885","8/1/2014 12:00:00 AM"
"3813","4","1","258","1610","4","7/23/2014 12:00:00 AM","8/1/2014 12:00:00 AM","22516.7250","1801.3380","562.9181","24880.9811","8/1/2014 12:00:00 AM"
"3814","4","1","254","1638","5","7/23/2014 12:00:00 AM","8/1/2014 12:00:00 AM","34644.2250","2771.5380","866.1056","38281.8686","8/1/2014 12:00:00 AM"
"3815","4","1","257","1582","4","7/23/2014 12:00:00 AM","8/1/2014 12:00:00 AM","1151.4825","92.1186","28.7871","1272.3882","8/1/2014 12:00:00 AM"
"3816","4","1","261","1510","5","7/23/2014 12:00:00 AM","8/1/2014 12:00:00 AM","143.0415","11.4433","3.5760","158.0608","8/1/2014 12:00:00 AM"
"3817","4","1","251","1526","2","7/23/2014 12:00:00 AM","8/1/2014 12:00:00 AM","28199.3250","2255.9460","704.9831","31160.2541","8/1/2014 12:00:00 AM"
"3818","4","1","253","1644","1","7/23/2014 12:00:00 AM","8/1/2014 12:00:00 AM","3713.3250","297.0660","92.8331","4103.2241","8/1/2014 12:00:00 AM"
"3819","4","1","255","1680","5","7/23/2014 12:00:00 AM","8/1/2014 12:00:00 AM","63831.0750","5106.4860","1595.7769","70533.3379","8/1/2014 12:00:00 AM"
"3820","5","1","256","1584","5","7/23/2014 12:00:00 AM","8/1/2014 12:00:00 AM","9585.4500","766.8360","239.6363","10591.9223","8/1/2014 12:00:00 AM"
"3821","4","1","259","1620","5","7/23/2014 12:00:00 AM","8/1/2014 12:00:00 AM","5711.4750","456.9180","142.7869","6311.1799","8/1/2014 12:00:00 AM"
"3822","4","1","250","1666","5","7/23/2014 12:00:00 AM","8/1/2014 12:00:00 AM","273.7035","21.8963","6.8426","302.4424","8/1/2014 12:00:00 AM"
"3823","4","1","258","1592","2","7/23/2014 12:00:00 AM","8/1/2014 12:00:00 AM","97.9650","7.8372","2.4491","108.2513","8/1/2014 12:00:00 AM"
"3824","4","1","254","1618","4","7/23/2014 12:00:00 AM","8/1/2014 12:00:00 AM","114.4710","9.1577","2.8618","126.4905","8/1/2014 12:00:00 AM"
"3825","4","1","257","1612","4","7/24/2014 12:00:00 AM","8/2/2014 12:00:00 AM","132.6465","10.6117","3.3162","146.5744","8/2/2014 12:00:00 AM"
"3826","4","1","261","1586","5","7/24/2014 12:00:00 AM","8/2/2014 12:00:00 AM","43878.4500","3510.2760","1096.9613","48485.6873","8/2/2014 12:00:00 AM"
"3827","4","1","251","1500","1","7/24/2014 12:00:00 AM","8/2/2014 12:00:00 AM","418.9500","33.5160","10.4738","462.9398","8/2/2014 12:00:00 AM"
"3828","4","1","253","1656","4","7/24/2014 12:00:00 AM","8/2/2014 12:00:00 AM","607.8555","48.6284","15.1964","671.6803","8/2/2014 12:00:00 AM"
"3829","4","1","255","1572","1","7/24/2014 12:00:00 AM","8/2/2014 12:00:00 AM","461.7900","36.9432","11.5448","510.2780","8/2/2014 12:00:00 AM"
"3830","4","1","256","1562","5","7/24/2014 12:00:00 AM","8/2/2014 12:00:00 AM","414.9180","33.1934","10.3730","458.4844","8/2/2014 12:00:00 AM"
"3831","4","1","259","1662","2","7/24/2014 12:00:00 AM","8/2/2014 12:00:00 AM","37.0755","2.9660","0.9269","40.9684","8/2/2014 12:00:00 AM"
"3832","4","1","260","1682","4","7/24/2014 12:00:00 AM","8/2/2014 12:00:00 AM","21558.0750","1724.6460","538.9519","23821.6729","8/2/2014 12:00:00 AM"
"3833","4","1","250","1686","4","7/24/2014 12:00:00 AM","8/2/2014 12:00:00 AM","364.4550","29.1564","9.1114","402.7228","8/2/2014 12:00:00 AM"
"3834","4","1","254","1684","5","7/24/2014 12:00:00 AM","8/2/2014 12:00:00 AM","41048.7000","3283.8960","1026.2175","45358.8135","8/2/2014 12:00:00 AM"
"3835","4","1","257","1534","4","7/24/2014 12:00:00 AM","8/2/2014 12:00:00 AM","111.5415","8.9233","2.7885","123.2533","8/2/2014 12:00:00 AM"
"3836","4","1","261","1614","4","7/24/2014 12:00:00 AM","8/2/2014 12:00:00 AM","390.6000","31.2480","9.7650","431.6130","8/2/2014 12:00:00 AM"
"3837","4","1","251","1588","5","7/24/2014 12:00:00 AM","8/2/2014 12:00:00 AM","40471.2000","3237.6960","1011.7800","44720.6760","8/2/2014 12:00:00 AM"
"3838","4","1","253","1622","4","7/24/2014 12:00:00 AM","8/2/2014 12:00:00 AM","136.3320","10.9066","3.4083","150.6469","8/2/2014 12:00:00 AM"
"3839","4","1","255","1632","5","7/24/2014 12:00:00 AM","8/2/2014 12:00:00 AM","62092.8000","4967.4240","1552.3200","68612.5440","8/2/2014 12:00:00 AM"
"3840","4","1","256","1608","5","7/24/2014 12:00:00 AM","8/2/2014 12:00:00 AM","5948.2500","475.8600","148.7063","6572.8163","8/2/2014 12:00:00 AM"
"3841","4","1","259","1576","5","7/25/2014 12:00:00 AM","8/3/2014 12:00:00 AM","91117.9500","7289.4360","2277.9488","100685.3348","8/3/2014 12:00:00 AM"
"3842","4","1","260","1590","1","7/25/2014 12:00:00 AM","8/3/2014 12:00:00 AM","525.0000","42.0000","13.1250","580.1250","8/3/2014 12:00:00 AM"
"3843","5","1","258","1514","3","7/25/2014 12:00:00 AM","8/3/2014 12:00:00 AM","1721.7900","137.7432","43.0448","1902.5780","8/3/2014 12:00:00 AM"
"3844","4","1","254","1498","4","7/25/2014 12:00:00 AM","8/3/2014 12:00:00 AM","26455.2750","2116.4220","661.3819","29233.0789","8/3/2014 12:00:00 AM"
"3845","4","1","257","1674","2","7/25/2014 12:00:00 AM","8/3/2014 12:00:00 AM","944.3700","75.5496","23.6093","1043.5289","8/3/2014 12:00:00 AM"
"3846","4","1","261","1652","4","7/25/2014 12:00:00 AM","8/3/2014 12:00:00 AM","51588.0750","4127.0460","1289.7019","57004.8229","8/3/2014 12:00:00 AM"
"3847","4","1","251","1578","3","7/25/2014 12:00:00 AM","8/3/2014 12:00:00 AM","62843.5500","5027.4840","1571.0888","69442.1228","8/3/2014 12:00:00 AM"
"3848","7","1","253","1538","5","7/25/2014 12:00:00 AM","8/3/2014 12:00:00 AM","37843.5750","3027.4860","946.0894","41817.1504","8/3/2014 12:00:00 AM"
"3849","4","1","255","1556","4","7/25/2014 12:00:00 AM","8/3/2014 12:00:00 AM","25531.2750","2042.5020","638.2819","28212.0589","8/3/2014 12:00:00 AM"
"3850","4","1","256","1554","4","7/25/2014 12:00:00 AM","8/3/2014 12:00:00 AM","358.6275","28.6902","8.9657","396.2834","8/3/2014 12:00:00 AM"
"3851","4","1","252","1688","4","7/25/2014 12:00:00 AM","8/3/2014 12:00:00 AM","125.7480","10.0598","3.1437","138.9515","8/3/2014 12:00:00 AM"
"3852","4","1","260","1580","5","7/25/2014 12:00:00 AM","8/3/2014 12:00:00 AM","150.7905","12.0632","3.7698","166.6235","8/3/2014 12:00:00 AM"
"3853","4","1","258","1496","5","7/25/2014 12:00:00 AM","8/3/2014 12:00:00 AM","416.7450","33.3396","10.4186","460.5032","8/3/2014 12:00:00 AM"
"3854","4","1","254","1494","2","7/25/2014 12:00:00 AM","8/3/2014 12:00:00 AM","8847.3000","707.7840","221.1825","9776.2665","8/3/2014 12:00:00 AM"
"3855","4","1","257","1650","5","7/25/2014 12:00:00 AM","8/3/2014 12:00:00 AM","171.0765","13.6861","4.2769","189.0395","8/3/2014 12:00:00 AM"
"3856","4","1","261","1654","4","7/25/2014 12:00:00 AM","8/3/2014 12:00:00 AM","20397.3000","1631.7840","509.9325","22539.0165","8/3/2014 12:00:00 AM"
"3857","4","1","250","1664","3","7/26/2014 12:00:00 AM","8/4/2014 12:00:00 AM","14628.0750","1170.2460","365.7019","16164.0229","8/4/2014 12:00:00 AM"
"3858","5","1","253","1678","3","7/26/2014 12:00:00 AM","8/4/2014 12:00:00 AM","58685.5500","4694.8440","1467.1388","64847.5328","8/4/2014 12:00:00 AM"
"3859","4","1","255","1616","4","7/26/2014 12:00:00 AM","8/4/2014 12:00:00 AM","599.4135","47.9531","14.9853","662.3519","8/4/2014 12:00:00 AM"
"3860","4","1","256","1492","4","7/26/2014 12:00:00 AM","8/4/2014 12:00:00 AM","358.6275","28.6902","8.9657","396.2834","8/4/2014 12:00:00 AM"
"3861","4","1","259","1602","5","7/26/2014 12:00:00 AM","8/4/2014 12:00:00 AM","1525.2300","122.0184","38.1308","1685.3792","8/4/2014 12:00:00 AM"
"3862","4","1","260","1540","4","7/26/2014 12:00:00 AM","8/4/2014 12:00:00 AM","228.4380","18.2750","5.7110","252.4240","8/4/2014 12:00:00 AM"
"3863","4","1","258","1628","5","7/26/2014 12:00:00 AM","8/4/2014 12:00:00 AM","34644.2250","2771.5380","866.1056","38281.8686","8/4/2014 12:00:00 AM"
"3864","4","1","254","1604","4","7/26/2014 12:00:00 AM","8/4/2014 12:00:00 AM","257.5755","20.6060","6.4394","284.6209","8/4/2014 12:00:00 AM"
"3865","4","1","252","1690","5","7/26/2014 12:00:00 AM","8/4/2014 12:00:00 AM","146.2860","11.7029","3.6572","161.6461","8/4/2014 12:00:00 AM"
"3866","4","1","261","1566","5","7/26/2014 12:00:00 AM","8/4/2014 12:00:00 AM","102.5640","8.2051","2.5641","113.3332","8/4/2014 12:00:00 AM"
"3867","4","1","251","1698","5","7/26/2014 12:00:00 AM","8/4/2014 12:00:00 AM","150.7905","12.0632","3.7698","166.6235","8/4/2014 12:00:00 AM"
"3868","4","1","253","1560","5","7/26/2014 12:00:00 AM","8/4/2014 12:00:00 AM","13669.4250","1093.5540","341.7356","15104.7146","8/4/2014 12:00:00 AM"
"3869","4","1","255","1692","5","7/26/2014 12:00:00 AM","8/4/2014 12:00:00 AM","6756.1200","540.4896","168.9030","7465.5126","8/4/2014 12:00:00 AM"
"3870","4","1","256","1696","2","7/26/2014 12:00:00 AM","8/4/2014 12:00:00 AM","50860.4250","4068.8340","1271.5106","56200.7696","8/4/2014 12:00:00 AM"
"3871","4","1","259","1504","1","7/26/2014 12:00:00 AM","8/4/2014 12:00:00 AM","551.8800","44.1504","13.7970","609.8274","8/4/2014 12:00:00 AM"
"3872","4","1","260","1544","1","7/26/2014 12:00:00 AM","8/4/2014 12:00:00 AM","3811.5000","304.9200","95.2875","4211.7075","8/4/2014 12:00:00 AM"
"3873","4","1","258","1530","2","7/27/2014 12:00:00 AM","8/5/2014 12:00:00 AM","28072.2750","2245.7820","701.8069","31019.8639","8/5/2014 12:00:00 AM"
"3874","4","1","254","1508","1","7/27/2014 12:00:00 AM","8/5/2014 12:00:00 AM","35394.9750","2831.5980","884.8744","39111.4474","8/5/2014 12:00:00 AM"
"3875","4","1","257","1694","1","7/27/2014 12:00:00 AM","8/5/2014 12:00:00 AM","7623.0000","609.8400","190.5750","8423.4150","8/5/2014 12:00:00 AM"
"3876","4","1","261","1624","2","7/27/2014 12:00:00 AM","8/5/2014 12:00:00 AM","28297.5000","2263.8000","707.4375","31268.7375","8/5/2014 12:00:00 AM"
"3877","4","1","251","1548","2","7/27/2014 12:00:00 AM","8/5/2014 12:00:00 AM","59.9445","4.7956","1.4986","66.2387","8/5/2014 12:00:00 AM"
"3878","4","1","253","1598","4","7/27/2014 12:00:00 AM","8/5/2014 12:00:00 AM","117.4320","9.3946","2.9358","129.7624","8/5/2014 12:00:00 AM"
"3879","4","1","255","1658","5","7/27/2014 12:00:00 AM","8/5/2014 12:00:00 AM","43878.4500","3510.2760","1096.9613","48485.6873","8/5/2014 12:00:00 AM"
"3880","4","1","256","1536","4","7/27/2014 12:00:00 AM","8/5/2014 12:00:00 AM","377.0550","30.1644","9.4264","416.6458","8/5/2014 12:00:00 AM"
"3881","4","1","259","1568","1","7/27/2014 12:00:00 AM","8/5/2014 12:00:00 AM","18220.1250","1457.6100","455.5031","20133.2381","8/5/2014 12:00:00 AM"
"3882","4","1","260","1648","5","7/27/2014 12:00:00 AM","8/5/2014 12:00:00 AM","142.4115","11.3929","3.5603","157.3647","8/5/2014 12:00:00 AM"
"3883","4","1","258","1646","5","7/27/2014 12:00:00 AM","8/5/2014 12:00:00 AM","19236.5250","1538.9220","480.9131","21256.3601","8/5/2014 12:00:00 AM"
"3884","4","1","254","1672","4","7/27/2014 12:00:00 AM","8/5/2014 12:00:00 AM","285.0435","22.8035","7.1261","314.9731","8/5/2014 12:00:00 AM"
"3885","4","1","257","1600","1","7/27/2014 12:00:00 AM","8/5/2014 12:00:00 AM","1276.2750","102.1020","31.9069","1410.2839","8/5/2014 12:00:00 AM"
"3886","4","1","261","1522","1","7/27/2014 12:00:00 AM","8/5/2014 12:00:00 AM","2003.9250","160.3140","50.0981","2214.3371","8/5/2014 12:00:00 AM"
"3887","4","1","251","1570","2","7/27/2014 12:00:00 AM","8/5/2014 12:00:00 AM","50860.4250","4068.8340","1271.5106","56200.7696","8/5/2014 12:00:00 AM"
"3888","4","1","253","1516","1","7/27/2014 12:00:00 AM","8/5/2014 12:00:00 AM","454.8600","36.3888","11.3715","502.6203","8/5/2014 12:00:00 AM"
"3889","4","1","252","1506","5","7/28/2014 12:00:00 AM","8/6/2014 12:00:00 AM","43878.4500","3510.2760","1096.9613","48485.6873","8/6/2014 12:00:00 AM"
"3890","6","1","256","1626","2","7/28/2014 12:00:00 AM","8/6/2014 12:00:00 AM","7132.1250","570.5700","178.3031","7880.9981","8/6/2014 12:00:00 AM"
"3891","4","1","259","1542","2","7/28/2014 12:00:00 AM","8/6/2014 12:00:00 AM","28343.7000","2267.4960","708.5925","31319.7885","8/6/2014 12:00:00 AM"
"3892","4","1","260","1610","4","7/28/2014 12:00:00 AM","8/6/2014 12:00:00 AM","22516.7250","1801.3380","562.9181","24880.9811","8/6/2014 12:00:00 AM"
"3893","4","1","258","1638","5","7/28/2014 12:00:00 AM","8/6/2014 12:00:00 AM","34644.2250","2771.5380","866.1056","38281.8686","8/6/2014 12:00:00 AM"
"3894","4","1","254","1582","5","7/28/2014 12:00:00 AM","8/6/2014 12:00:00 AM","278.8380","22.3070","6.9710","308.1160","8/6/2014 12:00:00 AM"
"3895","4","1","257","1510","5","7/28/2014 12:00:00 AM","8/6/2014 12:00:00 AM","143.0415","11.4433","3.5760","158.0608","8/6/2014 12:00:00 AM"
"3896","4","1","261","1526","2","7/28/2014 12:00:00 AM","8/6/2014 12:00:00 AM","28199.3250","2255.9460","704.9831","31160.2541","8/6/2014 12:00:00 AM"
"3897","4","1","251","1644","1","7/28/2014 12:00:00 AM","8/6/2014 12:00:00 AM","3713.3250","297.0660","92.8331","4103.2241","8/6/2014 12:00:00 AM"
"3898","4","1","253","1680","5","7/28/2014 12:00:00 AM","8/6/2014 12:00:00 AM","63831.0750","5106.4860","1595.7769","70533.3379","8/6/2014 12:00:00 AM"
"3899","4","1","255","1584","5","7/28/2014 12:00:00 AM","8/6/2014 12:00:00 AM","6754.8600","540.3888","168.8715","7464.1203","8/6/2014 12:00:00 AM"
"3900","4","1","252","1620","5","7/28/2014 12:00:00 AM","8/6/2014 12:00:00 AM","5711.4750","456.9180","142.7869","6311.1799","8/6/2014 12:00:00 AM"
"3901","4","1","259","1666","4","7/28/2014 12:00:00 AM","8/6/2014 12:00:00 AM","503.0865","40.2469","12.5772","555.9106","8/6/2014 12:00:00 AM"
"3902","4","1","260","1592","2","7/28/2014 12:00:00 AM","8/6/2014 12:00:00 AM","97.9650","7.8372","2.4491","108.2513","8/6/2014 12:00:00 AM"
"3903","4","1","258","1618","4","7/28/2014 12:00:00 AM","8/6/2014 12:00:00 AM","114.4710","9.1577","2.8618","126.4905","8/6/2014 12:00:00 AM"
"3904","4","1","250","1612","4","7/28/2014 12:00:00 AM","8/6/2014 12:00:00 AM","132.6465","10.6117","3.3162","146.5744","8/6/2014 12:00:00 AM"
"3905","4","1","257","1586","5","7/29/2014 12:00:00 AM","8/7/2014 12:00:00 AM","43878.4500","3510.2760","1096.9613","48485.6873","8/7/2014 12:00:00 AM"
"3906","4","1","261","1500","1","7/29/2014 12:00:00 AM","8/7/2014 12:00:00 AM","418.9500","33.5160","10.4738","462.9398","8/7/2014 12:00:00 AM"
"3907","4","1","251","1656","4","7/29/2014 12:00:00 AM","8/7/2014 12:00:00 AM","824.3550","65.9484","20.6089","910.9123","8/7/2014 12:00:00 AM"
"3908","4","1","253","1572","1","7/29/2014 12:00:00 AM","8/7/2014 12:00:00 AM","461.7900","36.9432","11.5448","510.2780","8/7/2014 12:00:00 AM"
"3909","4","1","255","1562","4","7/29/2014 12:00:00 AM","8/7/2014 12:00:00 AM","630.3780","50.4302","15.7595","696.5677","8/7/2014 12:00:00 AM"
"3910","4","1","256","1662","2","7/29/2014 12:00:00 AM","8/7/2014 12:00:00 AM","37.0755","2.9660","0.9269","40.9684","8/7/2014 12:00:00 AM"
"3911","4","1","259","1682","4","7/29/2014 12:00:00 AM","8/7/2014 12:00:00 AM","21558.0750","1724.6460","538.9519","23821.6729","8/7/2014 12:00:00 AM"
"3912","4","1","260","1686","4","7/29/2014 12:00:00 AM","8/7/2014 12:00:00 AM","234.6435","18.7715","5.8661","259.2811","8/7/2014 12:00:00 AM"
"3913","4","1","258","1684","4","7/29/2014 12:00:00 AM","8/7/2014 12:00:00 AM","45172.0500","3613.7640","1129.3013","49915.1153","8/7/2014 12:00:00 AM"
"3914","4","1","254","1534","5","7/29/2014 12:00:00 AM","8/7/2014 12:00:00 AM","279.7830","22.3826","6.9946","309.1602","8/7/2014 12:00:00 AM"
"3915","4","1","257","1614","5","7/29/2014 12:00:00 AM","8/7/2014 12:00:00 AM","1228.5000","98.2800","30.7125","1357.4925","8/7/2014 12:00:00 AM"
"3916","4","1","261","1588","5","7/29/2014 12:00:00 AM","8/7/2014 12:00:00 AM","40471.2000","3237.6960","1011.7800","44720.6760","8/7/2014 12:00:00 AM"
"3917","4","1","251","1622","5","7/29/2014 12:00:00 AM","8/7/2014 12:00:00 AM","836.0100","66.8808","20.9003","923.7911","8/7/2014 12:00:00 AM"
"3918","4","1","253","1632","5","7/29/2014 12:00:00 AM","8/7/2014 12:00:00 AM","62092.8000","4967.4240","1552.3200","68612.5440","8/7/2014 12:00:00 AM"
"3919","5","1","255","1608","5","7/29/2014 12:00:00 AM","8/7/2014 12:00:00 AM","5948.2500","475.8600","148.7063","6572.8163","8/7/2014 12:00:00 AM"
"3920","4","1","256","1576","5","7/29/2014 12:00:00 AM","8/7/2014 12:00:00 AM","91117.9500","7289.4360","2277.9488","100685.3348","8/7/2014 12:00:00 AM"
"3921","4","1","259","1590","1","7/30/2014 12:00:00 AM","8/8/2014 12:00:00 AM","525.0000","42.0000","13.1250","580.1250","8/8/2014 12:00:00 AM"
"3922","4","1","250","1514","5","7/30/2014 12:00:00 AM","8/8/2014 12:00:00 AM","281.8935","22.5515","7.0473","311.4923","8/8/2014 12:00:00 AM"
"3923","4","1","258","1498","4","7/30/2014 12:00:00 AM","8/8/2014 12:00:00 AM","26455.2750","2116.4220","661.3819","29233.0789","8/8/2014 12:00:00 AM"
"3924","4","1","254","1674","2","7/30/2014 12:00:00 AM","8/8/2014 12:00:00 AM","944.3700","75.5496","23.6093","1043.5289","8/8/2014 12:00:00 AM"
"3925","4","1","257","1652","4","7/30/2014 12:00:00 AM","8/8/2014 12:00:00 AM","51588.0750","4127.0460","1289.7019","57004.8229","8/8/2014 12:00:00 AM"
"3926","4","1","261","1578","3","7/30/2014 12:00:00 AM","8/8/2014 12:00:00 AM","62843.5500","5027.4840","1571.0888","69442.1228","8/8/2014 12:00:00 AM"
"3927","4","1","251","1538","5","7/30/2014 12:00:00 AM","8/8/2014 12:00:00 AM","37843.5750","3027.4860","946.0894","41817.1504","8/8/2014 12:00:00 AM"
"3928","4","1","253","1556","4","7/30/2014 12:00:00 AM","8/8/2014 12:00:00 AM","25531.2750","2042.5020","638.2819","28212.0589","8/8/2014 12:00:00 AM"
"3929","4","1","255","1554","4","7/30/2014 12:00:00 AM","8/8/2014 12:00:00 AM","234.9585","18.7967","5.8740","259.6292","8/8/2014 12:00:00 AM"
"3930","4","1","256","1688","4","7/30/2014 12:00:00 AM","8/8/2014 12:00:00 AM","125.7480","10.0598","3.1437","138.9515","8/8/2014 12:00:00 AM"
"3931","4","1","259","1580","5","7/30/2014 12:00:00 AM","8/8/2014 12:00:00 AM","150.7905","12.0632","3.7698","166.6235","8/8/2014 12:00:00 AM"
"3932","4","1","260","1496","5","7/30/2014 12:00:00 AM","8/8/2014 12:00:00 AM","273.7035","21.8963","6.8426","302.4424","8/8/2014 12:00:00 AM"
"3933","4","1","250","1494","2","7/30/2014 12:00:00 AM","8/8/2014 12:00:00 AM","8847.3000","707.7840","221.1825","9776.2665","8/8/2014 12:00:00 AM"
"3934","4","1","254","1650","5","7/30/2014 12:00:00 AM","8/8/2014 12:00:00 AM","171.0765","13.6861","4.2769","189.0395","8/8/2014 12:00:00 AM"
"3935","4","1","257","1654","4","7/30/2014 12:00:00 AM","8/8/2014 12:00:00 AM","20397.3000","1631.7840","509.9325","22539.0165","8/8/2014 12:00:00 AM"
"3936","4","1","261","1664","3","7/30/2014 12:00:00 AM","8/8/2014 12:00:00 AM","14628.0750","1170.2460","365.7019","16164.0229","8/8/2014 12:00:00 AM"
"3937","4","1","251","1678","3","7/31/2014 12:00:00 AM","8/9/2014 12:00:00 AM","58685.5500","4694.8440","1467.1388","64847.5328","8/9/2014 12:00:00 AM"
"3938","4","1","253","1616","5","7/31/2014 12:00:00 AM","8/9/2014 12:00:00 AM","693.3780","55.4702","17.3345","766.1827","8/9/2014 12:00:00 AM"
"3939","4","1","255","1492","4","7/31/2014 12:00:00 AM","8/9/2014 12:00:00 AM","234.9585","18.7967","5.8740","259.6292","8/9/2014 12:00:00 AM"
"3940","4","1","256","1602","5","7/31/2014 12:00:00 AM","8/9/2014 12:00:00 AM","1796.0355","143.6828","44.9009","1984.6192","8/9/2014 12:00:00 AM"
"3941","4","1","259","1540","4","7/31/2014 12:00:00 AM","8/9/2014 12:00:00 AM","514.7415","41.1793","12.8685","568.7893","8/9/2014 12:00:00 AM"
"3942","4","1","260","1628","5","7/31/2014 12:00:00 AM","8/9/2014 12:00:00 AM","34644.2250","2771.5380","866.1056","38281.8686","8/9/2014 12:00:00 AM"
"3943","5","1","258","1604","3","7/31/2014 12:00:00 AM","8/9/2014 12:00:00 AM","1581.9300","126.5544","39.5483","1748.0327","8/9/2014 12:00:00 AM"
"3944","4","1","254","1690","5","7/31/2014 12:00:00 AM","8/9/2014 12:00:00 AM","146.2860","11.7029","3.6572","161.6461","8/9/2014 12:00:00 AM"
"3945","4","1","257","1566","5","7/31/2014 12:00:00 AM","8/9/2014 12:00:00 AM","102.5640","8.2051","2.5641","113.3332","8/9/2014 12:00:00 AM"
"3946","4","1","261","1698","5","7/31/2014 12:00:00 AM","8/9/2014 12:00:00 AM","150.7905","12.0632","3.7698","166.6235","8/9/2014 12:00:00 AM"
"3947","4","1","251","1560","5","7/31/2014 12:00:00 AM","8/9/2014 12:00:00 AM","13669.4250","1093.5540","341.7356","15104.7146","8/9/2014 12:00:00 AM"
"3948","4","1","253","1692","5","7/31/2014 12:00:00 AM","8/9/2014 12:00:00 AM","16393.2300","1311.4584","409.8308","18114.5192","8/9/2014 12:00:00 AM"
"3949","4","1","255","1696","2","7/31/2014 12:00:00 AM","8/9/2014 12:00:00 AM","79204.1250","6336.3300","1980.1031","87520.5581","8/9/2014 12:00:00 AM"
"3950","4","1","256","1504","1","7/31/2014 12:00:00 AM","8/9/2014 12:00:00 AM","551.8800","44.1504","13.7970","609.8274","8/9/2014 12:00:00 AM"
"3951","4","1","252","1544","1","7/31/2014 12:00:00 AM","8/9/2014 12:00:00 AM","3176.2500","254.1000","79.4063","3509.7563","8/9/2014 12:00:00 AM"
"3952","4","1","260","1530","2","7/31/2014 12:00:00 AM","8/9/2014 12:00:00 AM","28072.2750","2245.7820","701.8069","31019.8639","8/9/2014 12:00:00 AM"
"3953","4","1","258","1508","1","8/1/2014 12:00:00 AM","8/10/2014 12:00:00 AM","1917.3000","153.3840","47.9325","2118.6165","8/10/2014 12:00:00 AM"
"3954","4","1","254","1694","1","8/1/2014 12:00:00 AM","8/10/2014 12:00:00 AM","4215.7500","337.2600","105.3938","4658.4038","8/10/2014 12:00:00 AM"
"3955","4","1","257","1624","2","8/1/2014 12:00:00 AM","8/10/2014 12:00:00 AM","28297.5000","2263.8000","707.4375","31268.7375","8/10/2014 12:00:00 AM"
"3956","4","1","261","1548","2","8/1/2014 12:00:00 AM","8/10/2014 12:00:00 AM","59.9445","4.7956","1.4986","66.2387","8/10/2014 12:00:00 AM"
"3957","4","1","250","1598","4","8/1/2014 12:00:00 AM","8/10/2014 12:00:00 AM","722.6100","57.8088","18.0653","798.4841","8/10/2014 12:00:00 AM"
"3958","4","1","253","1658","5","8/1/2014 12:00:00 AM","8/10/2014 12:00:00 AM","43878.4500","3510.2760","1096.9613","48485.6873","8/10/2014 12:00:00 AM"
"3959","4","1","255","1536","4","8/1/2014 12:00:00 AM","8/10/2014 12:00:00 AM","592.7985","47.4239","14.8200","655.0424","8/10/2014 12:00:00 AM"
"3960","4","1","256","1568","1","8/1/2014 12:00:00 AM","8/10/2014 12:00:00 AM","13825.3500","1106.0280","345.6338","15277.0118","8/10/2014 12:00:00 AM"
"3961","4","1","259","1648","5","8/1/2014 12:00:00 AM","8/10/2014 12:00:00 AM","142.4115","11.3929","3.5603","157.3647","8/10/2014 12:00:00 AM"
"3962","5","1","260","1646","2","8/1/2014 12:00:00 AM","8/10/2014 12:00:00 AM","28794.1500","2303.5320","719.8538","31817.5358","8/10/2014 12:00:00 AM"
"3963","4","1","258","1672","4","8/1/2014 12:00:00 AM","8/10/2014 12:00:00 AM","408.5550","32.6844","10.2139","451.4533","8/10/2014 12:00:00 AM"
"3964","4","1","254","1600","1","8/1/2014 12:00:00 AM","8/10/2014 12:00:00 AM","1276.2750","102.1020","31.9069","1410.2839","8/10/2014 12:00:00 AM"
"3965","4","1","252","1522","1","8/1/2014 12:00:00 AM","8/10/2014 12:00:00 AM","2003.9250","160.3140","50.0981","2214.3371","8/10/2014 12:00:00 AM"
"3966","4","1","261","1570","2","8/1/2014 12:00:00 AM","8/10/2014 12:00:00 AM","50860.4250","4068.8340","1271.5106","56200.7696","8/10/2014 12:00:00 AM"
"3967","4","1","251","1516","1","8/1/2014 12:00:00 AM","8/10/2014 12:00:00 AM","454.8600","36.3888","11.3715","502.6203","8/10/2014 12:00:00 AM"
"3968","4","1","253","1506","5","8/1/2014 12:00:00 AM","8/10/2014 12:00:00 AM","43878.4500","3510.2760","1096.9613","48485.6873","8/10/2014 12:00:00 AM"
"3969","4","1","255","1626","2","8/2/2014 12:00:00 AM","8/11/2014 12:00:00 AM","7132.1250","570.5700","178.3031","7880.9981","8/11/2014 12:00:00 AM"
"3970","5","1","256","1542","2","8/2/2014 12:00:00 AM","8/11/2014 12:00:00 AM","28343.7000","2267.4960","708.5925","31319.7885","8/11/2014 12:00:00 AM"
"3971","4","1","259","1610","4","8/2/2014 12:00:00 AM","8/11/2014 12:00:00 AM","22516.7250","1801.3380","562.9181","24880.9811","8/11/2014 12:00:00 AM"
"3972","4","1","260","1638","5","8/2/2014 12:00:00 AM","8/11/2014 12:00:00 AM","34644.2250","2771.5380","866.1056","38281.8686","8/11/2014 12:00:00 AM"
"3973","4","1","258","1582","5","8/2/2014 12:00:00 AM","8/11/2014 12:00:00 AM","415.3275","33.2262","10.3832","458.9369","8/11/2014 12:00:00 AM"
"3974","4","1","254","1510","5","8/2/2014 12:00:00 AM","8/11/2014 12:00:00 AM","143.0415","11.4433","3.5760","158.0608","8/11/2014 12:00:00 AM"
"3975","4","1","257","1526","2","8/2/2014 12:00:00 AM","8/11/2014 12:00:00 AM","28199.3250","2255.9460","704.9831","31160.2541","8/11/2014 12:00:00 AM"
"3976","4","1","261","1644","1","8/2/2014 12:00:00 AM","8/11/2014 12:00:00 AM","3713.3250","297.0660","92.8331","4103.2241","8/11/2014 12:00:00 AM"
"3977","4","1","251","1680","5","8/2/2014 12:00:00 AM","8/11/2014 12:00:00 AM","63831.0750","5106.4860","1595.7769","70533.3379","8/11/2014 12:00:00 AM"
"3978","4","1","253","1584","5","8/2/2014 12:00:00 AM","8/11/2014 12:00:00 AM","16340.3100","1307.2248","408.5078","18056.0426","8/11/2014 12:00:00 AM"
"3979","4","1","255","1620","5","8/2/2014 12:00:00 AM","8/11/2014 12:00:00 AM","5711.4750","456.9180","142.7869","6311.1799","8/11/2014 12:00:00 AM"
"3980","4","1","256","1666","4","8/2/2014 12:00:00 AM","8/11/2014 12:00:00 AM","360.0450","28.8036","9.0011","397.8497","8/11/2014 12:00:00 AM"
"3981","4","1","259","1592","2","8/2/2014 12:00:00 AM","8/11/2014 12:00:00 AM","97.9650","7.8372","2.4491","108.2513","8/11/2014 12:00:00 AM"
"3982","4","1","260","1618","4","8/2/2014 12:00:00 AM","8/11/2014 12:00:00 AM","114.4710","9.1577","2.8618","126.4905","8/11/2014 12:00:00 AM"
"3983","4","1","258","1612","4","8/2/2014 12:00:00 AM","8/11/2014 12:00:00 AM","132.6465","10.6117","3.3162","146.5744","8/11/2014 12:00:00 AM"
"3984","4","1","254","1586","5","8/2/2014 12:00:00 AM","8/11/2014 12:00:00 AM","43878.4500","3510.2760","1096.9613","48485.6873","8/11/2014 12:00:00 AM"
"3985","4","1","257","1500","1","8/3/2014 12:00:00 AM","8/12/2014 12:00:00 AM","418.9500","33.5160","10.4738","462.9398","8/12/2014 12:00:00 AM"
"3986","4","1","261","1656","4","8/3/2014 12:00:00 AM","8/12/2014 12:00:00 AM","525.7665","42.0613","13.1442","580.9720","8/12/2014 12:00:00 AM"
"3987","4","1","251","1572","1","8/3/2014 12:00:00 AM","8/12/2014 12:00:00 AM","461.7900","36.9432","11.5448","510.2780","8/12/2014 12:00:00 AM"
"3988","4","1","253","1562","4","8/3/2014 12:00:00 AM","8/12/2014 12:00:00 AM","481.8870","38.5510","12.0472","532.4852","8/12/2014 12:00:00 AM"
"3989","4","1","252","1662","2","8/3/2014 12:00:00 AM","8/12/2014 12:00:00 AM","37.0755","2.9660","0.9269","40.9684","8/12/2014 12:00:00 AM"
"3990","4","1","256","1682","4","8/3/2014 12:00:00 AM","8/12/2014 12:00:00 AM","21558.0750","1724.6460","538.9519","23821.6729","8/12/2014 12:00:00 AM"
"3991","4","1","259","1686","4","8/3/2014 12:00:00 AM","8/12/2014 12:00:00 AM","475.6815","38.0545","11.8920","525.6280","8/12/2014 12:00:00 AM"
"3992","4","1","260","1684","5","8/3/2014 12:00:00 AM","8/12/2014 12:00:00 AM","41048.7000","3283.8960","1026.2175","45358.8135","8/12/2014 12:00:00 AM"
"3993","4","1","258","1534","5","8/3/2014 12:00:00 AM","8/12/2014 12:00:00 AM","416.7450","33.3396","10.4186","460.5032","8/12/2014 12:00:00 AM"
"3994","4","1","254","1614","5","8/3/2014 12:00:00 AM","8/12/2014 12:00:00 AM","279.1530","22.3322","6.9788","308.4640","8/12/2014 12:00:00 AM"
"3995","5","1","257","1588","5","8/3/2014 12:00:00 AM","8/12/2014 12:00:00 AM","40471.2000","3237.6960","1011.7800","44720.6760","8/12/2014 12:00:00 AM"
"3996","4","1","261","1622","4","8/3/2014 12:00:00 AM","8/12/2014 12:00:00 AM","389.6550","31.1724","9.7414","430.5688","8/12/2014 12:00:00 AM"
"3997","4","1","251","1632","5","8/3/2014 12:00:00 AM","8/12/2014 12:00:00 AM","62092.8000","4967.4240","1552.3200","68612.5440","8/12/2014 12:00:00 AM"
"3998","4","1","253","1608","5","8/3/2014 12:00:00 AM","8/12/2014 12:00:00 AM","5948.2500","475.8600","148.7063","6572.8163","8/12/2014 12:00:00 AM"
"3999","4","1","255","1576","5","8/3/2014 12:00:00 AM","8/12/2014 12:00:00 AM","91117.9500","7289.4360","2277.9488","100685.3348","8/12/2014 12:00:00 AM"
"4000","4","1","252","1590","1","8/3/2014 12:00:00 AM","8/12/2014 12:00:00 AM","525.0000","42.0000","13.1250","580.1250","8/12/2014 12:00:00 AM"
"4001","8","2","260","1520","3","2/11/2014 12:00:00 AM","3/8/2014 12:00:00 AM","4578.3150","366.2652","91.5663","5036.1465","8/12/2015 12:25:46 PM"
"4002","7","2","252","1574","3","9/22/2014 12:00:00 AM","10/17/2014 12:00:00 AM","1020.0000","81.6000","20.4000","1122.0000","8/12/2015 12:25:46 PM"
"4003","7","2","252","1636","3","5/14/2014 12:00:00 AM","6/8/2014 12:00:00 AM","27453.6000","2196.2880","549.0720","30198.9600","8/12/2015 12:25:46 PM"
"4004","8","2","252","1636","3","11/3/2013 12:00:00 AM","11/28/2013 12:00:00 AM","46383.0000","3710.6400","927.6600","51021.3000","8/12/2015 12:25:46 PM"
"4005","6","2","252","1636","3","1/27/2014 12:00:00 AM","2/21/2014 12:00:00 AM","7425.0000","594.0000","148.5000","8167.5000","8/12/2015 12:25:46 PM"
"4006","12","2","256","1518","3","1/18/2014 12:00:00 AM","2/12/2014 12:00:00 AM","21882.5000","1750.6000","437.6500","24070.7500","8/12/2015 12:25:46 PM"
"4007","14","2","251","1594","3","3/1/2014 12:00:00 AM","3/26/2014 12:00:00 AM","554020.0000","44321.6000","11080.4000","609422.0000","8/12/2015 12:25:46 PM"
"4008","20","2","258","1676","3","4/22/2014 12:00:00 AM","5/17/2014 12:00:00 AM","396729.0000","31738.3200","7934.5800","436401.9000","8/12/2015 12:25:46 PM"
"4009","9","2","261","1546","3","11/9/2013 12:00:00 AM","12/4/2013 12:00:00 AM","14915.0000","1193.2000","298.3000","16406.5000","8/12/2015 12:25:46 PM"
"4010","7","2","260","1574","3","11/9/2013 12:00:00 AM","12/4/2013 12:00:00 AM","37760.0000","3020.8000","755.2000","41536.0000","8/12/2015 12:25:46 PM"
"4011","10","2","254","1546","3","6/24/2014 12:00:00 AM","7/19/2014 12:00:00 AM","54492.5000","4359.4000","1089.8500","59941.7500","8/12/2015 12:25:46 PM"
"4012","9","2","254","1636","3","6/24/2014 12:00:00 AM","7/19/2014 12:00:00 AM","997680.0000","79814.4000","19953.6000","1097448.0000","8/12/2015 12:25:46 PM"
