"BusinessEntityID","CreditCardID","ModifiedDate"
"293","17038","7/31/2013 12:00:00 AM"
"295","15369","8/1/2011 12:00:00 AM"
"297","8010","8/1/2011 12:00:00 AM"
"299","5316","7/31/2013 12:00:00 AM"
"301","6653","5/31/2011 12:00:00 AM"
"303","9010","7/31/2012 12:00:00 AM"
"305","8937","5/31/2011 12:00:00 AM"
"307","16124","10/30/2012 12:00:00 AM"
"309","9478","7/1/2011 12:00:00 AM"
"311","17600","8/1/2011 12:00:00 AM"
"313","1970","6/30/2013 12:00:00 AM"
"315","8274","7/31/2013 12:00:00 AM"
"317","13045","5/31/2011 12:00:00 AM"
"319","13601","8/1/2011 12:00:00 AM"
"323","5958","7/31/2012 12:00:00 AM"
"325","10709","5/30/2012 12:00:00 AM"
"327","126","7/31/2013 12:00:00 AM"
"329","6626","5/30/2013 12:00:00 AM"
"331","14963","6/30/2012 12:00:00 AM"
"333","18100","8/1/2011 12:00:00 AM"
"335","12823","3/30/2013 12:00:00 AM"
"337","11434","6/30/2013 12:00:00 AM"
"339","13160","7/1/2011 12:00:00 AM"
"341","3787","10/31/2011 12:00:00 AM"
"343","8979","7/1/2011 12:00:00 AM"
"345","14729","7/1/2011 12:00:00 AM"
"347","6264","7/1/2011 12:00:00 AM"
"349","2273","7/31/2013 12:00:00 AM"
"351","18154","6/30/2012 12:00:00 AM"
"353","18257","7/31/2013 12:00:00 AM"
"355","14184","7/1/2011 12:00:00 AM"
"357","11472","6/30/2013 12:00:00 AM"
"359","10785","6/30/2013 12:00:00 AM"
"361","4215","8/1/2011 12:00:00 AM"
"363","2396","6/30/2013 12:00:00 AM"
"365","4983","5/30/2012 12:00:00 AM"
"367","1660","7/1/2011 12:00:00 AM"
"369","17861","7/1/2011 12:00:00 AM"
"371","15321","7/1/2011 12:00:00 AM"
"373","3756","6/30/2013 12:00:00 AM"
"375","14486","8/1/2011 12:00:00 AM"
"377","16441","6/30/2013 12:00:00 AM"
"379","10338","7/31/2013 12:00:00 AM"
"381","4173","7/31/2012 12:00:00 AM"
"383","18570","7/31/2013 12:00:00 AM"
"385","9102","7/31/2012 12:00:00 AM"
"387","626","10/31/2011 12:00:00 AM"
"389","5409","8/30/2012 12:00:00 AM"
"391","2337","5/31/2011 12:00:00 AM"
"393","5262","7/31/2013 12:00:00 AM"
"397","6272","7/31/2012 12:00:00 AM"
"405","11945","10/30/2012 12:00:00 AM"
"407","14938","7/31/2013 12:00:00 AM"
"409","6306","6/30/2013 12:00:00 AM"
"411","181","7/1/2011 12:00:00 AM"
"413","17315","6/30/2012 12:00:00 AM"
"417","13667","10/1/2011 12:00:00 AM"
"419","12491","6/30/2013 12:00:00 AM"
"421","18295","6/30/2012 12:00:00 AM"
"427","12189","6/30/2012 12:00:00 AM"
"429","16173","2/28/2013 12:00:00 AM"
"431","10057","7/31/2012 12:00:00 AM"
"435","10187","6/30/2013 12:00:00 AM"
"437","5528","7/1/2011 12:00:00 AM"
"439","7083","5/31/2011 12:00:00 AM"
"441","12492","7/31/2013 12:00:00 AM"
"443","7657","7/31/2013 12:00:00 AM"
"445","1977","7/31/2013 12:00:00 AM"
"449","9647","7/31/2013 12:00:00 AM"
"451","1684","10/1/2011 12:00:00 AM"
"453","1163","10/1/2011 12:00:00 AM"
"455","11087","6/30/2013 12:00:00 AM"
"463","3513","7/31/2013 12:00:00 AM"
"465","11282","7/1/2011 12:00:00 AM"
"471","14489","7/31/2012 12:00:00 AM"
"473","9772","6/30/2012 12:00:00 AM"
"475","7777","6/30/2013 12:00:00 AM"
"477","7293","8/1/2011 12:00:00 AM"
"479","14814","7/31/2013 12:00:00 AM"
"481","10832","6/30/2013 12:00:00 AM"
"483","4322","5/31/2011 12:00:00 AM"
"487","18017","5/31/2011 12:00:00 AM"
"489","7527","6/30/2013 12:00:00 AM"
"491","9458","7/31/2012 12:00:00 AM"
"493","13917","7/1/2011 12:00:00 AM"
"495","242","5/31/2011 12:00:00 AM"
"497","14363","7/1/2011 12:00:00 AM"
"501","17699","7/31/2013 12:00:00 AM"
"503","8394","7/31/2012 12:00:00 AM"
"505","3490","7/31/2012 12:00:00 AM"
"507","12316","6/30/2013 12:00:00 AM"
"509","6442","7/31/2012 12:00:00 AM"
"511","319","8/1/2011 12:00:00 AM"
"513","6920","8/30/2013 12:00:00 AM"
"515","12857","7/31/2012 12:00:00 AM"
"517","15232","5/31/2011 12:00:00 AM"
"519","4524","8/1/2011 12:00:00 AM"
"521","1359","7/1/2011 12:00:00 AM"
"523","4789","10/1/2011 12:00:00 AM"
"525","1803","7/31/2012 12:00:00 AM"
"527","972","10/1/2011 12:00:00 AM"
"531","16467","6/30/2013 12:00:00 AM"
"533","1906","5/30/2012 12:00:00 AM"
"535","15842","10/1/2011 12:00:00 AM"
"537","17164","5/30/2013 12:00:00 AM"
"539","1308","6/30/2012 12:00:00 AM"
"541","3392","5/30/2013 12:00:00 AM"
"543","17368","8/1/2011 12:00:00 AM"
"545","8522","6/30/2012 12:00:00 AM"
"547","6340","5/30/2012 12:00:00 AM"
"549","16065","5/30/2013 12:00:00 AM"
"551","19204","5/31/2011 12:00:00 AM"
"553","15195","6/30/2013 12:00:00 AM"
"555","15487","6/30/2012 12:00:00 AM"
"557","4052","5/30/2012 12:00:00 AM"
"559","2741","7/31/2012 12:00:00 AM"
"561","3318","6/30/2012 12:00:00 AM"
"563","11110","5/30/2013 12:00:00 AM"
"565","17281","7/31/2013 12:00:00 AM"
"567","18868","5/30/2012 12:00:00 AM"
"569","16021","5/30/2012 12:00:00 AM"
"573","14612","5/31/2011 12:00:00 AM"
"577","4727","7/31/2013 12:00:00 AM"
"579","15924","6/30/2013 12:00:00 AM"
"581","17540","6/30/2013 12:00:00 AM"
"583","3235","5/31/2011 12:00:00 AM"
"585","5758","10/1/2011 12:00:00 AM"
"587","13536","7/31/2013 12:00:00 AM"
"589","18717","5/30/2012 12:00:00 AM"
"591","1566","5/31/2011 12:00:00 AM"
"595","12715","6/30/2013 12:00:00 AM"
"597","17277","6/30/2012 12:00:00 AM"
"599","10270","7/1/2011 12:00:00 AM"
"601","17923","6/30/2012 12:00:00 AM"
"603","553","6/30/2012 12:00:00 AM"
"607","5577","7/1/2011 12:00:00 AM"
"609","5514","9/30/2012 12:00:00 AM"
"611","7829","8/1/2011 12:00:00 AM"
"613","17308","5/30/2013 12:00:00 AM"
"615","204","7/1/2011 12:00:00 AM"
"617","2602","7/31/2013 12:00:00 AM"
"619","6863","9/30/2012 12:00:00 AM"
"621","15954","6/30/2012 12:00:00 AM"
"623","10502","7/31/2013 12:00:00 AM"
"625","11580","7/31/2013 12:00:00 AM"
"627","5589","6/30/2012 12:00:00 AM"
"629","3764","5/30/2013 12:00:00 AM"
"631","13278","8/1/2011 12:00:00 AM"
"633","13923","6/30/2012 12:00:00 AM"
"635","2847","5/30/2013 12:00:00 AM"
"637","2270","7/31/2012 12:00:00 AM"
"639","2604","5/30/2012 12:00:00 AM"
"641","5164","8/1/2011 12:00:00 AM"
"643","18460","7/31/2013 12:00:00 AM"
"647","4357","8/1/2011 12:00:00 AM"
"649","5751","6/30/2012 12:00:00 AM"
"651","4830","5/30/2013 12:00:00 AM"
"653","7600","8/1/2011 12:00:00 AM"
"655","16192","6/30/2013 12:00:00 AM"
"657","6468","7/31/2012 12:00:00 AM"
"659","9961","7/31/2013 12:00:00 AM"
"661","13054","5/31/2011 12:00:00 AM"
"663","17774","5/30/2012 12:00:00 AM"
"665","16805","5/30/2013 12:00:00 AM"
"667","778","8/1/2011 12:00:00 AM"
"669","14842","5/30/2013 12:00:00 AM"
"671","19154","8/1/2011 12:00:00 AM"
"675","230","7/31/2013 12:00:00 AM"
"681","12529","7/31/2013 12:00:00 AM"
"683","14497","5/30/2012 12:00:00 AM"
"685","14064","8/1/2011 12:00:00 AM"
"687","8342","5/30/2013 12:00:00 AM"
"689","15364","6/30/2013 12:00:00 AM"
"691","1912","5/30/2012 12:00:00 AM"
"693","17935","8/1/2011 12:00:00 AM"
"695","18328","7/31/2013 12:00:00 AM"
"697","5301","5/31/2011 12:00:00 AM"
"699","10526","6/30/2012 12:00:00 AM"
"701","15282","7/31/2012 12:00:00 AM"
"703","7167","7/1/2011 12:00:00 AM"
"705","11274","6/30/2013 12:00:00 AM"
"707","7832","6/30/2013 12:00:00 AM"
"709","14371","6/30/2012 12:00:00 AM"
"713","16871","10/1/2011 12:00:00 AM"
"715","12135","10/31/2011 12:00:00 AM"
"717","16939","5/30/2013 12:00:00 AM"
"719","18908","5/30/2013 12:00:00 AM"
"721","5618","5/31/2011 12:00:00 AM"
"723","18407","8/1/2011 12:00:00 AM"
"725","17073","10/31/2011 12:00:00 AM"
"727","18323","7/1/2011 12:00:00 AM"
"729","14261","7/31/2013 12:00:00 AM"
"731","12554","6/30/2012 12:00:00 AM"
"733","15829","7/31/2012 12:00:00 AM"
"735","1039","5/30/2013 12:00:00 AM"
"737","18049","7/1/2011 12:00:00 AM"
"739","17658","8/1/2011 12:00:00 AM"
"741","18502","8/31/2011 12:00:00 AM"
"743","10336","5/30/2012 12:00:00 AM"
"745","3827","6/30/2012 12:00:00 AM"
"751","17669","8/1/2011 12:00:00 AM"
"753","7092","8/1/2011 12:00:00 AM"
"757","10553","7/31/2013 12:00:00 AM"
"759","11781","7/1/2011 12:00:00 AM"
"761","3070","5/30/2012 12:00:00 AM"
"763","7392","8/1/2011 12:00:00 AM"
"765","15443","6/30/2012 12:00:00 AM"
"767","923","5/30/2012 12:00:00 AM"
"769","11046","5/30/2013 12:00:00 AM"
"771","4931","5/30/2013 12:00:00 AM"
"773","5824","7/31/2013 12:00:00 AM"
"775","11080","7/31/2012 12:00:00 AM"
"777","11201","4/30/2012 12:00:00 AM"
"779","11745","7/1/2011 12:00:00 AM"
"781","10064","6/30/2012 12:00:00 AM"
"783","9628","7/31/2013 12:00:00 AM"
"785","17544","7/31/2012 12:00:00 AM"
"787","18496","8/1/2011 12:00:00 AM"
"789","15090","7/1/2011 12:00:00 AM"
"791","17902","5/30/2012 12:00:00 AM"
"793","6452","7/1/2011 12:00:00 AM"
"795","14546","6/30/2013 12:00:00 AM"
"797","7597","7/31/2012 12:00:00 AM"
"799","3047","8/1/2011 12:00:00 AM"
"801","10783","7/31/2012 12:00:00 AM"
"803","12214","8/1/2011 12:00:00 AM"
"805","17062","8/1/2011 12:00:00 AM"
"807","18231","6/30/2012 12:00:00 AM"
"809","11622","6/30/2013 12:00:00 AM"
"811","6065","8/1/2011 12:00:00 AM"
"813","18875","8/1/2011 12:00:00 AM"
"815","13468","7/1/2011 12:00:00 AM"
"817","15882","7/1/2011 12:00:00 AM"
"819","12399","5/31/2011 12:00:00 AM"
"821","16523","9/30/2012 12:00:00 AM"
"823","16023","7/31/2013 12:00:00 AM"
"825","19078","8/1/2011 12:00:00 AM"
"827","12698","8/1/2011 12:00:00 AM"
"829","15616","6/30/2013 12:00:00 AM"
"831","6126","7/1/2011 12:00:00 AM"
"833","12648","6/30/2013 12:00:00 AM"
"835","5346","10/30/2012 12:00:00 AM"
"837","12015","6/30/2013 12:00:00 AM"
"839","9043","10/1/2011 12:00:00 AM"
"841","8015","1/29/2014 12:00:00 AM"
"843","6235","10/30/2012 12:00:00 AM"
"845","161","7/1/2011 12:00:00 AM"
"847","6940","6/30/2012 12:00:00 AM"
"849","7604","8/1/2011 12:00:00 AM"
"851","1346","5/31/2011 12:00:00 AM"
"853","8213","7/31/2013 12:00:00 AM"
"855","11874","7/31/2013 12:00:00 AM"
"857","19143","5/30/2013 12:00:00 AM"
"859","18174","7/31/2013 12:00:00 AM"
"861","10146","7/31/2012 12:00:00 AM"
"863","18813","8/1/2011 12:00:00 AM"
"867","16967","7/31/2013 12:00:00 AM"
"869","11011","7/1/2011 12:00:00 AM"
"871","3465","7/31/2012 12:00:00 AM"
"873","12","5/30/2012 12:00:00 AM"
"875","8579","5/30/2013 12:00:00 AM"
"877","7146","8/1/2011 12:00:00 AM"
"879","15538","5/31/2011 12:00:00 AM"
"881","11555","8/1/2011 12:00:00 AM"
"883","6675","7/1/2011 12:00:00 AM"
"885","13480","7/31/2012 12:00:00 AM"
"887","5099","5/30/2013 12:00:00 AM"
"889","5995","9/30/2013 12:00:00 AM"
"891","15319","6/30/2012 12:00:00 AM"
"893","4511","5/1/2014 12:00:00 AM"
"895","6955","8/1/2011 12:00:00 AM"
"897","2759","10/1/2011 12:00:00 AM"
"899","13246","7/1/2011 12:00:00 AM"
"901","18591","7/31/2012 12:00:00 AM"
"903","76","5/31/2011 12:00:00 AM"
"905","17748","7/31/2013 12:00:00 AM"
"907","5439","5/31/2011 12:00:00 AM"
"909","14599","7/31/2013 12:00:00 AM"
"911","3498","7/31/2012 12:00:00 AM"
"913","11717","7/1/2011 12:00:00 AM"
"915","15076","6/30/2012 12:00:00 AM"
"919","10919","12/31/2012 12:00:00 AM"
"921","8965","8/30/2013 12:00:00 AM"
"923","15586","12/1/2011 12:00:00 AM"
"925","17132","8/1/2011 12:00:00 AM"
"927","782","7/31/2012 12:00:00 AM"
"929","11441","5/30/2012 12:00:00 AM"
"931","14562","5/30/2012 12:00:00 AM"
"933","19181","7/1/2011 12:00:00 AM"
"935","15798","7/1/2011 12:00:00 AM"
"937","10915","7/31/2012 12:00:00 AM"
"939","706","5/30/2013 12:00:00 AM"
"941","4662","6/30/2013 12:00:00 AM"
"943","5710","5/30/2012 12:00:00 AM"
"945","9386","6/30/2013 12:00:00 AM"
"947","1699","6/30/2012 12:00:00 AM"
"949","16754","7/31/2012 12:00:00 AM"
"951","8850","5/30/2012 12:00:00 AM"
"953","5868","5/30/2012 12:00:00 AM"
"957","14803","6/30/2012 12:00:00 AM"
"959","6191","10/1/2011 12:00:00 AM"
"961","451","6/30/2012 12:00:00 AM"
"963","11815","7/1/2011 12:00:00 AM"
"965","5609","10/31/2011 12:00:00 AM"
"969","18316","7/1/2011 12:00:00 AM"
"971","15711","6/30/2013 12:00:00 AM"
"973","4835","7/1/2011 12:00:00 AM"
"975","16976","6/30/2012 12:00:00 AM"
"977","10100","7/31/2012 12:00:00 AM"
"979","12102","7/1/2011 12:00:00 AM"
"981","8672","5/30/2012 12:00:00 AM"
"983","18930","7/31/2013 12:00:00 AM"
"985","10662","6/30/2012 12:00:00 AM"
"987","7667","6/30/2012 12:00:00 AM"
"989","12582","7/31/2013 12:00:00 AM"
"991","2780","6/30/2012 12:00:00 AM"
"993","17978","7/31/2013 12:00:00 AM"
"995","3367","8/30/2013 12:00:00 AM"
"997","8552","8/1/2011 12:00:00 AM"
"999","15432","7/31/2013 12:00:00 AM"
"1001","8217","5/30/2012 12:00:00 AM"
"1003","5347","7/31/2013 12:00:00 AM"
"1009","13366","7/1/2011 12:00:00 AM"
"1011","15682","10/31/2011 12:00:00 AM"
"1013","14140","7/31/2012 12:00:00 AM"
"1015","7845","8/1/2011 12:00:00 AM"
"1017","18153","5/31/2011 12:00:00 AM"
"1019","6291","7/31/2013 12:00:00 AM"
"1021","12279","7/1/2011 12:00:00 AM"
"1023","2274","6/30/2013 12:00:00 AM"
"1025","17324","7/31/2012 12:00:00 AM"
"1027","10004","6/30/2012 12:00:00 AM"
"1029","13694","6/30/2013 12:00:00 AM"
"1031","14559","7/1/2011 12:00:00 AM"
"1033","6881","6/30/2012 12:00:00 AM"
"1035","8399","5/30/2013 12:00:00 AM"
"1037","9314","7/31/2013 12:00:00 AM"
"1039","18097","7/31/2012 12:00:00 AM"
"1041","6535","7/31/2013 12:00:00 AM"
"1043","14030","5/31/2011 12:00:00 AM"
"1045","16281","5/31/2011 12:00:00 AM"
"1047","13699","8/30/2012 12:00:00 AM"
"1049","11886","5/31/2011 12:00:00 AM"
"1051","6183","6/30/2012 12:00:00 AM"
"1053","12371","5/30/2013 12:00:00 AM"
"1055","16905","7/1/2011 12:00:00 AM"
"1059","7719","5/1/2014 12:00:00 AM"
"1061","18495","7/31/2012 12:00:00 AM"
"1063","4432","7/31/2012 12:00:00 AM"
"1065","18418","8/1/2011 12:00:00 AM"
"1067","6083","6/30/2012 12:00:00 AM"
"1069","17621","6/30/2012 12:00:00 AM"
"1071","11888","5/30/2013 12:00:00 AM"
"1073","12030","7/31/2012 12:00:00 AM"
"1075","14790","7/31/2013 12:00:00 AM"
"1077","8482","7/31/2013 12:00:00 AM"
"1079","14234","7/31/2013 12:00:00 AM"
"1081","11056","8/1/2011 12:00:00 AM"
"1083","13939","7/31/2013 12:00:00 AM"
"1085","1417","5/31/2011 12:00:00 AM"
"1087","12299","6/30/2013 12:00:00 AM"
"1089","10234","7/1/2011 12:00:00 AM"
"1091","4443","7/31/2012 12:00:00 AM"
"1093","18493","6/30/2013 12:00:00 AM"
"1095","1402","5/31/2011 12:00:00 AM"
"1099","7001","5/30/2013 12:00:00 AM"
"1101","5279","6/30/2012 12:00:00 AM"
"1105","8479","10/30/2012 12:00:00 AM"
"1107","12177","7/1/2011 12:00:00 AM"
"1109","7089","7/31/2013 12:00:00 AM"
"1111","8043","7/1/2011 12:00:00 AM"
"1113","9617","7/31/2012 12:00:00 AM"
"1115","18675","6/30/2012 12:00:00 AM"
"1117","6646","12/1/2011 12:00:00 AM"
"1119","5651","1/29/2012 12:00:00 AM"
"1121","59","6/30/2013 12:00:00 AM"
"1125","16665","7/1/2011 12:00:00 AM"
"1127","10520","8/30/2012 12:00:00 AM"
"1129","7831","6/30/2013 12:00:00 AM"
"1131","10899","7/31/2012 12:00:00 AM"
"1133","11840","7/1/2011 12:00:00 AM"
"1135","8991","7/1/2011 12:00:00 AM"
"1137","11679","5/30/2012 12:00:00 AM"
"1139","4218","6/30/2013 12:00:00 AM"
"1141","19174","6/30/2012 12:00:00 AM"
"1143","14219","5/1/2014 12:00:00 AM"
"1145","17174","5/30/2013 12:00:00 AM"
"1147","8882","8/1/2011 12:00:00 AM"
"1149","5102","7/31/2012 12:00:00 AM"
"1151","18419","5/30/2013 12:00:00 AM"
"1153","11744","5/30/2012 12:00:00 AM"
"1155","15771","6/30/2012 12:00:00 AM"
"1157","5434","7/31/2013 12:00:00 AM"
"1159","10909","7/31/2013 12:00:00 AM"
"1161","11984","5/30/2012 12:00:00 AM"
"1163","8663","7/1/2011 12:00:00 AM"
"1165","9212","7/31/2013 12:00:00 AM"
"1167","12808","7/31/2012 12:00:00 AM"
"1169","18707","8/1/2011 12:00:00 AM"
"1171","2668","1/28/2013 12:00:00 AM"
"1173","2470","7/1/2011 12:00:00 AM"
"1175","9540","8/31/2011 12:00:00 AM"
"1177","3586","7/31/2013 12:00:00 AM"
"1181","2364","7/1/2011 12:00:00 AM"
"1183","5093","5/31/2011 12:00:00 AM"
"1185","13693","5/31/2011 12:00:00 AM"
"1187","5215","7/31/2012 12:00:00 AM"
"1191","11072","7/1/2011 12:00:00 AM"
"1195","5424","5/30/2013 12:00:00 AM"
"1197","9949","5/30/2013 12:00:00 AM"
"1199","3815","6/30/2012 12:00:00 AM"
"1201","10191","6/30/2012 12:00:00 AM"
"1203","11215","8/1/2011 12:00:00 AM"
"1205","806","5/31/2011 12:00:00 AM"
"1209","12107","6/30/2013 12:00:00 AM"
"1211","18428","10/30/2012 12:00:00 AM"
"1213","9973","7/1/2011 12:00:00 AM"
"1215","1553","7/31/2012 12:00:00 AM"
"1217","16978","7/31/2012 12:00:00 AM"
"1219","15927","6/30/2012 12:00:00 AM"
"1223","18480","7/1/2011 12:00:00 AM"
"1227","7475","7/1/2011 12:00:00 AM"
"1229","8","6/30/2013 12:00:00 AM"
"1231","1318","6/30/2013 12:00:00 AM"
"1233","13779","5/30/2012 12:00:00 AM"
"1235","14606","6/30/2012 12:00:00 AM"
"1237","4552","6/30/2013 12:00:00 AM"
"1239","267","5/31/2011 12:00:00 AM"
"1241","5754","6/30/2012 12:00:00 AM"
"1243","16253","8/1/2011 12:00:00 AM"
"1245","16654","10/31/2011 12:00:00 AM"
"1247","686","7/31/2013 12:00:00 AM"
"1249","55","7/31/2013 12:00:00 AM"
"1251","15105","6/30/2013 12:00:00 AM"
"1253","13064","6/30/2012 12:00:00 AM"
"1255","19043","5/30/2012 12:00:00 AM"
"1257","5220","8/1/2011 12:00:00 AM"
"1259","8091","7/31/2013 12:00:00 AM"
"1261","12228","6/30/2013 12:00:00 AM"
"1265","2504","6/30/2012 12:00:00 AM"
"1269","5343","7/1/2011 12:00:00 AM"
"1271","4272","6/30/2013 12:00:00 AM"
"1273","13784","7/31/2012 12:00:00 AM"
"1275","6280","6/30/2013 12:00:00 AM"
"1277","10623","7/31/2012 12:00:00 AM"
"1279","15648","10/1/2011 12:00:00 AM"
"1281","8219","7/31/2013 12:00:00 AM"
"1283","7764","7/31/2013 12:00:00 AM"
"1285","9054","7/31/2013 12:00:00 AM"
"1287","18047","10/30/2012 12:00:00 AM"
"1289","5570","6/30/2012 12:00:00 AM"
"1291","1298","6/30/2013 12:00:00 AM"
"1293","5661","5/30/2012 12:00:00 AM"
"1295","12933","8/1/2011 12:00:00 AM"
"1297","3015","7/31/2013 12:00:00 AM"
"1299","15144","6/30/2013 12:00:00 AM"
"1301","14487","5/30/2013 12:00:00 AM"
"1303","13035","6/30/2013 12:00:00 AM"
"1305","17455","7/31/2013 12:00:00 AM"
"1307","8033","8/1/2011 12:00:00 AM"
"1309","6777","7/1/2011 12:00:00 AM"
"1311","14454","7/1/2011 12:00:00 AM"
"1315","7380","6/30/2012 12:00:00 AM"
"1317","953","7/31/2013 12:00:00 AM"
"1319","6981","6/30/2012 12:00:00 AM"
"1321","5110","8/1/2011 12:00:00 AM"
"1323","11814","7/31/2012 12:00:00 AM"
"1325","2436","6/30/2012 12:00:00 AM"
"1327","18364","6/30/2012 12:00:00 AM"
"1329","15483","7/31/2012 12:00:00 AM"
"1331","13712","7/1/2011 12:00:00 AM"
"1333","5668","7/31/2012 12:00:00 AM"
"1335","371","7/31/2012 12:00:00 AM"
"1337","10163","5/31/2011 12:00:00 AM"
"1339","4851","7/31/2012 12:00:00 AM"
"1341","7182","7/31/2013 12:00:00 AM"
"1343","3274","7/1/2011 12:00:00 AM"
"1345","17036","7/31/2012 12:00:00 AM"
"1349","8103","7/1/2011 12:00:00 AM"
"1351","15735","7/31/2013 12:00:00 AM"
"1353","9277","7/31/2013 12:00:00 AM"
"1355","3788","8/1/2011 12:00:00 AM"
"1357","19011","8/1/2011 12:00:00 AM"
"1361","13420","7/1/2011 12:00:00 AM"
"1363","7454","8/1/2011 12:00:00 AM"
"1365","14535","5/30/2013 12:00:00 AM"
"1367","15138","7/31/2012 12:00:00 AM"
"1369","15018","7/31/2013 12:00:00 AM"
"1371","15875","8/31/2011 12:00:00 AM"
"1373","10370","5/31/2011 12:00:00 AM"
"1375","14542","7/31/2012 12:00:00 AM"
"1377","1866","7/31/2012 12:00:00 AM"
"1379","1260","6/30/2013 12:00:00 AM"
"1381","13088","12/31/2013 12:00:00 AM"
"1383","8719","6/30/2013 12:00:00 AM"
"1385","16132","7/31/2012 12:00:00 AM"
"1387","15784","5/30/2012 12:00:00 AM"
"1391","16704","10/31/2011 12:00:00 AM"
"1393","15555","6/30/2012 12:00:00 AM"
"1395","8235","6/30/2013 12:00:00 AM"
"1397","3157","6/30/2012 12:00:00 AM"
"1399","12198","6/30/2012 12:00:00 AM"
"1403","7898","5/30/2013 12:00:00 AM"
"1405","9855","7/1/2011 12:00:00 AM"
"1407","5033","9/30/2012 12:00:00 AM"
"1409","2687","6/30/2012 12:00:00 AM"
"1411","10453","9/30/2012 12:00:00 AM"
"1413","7176","5/31/2011 12:00:00 AM"
"1415","16439","6/30/2012 12:00:00 AM"
"1417","10456","5/31/2011 12:00:00 AM"
"1419","4871","6/30/2013 12:00:00 AM"
"1421","10395","6/30/2012 12:00:00 AM"
"1423","15977","6/30/2012 12:00:00 AM"
"1425","14895","7/31/2012 12:00:00 AM"
"1427","3600","5/30/2012 12:00:00 AM"
"1429","6156","5/30/2012 12:00:00 AM"
"1431","18946","8/30/2013 12:00:00 AM"
"1433","106","6/30/2013 12:00:00 AM"
"1435","15448","8/1/2011 12:00:00 AM"
"1437","4842","7/1/2011 12:00:00 AM"
"1439","17341","6/30/2013 12:00:00 AM"
"1441","10139","7/31/2013 12:00:00 AM"
"1443","14153","7/31/2012 12:00:00 AM"
"1447","18744","4/30/2013 12:00:00 AM"
"1449","5690","6/30/2012 12:00:00 AM"
"1453","18831","10/1/2011 12:00:00 AM"
"1455","4459","10/1/2011 12:00:00 AM"
"1457","11652","10/1/2011 12:00:00 AM"
"1459","7347","10/31/2011 12:00:00 AM"
"1461","17185","6/30/2013 12:00:00 AM"
"1463","1642","6/30/2013 12:00:00 AM"
"1465","7029","9/30/2012 12:00:00 AM"
"1467","3904","6/30/2012 12:00:00 AM"
"1469","17239","5/30/2012 12:00:00 AM"
"1471","12550","7/31/2012 12:00:00 AM"
"1473","6536","7/31/2013 12:00:00 AM"
"1475","14152","6/30/2013 12:00:00 AM"
"1477","18386","10/1/2011 12:00:00 AM"
"1479","3453","6/30/2012 12:00:00 AM"
"1481","7672","6/30/2013 12:00:00 AM"
"1483","6295","7/31/2013 12:00:00 AM"
"1485","2082","6/30/2012 12:00:00 AM"
"1489","17982","7/31/2013 12:00:00 AM"
"1699","16578","7/31/2013 12:00:00 AM"
"1700","15455","5/5/2014 12:00:00 AM"
"1701","3243","3/6/2012 12:00:00 AM"
"1702","1133","9/26/2011 12:00:00 AM"
"1703","1188","3/17/2012 12:00:00 AM"
"1704","2853","1/14/2012 12:00:00 AM"
"1705","7649","9/27/2013 12:00:00 AM"
"1706","6018","6/15/2014 12:00:00 AM"
"1707","11094","7/11/2013 12:00:00 AM"
"1708","4739","1/1/2014 12:00:00 AM"
"1709","1994","4/17/2014 12:00:00 AM"
"1710","1643","7/11/2012 12:00:00 AM"
"1711","1934","2/9/2014 12:00:00 AM"
"1712","7916","8/2/2012 12:00:00 AM"
"1713","18844","11/28/2013 12:00:00 AM"
"1714","10306","6/18/2014 12:00:00 AM"
"1715","1433","12/7/2013 12:00:00 AM"
"1716","1016","5/1/2014 12:00:00 AM"
"1717","11004","3/2/2014 12:00:00 AM"
"1718","9627","3/23/2014 12:00:00 AM"
"1719","9055","3/15/2012 12:00:00 AM"
"1720","2236","7/9/2012 12:00:00 AM"
"1721","13828","9/10/2013 12:00:00 AM"
"1722","18395","4/8/2013 12:00:00 AM"
"1723","17144","12/8/2013 12:00:00 AM"
"1724","9954","9/1/2012 12:00:00 AM"
"1725","4694","12/26/2013 12:00:00 AM"
"1726","6476","1/6/2014 12:00:00 AM"
"1727","15706","11/23/2013 12:00:00 AM"
"1728","17100","12/23/2013 12:00:00 AM"
"1729","18632","1/16/2013 12:00:00 AM"
"1730","17334","2/28/2012 12:00:00 AM"
"1731","17851","5/31/2014 12:00:00 AM"
"1732","10732","12/21/2011 12:00:00 AM"
"1733","2352","8/31/2013 12:00:00 AM"
"1734","12836","2/18/2014 12:00:00 AM"
"1735","4285","6/15/2012 12:00:00 AM"
"1736","3767","5/3/2013 12:00:00 AM"
"1737","847","8/31/2013 12:00:00 AM"
"1738","3571","9/6/2013 12:00:00 AM"
"1739","92","2/11/2014 12:00:00 AM"
"1740","18914","12/8/2012 12:00:00 AM"
"1741","15389","1/31/2014 12:00:00 AM"
"1742","5233","2/17/2014 12:00:00 AM"
"1743","1405","7/21/2013 12:00:00 AM"
"1744","15322","3/28/2014 12:00:00 AM"
"1745","3396","8/30/2011 12:00:00 AM"
"1746","749","3/27/2013 12:00:00 AM"
"1747","11533","12/14/2013 12:00:00 AM"
"1748","5229","5/20/2014 12:00:00 AM"
"1749","8309","7/10/2013 12:00:00 AM"
"1750","2583","5/6/2013 12:00:00 AM"
"1751","3819","3/20/2014 12:00:00 AM"
"1752","8584","2/23/2014 12:00:00 AM"
"1753","7245","3/20/2014 12:00:00 AM"
"1754","17325","9/2/2013 12:00:00 AM"
"1755","9850","5/27/2012 12:00:00 AM"
"1756","18892","7/25/2012 12:00:00 AM"
"1757","15055","12/7/2012 12:00:00 AM"
"1758","14908","11/26/2013 12:00:00 AM"
"1759","9669","11/14/2013 12:00:00 AM"
"1760","13682","7/5/2013 12:00:00 AM"
"1761","16311","1/28/2014 12:00:00 AM"
"1762","3868","12/20/2013 12:00:00 AM"
"1763","7563","1/27/2014 12:00:00 AM"
"1764","18984","5/15/2014 12:00:00 AM"
"1765","2457","10/30/2013 12:00:00 AM"
"1766","2911","4/25/2014 12:00:00 AM"
"1767","9143","5/2/2014 12:00:00 AM"
"1768","8711","8/3/2012 12:00:00 AM"
"1769","16746","9/16/2011 12:00:00 AM"
"1770","10049","10/24/2011 12:00:00 AM"
"1771","9675","5/14/2014 12:00:00 AM"
"1772","483","11/1/2013 12:00:00 AM"
"1773","6545","11/27/2013 12:00:00 AM"
"1774","17398","10/26/2012 12:00:00 AM"
"1775","7173","4/15/2014 12:00:00 AM"
"1776","5363","5/3/2013 12:00:00 AM"
"1777","1488","7/13/2013 12:00:00 AM"
"1778","14282","9/21/2013 12:00:00 AM"
"1779","8017","1/5/2014 12:00:00 AM"
"1780","17136","5/20/2013 12:00:00 AM"
"1781","9580","5/23/2014 12:00:00 AM"
"1782","4183","3/12/2013 12:00:00 AM"
"1783","13094","6/13/2014 12:00:00 AM"
"1784","15584","2/21/2012 12:00:00 AM"
"1795","18037","6/30/2012 12:00:00 AM"
"1797","5089","7/31/2012 12:00:00 AM"
"1801","17263","6/30/2012 12:00:00 AM"
"1803","15453","7/31/2013 12:00:00 AM"
"1805","11599","12/31/2012 12:00:00 AM"
"1807","10713","7/31/2013 12:00:00 AM"
"1809","895","7/31/2013 12:00:00 AM"
"1811","2058","6/30/2013 12:00:00 AM"
"1813","5065","6/30/2013 12:00:00 AM"
"1815","6546","7/31/2012 12:00:00 AM"
"1817","13951","7/31/2013 12:00:00 AM"
"1821","18656","5/30/2012 12:00:00 AM"
"1823","2666","12/31/2012 12:00:00 AM"
"1825","8784","5/30/2012 12:00:00 AM"
"1827","10628","7/1/2011 12:00:00 AM"
"1829","13971","7/31/2012 12:00:00 AM"
"1831","18354","6/30/2012 12:00:00 AM"
"1833","2658","6/30/2012 12:00:00 AM"
"1835","9506","7/31/2012 12:00:00 AM"
"1837","4626","9/30/2012 12:00:00 AM"
"1839","14928","5/30/2012 12:00:00 AM"
"1841","4304","7/31/2012 12:00:00 AM"
"1843","1651","7/31/2012 12:00:00 AM"
"1845","18825","5/30/2013 12:00:00 AM"
"1849","13349","5/31/2011 12:00:00 AM"
"1851","1446","7/31/2013 12:00:00 AM"
"1855","14226","6/30/2013 12:00:00 AM"
"1857","14975","6/30/2012 12:00:00 AM"
"1859","1896","7/1/2011 12:00:00 AM"
"1861","1324","5/30/2012 12:00:00 AM"
"1863","3088","10/1/2011 12:00:00 AM"
"1865","14595","6/30/2013 12:00:00 AM"
"1867","15155","6/30/2012 12:00:00 AM"
"1869","2318","6/30/2013 12:00:00 AM"
"1871","9141","6/30/2013 12:00:00 AM"
"1873","1444","6/30/2013 12:00:00 AM"
"1875","11685","4/30/2012 12:00:00 AM"
"1877","1862","5/30/2012 12:00:00 AM"
"1879","2880","7/31/2013 12:00:00 AM"
"1881","3980","5/31/2011 12:00:00 AM"
"1883","7079","8/1/2011 12:00:00 AM"
"1885","5666","7/31/2013 12:00:00 AM"
"1887","15177","5/30/2013 12:00:00 AM"
"1889","17491","7/31/2013 12:00:00 AM"
"1891","10343","7/31/2013 12:00:00 AM"
"1893","5804","6/30/2013 12:00:00 AM"
"1895","18260","7/1/2011 12:00:00 AM"
"1897","2571","5/30/2012 12:00:00 AM"
"1899","4941","7/1/2011 12:00:00 AM"
"1901","9959","6/30/2012 12:00:00 AM"
"1903","1772","6/30/2013 12:00:00 AM"
"1905","206","10/30/2013 12:00:00 AM"
"1909","8263","7/31/2013 12:00:00 AM"
"1911","10928","10/30/2013 12:00:00 AM"
"1913","10305","7/31/2013 12:00:00 AM"
"1915","3653","7/31/2012 12:00:00 AM"
"1917","2519","5/31/2011 12:00:00 AM"
"1923","12671","6/30/2012 12:00:00 AM"
"1925","10156","6/30/2013 12:00:00 AM"
"1927","11119","7/31/2013 12:00:00 AM"
"1929","17915","8/1/2011 12:00:00 AM"
"1931","4385","7/31/2013 12:00:00 AM"
"1933","7126","8/1/2011 12:00:00 AM"
"1935","6005","7/1/2011 12:00:00 AM"
"1937","5467","7/31/2013 12:00:00 AM"
"1939","11050","6/30/2013 12:00:00 AM"
"1943","3059","6/30/2012 12:00:00 AM"
"1945","13104","7/1/2011 12:00:00 AM"
"1947","10","8/31/2011 12:00:00 AM"
"1949","11179","7/31/2013 12:00:00 AM"
"1951","4260","5/30/2012 12:00:00 AM"
"1953","12779","4/30/2013 12:00:00 AM"
"1955","3368","7/1/2011 12:00:00 AM"
"1957","4855","6/30/2013 12:00:00 AM"
"1959","4834","10/30/2012 12:00:00 AM"
"1961","336","6/30/2012 12:00:00 AM"
"1963","10422","5/30/2012 12:00:00 AM"
"1965","14468","7/31/2012 12:00:00 AM"
"1967","7160","8/1/2011 12:00:00 AM"
"1969","6386","7/1/2011 12:00:00 AM"
"1971","8292","6/30/2012 12:00:00 AM"
"1975","17645","5/30/2012 12:00:00 AM"
"1977","14133","7/31/2012 12:00:00 AM"
"1979","569","7/1/2011 12:00:00 AM"
"1981","9635","6/30/2012 12:00:00 AM"
"1983","11645","7/31/2012 12:00:00 AM"
"1985","12746","5/30/2012 12:00:00 AM"
"1987","18911","6/30/2012 12:00:00 AM"
"1989","11416","5/30/2013 12:00:00 AM"
"1991","4623","7/1/2011 12:00:00 AM"
"1993","16569","7/31/2012 12:00:00 AM"
"2380","6791","6/28/2014 12:00:00 AM"
"2381","13962","4/20/2014 12:00:00 AM"
"2382","5196","2/11/2014 12:00:00 AM"
"2383","1657","1/5/2014 12:00:00 AM"
"2384","2391","1/21/2013 12:00:00 AM"
"2385","10676","2/15/2014 12:00:00 AM"
"2386","6465","5/14/2014 12:00:00 AM"
"2387","759","10/13/2011 12:00:00 AM"
"2388","14128","1/20/2013 12:00:00 AM"
"2389","18606","9/4/2013 12:00:00 AM"
"2390","12157","11/17/2012 12:00:00 AM"
"2391","17735","4/20/2012 12:00:00 AM"
"2392","3924","4/1/2013 12:00:00 AM"
"2393","11415","12/16/2011 12:00:00 AM"
"2394","175","7/20/2012 12:00:00 AM"
"2395","9529","5/13/2013 12:00:00 AM"
"2396","3824","8/20/2013 12:00:00 AM"
"2397","12128","10/6/2013 12:00:00 AM"
"2398","12978","7/17/2012 12:00:00 AM"
"2399","5857","11/27/2011 12:00:00 AM"
"2400","18171","12/5/2013 12:00:00 AM"
"2401","3316","5/15/2014 12:00:00 AM"
"2402","17464","3/26/2012 12:00:00 AM"
"2403","17903","5/19/2013 12:00:00 AM"
"2404","528","7/12/2012 12:00:00 AM"
"2405","730","6/5/2014 12:00:00 AM"
"2406","9249","11/12/2013 12:00:00 AM"
"2407","7601","5/22/2014 12:00:00 AM"
"2408","2902","9/18/2013 12:00:00 AM"
"2409","16032","7/21/2011 12:00:00 AM"
"2410","11144","12/28/2011 12:00:00 AM"
"2411","2529","6/4/2014 12:00:00 AM"
"2412","8590","7/31/2013 12:00:00 AM"
"2413","11164","2/16/2014 12:00:00 AM"
"2414","11294","1/21/2014 12:00:00 AM"
"2415","4817","9/27/2013 12:00:00 AM"
"2416","9099","3/28/2014 12:00:00 AM"
"2417","2828","3/2/2014 12:00:00 AM"
"2418","16443","6/28/2014 12:00:00 AM"
"2419","12335","11/18/2013 12:00:00 AM"
"2420","15288","1/16/2013 12:00:00 AM"
"2421","4118","10/2/2013 12:00:00 AM"
"2422","10059","3/12/2013 12:00:00 AM"
"2423","14610","9/18/2013 12:00:00 AM"
"2424","15777","4/4/2014 12:00:00 AM"
"2425","14881","10/19/2013 12:00:00 AM"
"2426","8374","4/15/2013 12:00:00 AM"
"2427","9965","12/19/2013 12:00:00 AM"
"2428","11987","5/17/2014 12:00:00 AM"
"2429","11872","1/9/2012 12:00:00 AM"
"2430","5865","3/12/2014 12:00:00 AM"
"2431","5119","3/12/2014 12:00:00 AM"
"2432","12975","7/28/2013 12:00:00 AM"
"2433","4082","4/15/2014 12:00:00 AM"
"2434","10454","8/30/2011 12:00:00 AM"
"2435","3169","12/16/2013 12:00:00 AM"
"2436","12125","2/10/2013 12:00:00 AM"
"2437","17623","4/10/2013 12:00:00 AM"
"2438","11890","12/14/2012 12:00:00 AM"
"2439","1813","11/17/2013 12:00:00 AM"
"2440","13288","7/18/2013 12:00:00 AM"
"2441","16228","3/3/2014 12:00:00 AM"
"2442","1947","8/2/2012 12:00:00 AM"
"2443","1814","11/4/2011 12:00:00 AM"
"2444","591","9/2/2013 12:00:00 AM"
"2445","6359","5/20/2014 12:00:00 AM"
"2446","7608","5/6/2014 12:00:00 AM"
"2447","14894","3/19/2014 12:00:00 AM"
"2448","3884","12/13/2013 12:00:00 AM"
"2449","2220","7/1/2012 12:00:00 AM"
"2450","3583","2/15/2014 12:00:00 AM"
"2451","14075","12/3/2013 12:00:00 AM"
"2452","18028","5/7/2014 12:00:00 AM"
"2453","13629","3/17/2013 12:00:00 AM"
"2454","5227","7/7/2012 12:00:00 AM"
"2455","4568","12/23/2013 12:00:00 AM"
"2456","3136","6/28/2012 12:00:00 AM"
"2457","2948","10/13/2013 12:00:00 AM"
"2458","18712","5/3/2014 12:00:00 AM"
"2459","13763","9/13/2012 12:00:00 AM"
"2460","9704","8/7/2013 12:00:00 AM"
"2461","16479","2/17/2013 12:00:00 AM"
"2462","10384","3/2/2012 12:00:00 AM"
"2463","9430","6/16/2012 12:00:00 AM"
"2464","9839","11/21/2013 12:00:00 AM"
"2465","7290","5/20/2014 12:00:00 AM"
"2466","1609","8/6/2013 12:00:00 AM"
"2467","5786","6/3/2014 12:00:00 AM"
"2468","12704","11/7/2013 12:00:00 AM"
"2469","8890","5/24/2012 12:00:00 AM"
"2470","3338","12/17/2013 12:00:00 AM"
"2471","6786","9/12/2012 12:00:00 AM"
"2472","13200","8/23/2011 12:00:00 AM"
"2473","18235","11/10/2011 12:00:00 AM"
"2474","12233","10/18/2013 12:00:00 AM"
"2475","18363","10/10/2013 12:00:00 AM"
"2476","12420","6/21/2014 12:00:00 AM"
"2477","1095","8/14/2013 12:00:00 AM"
"2478","5396","4/17/2014 12:00:00 AM"
"2479","14252","6/9/2012 12:00:00 AM"
"2480","9035","12/26/2013 12:00:00 AM"
"2481","11768","9/27/2012 12:00:00 AM"
"2482","805","9/21/2013 12:00:00 AM"
"2483","6145","3/6/2014 12:00:00 AM"
"2484","9761","1/15/2014 12:00:00 AM"
"2485","15461","10/27/2012 12:00:00 AM"
"2486","16848","8/19/2012 12:00:00 AM"
"2487","16920","4/20/2013 12:00:00 AM"
"2488","4747","7/3/2013 12:00:00 AM"
"2489","140","6/23/2013 12:00:00 AM"
"2490","6607","9/6/2013 12:00:00 AM"
"2491","14739","10/4/2013 12:00:00 AM"
"2492","5706","6/28/2012 12:00:00 AM"
"2493","3120","8/3/2012 12:00:00 AM"
"2494","13884","1/31/2014 12:00:00 AM"
"2495","14171","5/15/2014 12:00:00 AM"
"2496","12450","3/14/2013 12:00:00 AM"
"2497","1060","5/13/2013 12:00:00 AM"
"2498","8527","11/8/2013 12:00:00 AM"
"2499","16485","1/29/2014 12:00:00 AM"
"2500","1797","7/26/2013 12:00:00 AM"
"2501","1903","10/16/2011 12:00:00 AM"
"2502","10412","10/2/2013 12:00:00 AM"
"2503","7204","7/5/2012 12:00:00 AM"
"2504","18527","3/1/2014 12:00:00 AM"
"2505","12425","5/1/2014 12:00:00 AM"
"2506","2974","9/8/2013 12:00:00 AM"
"2507","14904","12/19/2012 12:00:00 AM"
"2508","3273","9/2/2013 12:00:00 AM"
"2509","13808","2/23/2014 12:00:00 AM"
"2510","239","5/23/2013 12:00:00 AM"
"2511","594","8/3/2013 12:00:00 AM"
"2512","10263","5/21/2012 12:00:00 AM"
"2513","4363","8/24/2013 12:00:00 AM"
"2514","3588","11/22/2013 12:00:00 AM"
"2515","17799","4/24/2012 12:00:00 AM"
"2516","2794","5/9/2013 12:00:00 AM"
"2517","4910","2/22/2012 12:00:00 AM"
"2518","18703","5/14/2013 12:00:00 AM"
"2519","11635","11/26/2013 12:00:00 AM"
"2520","14292","10/30/2013 12:00:00 AM"
"2521","12801","6/14/2011 12:00:00 AM"
"2522","7177","2/27/2014 12:00:00 AM"
"2523","18634","5/31/2014 12:00:00 AM"
"2524","446","2/2/2014 12:00:00 AM"
"2525","14972","11/30/2012 12:00:00 AM"
"2526","15638","8/17/2011 12:00:00 AM"
"2527","6517","4/15/2012 12:00:00 AM"
"2528","10948","1/31/2012 12:00:00 AM"
"2529","3040","4/1/2013 12:00:00 AM"
"2530","12467","3/18/2014 12:00:00 AM"
"2531","4089","9/9/2012 12:00:00 AM"
"2532","17744","12/21/2012 12:00:00 AM"
"2533","7677","4/12/2014 12:00:00 AM"
"2534","11871","9/10/2013 12:00:00 AM"
"2535","16800","2/25/2014 12:00:00 AM"
"2536","12325","1/5/2014 12:00:00 AM"
"2537","18168","10/25/2013 12:00:00 AM"
"2538","957","5/8/2012 12:00:00 AM"
"2539","9266","3/25/2014 12:00:00 AM"
"2540","8388","9/17/2013 12:00:00 AM"
"2541","7653","5/29/2013 12:00:00 AM"
"2542","16388","3/19/2013 12:00:00 AM"
"2543","13320","5/9/2013 12:00:00 AM"
"2544","17433","4/25/2014 12:00:00 AM"
"2545","10757","7/22/2013 12:00:00 AM"
"2546","9379","2/12/2012 12:00:00 AM"
"2547","15263","1/17/2013 12:00:00 AM"
"2548","9834","1/17/2014 12:00:00 AM"
"2549","633","5/25/2014 12:00:00 AM"
"2550","6197","4/25/2013 12:00:00 AM"
"2551","18412","12/8/2013 12:00:00 AM"
"2552","600","1/22/2012 12:00:00 AM"
"2553","11611","4/18/2014 12:00:00 AM"
"2554","16990","12/15/2013 12:00:00 AM"
"2555","2619","11/25/2013 12:00:00 AM"
"2556","14291","8/24/2011 12:00:00 AM"
"2557","15973","10/30/2013 12:00:00 AM"
"2558","3803","6/22/2011 12:00:00 AM"
"2559","7518","5/14/2014 12:00:00 AM"
"2560","2480","6/21/2011 12:00:00 AM"
"2561","1459","10/31/2013 12:00:00 AM"
"2562","18072","11/7/2011 12:00:00 AM"
"2563","15917","9/30/2013 12:00:00 AM"
"2564","18874","8/7/2012 12:00:00 AM"
"2565","12849","12/9/2012 12:00:00 AM"
"2566","12621","11/12/2012 12:00:00 AM"
"2567","6951","1/19/2014 12:00:00 AM"
"2568","10034","9/3/2013 12:00:00 AM"
"2569","1629","2/12/2012 12:00:00 AM"
"2570","7880","4/18/2013 12:00:00 AM"
"2571","2136","9/11/2011 12:00:00 AM"
"2572","6101","11/3/2013 12:00:00 AM"
"2573","15002","2/24/2014 12:00:00 AM"
"2574","11547","5/6/2012 12:00:00 AM"
"2575","3637","10/28/2013 12:00:00 AM"
"2576","7301","8/8/2013 12:00:00 AM"
"2577","14769","10/1/2013 12:00:00 AM"
"2578","7341","11/20/2011 12:00:00 AM"
"2579","3150","6/1/2014 12:00:00 AM"
"2580","11400","3/20/2014 12:00:00 AM"
"2581","9986","6/5/2012 12:00:00 AM"
"2582","15622","12/20/2013 12:00:00 AM"
"2583","19053","7/14/2013 12:00:00 AM"
"2584","6077","8/30/2013 12:00:00 AM"
"2585","1685","10/27/2013 12:00:00 AM"
"2586","7913","3/16/2014 12:00:00 AM"
"2587","6166","4/13/2012 12:00:00 AM"
"2588","8929","10/25/2013 12:00:00 AM"
"2589","19227","4/28/2014 12:00:00 AM"
"2590","5335","12/14/2012 12:00:00 AM"
"2591","11946","7/17/2012 12:00:00 AM"
"2592","6066","3/19/2013 12:00:00 AM"
"2593","9640","6/16/2012 12:00:00 AM"
"2594","4471","1/26/2014 12:00:00 AM"
"2595","3207","7/20/2012 12:00:00 AM"
"2596","791","5/5/2014 12:00:00 AM"
"2597","16713","10/4/2013 12:00:00 AM"
"2598","1485","12/22/2012 12:00:00 AM"
"2599","17666","8/26/2013 12:00:00 AM"
"2600","12752","2/19/2014 12:00:00 AM"
"2601","9265","1/18/2014 12:00:00 AM"
"2602","12184","9/12/2013 12:00:00 AM"
"2603","3927","11/10/2012 12:00:00 AM"
"2604","9413","7/17/2012 12:00:00 AM"
"2605","8110","8/6/2013 12:00:00 AM"
"2606","7955","1/10/2014 12:00:00 AM"
"2607","16149","8/1/2013 12:00:00 AM"
"2608","12795","5/15/2014 12:00:00 AM"
"2609","5141","11/15/2011 12:00:00 AM"
"2610","11777","5/6/2014 12:00:00 AM"
"2611","1136","7/24/2013 12:00:00 AM"
"2612","10250","3/7/2013 12:00:00 AM"
"2613","4864","5/29/2014 12:00:00 AM"
"2614","1079","12/26/2011 12:00:00 AM"
"2615","13867","11/18/2011 12:00:00 AM"
"2616","3551","3/11/2014 12:00:00 AM"
"2617","9229","2/27/2014 12:00:00 AM"
"2618","13873","11/28/2013 12:00:00 AM"
"2619","4728","6/18/2013 12:00:00 AM"
"2620","7407","3/31/2014 12:00:00 AM"
"2621","17557","5/10/2014 12:00:00 AM"
"2622","2818","3/8/2014 12:00:00 AM"
"2623","900","2/4/2014 12:00:00 AM"
"2624","14032","1/19/2014 12:00:00 AM"
"2625","18836","3/27/2014 12:00:00 AM"
"2626","7589","8/1/2013 12:00:00 AM"
"2627","6025","2/13/2013 12:00:00 AM"
"2628","17986","12/31/2013 12:00:00 AM"
"2629","13669","10/6/2013 12:00:00 AM"
"2630","540","5/16/2013 12:00:00 AM"
"2631","12162","10/14/2011 12:00:00 AM"
"2632","9118","6/28/2012 12:00:00 AM"
"2633","15578","3/4/2014 12:00:00 AM"
"2634","6598","2/11/2014 12:00:00 AM"
"2635","18103","2/16/2014 12:00:00 AM"
"2636","17703","11/25/2012 12:00:00 AM"
"2637","872","5/7/2013 12:00:00 AM"
"2638","1494","12/5/2013 12:00:00 AM"
"2639","8845","1/23/2014 12:00:00 AM"
"2640","16432","9/7/2013 12:00:00 AM"
"2641","10770","12/31/2013 12:00:00 AM"
"2642","3205","11/26/2013 12:00:00 AM"
"2643","6453","1/9/2014 12:00:00 AM"
"2644","8097","12/21/2012 12:00:00 AM"
"2645","12362","11/1/2011 12:00:00 AM"
"2646","12310","7/27/2013 12:00:00 AM"
"2647","16207","3/26/2012 12:00:00 AM"
"2648","46","12/7/2013 12:00:00 AM"
"2649","4394","4/16/2014 12:00:00 AM"
"2650","7366","7/25/2013 12:00:00 AM"
"2651","14254","1/26/2012 12:00:00 AM"
"2652","11713","7/29/2013 12:00:00 AM"
"2653","3269","9/1/2013 12:00:00 AM"
"2654","10478","1/2/2014 12:00:00 AM"
"2655","14416","12/22/2012 12:00:00 AM"
"2656","10223","1/7/2012 12:00:00 AM"
"2657","6867","4/16/2014 12:00:00 AM"
"2658","5116","5/12/2013 12:00:00 AM"
"2659","5031","6/8/2012 12:00:00 AM"
"2660","19119","4/24/2014 12:00:00 AM"
"2661","13908","7/20/2013 12:00:00 AM"
"2662","16594","9/13/2013 12:00:00 AM"
"2663","7482","11/16/2012 12:00:00 AM"
"2664","17642","3/4/2014 12:00:00 AM"
"2665","7327","9/6/2013 12:00:00 AM"
"2666","17005","1/18/2014 12:00:00 AM"
"2667","17008","1/28/2014 12:00:00 AM"
"2668","15407","6/24/2012 12:00:00 AM"
"2669","10997","9/12/2013 12:00:00 AM"
"2670","8172","3/21/2014 12:00:00 AM"
"2671","8494","5/5/2013 12:00:00 AM"
"2672","12985","10/26/2012 12:00:00 AM"
"2673","19002","8/15/2013 12:00:00 AM"
"2674","7485","6/15/2011 12:00:00 AM"
"2675","18019","5/5/2014 12:00:00 AM"
"2676","17122","9/30/2013 12:00:00 AM"
"2677","13572","10/7/2013 12:00:00 AM"
"2678","1520","3/30/2012 12:00:00 AM"
"2679","12153","4/23/2012 12:00:00 AM"
"2680","47","6/7/2013 12:00:00 AM"
"2681","12619","7/21/2013 12:00:00 AM"
"2682","399","7/18/2013 12:00:00 AM"
"2683","10216","5/19/2014 12:00:00 AM"
"2684","4269","6/7/2013 12:00:00 AM"
"2685","18925","7/29/2011 12:00:00 AM"
"2686","15527","3/15/2014 12:00:00 AM"
"2687","4227","2/1/2012 12:00:00 AM"
"2688","12298","3/11/2012 12:00:00 AM"
"2689","4139","10/13/2013 12:00:00 AM"
"2690","11581","11/25/2013 12:00:00 AM"
"2691","8608","6/6/2012 12:00:00 AM"
"2692","4074","11/9/2013 12:00:00 AM"
"2693","18917","3/3/2014 12:00:00 AM"
"2694","6983","2/25/2014 12:00:00 AM"
"2695","8302","3/12/2014 12:00:00 AM"
"2696","16557","7/2/2013 12:00:00 AM"
"2697","7929","11/22/2013 12:00:00 AM"
"2698","15943","2/15/2014 12:00:00 AM"
"2699","16834","11/14/2013 12:00:00 AM"
"2700","7840","5/26/2014 12:00:00 AM"
"2701","10348","5/31/2014 12:00:00 AM"
"2702","11624","10/19/2013 12:00:00 AM"
"2703","4570","7/2/2013 12:00:00 AM"
"2704","13598","2/4/2014 12:00:00 AM"
"2705","666","10/20/2013 12:00:00 AM"
"2706","12788","8/9/2013 12:00:00 AM"
"2707","6952","5/22/2012 12:00:00 AM"
"2708","14015","1/2/2014 12:00:00 AM"
"2709","13337","3/6/2013 12:00:00 AM"
"2710","157","9/20/2011 12:00:00 AM"
"2711","1350","5/19/2014 12:00:00 AM"
"2712","9370","4/4/2014 12:00:00 AM"
"2713","1341","11/7/2013 12:00:00 AM"
"2714","15235","8/2/2013 12:00:00 AM"
"2715","14007","4/29/2014 12:00:00 AM"
"2716","6311","6/14/2014 12:00:00 AM"
"2717","347","9/8/2013 12:00:00 AM"
"2718","7228","12/4/2013 12:00:00 AM"
"2719","13701","12/19/2012 12:00:00 AM"
"2720","18202","3/1/2014 12:00:00 AM"
"2721","14564","1/9/2014 12:00:00 AM"
"2722","17802","12/15/2011 12:00:00 AM"
"2723","11667","5/11/2014 12:00:00 AM"
"2724","2166","10/10/2013 12:00:00 AM"
"2725","4535","12/29/2013 12:00:00 AM"
"2726","6986","11/22/2012 12:00:00 AM"
"2727","18972","5/28/2014 12:00:00 AM"
"2728","14856","11/8/2013 12:00:00 AM"
"2729","5356","12/22/2013 12:00:00 AM"
"2730","8340","1/14/2014 12:00:00 AM"
"2731","131","2/25/2012 12:00:00 AM"
"2732","14815","11/22/2012 12:00:00 AM"
"2733","4529","8/26/2013 12:00:00 AM"
"2734","19234","9/29/2013 12:00:00 AM"
"2735","19210","2/18/2014 12:00:00 AM"
"2736","13930","4/7/2014 12:00:00 AM"
"2737","17985","9/20/2012 12:00:00 AM"
"2738","18456","2/4/2014 12:00:00 AM"
"2739","5844","12/19/2013 12:00:00 AM"
"2740","7540","11/20/2012 12:00:00 AM"
"2741","7055","12/31/2013 12:00:00 AM"
"2742","3985","8/8/2013 12:00:00 AM"
"2743","14941","11/10/2012 12:00:00 AM"
"2744","17934","6/27/2013 12:00:00 AM"
"2745","16304","7/30/2013 12:00:00 AM"
"2746","18355","7/15/2013 12:00:00 AM"
"2747","3431","2/14/2014 12:00:00 AM"
"2748","17192","11/20/2013 12:00:00 AM"
"2749","5132","1/30/2014 12:00:00 AM"
"2750","17738","2/22/2012 12:00:00 AM"
"2751","11075","4/29/2014 12:00:00 AM"
"2752","7870","11/27/2013 12:00:00 AM"
"2753","10310","9/3/2013 12:00:00 AM"
"2754","5287","3/29/2014 12:00:00 AM"
"2755","1365","2/26/2014 12:00:00 AM"
"2756","10452","1/4/2014 12:00:00 AM"
"2757","13640","10/17/2013 12:00:00 AM"
"2758","16784","5/27/2013 12:00:00 AM"
"2759","10570","8/15/2011 12:00:00 AM"
"2760","9048","1/14/2014 12:00:00 AM"
"2761","12617","10/28/2013 12:00:00 AM"
"2762","539","2/13/2014 12:00:00 AM"
"2763","4742","2/1/2014 12:00:00 AM"
"2764","4574","10/27/2013 12:00:00 AM"
"2765","16921","3/23/2014 12:00:00 AM"
"2766","15803","8/7/2013 12:00:00 AM"
"2767","16953","5/13/2014 12:00:00 AM"
"2768","1130","9/12/2013 12:00:00 AM"
"2769","12918","12/29/2013 12:00:00 AM"
"2770","15899","12/22/2012 12:00:00 AM"
"2771","339","3/31/2014 12:00:00 AM"
"2772","11069","7/2/2012 12:00:00 AM"
"2773","11661","4/3/2014 12:00:00 AM"
"2774","6756","4/22/2012 12:00:00 AM"
"2775","15380","1/6/2014 12:00:00 AM"
"2776","8679","5/24/2012 12:00:00 AM"
"2777","8969","5/28/2014 12:00:00 AM"
"2778","2811","10/7/2011 12:00:00 AM"
"2779","14358","9/13/2013 12:00:00 AM"
"2780","6771","12/9/2012 12:00:00 AM"
"2781","12025","5/30/2014 12:00:00 AM"
"2782","13360","10/13/2013 12:00:00 AM"
"2783","11098","3/25/2014 12:00:00 AM"
"2784","7138","6/27/2011 12:00:00 AM"
"2785","8162","10/6/2013 12:00:00 AM"
"2786","15064","9/10/2013 12:00:00 AM"
"2787","17133","4/4/2014 12:00:00 AM"
"2788","17388","4/28/2014 12:00:00 AM"
"2789","5700","6/4/2011 12:00:00 AM"
"2790","9707","7/6/2013 12:00:00 AM"
"2791","13687","5/21/2014 12:00:00 AM"
"2792","13612","9/17/2013 12:00:00 AM"
"2793","18829","8/29/2012 12:00:00 AM"
"2794","3018","3/19/2014 12:00:00 AM"
"2795","9941","2/7/2014 12:00:00 AM"
"2796","6060","12/9/2012 12:00:00 AM"
"2797","3672","12/4/2013 12:00:00 AM"
"2798","3304","12/25/2012 12:00:00 AM"
"2799","3244","10/19/2011 12:00:00 AM"
"2800","4284","8/3/2013 12:00:00 AM"
"2801","4270","11/27/2011 12:00:00 AM"
"2802","14265","11/20/2012 12:00:00 AM"
"2803","1851","1/26/2014 12:00:00 AM"
"2804","3437","11/1/2012 12:00:00 AM"
"2805","13921","9/19/2013 12:00:00 AM"
"2806","13889","7/2/2013 12:00:00 AM"
"2807","203","3/1/2014 12:00:00 AM"
"2808","13870","3/1/2014 12:00:00 AM"
"2809","9633","3/4/2014 12:00:00 AM"
"2810","5889","5/15/2014 12:00:00 AM"
"2811","16494","1/29/2014 12:00:00 AM"
"2812","18029","1/3/2012 12:00:00 AM"
"2813","14556","10/26/2013 12:00:00 AM"
"2814","14968","8/30/2012 12:00:00 AM"
"2815","2608","7/10/2013 12:00:00 AM"
"2816","18857","7/23/2013 12:00:00 AM"
"2817","8018","1/17/2014 12:00:00 AM"
"2818","13907","11/28/2012 12:00:00 AM"
"2819","16298","3/8/2014 12:00:00 AM"
"2820","18199","7/6/2012 12:00:00 AM"
"2821","10994","4/26/2014 12:00:00 AM"
"2822","13980","1/4/2014 12:00:00 AM"
"2823","12555","6/29/2014 12:00:00 AM"
"2824","17873","4/13/2012 12:00:00 AM"
"2825","9551","6/15/2014 12:00:00 AM"
"2826","1496","9/19/2013 12:00:00 AM"
"2827","6728","6/25/2014 12:00:00 AM"
"2828","4576","5/22/2014 12:00:00 AM"
"2829","1771","1/22/2012 12:00:00 AM"
"2830","8869","8/22/2013 12:00:00 AM"
"2831","2773","3/13/2014 12:00:00 AM"
"2832","1226","4/15/2014 12:00:00 AM"
"2833","16591","4/9/2013 12:00:00 AM"
"2834","10852","6/5/2014 12:00:00 AM"
"2835","16570","6/4/2011 12:00:00 AM"
"2836","12339","6/8/2012 12:00:00 AM"
"2837","17467","10/13/2013 12:00:00 AM"
"2838","8928","11/22/2012 12:00:00 AM"
"2839","12252","7/23/2013 12:00:00 AM"
"2840","14408","6/22/2011 12:00:00 AM"
"2841","10908","1/27/2014 12:00:00 AM"
"2842","10366","11/14/2013 12:00:00 AM"
"2843","8387","9/8/2013 12:00:00 AM"
"2844","831","3/6/2012 12:00:00 AM"
"2845","5560","3/1/2013 12:00:00 AM"
"2846","7368","3/21/2014 12:00:00 AM"
"2847","1770","12/14/2013 12:00:00 AM"
"2848","7274","1/20/2014 12:00:00 AM"
"2849","18647","10/4/2013 12:00:00 AM"
"2850","6775","1/13/2014 12:00:00 AM"
"2851","12944","5/20/2013 12:00:00 AM"
"2852","5469","4/24/2014 12:00:00 AM"
"2853","1710","11/8/2012 12:00:00 AM"
"2854","15190","4/10/2013 12:00:00 AM"
"2855","4771","1/29/2014 12:00:00 AM"
"2856","18379","9/16/2013 12:00:00 AM"
"2857","8888","6/25/2011 12:00:00 AM"
"2858","13807","7/27/2013 12:00:00 AM"
"2859","7804","9/26/2013 12:00:00 AM"
"2860","12069","9/2/2012 12:00:00 AM"
"2861","11238","10/4/2013 12:00:00 AM"
"2862","18964","12/19/2013 12:00:00 AM"
"2863","5173","3/15/2014 12:00:00 AM"
"2864","12091","5/24/2014 12:00:00 AM"
"2865","8012","11/11/2013 12:00:00 AM"
"2866","8306","1/4/2013 12:00:00 AM"
"2867","14507","6/10/2014 12:00:00 AM"
"2868","15691","8/23/2013 12:00:00 AM"
"2869","1616","12/20/2012 12:00:00 AM"
"2870","7694","10/29/2013 12:00:00 AM"
"2871","15918","7/4/2013 12:00:00 AM"
"2872","7039","12/7/2013 12:00:00 AM"
"2873","3706","7/24/2013 12:00:00 AM"
"2874","5578","8/6/2013 12:00:00 AM"
"2875","3219","12/6/2013 12:00:00 AM"
"2876","2033","12/22/2013 12:00:00 AM"
"2877","12921","10/28/2013 12:00:00 AM"
"2878","18722","4/22/2014 12:00:00 AM"
"2879","7379","12/28/2013 12:00:00 AM"
"2880","9111","1/6/2014 12:00:00 AM"
"2881","13711","1/9/2012 12:00:00 AM"
"2882","1441","4/11/2014 12:00:00 AM"
"2883","4606","8/25/2013 12:00:00 AM"
"2884","18468","1/19/2014 12:00:00 AM"
"2885","9583","7/11/2013 12:00:00 AM"
"2886","6972","2/28/2014 12:00:00 AM"
"2887","17995","4/15/2014 12:00:00 AM"
"2888","16483","11/29/2013 12:00:00 AM"
"2889","1707","12/14/2011 12:00:00 AM"
"2890","6736","5/24/2014 12:00:00 AM"
"2891","16955","1/31/2014 12:00:00 AM"
"2892","19105","10/22/2013 12:00:00 AM"
"2893","15012","9/10/2012 12:00:00 AM"
"2894","2764","10/8/2013 12:00:00 AM"
"2895","16881","1/27/2014 12:00:00 AM"
"2896","2083","5/8/2014 12:00:00 AM"
"2897","8871","1/6/2014 12:00:00 AM"
"2898","18388","12/6/2013 12:00:00 AM"
"2899","16624","11/1/2011 12:00:00 AM"
"2900","15628","4/9/2012 12:00:00 AM"
"2901","15371","5/12/2014 12:00:00 AM"
"2902","508","3/11/2013 12:00:00 AM"
"2903","15162","4/6/2012 12:00:00 AM"
"2904","17168","1/3/2014 12:00:00 AM"
"2905","14309","8/10/2013 12:00:00 AM"
"2906","5425","10/26/2013 12:00:00 AM"
"2907","7687","7/16/2013 12:00:00 AM"
"2908","1299","8/3/2013 12:00:00 AM"
"2909","13800","3/2/2014 12:00:00 AM"
"2910","11342","4/9/2012 12:00:00 AM"
"2911","9825","12/12/2011 12:00:00 AM"
"2912","13767","12/17/2013 12:00:00 AM"
"2913","18535","7/22/2012 12:00:00 AM"
"2914","14452","8/28/2013 12:00:00 AM"
"2915","16765","5/1/2014 12:00:00 AM"
"2916","6749","11/24/2013 12:00:00 AM"
"2917","18377","11/13/2011 12:00:00 AM"
"2918","16889","5/9/2012 12:00:00 AM"
"2919","3633","12/14/2013 12:00:00 AM"
"2920","18993","2/23/2014 12:00:00 AM"
"2921","13913","1/18/2014 12:00:00 AM"
"2922","1596","3/9/2014 12:00:00 AM"
"2923","7462","8/12/2013 12:00:00 AM"
"2924","17204","3/29/2014 12:00:00 AM"
"2925","1975","6/13/2014 12:00:00 AM"
"2926","10805","9/20/2013 12:00:00 AM"
"2927","5924","9/25/2013 12:00:00 AM"
"2928","4969","1/11/2014 12:00:00 AM"
"2929","2491","1/21/2013 12:00:00 AM"
"2930","9911","12/25/2013 12:00:00 AM"
"2931","1227","11/20/2013 12:00:00 AM"
"2932","16014","7/13/2013 12:00:00 AM"
"2933","3076","12/23/2013 12:00:00 AM"
"2934","6483","5/11/2012 12:00:00 AM"
"2935","11730","5/8/2014 12:00:00 AM"
"2936","4858","5/11/2014 12:00:00 AM"
"2937","6663","4/5/2014 12:00:00 AM"
"2938","13451","11/12/2013 12:00:00 AM"
"2939","15605","1/25/2014 12:00:00 AM"
"2940","7997","1/6/2012 12:00:00 AM"
"2941","672","5/7/2014 12:00:00 AM"
"2942","2810","1/3/2014 12:00:00 AM"
"2943","17571","11/26/2013 12:00:00 AM"
"2944","2891","11/28/2013 12:00:00 AM"
"2945","13443","12/14/2012 12:00:00 AM"
"2946","2310","1/11/2014 12:00:00 AM"
"2947","2996","10/9/2013 12:00:00 AM"
"2948","1363","3/16/2014 12:00:00 AM"
"2949","5315","7/17/2013 12:00:00 AM"
"2950","4972","9/8/2013 12:00:00 AM"
"2951","2788","9/28/2012 12:00:00 AM"
"2952","16758","6/7/2014 12:00:00 AM"
"2953","15197","2/1/2014 12:00:00 AM"
"2954","11905","9/18/2013 12:00:00 AM"
"2955","7060","4/1/2014 12:00:00 AM"
"2956","13444","5/26/2014 12:00:00 AM"
"2957","17414","10/24/2013 12:00:00 AM"
"2958","7478","4/24/2014 12:00:00 AM"
"2959","2422","3/19/2014 12:00:00 AM"
"2960","9502","5/20/2014 12:00:00 AM"
"2961","12824","12/18/2013 12:00:00 AM"
"2962","17673","3/2/2014 12:00:00 AM"
"2963","9240","1/2/2013 12:00:00 AM"
"2964","17390","1/7/2014 12:00:00 AM"
"2965","3326","6/3/2012 12:00:00 AM"
"2966","3511","11/23/2013 12:00:00 AM"
"2967","3308","11/16/2013 12:00:00 AM"
"2968","17268","2/13/2014 12:00:00 AM"
"2969","15179","10/11/2013 12:00:00 AM"
"2970","14419","8/18/2011 12:00:00 AM"
"2971","7743","9/22/2013 12:00:00 AM"
"2972","14953","6/20/2012 12:00:00 AM"
"2973","16884","11/30/2012 12:00:00 AM"
"2974","16807","5/13/2013 12:00:00 AM"
"2975","7652","2/10/2013 12:00:00 AM"
"2976","2706","5/2/2014 12:00:00 AM"
"2977","2564","11/17/2013 12:00:00 AM"
"2978","6314","10/27/2013 12:00:00 AM"
"2979","15434","9/12/2013 12:00:00 AM"
"2980","10962","4/21/2014 12:00:00 AM"
"2981","12355","5/16/2013 12:00:00 AM"
"2982","18014","11/26/2013 12:00:00 AM"
"2983","12565","8/10/2013 12:00:00 AM"
"2984","17109","11/10/2013 12:00:00 AM"
"2985","17302","5/28/2014 12:00:00 AM"
"2986","18746","5/11/2013 12:00:00 AM"
"2987","14866","9/29/2013 12:00:00 AM"
"2988","13342","7/6/2013 12:00:00 AM"
"2989","2081","11/8/2013 12:00:00 AM"
"2990","12065","8/21/2013 12:00:00 AM"
"2991","7187","12/19/2013 12:00:00 AM"
"2992","143","11/3/2012 12:00:00 AM"
"2993","2304","5/25/2012 12:00:00 AM"
"2994","19146","9/7/2013 12:00:00 AM"
"2995","18035","12/6/2012 12:00:00 AM"
"2996","1199","8/3/2013 12:00:00 AM"
"2997","17285","9/14/2013 12:00:00 AM"
"2998","9991","9/1/2013 12:00:00 AM"
"2999","5621","11/24/2013 12:00:00 AM"
"3000","275","3/13/2014 12:00:00 AM"
"3001","7586","1/20/2014 12:00:00 AM"
"3002","17203","7/30/2013 12:00:00 AM"
"3003","6984","3/20/2014 12:00:00 AM"
"3004","11772","11/19/2013 12:00:00 AM"
"3005","6113","12/30/2013 12:00:00 AM"
"3006","9475","4/29/2013 12:00:00 AM"
"3007","503","11/9/2013 12:00:00 AM"
"3008","7036","5/28/2013 12:00:00 AM"
"3009","7800","9/8/2012 12:00:00 AM"
"3010","2852","10/11/2012 12:00:00 AM"
"3011","16854","8/19/2012 12:00:00 AM"
"3012","8296","5/17/2014 12:00:00 AM"
"3013","931","2/20/2014 12:00:00 AM"
"3014","151","4/21/2012 12:00:00 AM"
"3015","10938","5/22/2012 12:00:00 AM"
"3016","13077","7/20/2013 12:00:00 AM"
"3017","3131","10/17/2013 12:00:00 AM"
"3018","11816","12/29/2013 12:00:00 AM"
"3019","18670","6/23/2012 12:00:00 AM"
"3020","9094","12/28/2013 12:00:00 AM"
"3021","15826","6/3/2013 12:00:00 AM"
"3022","17531","5/20/2014 12:00:00 AM"
"3023","17745","11/20/2013 12:00:00 AM"
"3024","3834","10/25/2013 12:00:00 AM"
"3025","5365","7/9/2011 12:00:00 AM"
"3026","7748","5/8/2014 12:00:00 AM"
"3027","11627","1/28/2013 12:00:00 AM"
"3028","18779","9/10/2013 12:00:00 AM"
"3029","8701","11/25/2013 12:00:00 AM"
"3030","11284","5/20/2014 12:00:00 AM"
"3031","17807","4/30/2014 12:00:00 AM"
"3032","1953","7/16/2013 12:00:00 AM"
"3033","4711","4/6/2014 12:00:00 AM"
"3034","13531","6/24/2014 12:00:00 AM"
"3035","6707","4/14/2013 12:00:00 AM"
"3036","8445","6/14/2012 12:00:00 AM"
"3037","10714","2/19/2014 12:00:00 AM"
"3038","6643","9/18/2013 12:00:00 AM"
"3039","320","7/16/2013 12:00:00 AM"
"3040","23","4/15/2012 12:00:00 AM"
"3041","3503","7/18/2013 12:00:00 AM"
"3042","16979","11/16/2013 12:00:00 AM"
"3043","18699","7/29/2013 12:00:00 AM"
"3044","16225","5/4/2012 12:00:00 AM"
"3045","3123","5/14/2014 12:00:00 AM"
"3046","18131","2/14/2014 12:00:00 AM"
"3047","4610","8/2/2013 12:00:00 AM"
"3048","1881","2/25/2014 12:00:00 AM"
"3049","11133","5/25/2014 12:00:00 AM"
"3050","12651","3/31/2014 12:00:00 AM"
"3051","153","8/18/2013 12:00:00 AM"
"3052","16712","6/21/2013 12:00:00 AM"
"3053","19193","8/18/2013 12:00:00 AM"
"3054","11301","12/1/2013 12:00:00 AM"
"3055","19224","1/29/2014 12:00:00 AM"
"3056","8002","5/7/2013 12:00:00 AM"
"3057","5280","11/30/2011 12:00:00 AM"
"3058","13696","3/7/2014 12:00:00 AM"
"3059","3053","9/26/2013 12:00:00 AM"
"3060","11030","9/20/2013 12:00:00 AM"
"3061","14992","10/14/2012 12:00:00 AM"
"3062","12519","1/2/2013 12:00:00 AM"
"3063","9898","5/19/2014 12:00:00 AM"
"3064","2906","8/13/2013 12:00:00 AM"
"3065","13308","4/24/2014 12:00:00 AM"
"3066","7595","2/11/2014 12:00:00 AM"
"3067","6697","11/12/2013 12:00:00 AM"
"3068","7784","2/19/2014 12:00:00 AM"
"3069","18995","5/30/2014 12:00:00 AM"
"3070","2256","7/17/2013 12:00:00 AM"
"3071","16701","10/23/2013 12:00:00 AM"
"3072","3265","5/24/2014 12:00:00 AM"
"3073","16449","4/11/2013 12:00:00 AM"
"3074","7325","8/28/2013 12:00:00 AM"
"3075","11051","8/25/2013 12:00:00 AM"
"3076","10349","5/14/2012 12:00:00 AM"
"3077","7897","4/6/2014 12:00:00 AM"
"3078","18434","2/1/2013 12:00:00 AM"
"3079","8873","12/24/2012 12:00:00 AM"
"3080","2863","9/18/2012 12:00:00 AM"
"3081","9964","6/3/2012 12:00:00 AM"
"3082","19130","2/10/2014 12:00:00 AM"
"3083","2026","9/11/2013 12:00:00 AM"
"3084","17126","11/3/2013 12:00:00 AM"
"3085","19025","5/29/2012 12:00:00 AM"
"3086","950","3/25/2013 12:00:00 AM"
"3087","8298","1/28/2014 12:00:00 AM"
"3088","14392","2/6/2014 12:00:00 AM"
"3089","17160","2/1/2014 12:00:00 AM"
"3090","16064","8/14/2011 12:00:00 AM"
"3091","11507","3/30/2014 12:00:00 AM"
"3092","7091","10/26/2013 12:00:00 AM"
"3093","17201","3/17/2013 12:00:00 AM"
"3094","16972","3/15/2014 12:00:00 AM"
"3095","16844","9/16/2013 12:00:00 AM"
"3096","4911","1/13/2014 12:00:00 AM"
"3097","18771","10/15/2013 12:00:00 AM"
"3098","2411","7/22/2013 12:00:00 AM"
"3099","487","4/12/2014 12:00:00 AM"
"3100","7190","7/14/2012 12:00:00 AM"
"3101","1821","11/28/2013 12:00:00 AM"
"3102","79","6/17/2012 12:00:00 AM"
"3103","8050","10/6/2012 12:00:00 AM"
"3104","14634","11/18/2013 12:00:00 AM"
"3105","15765","3/18/2014 12:00:00 AM"
"3106","13331","5/7/2014 12:00:00 AM"
"3107","14998","8/13/2013 12:00:00 AM"
"3108","1270","5/5/2014 12:00:00 AM"
"3109","810","10/23/2013 12:00:00 AM"
"3110","10162","11/10/2013 12:00:00 AM"
"3111","4414","6/21/2012 12:00:00 AM"
"3112","16736","6/20/2013 12:00:00 AM"
"3113","13922","3/22/2014 12:00:00 AM"
"3114","1917","10/31/2012 12:00:00 AM"
"3115","12688","7/3/2012 12:00:00 AM"
"3116","3663","9/28/2013 12:00:00 AM"
"3117","15849","4/1/2012 12:00:00 AM"
"3118","13251","7/20/2013 12:00:00 AM"
"3119","697","2/4/2014 12:00:00 AM"
"3120","6688","6/20/2013 12:00:00 AM"
"3121","18698","7/18/2012 12:00:00 AM"
"3122","12786","8/29/2013 12:00:00 AM"
"3123","16918","9/18/2012 12:00:00 AM"
"3124","344","10/10/2013 12:00:00 AM"
"3125","10664","12/27/2013 12:00:00 AM"
"3126","4116","3/4/2013 12:00:00 AM"
"3127","4310","11/2/2012 12:00:00 AM"
"3128","8805","11/14/2013 12:00:00 AM"
"3129","12533","5/7/2014 12:00:00 AM"
"3130","15477","2/26/2013 12:00:00 AM"
"3131","3816","11/14/2011 12:00:00 AM"
"3132","16833","3/2/2014 12:00:00 AM"
"3133","1530","3/25/2014 12:00:00 AM"
"3134","1280","6/25/2013 12:00:00 AM"
"3135","6208","7/14/2013 12:00:00 AM"
"3136","13013","9/7/2013 12:00:00 AM"
"3137","16826","1/24/2012 12:00:00 AM"
"3138","11129","5/27/2014 12:00:00 AM"
"3139","18886","2/14/2014 12:00:00 AM"
"3140","10197","5/29/2014 12:00:00 AM"
"3141","10309","7/13/2013 12:00:00 AM"
"3142","13624","3/30/2014 12:00:00 AM"
"3143","5481","2/20/2014 12:00:00 AM"
"3144","3226","2/15/2014 12:00:00 AM"
"3145","764","12/24/2011 12:00:00 AM"
"3146","4917","5/18/2012 12:00:00 AM"
"3147","10420","7/19/2012 12:00:00 AM"
"3148","13575","2/1/2013 12:00:00 AM"
"3149","9244","12/30/2013 12:00:00 AM"
"3150","8683","8/31/2013 12:00:00 AM"
"3151","9147","4/27/2014 12:00:00 AM"
"3152","1145","12/15/2012 12:00:00 AM"
"3153","15716","7/23/2013 12:00:00 AM"
"3154","16174","12/29/2013 12:00:00 AM"
"3155","3802","11/29/2011 12:00:00 AM"
"3156","14728","7/4/2013 12:00:00 AM"
"3157","16375","5/6/2014 12:00:00 AM"
"3158","16603","12/25/2013 12:00:00 AM"
"3159","13635","3/1/2014 12:00:00 AM"
"3160","8943","3/9/2014 12:00:00 AM"
"3161","8073","3/26/2013 12:00:00 AM"
"3162","2748","12/1/2013 12:00:00 AM"
"3163","10476","5/27/2012 12:00:00 AM"
"3164","10682","1/26/2014 12:00:00 AM"
"3165","5140","10/20/2013 12:00:00 AM"
"3166","15552","6/17/2014 12:00:00 AM"
"3167","11014","1/17/2014 12:00:00 AM"
"3168","4406","7/10/2013 12:00:00 AM"
"3169","14381","4/7/2014 12:00:00 AM"
"3170","4686","4/15/2014 12:00:00 AM"
"3171","18501","11/25/2011 12:00:00 AM"
"3172","17018","7/11/2013 12:00:00 AM"
"3173","3823","9/30/2013 12:00:00 AM"
"3174","11587","1/28/2014 12:00:00 AM"
"3175","3925","9/18/2013 12:00:00 AM"
"3176","1248","10/10/2013 12:00:00 AM"
"3177","5731","4/21/2014 12:00:00 AM"
"3178","4741","8/6/2011 12:00:00 AM"
"3179","2860","5/18/2013 12:00:00 AM"
"3180","9997","3/13/2014 12:00:00 AM"
"3181","9123","11/3/2013 12:00:00 AM"
"3182","2371","10/26/2012 12:00:00 AM"
"3183","6586","2/16/2013 12:00:00 AM"
"3184","6997","4/25/2012 12:00:00 AM"
"3185","11826","11/10/2013 12:00:00 AM"
"3186","5890","1/26/2014 12:00:00 AM"
"3187","15835","6/1/2012 12:00:00 AM"
"3188","10918","4/10/2014 12:00:00 AM"
"3189","5942","10/24/2011 12:00:00 AM"
"3190","14520","2/22/2014 12:00:00 AM"
"3191","9022","12/26/2013 12:00:00 AM"
"3192","11120","1/9/2014 12:00:00 AM"
"3193","6950","10/28/2013 12:00:00 AM"
"3194","10729","1/27/2013 12:00:00 AM"
"3195","10839","11/27/2013 12:00:00 AM"
"3196","5492","9/17/2013 12:00:00 AM"
"3197","9387","7/1/2013 12:00:00 AM"
"3198","3023","8/1/2013 12:00:00 AM"
"3199","3397","3/23/2014 12:00:00 AM"
"3200","11696","7/19/2013 12:00:00 AM"
"3201","3990","10/28/2013 12:00:00 AM"
"3202","7244","9/13/2013 12:00:00 AM"
"3203","5059","1/24/2014 12:00:00 AM"
"3204","7506","9/4/2013 12:00:00 AM"
"3205","12827","9/8/2013 12:00:00 AM"
"3206","18635","5/13/2013 12:00:00 AM"
"3207","7611","2/1/2014 12:00:00 AM"
"3208","15331","7/1/2013 12:00:00 AM"
"3209","3201","4/8/2014 12:00:00 AM"
"3210","4180","2/20/2014 12:00:00 AM"
"3211","6979","3/11/2014 12:00:00 AM"
"3212","16046","10/13/2012 12:00:00 AM"
"3213","4755","9/13/2013 12:00:00 AM"
"3214","16113","11/22/2013 12:00:00 AM"
"3215","11941","9/26/2013 12:00:00 AM"
"3216","11705","11/13/2013 12:00:00 AM"
"3217","1203","2/6/2014 12:00:00 AM"
"3218","618","7/6/2012 12:00:00 AM"
"3219","8297","8/31/2013 12:00:00 AM"
"3220","593","6/30/2013 12:00:00 AM"
"3221","9595","4/4/2014 12:00:00 AM"
"3222","11393","7/24/2013 12:00:00 AM"
"3223","16346","1/6/2012 12:00:00 AM"
"3224","18777","9/1/2013 12:00:00 AM"
"3225","3425","8/4/2013 12:00:00 AM"
"3226","15869","12/13/2013 12:00:00 AM"
"3227","1721","10/20/2012 12:00:00 AM"
"3228","8393","5/15/2014 12:00:00 AM"
"3229","10741","6/15/2012 12:00:00 AM"
"3230","7524","8/3/2013 12:00:00 AM"
"3231","1626","1/28/2014 12:00:00 AM"
"3232","9846","2/24/2014 12:00:00 AM"
"3233","1637","3/18/2014 12:00:00 AM"
"3234","8417","9/18/2013 12:00:00 AM"
"3235","11036","8/30/2013 12:00:00 AM"
"3236","15253","3/10/2014 12:00:00 AM"
"3237","16924","11/16/2011 12:00:00 AM"
"3238","971","11/10/2011 12:00:00 AM"
"3239","9351","1/14/2014 12:00:00 AM"
"3240","5336","5/13/2014 12:00:00 AM"
"3241","14805","6/19/2013 12:00:00 AM"
"3242","3605","10/6/2012 12:00:00 AM"
"3243","18172","5/31/2014 12:00:00 AM"
"3244","408","2/8/2013 12:00:00 AM"
"3245","5387","3/26/2013 12:00:00 AM"
"3246","11541","9/22/2013 12:00:00 AM"
"3247","12143","2/10/2014 12:00:00 AM"
"3248","14286","7/30/2013 12:00:00 AM"
"3249","310","8/8/2011 12:00:00 AM"
"3250","12747","9/22/2011 12:00:00 AM"
"3251","4018","12/8/2013 12:00:00 AM"
"3252","14877","4/29/2014 12:00:00 AM"
"3253","1904","5/12/2014 12:00:00 AM"
"3254","1647","8/17/2013 12:00:00 AM"
"3255","6469","1/15/2013 12:00:00 AM"
"3256","2331","3/19/2013 12:00:00 AM"
"3257","15939","12/21/2013 12:00:00 AM"
"3258","10351","7/3/2012 12:00:00 AM"
"3259","6767","8/4/2013 12:00:00 AM"
"3260","3599","12/29/2013 12:00:00 AM"
"3261","13240","8/24/2013 12:00:00 AM"
"3262","10393","7/22/2013 12:00:00 AM"
"3263","2718","12/27/2013 12:00:00 AM"
"3264","10180","6/22/2011 12:00:00 AM"
"3265","12356","5/14/2014 12:00:00 AM"
"3266","7393","4/20/2013 12:00:00 AM"
"3267","14800","8/9/2011 12:00:00 AM"
"3268","14196","11/17/2012 12:00:00 AM"
"3269","15259","4/12/2013 12:00:00 AM"
"3270","18274","7/26/2013 12:00:00 AM"
"3271","18043","12/5/2013 12:00:00 AM"
"3272","385","9/1/2011 12:00:00 AM"
"3273","4678","1/11/2014 12:00:00 AM"
"3274","9338","9/18/2013 12:00:00 AM"
"3275","7699","9/2/2013 12:00:00 AM"
"3276","4515","11/14/2013 12:00:00 AM"
"3277","8504","6/12/2012 12:00:00 AM"
"3278","3302","8/5/2013 12:00:00 AM"
"3279","3107","11/27/2011 12:00:00 AM"
"3280","12638","2/1/2014 12:00:00 AM"
"3281","17767","6/6/2012 12:00:00 AM"
"3282","18871","10/29/2013 12:00:00 AM"
"3283","10511","5/22/2014 12:00:00 AM"
"3284","6724","12/18/2013 12:00:00 AM"
"3285","16996","3/28/2014 12:00:00 AM"
"3286","15088","6/10/2012 12:00:00 AM"
"3287","17107","1/23/2014 12:00:00 AM"
"3288","4128","8/21/2011 12:00:00 AM"
"3289","16096","5/13/2012 12:00:00 AM"
"3290","18772","7/19/2013 12:00:00 AM"
"3291","15663","9/6/2013 12:00:00 AM"
"3292","2311","3/25/2013 12:00:00 AM"
"3293","12255","6/16/2014 12:00:00 AM"
"3294","16068","10/2/2012 12:00:00 AM"
"3295","1933","4/28/2013 12:00:00 AM"
"3296","10136","4/25/2014 12:00:00 AM"
"3297","1193","8/2/2012 12:00:00 AM"
"3298","18865","6/27/2014 12:00:00 AM"
"3299","15387","8/26/2013 12:00:00 AM"
"3300","1011","3/9/2014 12:00:00 AM"
"3301","3030","12/4/2013 12:00:00 AM"
"3302","12269","5/15/2013 12:00:00 AM"
"3303","14085","4/3/2014 12:00:00 AM"
"3304","8934","11/20/2011 12:00:00 AM"
"3305","2586","2/22/2014 12:00:00 AM"
"3306","13223","1/20/2014 12:00:00 AM"
"3307","1935","10/22/2012 12:00:00 AM"
"3308","10052","10/29/2013 12:00:00 AM"
"3309","15964","2/25/2014 12:00:00 AM"
"3310","156","12/19/2011 12:00:00 AM"
"3311","2129","11/24/2011 12:00:00 AM"
"3312","10019","11/1/2012 12:00:00 AM"
"3313","13299","7/25/2013 12:00:00 AM"
"3314","10002","11/6/2013 12:00:00 AM"
"3315","4656","7/18/2012 12:00:00 AM"
"3316","17445","3/23/2014 12:00:00 AM"
"3317","14000","4/3/2012 12:00:00 AM"
"3318","1257","10/11/2013 12:00:00 AM"
"3319","10608","1/9/2014 12:00:00 AM"
"3320","4957","2/12/2012 12:00:00 AM"
"3321","1598","1/18/2014 12:00:00 AM"
"3322","790","2/17/2014 12:00:00 AM"
"3323","6134","5/31/2014 12:00:00 AM"
"3324","12264","11/25/2013 12:00:00 AM"
"3325","8621","6/20/2014 12:00:00 AM"
"3326","8101","9/5/2012 12:00:00 AM"
"3327","10176","4/9/2014 12:00:00 AM"
"3328","1952","11/1/2013 12:00:00 AM"
"3329","1422","11/30/2013 12:00:00 AM"
"3330","1310","5/10/2013 12:00:00 AM"
"3331","5427","3/23/2014 12:00:00 AM"
"3332","17574","2/26/2014 12:00:00 AM"
"3333","7397","9/4/2013 12:00:00 AM"
"3334","8400","4/1/2012 12:00:00 AM"
"3335","10092","7/14/2012 12:00:00 AM"
"3336","19167","9/4/2013 12:00:00 AM"
"3337","8000","8/14/2011 12:00:00 AM"
"3338","7388","6/18/2011 12:00:00 AM"
"3339","17298","9/21/2013 12:00:00 AM"
"3340","1541","5/6/2014 12:00:00 AM"
"3341","12490","10/23/2013 12:00:00 AM"
"3342","17113","9/9/2011 12:00:00 AM"
"3343","17128","10/18/2013 12:00:00 AM"
"3344","2858","7/22/2011 12:00:00 AM"
"3345","4980","5/17/2014 12:00:00 AM"
"3346","2488","9/19/2011 12:00:00 AM"
"3347","7312","4/19/2014 12:00:00 AM"
"3348","3306","8/11/2013 12:00:00 AM"
"3349","14553","1/8/2014 12:00:00 AM"
"3350","5074","8/11/2012 12:00:00 AM"
"3351","11323","2/26/2014 12:00:00 AM"
"3352","15769","6/15/2012 12:00:00 AM"
"3353","4605","9/13/2013 12:00:00 AM"
"3354","16353","1/5/2014 12:00:00 AM"
"3355","18240","6/23/2014 12:00:00 AM"
"3356","18977","9/28/2012 12:00:00 AM"
"3357","9299","4/9/2013 12:00:00 AM"
"3358","8942","12/25/2013 12:00:00 AM"
"3359","4266","10/11/2013 12:00:00 AM"
"3360","5451","11/5/2013 12:00:00 AM"
"3361","18651","4/22/2014 12:00:00 AM"
"3362","14573","10/4/2011 12:00:00 AM"
"3363","350","7/17/2013 12:00:00 AM"
"3364","9563","3/9/2014 12:00:00 AM"
"3365","17061","1/8/2013 12:00:00 AM"
"3366","11951","10/10/2012 12:00:00 AM"
"3367","17202","5/5/2014 12:00:00 AM"
"3368","7152","3/6/2014 12:00:00 AM"
"3369","14327","5/2/2014 12:00:00 AM"
"3370","2661","5/10/2014 12:00:00 AM"
"3371","12401","1/9/2014 12:00:00 AM"
"3372","9591","6/7/2014 12:00:00 AM"
"3373","18094","5/29/2013 12:00:00 AM"
"3374","17938","5/23/2014 12:00:00 AM"
"3375","15180","8/12/2013 12:00:00 AM"
"3376","15404","9/10/2013 12:00:00 AM"
"3377","3704","12/4/2013 12:00:00 AM"
"3378","2050","3/14/2013 12:00:00 AM"
"3379","3828","11/15/2012 12:00:00 AM"
"3380","2194","2/27/2014 12:00:00 AM"
"3381","16165","8/15/2011 12:00:00 AM"
"3382","6484","9/4/2013 12:00:00 AM"
"3383","8577","1/23/2014 12:00:00 AM"
"3384","3336","3/22/2014 12:00:00 AM"
"3385","7075","6/26/2014 12:00:00 AM"
"3386","18372","12/28/2013 12:00:00 AM"
"3387","9746","1/11/2014 12:00:00 AM"
"3388","10680","4/6/2013 12:00:00 AM"
"3389","14799","5/29/2012 12:00:00 AM"
"3390","11876","2/1/2012 12:00:00 AM"
"3391","1658","11/16/2013 12:00:00 AM"
"3392","2636","6/8/2011 12:00:00 AM"
"3393","14277","1/25/2014 12:00:00 AM"
"3394","6601","5/3/2014 12:00:00 AM"
"3395","12980","6/11/2011 12:00:00 AM"
"3396","6961","1/3/2014 12:00:00 AM"
"3397","5580","2/13/2012 12:00:00 AM"
"3398","15991","3/12/2014 12:00:00 AM"
"3399","2272","3/16/2013 12:00:00 AM"
"3400","16672","11/16/2013 12:00:00 AM"
"3401","1050","5/22/2012 12:00:00 AM"
"3402","16852","7/10/2013 12:00:00 AM"
"3403","8860","11/29/2013 12:00:00 AM"
"3404","4598","8/13/2013 12:00:00 AM"
"3405","7850","9/15/2013 12:00:00 AM"
"3406","10221","10/18/2013 12:00:00 AM"
"3407","14329","2/6/2014 12:00:00 AM"
"3408","13284","8/31/2012 12:00:00 AM"
"3409","11735","4/11/2012 12:00:00 AM"
"3410","19200","12/26/2013 12:00:00 AM"
"3411","18625","4/28/2013 12:00:00 AM"
"3412","10468","11/22/2012 12:00:00 AM"
"3413","3589","7/6/2013 12:00:00 AM"
"3414","2682","7/4/2012 12:00:00 AM"
"3415","10425","2/5/2014 12:00:00 AM"
"3416","19162","3/28/2012 12:00:00 AM"
"3417","2416","9/25/2013 12:00:00 AM"
"3418","11572","12/10/2013 12:00:00 AM"
"3419","8186","7/25/2011 12:00:00 AM"
"3420","14389","3/16/2014 12:00:00 AM"
"3421","13138","11/7/2012 12:00:00 AM"
"3422","48","5/21/2014 12:00:00 AM"
"3423","10190","11/1/2013 12:00:00 AM"
"3424","8390","2/21/2012 12:00:00 AM"
"3425","297","7/11/2013 12:00:00 AM"
"3426","2157","10/18/2013 12:00:00 AM"
"3427","14426","8/1/2012 12:00:00 AM"
"3428","17266","1/20/2013 12:00:00 AM"
"3429","8762","10/11/2013 12:00:00 AM"
"3430","10559","3/1/2014 12:00:00 AM"
"3431","13655","11/29/2013 12:00:00 AM"
"3432","124","9/19/2013 12:00:00 AM"
"3433","12560","4/3/2014 12:00:00 AM"
"3434","12476","5/16/2014 12:00:00 AM"
"3435","9056","12/19/2012 12:00:00 AM"
"3436","68","2/6/2013 12:00:00 AM"
"3437","9572","3/1/2014 12:00:00 AM"
"3438","6112","6/26/2014 12:00:00 AM"
"3439","12672","12/9/2013 12:00:00 AM"
"3440","3448","11/8/2013 12:00:00 AM"
"3441","1788","5/26/2013 12:00:00 AM"
"3442","17624","4/11/2014 12:00:00 AM"
"3443","14413","9/2/2012 12:00:00 AM"
"3444","8157","8/23/2012 12:00:00 AM"
"3445","13932","3/14/2012 12:00:00 AM"
"3446","10870","1/11/2014 12:00:00 AM"
"3447","11746","10/17/2013 12:00:00 AM"
"3448","5321","5/7/2014 12:00:00 AM"
"3449","5620","3/18/2014 12:00:00 AM"
"3450","1501","11/11/2013 12:00:00 AM"
"3451","14637","12/9/2013 12:00:00 AM"
"3452","13744","8/27/2011 12:00:00 AM"
"3453","148","2/16/2013 12:00:00 AM"
"3454","6114","7/3/2013 12:00:00 AM"
"3455","941","3/17/2013 12:00:00 AM"
"3456","8916","12/20/2013 12:00:00 AM"
"3457","2882","1/8/2012 12:00:00 AM"
"3458","2229","7/17/2012 12:00:00 AM"
"3459","2738","5/18/2014 12:00:00 AM"
"3460","16379","7/2/2013 12:00:00 AM"
"3461","11235","5/21/2014 12:00:00 AM"
"3462","15794","6/21/2011 12:00:00 AM"
"3463","9909","7/23/2013 12:00:00 AM"
"3464","2363","5/9/2012 12:00:00 AM"
"3465","3878","1/20/2014 12:00:00 AM"
"3466","13937","11/16/2013 12:00:00 AM"
"3467","835","11/16/2013 12:00:00 AM"
"3468","7609","10/19/2013 12:00:00 AM"
"3469","17492","2/14/2014 12:00:00 AM"
"3470","9237","3/12/2014 12:00:00 AM"
"3471","5663","9/10/2012 12:00:00 AM"
"3472","1693","5/22/2013 12:00:00 AM"
"3473","18232","11/27/2013 12:00:00 AM"
"3474","18112","10/17/2013 12:00:00 AM"
"3475","17759","8/10/2012 12:00:00 AM"
"3476","3940","5/8/2013 12:00:00 AM"
"3477","6462","6/23/2013 12:00:00 AM"
"3478","6154","10/30/2013 12:00:00 AM"
"3479","5299","9/26/2013 12:00:00 AM"
"3480","7496","3/30/2012 12:00:00 AM"
"3481","2144","2/3/2014 12:00:00 AM"
"3482","361","1/21/2014 12:00:00 AM"
"3483","1429","10/14/2011 12:00:00 AM"
"3484","11503","2/15/2014 12:00:00 AM"
"3485","11240","4/20/2013 12:00:00 AM"
"3486","15372","10/5/2012 12:00:00 AM"
"3487","15955","5/23/2013 12:00:00 AM"
"3488","16395","4/6/2014 12:00:00 AM"
"3489","6040","8/15/2013 12:00:00 AM"
"3490","1200","7/5/2013 12:00:00 AM"
"3491","16011","12/21/2012 12:00:00 AM"
"3492","14885","3/16/2013 12:00:00 AM"
"3493","9676","9/23/2013 12:00:00 AM"
"3494","1865","5/30/2014 12:00:00 AM"
"3495","14393","3/14/2014 12:00:00 AM"
"3496","18937","12/13/2013 12:00:00 AM"
"3497","5522","10/14/2013 12:00:00 AM"
"3498","1475","9/6/2013 12:00:00 AM"
"3499","1479","9/19/2013 12:00:00 AM"
"3500","6052","4/11/2014 12:00:00 AM"
"3501","17020","12/21/2013 12:00:00 AM"
"3502","7551","5/6/2014 12:00:00 AM"
"3503","3382","4/10/2013 12:00:00 AM"
"3504","7730","9/7/2013 12:00:00 AM"
"3505","3570","7/27/2013 12:00:00 AM"
"3506","6848","2/3/2014 12:00:00 AM"
"3507","15820","10/5/2013 12:00:00 AM"
"3508","10383","12/14/2013 12:00:00 AM"
"3509","8510","3/11/2012 12:00:00 AM"
"3510","3623","7/13/2013 12:00:00 AM"
"3511","5064","5/2/2013 12:00:00 AM"
"3512","17006","12/10/2013 12:00:00 AM"
"3513","14947","3/6/2014 12:00:00 AM"
"3514","5165","1/11/2012 12:00:00 AM"
"3515","17081","8/13/2013 12:00:00 AM"
"3516","16513","11/25/2013 12:00:00 AM"
"3517","17338","2/4/2012 12:00:00 AM"
"3518","9763","2/16/2014 12:00:00 AM"
"3519","3349","10/31/2012 12:00:00 AM"
"3520","11692","1/24/2013 12:00:00 AM"
"3521","15343","3/16/2014 12:00:00 AM"
"3522","10278","3/4/2013 12:00:00 AM"
"3523","9759","3/10/2014 12:00:00 AM"
"3524","13375","2/10/2012 12:00:00 AM"
"3525","15570","3/5/2014 12:00:00 AM"
"3526","4965","8/5/2013 12:00:00 AM"
"3527","12396","8/1/2013 12:00:00 AM"
"3528","7497","2/18/2014 12:00:00 AM"
"3529","221","2/24/2014 12:00:00 AM"
"3530","7099","3/16/2012 12:00:00 AM"
"3531","16666","4/2/2013 12:00:00 AM"
"3532","15802","7/8/2013 12:00:00 AM"
"3533","16792","9/2/2013 12:00:00 AM"
"3534","6782","2/19/2014 12:00:00 AM"
"3535","9367","2/20/2013 12:00:00 AM"
"3536","9528","6/14/2011 12:00:00 AM"
"3537","12350","1/22/2014 12:00:00 AM"
"3538","19166","11/25/2012 12:00:00 AM"
"3539","16866","6/11/2012 12:00:00 AM"
"3540","207","8/6/2013 12:00:00 AM"
"3541","8795","11/20/2012 12:00:00 AM"
"3542","5007","6/28/2012 12:00:00 AM"
"3543","6371","11/22/2013 12:00:00 AM"
"3544","17869","10/19/2013 12:00:00 AM"
"3545","5355","6/17/2013 12:00:00 AM"
"3546","4737","12/12/2013 12:00:00 AM"
"3547","12845","12/17/2013 12:00:00 AM"
"3548","12103","8/2/2013 12:00:00 AM"
"3549","6017","1/16/2014 12:00:00 AM"
"3550","18401","11/2/2013 12:00:00 AM"
"3551","2665","11/28/2013 12:00:00 AM"
"3552","18876","8/22/2013 12:00:00 AM"
"3553","2301","8/27/2011 12:00:00 AM"
"3554","10375","6/3/2014 12:00:00 AM"
"3555","17042","10/16/2013 12:00:00 AM"
"3556","16954","7/23/2013 12:00:00 AM"
"3557","15303","3/31/2014 12:00:00 AM"
"3558","12606","10/22/2013 12:00:00 AM"
"3559","18507","4/11/2014 12:00:00 AM"
"3560","12011","2/10/2012 12:00:00 AM"
"3561","10552","12/22/2013 12:00:00 AM"
"3562","15265","4/30/2013 12:00:00 AM"
"3563","10638","9/23/2013 12:00:00 AM"
"3564","8256","7/10/2013 12:00:00 AM"
"3565","8044","8/17/2012 12:00:00 AM"
"3566","7065","11/27/2013 12:00:00 AM"
"3567","5417","3/22/2014 12:00:00 AM"
"3568","3601","11/14/2011 12:00:00 AM"
"3569","9943","9/11/2011 12:00:00 AM"
"3570","8972","9/24/2013 12:00:00 AM"
"3571","18503","11/25/2013 12:00:00 AM"
"3572","2875","8/23/2011 12:00:00 AM"
"3573","904","10/18/2013 12:00:00 AM"
"3574","11748","3/25/2014 12:00:00 AM"
"3575","647","5/23/2014 12:00:00 AM"
"3576","18773","2/20/2014 12:00:00 AM"
"3577","18912","12/4/2012 12:00:00 AM"
"3578","16768","6/2/2013 12:00:00 AM"
"3579","8032","1/25/2014 12:00:00 AM"
"3580","17294","7/18/2013 12:00:00 AM"
"3581","13544","9/23/2013 12:00:00 AM"
"3582","605","2/6/2013 12:00:00 AM"
"3583","2951","10/14/2012 12:00:00 AM"
"3584","3025","5/17/2012 12:00:00 AM"
"3585","123","9/2/2013 12:00:00 AM"
"3586","4798","1/24/2012 12:00:00 AM"
"3587","5626","9/23/2013 12:00:00 AM"
"3588","14540","2/16/2013 12:00:00 AM"
"3589","11454","5/30/2013 12:00:00 AM"
"3590","10979","8/23/2013 12:00:00 AM"
"3591","669","2/5/2014 12:00:00 AM"
"3592","12825","5/18/2014 12:00:00 AM"
"3593","2680","11/23/2013 12:00:00 AM"
"3594","18936","12/14/2013 12:00:00 AM"
"3595","10485","10/30/2012 12:00:00 AM"
"3596","10715","1/14/2013 12:00:00 AM"
"3597","2413","1/5/2013 12:00:00 AM"
"3598","5850","12/14/2013 12:00:00 AM"
"3599","4765","8/16/2013 12:00:00 AM"
"3600","14741","5/7/2014 12:00:00 AM"
"3601","3502","3/12/2013 12:00:00 AM"
"3602","6413","4/12/2014 12:00:00 AM"
"3603","17039","4/4/2013 12:00:00 AM"
"3604","3933","3/3/2014 12:00:00 AM"
"3605","7526","8/6/2013 12:00:00 AM"
"3606","10070","9/17/2013 12:00:00 AM"
"3607","9434","9/8/2013 12:00:00 AM"
"3608","17438","12/27/2013 12:00:00 AM"
"3609","8799","1/14/2014 12:00:00 AM"
"3610","15013","9/21/2013 12:00:00 AM"
"3611","14521","4/17/2014 12:00:00 AM"
"3612","9418","4/13/2014 12:00:00 AM"
"3613","10627","1/16/2014 12:00:00 AM"
"3614","15093","5/8/2014 12:00:00 AM"
"3615","14672","3/20/2013 12:00:00 AM"
"3616","5525","5/30/2014 12:00:00 AM"
"3617","6729","4/27/2012 12:00:00 AM"
"3618","17289","6/12/2012 12:00:00 AM"
"3619","5371","4/12/2013 12:00:00 AM"
"3620","2774","4/25/2013 12:00:00 AM"
"3621","11848","8/15/2013 12:00:00 AM"
"3622","649","3/31/2014 12:00:00 AM"
"3623","6472","4/4/2014 12:00:00 AM"
"3624","12210","7/7/2013 12:00:00 AM"
"3625","12740","2/8/2014 12:00:00 AM"
"3626","4469","10/22/2013 12:00:00 AM"
"3627","14225","11/11/2013 12:00:00 AM"
"3628","14569","3/30/2014 12:00:00 AM"
"3629","1495","6/3/2012 12:00:00 AM"
"3630","16421","6/30/2013 12:00:00 AM"
"3631","8203","9/18/2012 12:00:00 AM"
"3632","9157","3/17/2014 12:00:00 AM"
"3633","2697","12/18/2013 12:00:00 AM"
"3634","11793","2/10/2014 12:00:00 AM"
"3635","10337","1/19/2014 12:00:00 AM"
"3636","3476","6/15/2014 12:00:00 AM"
"3637","16027","3/9/2014 12:00:00 AM"
"3638","13622","12/4/2013 12:00:00 AM"
"3639","12993","4/21/2014 12:00:00 AM"
"3640","11887","6/2/2014 12:00:00 AM"
"3641","13796","5/22/2014 12:00:00 AM"
"3642","10095","7/17/2013 12:00:00 AM"
"3643","15504","10/25/2012 12:00:00 AM"
"3644","1698","12/8/2013 12:00:00 AM"
"3645","10904","6/26/2011 12:00:00 AM"
"3646","2568","3/23/2014 12:00:00 AM"
"3647","2103","3/22/2012 12:00:00 AM"
"3648","7817","12/25/2013 12:00:00 AM"
"3649","16478","2/15/2013 12:00:00 AM"
"3650","665","1/19/2013 12:00:00 AM"
"3651","3523","3/6/2014 12:00:00 AM"
"3652","13756","5/27/2014 12:00:00 AM"
"3653","1937","7/13/2011 12:00:00 AM"
"3654","14973","10/26/2012 12:00:00 AM"
"3655","2100","1/17/2012 12:00:00 AM"
"3656","18696","3/31/2013 12:00:00 AM"
"3657","3692","1/5/2014 12:00:00 AM"
"3658","5944","12/30/2013 12:00:00 AM"
"3659","14820","7/29/2013 12:00:00 AM"
"3660","8077","5/5/2013 12:00:00 AM"
"3661","14318","11/29/2013 12:00:00 AM"
"3662","9743","9/11/2012 12:00:00 AM"
"3663","12656","3/8/2014 12:00:00 AM"
"3664","10945","10/24/2013 12:00:00 AM"
"3665","4066","7/4/2013 12:00:00 AM"
"3666","1807","3/25/2014 12:00:00 AM"
"3667","897","2/22/2014 12:00:00 AM"
"3668","5812","3/31/2013 12:00:00 AM"
"3669","18726","2/18/2014 12:00:00 AM"
"3670","6051","2/22/2014 12:00:00 AM"
"3671","13060","4/7/2014 12:00:00 AM"
"3672","7421","7/23/2013 12:00:00 AM"
"3673","3491","11/27/2013 12:00:00 AM"
"3674","12530","1/26/2014 12:00:00 AM"
"3675","12681","2/5/2012 12:00:00 AM"
"3676","11165","4/28/2014 12:00:00 AM"
"3677","14107","11/20/2013 12:00:00 AM"
"3678","11784","2/26/2014 12:00:00 AM"
"3679","16949","6/6/2011 12:00:00 AM"
"3680","915","12/15/2013 12:00:00 AM"
"3681","2518","7/18/2013 12:00:00 AM"
"3682","3807","12/8/2011 12:00:00 AM"
"3683","14137","2/18/2014 12:00:00 AM"
"3684","11463","11/10/2012 12:00:00 AM"
"3685","4902","10/8/2013 12:00:00 AM"
"3686","14602","7/11/2013 12:00:00 AM"
"3687","17632","10/25/2013 12:00:00 AM"
"3688","8688","7/18/2013 12:00:00 AM"
"3689","13874","1/1/2012 12:00:00 AM"
"3690","14870","4/18/2012 12:00:00 AM"
"3691","19187","6/6/2014 12:00:00 AM"
"3692","9088","5/24/2014 12:00:00 AM"
"3693","10025","8/7/2013 12:00:00 AM"
"3694","8737","2/7/2014 12:00:00 AM"
"3695","8495","7/17/2012 12:00:00 AM"
"3696","3109","9/8/2011 12:00:00 AM"
"3697","14477","10/22/2013 12:00:00 AM"
"3698","17459","4/2/2012 12:00:00 AM"
"3699","14620","2/6/2014 12:00:00 AM"
"3700","6519","12/17/2013 12:00:00 AM"
"3701","11148","3/18/2014 12:00:00 AM"
"3702","5125","7/5/2013 12:00:00 AM"
"3703","18797","10/8/2013 12:00:00 AM"
"3704","1853","6/27/2014 12:00:00 AM"
"3705","5899","11/24/2013 12:00:00 AM"
"3706","5753","4/29/2014 12:00:00 AM"
"3707","16861","5/5/2012 12:00:00 AM"
"3708","5120","12/12/2013 12:00:00 AM"
"3709","5547","11/6/2013 12:00:00 AM"
"3710","13733","2/24/2013 12:00:00 AM"
"3711","14245","7/16/2012 12:00:00 AM"
"3712","11478","2/16/2013 12:00:00 AM"
"3713","7149","11/13/2013 12:00:00 AM"
"3714","9204","8/1/2013 12:00:00 AM"
"3715","4022","7/25/2013 12:00:00 AM"
"3716","1238","11/15/2013 12:00:00 AM"
"3717","18342","3/17/2014 12:00:00 AM"
"3718","12330","4/20/2014 12:00:00 AM"
"3719","16630","3/31/2014 12:00:00 AM"
"3720","4880","10/22/2013 12:00:00 AM"
"3721","18192","3/2/2014 12:00:00 AM"
"3722","3701","7/8/2013 12:00:00 AM"
"3723","7240","11/9/2013 12:00:00 AM"
"3724","3165","3/13/2012 12:00:00 AM"
"3725","12004","8/31/2013 12:00:00 AM"
"3726","17378","8/15/2013 12:00:00 AM"
"3727","16514","10/16/2013 12:00:00 AM"
"3728","13836","1/20/2014 12:00:00 AM"
"3729","8447","8/12/2013 12:00:00 AM"
"3730","3092","4/7/2012 12:00:00 AM"
"3731","11261","11/27/2013 12:00:00 AM"
"3732","4795","6/5/2014 12:00:00 AM"
"3733","13178","1/4/2014 12:00:00 AM"
"3734","11060","5/18/2013 12:00:00 AM"
"3735","15005","9/12/2013 12:00:00 AM"
"3736","18688","6/15/2014 12:00:00 AM"
"3737","13067","7/9/2013 12:00:00 AM"
"3738","14212","3/9/2014 12:00:00 AM"
"3739","4968","8/16/2012 12:00:00 AM"
"3740","7723","1/28/2014 12:00:00 AM"
"3741","15912","10/29/2013 12:00:00 AM"
"3742","7249","12/29/2013 12:00:00 AM"
"3743","16112","1/2/2013 12:00:00 AM"
"3744","17797","5/22/2014 12:00:00 AM"
"3745","18368","11/3/2012 12:00:00 AM"
"3746","5100","2/27/2014 12:00:00 AM"
"3747","3056","7/22/2013 12:00:00 AM"
"3748","17815","10/11/2013 12:00:00 AM"
"3749","16795","10/27/2011 12:00:00 AM"
"3750","1288","10/4/2011 12:00:00 AM"
"3751","19122","12/29/2013 12:00:00 AM"
"3752","2127","4/16/2014 12:00:00 AM"
"3753","3887","3/31/2014 12:00:00 AM"
"3754","15693","1/22/2012 12:00:00 AM"
"3755","11226","7/27/2013 12:00:00 AM"
"3756","12828","3/13/2014 12:00:00 AM"
"3757","9201","1/5/2014 12:00:00 AM"
"3758","15792","5/18/2013 12:00:00 AM"
"3759","7238","3/23/2014 12:00:00 AM"
"3760","8985","12/15/2012 12:00:00 AM"
"3761","13585","9/22/2013 12:00:00 AM"
"3762","4013","4/19/2014 12:00:00 AM"
"3763","147","10/3/2013 12:00:00 AM"
"3764","2753","12/27/2012 12:00:00 AM"
"3765","9802","4/19/2013 12:00:00 AM"
"3766","9285","11/14/2011 12:00:00 AM"
"3767","6339","11/10/2012 12:00:00 AM"
"3768","6615","8/21/2013 12:00:00 AM"
"3769","8189","2/17/2014 12:00:00 AM"
"3770","16160","4/22/2012 12:00:00 AM"
"3771","18599","11/3/2013 12:00:00 AM"
"3772","3908","8/11/2013 12:00:00 AM"
"3773","6616","8/4/2013 12:00:00 AM"
"3774","18254","11/2/2013 12:00:00 AM"
"3775","342","12/23/2013 12:00:00 AM"
"3776","13798","12/28/2013 12:00:00 AM"
"3777","11185","8/22/2013 12:00:00 AM"
"3778","18116","12/16/2011 12:00:00 AM"
"3779","15123","12/17/2013 12:00:00 AM"
"3780","15238","11/16/2013 12:00:00 AM"
"3781","5056","5/16/2014 12:00:00 AM"
"3782","18109","7/14/2012 12:00:00 AM"
"3783","10256","1/17/2014 12:00:00 AM"
"3784","862","6/9/2012 12:00:00 AM"
"3785","5276","6/25/2012 12:00:00 AM"
"3786","10038","6/15/2012 12:00:00 AM"
"3787","17896","5/6/2014 12:00:00 AM"
"3788","13192","2/25/2012 12:00:00 AM"
"3789","14574","11/4/2011 12:00:00 AM"
"3790","12674","6/24/2013 12:00:00 AM"
"3791","7971","10/4/2013 12:00:00 AM"
"3792","998","11/1/2012 12:00:00 AM"
"3793","8463","12/27/2013 12:00:00 AM"
"3794","8567","4/19/2014 12:00:00 AM"
"3795","2168","8/5/2013 12:00:00 AM"
"3796","7080","11/18/2013 12:00:00 AM"
"3797","14098","3/10/2014 12:00:00 AM"
"3798","16195","1/12/2014 12:00:00 AM"
"3799","13294","9/17/2011 12:00:00 AM"
"3800","15861","7/12/2013 12:00:00 AM"
"3801","7782","4/5/2013 12:00:00 AM"
"3802","8774","10/16/2013 12:00:00 AM"
"3803","18157","3/28/2012 12:00:00 AM"
"3804","7197","4/13/2014 12:00:00 AM"
"3805","10992","11/14/2013 12:00:00 AM"
"3806","11442","11/5/2013 12:00:00 AM"
"3807","7574","6/4/2014 12:00:00 AM"
"3808","11957","10/6/2011 12:00:00 AM"
"3809","6916","2/14/2014 12:00:00 AM"
"3810","11934","8/3/2013 12:00:00 AM"
"3811","13416","2/14/2014 12:00:00 AM"
"3812","11605","5/2/2014 12:00:00 AM"
"3813","2895","1/17/2013 12:00:00 AM"
"3814","12404","6/27/2014 12:00:00 AM"
"3815","13768","10/18/2012 12:00:00 AM"
"3816","16994","5/15/2014 12:00:00 AM"
"3817","4031","8/8/2013 12:00:00 AM"
"3818","6828","4/16/2012 12:00:00 AM"
"3819","2865","12/5/2013 12:00:00 AM"
"3820","15643","12/1/2012 12:00:00 AM"
"3821","5357","5/19/2013 12:00:00 AM"
"3822","4043","10/24/2013 12:00:00 AM"
"3823","12724","7/21/2013 12:00:00 AM"
"3824","3257","9/1/2012 12:00:00 AM"
"3825","5729","7/31/2013 12:00:00 AM"
"3826","8193","4/12/2014 12:00:00 AM"
"3827","17780","9/26/2011 12:00:00 AM"
"3828","3458","2/25/2013 12:00:00 AM"
"3829","4945","9/23/2013 12:00:00 AM"
"3830","19137","10/6/2012 12:00:00 AM"
"3831","7596","3/14/2012 12:00:00 AM"
"3832","1157","10/17/2011 12:00:00 AM"
"3833","1410","8/18/2012 12:00:00 AM"
"3834","13397","3/31/2012 12:00:00 AM"
"3835","12468","5/27/2012 12:00:00 AM"
"3836","1899","7/12/2013 12:00:00 AM"
"3837","15858","3/22/2014 12:00:00 AM"
"3838","17568","8/14/2013 12:00:00 AM"
"3839","10527","7/27/2013 12:00:00 AM"
"3840","14349","6/14/2014 12:00:00 AM"
"3841","10171","12/6/2012 12:00:00 AM"
"3842","316","7/8/2013 12:00:00 AM"
"3843","15049","11/5/2013 12:00:00 AM"
"3844","2241","9/30/2013 12:00:00 AM"
"3845","11636","9/6/2013 12:00:00 AM"
"3846","14664","4/4/2014 12:00:00 AM"
"3847","52","4/23/2013 12:00:00 AM"
"3848","14824","7/15/2013 12:00:00 AM"
"3849","7103","10/9/2013 12:00:00 AM"
"3850","15153","9/10/2013 12:00:00 AM"
"3851","863","6/10/2014 12:00:00 AM"
"3852","9211","2/26/2014 12:00:00 AM"
"3853","12761","8/7/2013 12:00:00 AM"
"3854","13563","4/1/2014 12:00:00 AM"
"3855","205","8/15/2012 12:00:00 AM"
"3856","14531","2/19/2014 12:00:00 AM"
"3857","2844","10/15/2013 12:00:00 AM"
"3858","3799","5/13/2014 12:00:00 AM"
"3859","6799","6/30/2013 12:00:00 AM"
"3860","14752","6/25/2011 12:00:00 AM"
"3861","5851","12/21/2012 12:00:00 AM"
"3862","7400","11/30/2013 12:00:00 AM"
"3863","11272","7/29/2013 12:00:00 AM"
"3864","988","9/27/2011 12:00:00 AM"
"3865","1481","3/16/2014 12:00:00 AM"
"3866","10335","7/30/2013 12:00:00 AM"
"3867","6654","10/27/2013 12:00:00 AM"
"3868","7391","11/9/2013 12:00:00 AM"
"3869","15139","11/4/2013 12:00:00 AM"
"3870","10284","9/22/2013 12:00:00 AM"
"3871","16370","7/15/2013 12:00:00 AM"
"3872","908","1/29/2014 12:00:00 AM"
"3873","6315","12/12/2013 12:00:00 AM"
"3874","6572","1/18/2014 12:00:00 AM"
"3875","11550","1/8/2014 12:00:00 AM"
"3876","4647","6/17/2013 12:00:00 AM"
"3877","17803","6/17/2014 12:00:00 AM"
"3878","1546","6/11/2011 12:00:00 AM"
"3879","12896","3/13/2014 12:00:00 AM"
"3880","16693","3/18/2012 12:00:00 AM"
"3881","305","6/22/2014 12:00:00 AM"
"3882","3277","1/19/2014 12:00:00 AM"
"3883","10580","6/17/2012 12:00:00 AM"
"3884","7483","11/13/2013 12:00:00 AM"
"3885","2191","5/16/2013 12:00:00 AM"
"3886","16642","9/13/2013 12:00:00 AM"
"3887","7095","6/15/2013 12:00:00 AM"
"3888","14111","8/19/2011 12:00:00 AM"
"3889","726","10/31/2013 12:00:00 AM"
"3890","8497","3/15/2014 12:00:00 AM"
"3891","6061","12/27/2013 12:00:00 AM"
"3892","8028","5/9/2014 12:00:00 AM"
"3893","3279","10/15/2011 12:00:00 AM"
"3894","15469","2/1/2014 12:00:00 AM"
"3895","2907","12/24/2013 12:00:00 AM"
"3896","4076","3/1/2013 12:00:00 AM"
"3897","6591","3/30/2014 12:00:00 AM"
"3898","11311","10/24/2012 12:00:00 AM"
"3899","8177","8/5/2011 12:00:00 AM"
"3900","12625","4/2/2014 12:00:00 AM"
"3901","5555","4/13/2014 12:00:00 AM"
"3902","10675","9/7/2013 12:00:00 AM"
"3903","2952","7/29/2013 12:00:00 AM"
"3904","2889","5/12/2014 12:00:00 AM"
"3905","17351","11/17/2012 12:00:00 AM"
"3906","15408","2/24/2014 12:00:00 AM"
"3907","4442","6/24/2013 12:00:00 AM"
"3908","11525","4/27/2014 12:00:00 AM"
"3909","13920","3/23/2014 12:00:00 AM"
"3910","15103","5/25/2013 12:00:00 AM"
"3911","13438","5/22/2014 12:00:00 AM"
"3912","16783","4/11/2014 12:00:00 AM"
"3913","11551","3/23/2014 12:00:00 AM"
"3914","16091","12/15/2013 12:00:00 AM"
"3915","15224","10/29/2012 12:00:00 AM"
"3916","10772","7/4/2013 12:00:00 AM"
"3917","14197","2/20/2014 12:00:00 AM"
"3918","18104","3/15/2014 12:00:00 AM"
"3919","10916","4/1/2014 12:00:00 AM"
"3920","16080","5/26/2012 12:00:00 AM"
"3921","7418","5/11/2012 12:00:00 AM"
"3922","12769","1/21/2014 12:00:00 AM"
"3923","8216","9/26/2013 12:00:00 AM"
"3924","15308","8/13/2012 12:00:00 AM"
"3925","13247","11/9/2013 12:00:00 AM"
"3926","947","5/11/2013 12:00:00 AM"
"3927","2440","5/14/2013 12:00:00 AM"
"3928","10319","8/13/2013 12:00:00 AM"
"3929","6312","2/21/2014 12:00:00 AM"
"3930","5440","5/22/2014 12:00:00 AM"
"3931","12768","7/14/2012 12:00:00 AM"
"3932","16037","8/13/2013 12:00:00 AM"
"3933","18778","5/22/2012 12:00:00 AM"
"3934","409","2/21/2013 12:00:00 AM"
"3935","8048","3/18/2014 12:00:00 AM"
"3936","6888","12/13/2011 12:00:00 AM"
"3937","14685","3/30/2012 12:00:00 AM"
"3938","18795","10/5/2013 12:00:00 AM"
"3939","2308","4/14/2013 12:00:00 AM"
"3940","2912","5/31/2014 12:00:00 AM"
"3941","4629","3/5/2013 12:00:00 AM"
"3942","18840","4/18/2014 12:00:00 AM"
"3943","3212","9/22/2013 12:00:00 AM"
"3944","18405","7/7/2013 12:00:00 AM"
"3945","13858","3/16/2012 12:00:00 AM"
"3946","11336","4/4/2014 12:00:00 AM"
"3947","8862","11/17/2012 12:00:00 AM"
"3948","12465","11/15/2012 12:00:00 AM"
"3949","11896","11/8/2013 12:00:00 AM"
"3950","18357","5/31/2013 12:00:00 AM"
"3951","15822","9/11/2013 12:00:00 AM"
"3952","10782","3/23/2013 12:00:00 AM"
"3953","12305","5/28/2014 12:00:00 AM"
"3954","6516","4/4/2014 12:00:00 AM"
"3955","253","4/29/2013 12:00:00 AM"
"3956","10702","5/28/2014 12:00:00 AM"
"3957","548","1/4/2014 12:00:00 AM"
"3958","8023","1/25/2014 12:00:00 AM"
"3959","12236","9/18/2013 12:00:00 AM"
"3960","18941","10/16/2011 12:00:00 AM"
"3961","1043","3/11/2014 12:00:00 AM"
"3962","9177","10/30/2012 12:00:00 AM"
"3963","6233","6/13/2014 12:00:00 AM"
"3964","3659","3/9/2014 12:00:00 AM"
"3965","16638","3/4/2014 12:00:00 AM"
"3966","12521","2/18/2014 12:00:00 AM"
"3967","19060","11/9/2013 12:00:00 AM"
"3968","747","1/14/2014 12:00:00 AM"
"3969","2190","7/24/2011 12:00:00 AM"
"3970","6690","11/8/2013 12:00:00 AM"
"3971","11575","2/22/2013 12:00:00 AM"
"3972","9205","7/9/2013 12:00:00 AM"
"3973","16381","11/5/2013 12:00:00 AM"
"3974","16150","1/7/2014 12:00:00 AM"
"3975","14227","5/5/2014 12:00:00 AM"
"3976","7253","3/18/2014 12:00:00 AM"
"3977","11267","11/19/2013 12:00:00 AM"
"3978","13120","10/11/2011 12:00:00 AM"
"3979","12082","5/9/2012 12:00:00 AM"
"3980","11031","8/24/2013 12:00:00 AM"
"3981","15681","8/18/2013 12:00:00 AM"
"3982","18581","9/6/2013 12:00:00 AM"
"3983","13386","5/27/2014 12:00:00 AM"
"3984","7000","4/16/2014 12:00:00 AM"
"3985","8798","1/20/2013 12:00:00 AM"
"3986","679","8/13/2012 12:00:00 AM"
"3987","9537","12/22/2012 12:00:00 AM"
"3988","6431","1/27/2014 12:00:00 AM"
"3989","6823","7/14/2013 12:00:00 AM"
"3990","17261","2/18/2014 12:00:00 AM"
"3991","9219","3/25/2014 12:00:00 AM"
"3992","2290","12/27/2013 12:00:00 AM"
"3993","14852","11/23/2011 12:00:00 AM"
"3994","1958","5/14/2014 12:00:00 AM"
"3995","16562","5/29/2013 12:00:00 AM"
"3996","10157","5/30/2014 12:00:00 AM"
"3997","15299","3/30/2014 12:00:00 AM"
"3998","9072","11/12/2013 12:00:00 AM"
"3999","12281","2/6/2013 12:00:00 AM"
"4000","488","2/2/2014 12:00:00 AM"
"4001","2995","7/13/2013 12:00:00 AM"
"4002","16393","1/5/2014 12:00:00 AM"
"4003","4679","6/11/2011 12:00:00 AM"
"4004","11695","4/30/2013 12:00:00 AM"
"4005","9719","7/7/2013 12:00:00 AM"
"4006","15271","12/8/2012 12:00:00 AM"
"4007","6521","5/19/2013 12:00:00 AM"
"4008","6624","7/14/2013 12:00:00 AM"
"4009","4080","12/19/2013 12:00:00 AM"
"4010","4780","11/22/2013 12:00:00 AM"
"4011","14063","8/15/2013 12:00:00 AM"
"4012","9444","7/13/2013 12:00:00 AM"
"4013","4401","9/29/2013 12:00:00 AM"
"4014","16544","5/3/2014 12:00:00 AM"
"4015","2124","5/24/2014 12:00:00 AM"
"4016","5230","10/5/2011 12:00:00 AM"
"4017","18118","8/26/2013 12:00:00 AM"
"4018","11895","12/20/2012 12:00:00 AM"
"4019","4065","5/14/2012 12:00:00 AM"
"4020","8341","4/22/2014 12:00:00 AM"
"4021","13926","11/29/2012 12:00:00 AM"
"4022","3444","4/21/2014 12:00:00 AM"
"4023","684","2/17/2014 12:00:00 AM"
"4024","13417","8/26/2013 12:00:00 AM"
"4025","15613","7/24/2012 12:00:00 AM"
"4026","15608","5/25/2014 12:00:00 AM"
"4027","827","7/13/2013 12:00:00 AM"
"4028","14764","12/15/2011 12:00:00 AM"
"4029","9105","11/16/2013 12:00:00 AM"
"4030","15719","12/14/2013 12:00:00 AM"
"4031","18764","1/24/2012 12:00:00 AM"
"4032","19173","9/1/2013 12:00:00 AM"
"4033","8878","12/2/2013 12:00:00 AM"
"4034","196","5/22/2014 12:00:00 AM"
"4035","3918","3/20/2014 12:00:00 AM"
"4036","10361","6/21/2014 12:00:00 AM"
"4037","24","8/21/2013 12:00:00 AM"
"4038","16572","10/18/2013 12:00:00 AM"
"4039","1848","12/28/2012 12:00:00 AM"
"4040","2167","3/15/2014 12:00:00 AM"
"4041","13132","1/12/2014 12:00:00 AM"
"4042","14853","7/16/2013 12:00:00 AM"
"4043","7931","12/28/2011 12:00:00 AM"
"4044","12309","9/17/2013 12:00:00 AM"
"4045","17092","12/6/2013 12:00:00 AM"
"4046","17702","2/14/2013 12:00:00 AM"
"4047","16631","5/27/2014 12:00:00 AM"
"4048","9422","4/11/2013 12:00:00 AM"
"4049","3068","10/17/2013 12:00:00 AM"
"4050","10350","11/7/2011 12:00:00 AM"
"4051","4465","7/21/2013 12:00:00 AM"
"4052","13823","8/20/2013 12:00:00 AM"
"4053","9609","8/23/2013 12:00:00 AM"
"4054","10535","9/20/2013 12:00:00 AM"
"4055","17321","11/2/2013 12:00:00 AM"
"4056","854","4/11/2014 12:00:00 AM"
"4057","9988","7/9/2013 12:00:00 AM"
"4058","17346","10/29/2012 12:00:00 AM"
"4059","14344","6/27/2012 12:00:00 AM"
"4060","18898","9/22/2013 12:00:00 AM"
"4061","10131","12/10/2013 12:00:00 AM"
"4062","2946","11/10/2012 12:00:00 AM"
"4063","7788","9/12/2013 12:00:00 AM"
"4064","5670","5/17/2014 12:00:00 AM"
"4065","6155","8/31/2013 12:00:00 AM"
"4066","7807","1/17/2014 12:00:00 AM"
"4067","8158","2/18/2014 12:00:00 AM"
"4068","9625","11/5/2013 12:00:00 AM"
"4069","3517","6/18/2012 12:00:00 AM"
"4070","16233","5/8/2014 12:00:00 AM"
"4071","18376","8/22/2013 12:00:00 AM"
"4072","12307","11/2/2011 12:00:00 AM"
"4073","9083","11/8/2013 12:00:00 AM"
"4074","10492","4/30/2013 12:00:00 AM"
"4075","18622","10/6/2013 12:00:00 AM"
"4076","4377","9/2/2013 12:00:00 AM"
"4077","13297","12/26/2013 12:00:00 AM"
"4078","3813","2/28/2014 12:00:00 AM"
"4079","1823","6/9/2013 12:00:00 AM"
"4080","1235","1/24/2014 12:00:00 AM"
"4081","1029","4/20/2014 12:00:00 AM"
"4082","14722","5/17/2012 12:00:00 AM"
"4083","16141","7/20/2013 12:00:00 AM"
"4084","8838","11/20/2013 12:00:00 AM"
"4085","18542","4/8/2014 12:00:00 AM"
"4086","13379","3/31/2014 12:00:00 AM"
"4087","17220","3/28/2013 12:00:00 AM"
"4088","17252","12/28/2013 12:00:00 AM"
"4089","9899","7/7/2013 12:00:00 AM"
"4090","9224","2/22/2013 12:00:00 AM"
"4091","14002","2/25/2014 12:00:00 AM"
"4092","8425","7/27/2013 12:00:00 AM"
"4093","12873","6/20/2014 12:00:00 AM"
"4094","17303","6/28/2011 12:00:00 AM"
"4095","16832","5/28/2014 12:00:00 AM"
"4096","12169","10/8/2013 12:00:00 AM"
"4097","8846","1/13/2014 12:00:00 AM"
"4098","10780","9/1/2011 12:00:00 AM"
"4099","14669","4/27/2014 12:00:00 AM"
"4100","12520","10/4/2013 12:00:00 AM"
"4101","3414","6/25/2012 12:00:00 AM"
"4102","9858","3/28/2012 12:00:00 AM"
"4103","6776","12/26/2013 12:00:00 AM"
"4104","11504","2/2/2014 12:00:00 AM"
"4105","7615","1/28/2014 12:00:00 AM"
"4106","18745","12/6/2013 12:00:00 AM"
"4107","15990","5/20/2013 12:00:00 AM"
"4108","12094","12/5/2013 12:00:00 AM"
"4109","10629","5/4/2014 12:00:00 AM"
"4110","2878","8/2/2012 12:00:00 AM"
"4111","17631","8/29/2013 12:00:00 AM"
"4112","2230","5/9/2013 12:00:00 AM"
"4113","16259","7/1/2013 12:00:00 AM"
"4114","5970","1/30/2014 12:00:00 AM"
"4115","13026","5/14/2014 12:00:00 AM"
"4116","17823","10/30/2013 12:00:00 AM"
"4117","12009","12/5/2011 12:00:00 AM"
"4118","16133","10/9/2013 12:00:00 AM"
"4119","16927","3/23/2014 12:00:00 AM"
"4120","12905","3/19/2012 12:00:00 AM"
"4121","5045","6/16/2014 12:00:00 AM"
"4122","16087","10/8/2011 12:00:00 AM"
"4123","8622","1/5/2014 12:00:00 AM"
"4124","2053","8/8/2013 12:00:00 AM"
"4125","215","11/18/2011 12:00:00 AM"
"4126","8854","5/25/2014 12:00:00 AM"
"4127","11181","7/4/2013 12:00:00 AM"
"4128","18826","3/19/2014 12:00:00 AM"
"4129","8167","6/13/2012 12:00:00 AM"
"4130","8913","5/7/2014 12:00:00 AM"
"4131","1175","12/30/2013 12:00:00 AM"
"4132","781","9/19/2013 12:00:00 AM"
"4133","2709","5/21/2014 12:00:00 AM"
"4134","15215","8/20/2011 12:00:00 AM"
"4135","1504","5/27/2013 12:00:00 AM"
"4136","8808","12/18/2013 12:00:00 AM"
"4137","15178","11/10/2012 12:00:00 AM"
"4138","16787","12/11/2011 12:00:00 AM"
"4139","3417","4/26/2014 12:00:00 AM"
"4140","16139","3/27/2014 12:00:00 AM"
"4141","7346","9/26/2012 12:00:00 AM"
"4142","2011","10/7/2011 12:00:00 AM"
"4143","374","5/4/2014 12:00:00 AM"
"4144","12378","4/22/2014 12:00:00 AM"
"4145","13499","9/14/2013 12:00:00 AM"
"4146","5686","7/13/2013 12:00:00 AM"
"4147","13903","11/4/2013 12:00:00 AM"
"4148","15044","8/20/2013 12:00:00 AM"
"4149","17610","3/17/2014 12:00:00 AM"
"4150","7376","3/29/2012 12:00:00 AM"
"4151","17451","11/2/2013 12:00:00 AM"
"4152","3024","7/20/2013 12:00:00 AM"
"4153","11902","7/30/2013 12:00:00 AM"
"4154","11585","12/4/2013 12:00:00 AM"
"4155","15350","1/3/2013 12:00:00 AM"
"4156","15600","12/16/2013 12:00:00 AM"
"4157","6753","9/21/2011 12:00:00 AM"
"4158","8251","12/26/2011 12:00:00 AM"
"4159","16159","2/17/2014 12:00:00 AM"
"4160","7893","11/11/2011 12:00:00 AM"
"4161","2596","9/1/2013 12:00:00 AM"
"4162","7939","3/4/2013 12:00:00 AM"
"4163","5920","6/8/2014 12:00:00 AM"
"4164","14376","1/29/2014 12:00:00 AM"
"4165","7876","11/6/2013 12:00:00 AM"
"4166","10140","6/29/2012 12:00:00 AM"
"4167","11607","8/24/2011 12:00:00 AM"
"4168","5945","9/28/2013 12:00:00 AM"
"4169","1901","11/6/2013 12:00:00 AM"
"4170","8225","8/7/2012 12:00:00 AM"
"4171","15712","9/22/2013 12:00:00 AM"
"4172","3469","11/10/2013 12:00:00 AM"
"4173","5370","6/14/2014 12:00:00 AM"
"4174","5533","1/3/2014 12:00:00 AM"
"4175","18860","3/8/2014 12:00:00 AM"
"4176","14727","1/8/2014 12:00:00 AM"
"4177","1369","10/8/2013 12:00:00 AM"
"4178","2143","10/14/2013 12:00:00 AM"
"4179","12126","8/11/2013 12:00:00 AM"
"4180","15823","4/12/2014 12:00:00 AM"
"4181","6048","11/1/2012 12:00:00 AM"
"4182","6665","10/23/2013 12:00:00 AM"
"4183","15738","3/21/2014 12:00:00 AM"
"4184","13671","10/8/2013 12:00:00 AM"
"4185","6556","8/7/2013 12:00:00 AM"
"4186","13269","11/15/2013 12:00:00 AM"
"4187","16626","7/11/2013 12:00:00 AM"
"4188","15214","10/25/2013 12:00:00 AM"
"4189","808","11/7/2013 12:00:00 AM"
"4190","2981","7/7/2013 12:00:00 AM"
"4191","7118","2/4/2013 12:00:00 AM"
"4192","8708","5/20/2014 12:00:00 AM"
"4193","14910","9/26/2013 12:00:00 AM"
"4194","11716","4/18/2014 12:00:00 AM"
"4195","2424","9/4/2013 12:00:00 AM"
"4196","12935","2/17/2014 12:00:00 AM"
"4197","1659","6/25/2012 12:00:00 AM"
"4198","11327","4/8/2013 12:00:00 AM"
"4199","10983","8/7/2013 12:00:00 AM"
"4200","9994","7/24/2013 12:00:00 AM"
"4201","6263","3/6/2014 12:00:00 AM"
"4202","6793","10/5/2013 12:00:00 AM"
"4203","13128","5/24/2013 12:00:00 AM"
"4204","173","10/15/2012 12:00:00 AM"
"4205","13181","8/8/2013 12:00:00 AM"
"4206","18551","6/20/2013 12:00:00 AM"
"4207","16752","3/8/2013 12:00:00 AM"
"4208","8765","10/17/2013 12:00:00 AM"
"4209","16126","9/24/2013 12:00:00 AM"
"4210","10050","8/26/2012 12:00:00 AM"
"4211","10113","7/27/2012 12:00:00 AM"
"4212","6288","8/26/2013 12:00:00 AM"
"4213","14230","8/26/2013 12:00:00 AM"
"4214","13708","3/19/2013 12:00:00 AM"
"4215","8458","4/30/2014 12:00:00 AM"
"4216","14183","1/7/2013 12:00:00 AM"
"4217","10896","6/11/2012 12:00:00 AM"
"4218","18218","3/26/2014 12:00:00 AM"
"4219","10951","1/23/2014 12:00:00 AM"
"4220","14949","3/30/2014 12:00:00 AM"
"4221","7787","7/27/2013 12:00:00 AM"
"4222","13500","9/28/2013 12:00:00 AM"
"4223","5695","1/16/2014 12:00:00 AM"
"4224","17233","8/13/2012 12:00:00 AM"
"4225","7377","4/25/2014 12:00:00 AM"
"4226","5957","8/9/2013 12:00:00 AM"
"4227","6146","11/7/2011 12:00:00 AM"
"4228","2940","11/22/2013 12:00:00 AM"
"4229","10912","6/2/2011 12:00:00 AM"
"4230","8415","11/5/2012 12:00:00 AM"
"4231","2711","8/19/2013 12:00:00 AM"
"4232","18489","5/9/2014 12:00:00 AM"
"4233","17650","5/12/2014 12:00:00 AM"
"4234","7877","10/17/2013 12:00:00 AM"
"4235","8585","11/24/2011 12:00:00 AM"
"4236","4950","11/12/2012 12:00:00 AM"
"4237","13668","4/25/2013 12:00:00 AM"
"4238","2202","2/24/2014 12:00:00 AM"
"4239","18167","3/28/2014 12:00:00 AM"
"4240","7420","7/27/2013 12:00:00 AM"
"4241","15646","9/15/2012 12:00:00 AM"
"4242","1775","11/5/2013 12:00:00 AM"
"4243","839","8/20/2012 12:00:00 AM"
"4244","15184","1/18/2014 12:00:00 AM"
"4245","11783","6/13/2013 12:00:00 AM"
"4246","9095","11/8/2013 12:00:00 AM"
"4247","9732","7/27/2013 12:00:00 AM"
"4248","13966","10/14/2013 12:00:00 AM"
"4249","3713","11/24/2013 12:00:00 AM"
"4250","11188","8/27/2012 12:00:00 AM"
"4251","16154","1/20/2014 12:00:00 AM"
"4252","4956","12/25/2012 12:00:00 AM"
"4253","13135","8/13/2012 12:00:00 AM"
"4254","2223","4/5/2014 12:00:00 AM"
"4255","6350","2/25/2014 12:00:00 AM"
"4256","13584","12/25/2013 12:00:00 AM"
"4257","14883","8/18/2011 12:00:00 AM"
"4258","13369","8/6/2013 12:00:00 AM"
"4259","14828","8/11/2013 12:00:00 AM"
"4260","19058","1/13/2014 12:00:00 AM"
"4261","5488","3/4/2012 12:00:00 AM"
"4262","7720","7/24/2013 12:00:00 AM"
"4263","13215","2/6/2014 12:00:00 AM"
"4264","11355","9/1/2013 12:00:00 AM"
"4265","11048","3/28/2014 12:00:00 AM"
"4266","19138","9/28/2013 12:00:00 AM"
"4267","6","4/10/2014 12:00:00 AM"
"4268","1654","6/27/2013 12:00:00 AM"
"4269","7701","11/17/2013 12:00:00 AM"
"4270","13765","5/27/2014 12:00:00 AM"
"4271","14204","1/4/2014 12:00:00 AM"
"4272","18221","12/4/2013 12:00:00 AM"
"4273","6719","10/12/2011 12:00:00 AM"
"4274","5303","10/10/2011 12:00:00 AM"
"4275","11247","11/19/2013 12:00:00 AM"
"4276","16488","7/31/2011 12:00:00 AM"
"4277","6797","8/10/2013 12:00:00 AM"
"4278","7365","9/1/2013 12:00:00 AM"
"4279","616","7/13/2012 12:00:00 AM"
"4280","13277","10/1/2013 12:00:00 AM"
"4281","18078","6/6/2013 12:00:00 AM"
"4282","12701","5/8/2014 12:00:00 AM"
"4283","10583","4/17/2014 12:00:00 AM"
"4284","16215","2/13/2013 12:00:00 AM"
"4285","7111","1/19/2014 12:00:00 AM"
"4286","12320","5/23/2014 12:00:00 AM"
"4287","4504","4/25/2014 12:00:00 AM"
"4288","11447","1/13/2014 12:00:00 AM"
"4289","2640","7/23/2011 12:00:00 AM"
"4290","17139","10/21/2013 12:00:00 AM"
"4291","10107","12/8/2012 12:00:00 AM"
"4292","15311","11/12/2013 12:00:00 AM"
"4293","7828","9/7/2013 12:00:00 AM"
"4294","11097","3/3/2014 12:00:00 AM"
"4295","410","2/15/2013 12:00:00 AM"
"4296","11168","3/29/2012 12:00:00 AM"
"4297","4924","3/20/2014 12:00:00 AM"
"4298","9979","5/11/2014 12:00:00 AM"
"4299","3761","2/1/2012 12:00:00 AM"
"4300","11672","9/27/2013 12:00:00 AM"
"4301","14276","1/25/2012 12:00:00 AM"
"4302","3315","2/1/2014 12:00:00 AM"
"4303","18571","3/17/2014 12:00:00 AM"
"4304","3459","5/25/2013 12:00:00 AM"
"4305","13163","12/30/2013 12:00:00 AM"
"4306","9027","5/23/2014 12:00:00 AM"
"4307","6907","4/13/2014 12:00:00 AM"
"4308","12669","10/23/2012 12:00:00 AM"
"4309","351","10/19/2012 12:00:00 AM"
"4310","7511","8/27/2013 12:00:00 AM"
"4311","1109","6/30/2013 12:00:00 AM"
"4312","10987","11/14/2012 12:00:00 AM"
"4313","6691","1/2/2012 12:00:00 AM"
"4314","8568","11/4/2013 12:00:00 AM"
"4315","18864","1/8/2014 12:00:00 AM"
"4316","7585","6/7/2014 12:00:00 AM"
"4317","10634","11/12/2012 12:00:00 AM"
"4318","9300","8/25/2013 12:00:00 AM"
"4319","15314","4/10/2012 12:00:00 AM"
"4320","14391","6/7/2014 12:00:00 AM"
"4321","3998","4/27/2014 12:00:00 AM"
"4322","15482","6/2/2014 12:00:00 AM"
"4323","4603","11/9/2013 12:00:00 AM"
"4324","15300","7/26/2012 12:00:00 AM"
"4325","12713","9/3/2013 12:00:00 AM"
"4326","5816","5/23/2014 12:00:00 AM"
"4327","4820","8/31/2013 12:00:00 AM"
"4328","5591","4/3/2014 12:00:00 AM"
"4329","10990","8/1/2012 12:00:00 AM"
"4330","9382","12/1/2011 12:00:00 AM"
"4331","10711","7/19/2012 12:00:00 AM"
"4332","6746","4/1/2014 12:00:00 AM"
"4333","3450","2/13/2014 12:00:00 AM"
"4334","7663","11/9/2013 12:00:00 AM"
"4335","8416","2/22/2014 12:00:00 AM"
"4336","8741","2/17/2014 12:00:00 AM"
"4337","6518","10/19/2013 12:00:00 AM"
"4338","7307","1/7/2014 12:00:00 AM"
"4339","12344","5/1/2014 12:00:00 AM"
"4340","3096","10/30/2013 12:00:00 AM"
"4341","12833","1/30/2013 12:00:00 AM"
"4342","10447","5/22/2014 12:00:00 AM"
"4343","19189","12/21/2013 12:00:00 AM"
"4344","18497","10/29/2012 12:00:00 AM"
"4345","9342","7/12/2013 12:00:00 AM"
"4346","7304","10/4/2013 12:00:00 AM"
"4347","10236","2/14/2014 12:00:00 AM"
"4348","5896","4/4/2014 12:00:00 AM"
"4349","13755","1/24/2013 12:00:00 AM"
"4350","6505","3/6/2014 12:00:00 AM"
"4351","9916","6/20/2011 12:00:00 AM"
"4352","6800","4/2/2014 12:00:00 AM"
"4353","10996","10/30/2013 12:00:00 AM"
"4354","1078","4/13/2014 12:00:00 AM"
"4355","12631","9/6/2013 12:00:00 AM"
"4356","13452","6/11/2014 12:00:00 AM"
"4357","11688","3/6/2012 12:00:00 AM"
"4358","15871","5/25/2014 12:00:00 AM"
"4359","6927","12/25/2013 12:00:00 AM"
"4360","16490","3/13/2014 12:00:00 AM"
"4361","7163","8/12/2013 12:00:00 AM"
"4362","18851","3/29/2012 12:00:00 AM"
"4363","12120","2/15/2012 12:00:00 AM"
"4364","7412","7/5/2013 12:00:00 AM"
"4365","2595","12/12/2011 12:00:00 AM"
"4366","10960","7/6/2013 12:00:00 AM"
"4367","7011","7/15/2013 12:00:00 AM"
"4368","14981","2/26/2014 12:00:00 AM"
"4369","8314","4/26/2013 12:00:00 AM"
"4370","13729","11/11/2011 12:00:00 AM"
"4371","1576","1/19/2014 12:00:00 AM"
"4372","4400","5/21/2014 12:00:00 AM"
"4373","7775","7/20/2013 12:00:00 AM"
"4374","18054","1/17/2014 12:00:00 AM"
"4375","12680","5/2/2014 12:00:00 AM"
"4376","4690","7/25/2013 12:00:00 AM"
"4377","5840","3/10/2014 12:00:00 AM"
"4378","9129","7/20/2013 12:00:00 AM"
"4379","10210","10/6/2013 12:00:00 AM"
"4380","1376","12/16/2013 12:00:00 AM"
"4381","3883","11/22/2011 12:00:00 AM"
"4382","7559","11/28/2011 12:00:00 AM"
"4383","1617","9/21/2013 12:00:00 AM"
"4384","14325","3/11/2014 12:00:00 AM"
"4385","15532","6/1/2012 12:00:00 AM"
"4386","10806","12/7/2013 12:00:00 AM"
"4387","2038","9/16/2013 12:00:00 AM"
"4388","18124","11/30/2013 12:00:00 AM"
"4389","9419","1/14/2013 12:00:00 AM"
"4390","9378","11/29/2013 12:00:00 AM"
"4391","17798","3/18/2014 12:00:00 AM"
"4392","10765","12/21/2011 12:00:00 AM"
"4393","1702","8/24/2013 12:00:00 AM"
"4394","13589","9/11/2011 12:00:00 AM"
"4395","10406","10/18/2011 12:00:00 AM"
"4396","513","3/3/2013 12:00:00 AM"
"4397","12433","3/5/2014 12:00:00 AM"
"4398","13973","2/25/2014 12:00:00 AM"
"4399","16148","4/7/2014 12:00:00 AM"
"4400","11976","2/10/2014 12:00:00 AM"
"4401","3138","6/18/2014 12:00:00 AM"
"4402","17335","7/12/2013 12:00:00 AM"
"4403","7767","5/27/2013 12:00:00 AM"
"4404","4740","5/9/2014 12:00:00 AM"
"4405","787","3/3/2014 12:00:00 AM"
"4406","18614","8/5/2013 12:00:00 AM"
"4407","9510","4/7/2014 12:00:00 AM"
"4408","12472","6/9/2014 12:00:00 AM"
"4409","4947","7/12/2011 12:00:00 AM"
"4410","1455","4/25/2014 12:00:00 AM"
"4411","14875","11/3/2013 12:00:00 AM"
"4412","16326","8/4/2013 12:00:00 AM"
"4413","16179","9/4/2013 12:00:00 AM"
"4414","2171","1/2/2014 12:00:00 AM"
"4415","10566","11/5/2012 12:00:00 AM"
"4416","13409","2/8/2013 12:00:00 AM"
"4417","4936","10/17/2011 12:00:00 AM"
"4418","12959","4/23/2014 12:00:00 AM"
"4419","3776","3/23/2014 12:00:00 AM"
"4420","13070","11/24/2013 12:00:00 AM"
"4421","11280","10/11/2012 12:00:00 AM"
"4422","16176","10/21/2013 12:00:00 AM"
"4423","6935","12/5/2013 12:00:00 AM"
"4424","14188","5/9/2014 12:00:00 AM"
"4425","10081","5/20/2013 12:00:00 AM"
"4426","3347","10/25/2013 12:00:00 AM"
"4427","4988","11/13/2013 12:00:00 AM"
"4428","10640","2/18/2014 12:00:00 AM"
"4429","19126","10/19/2013 12:00:00 AM"
"4430","4437","5/27/2014 12:00:00 AM"
"4431","12566","1/30/2012 12:00:00 AM"
"4432","11297","6/19/2014 12:00:00 AM"
"4433","6617","4/11/2013 12:00:00 AM"
"4434","14297","12/8/2013 12:00:00 AM"
"4435","1545","7/17/2013 12:00:00 AM"
"4436","5360","1/29/2013 12:00:00 AM"
"4437","11461","10/31/2013 12:00:00 AM"
"4438","5660","7/30/2011 12:00:00 AM"
"4439","10480","2/1/2013 12:00:00 AM"
"4440","15831","1/18/2013 12:00:00 AM"
"4441","17765","9/14/2013 12:00:00 AM"
"4442","536","2/12/2014 12:00:00 AM"
"4443","9518","7/8/2013 12:00:00 AM"
"4444","6035","7/26/2013 12:00:00 AM"
"4445","1137","3/11/2014 12:00:00 AM"
"4446","8511","11/4/2011 12:00:00 AM"
"4447","10905","12/11/2013 12:00:00 AM"
"4448","16454","6/23/2014 12:00:00 AM"
"4449","4206","3/19/2013 12:00:00 AM"
"4450","1597","4/4/2014 12:00:00 AM"
"4451","16860","8/10/2012 12:00:00 AM"
"4452","9220","10/8/2013 12:00:00 AM"
"4453","18095","10/21/2013 12:00:00 AM"
"4454","12170","11/3/2013 12:00:00 AM"
"4455","16168","1/8/2014 12:00:00 AM"
"4456","15687","3/7/2014 12:00:00 AM"
"4457","16422","4/29/2014 12:00:00 AM"
"4458","17810","7/18/2011 12:00:00 AM"
"4459","15281","11/25/2012 12:00:00 AM"
"4460","8452","3/11/2014 12:00:00 AM"
"4461","10199","7/26/2011 12:00:00 AM"
"4462","2820","9/28/2013 12:00:00 AM"
"4463","4482","12/16/2013 12:00:00 AM"
"4464","11039","6/18/2012 12:00:00 AM"
"4465","18417","11/27/2013 12:00:00 AM"
"4466","11122","11/5/2012 12:00:00 AM"
"4467","4999","2/18/2013 12:00:00 AM"
"4468","16965","5/8/2014 12:00:00 AM"
"4469","17526","5/15/2014 12:00:00 AM"
"4470","5486","2/13/2013 12:00:00 AM"
"4471","14897","12/28/2013 12:00:00 AM"
"4472","13073","12/17/2013 12:00:00 AM"
"4473","566","8/1/2013 12:00:00 AM"
"4474","2554","2/27/2012 12:00:00 AM"
"4475","11623","5/24/2014 12:00:00 AM"
"4476","3898","12/25/2011 12:00:00 AM"
"4477","780","1/29/2014 12:00:00 AM"
"4478","12046","2/19/2014 12:00:00 AM"
"4479","6010","11/24/2013 12:00:00 AM"
"4480","2362","2/25/2014 12:00:00 AM"
"4481","10562","11/27/2013 12:00:00 AM"
"4482","16452","3/24/2014 12:00:00 AM"
"4483","8253","2/28/2014 12:00:00 AM"
"4484","692","4/4/2013 12:00:00 AM"
"4485","8632","7/21/2011 12:00:00 AM"
"4486","3383","4/4/2014 12:00:00 AM"
"4487","18431","10/29/2013 12:00:00 AM"
"4488","6988","12/6/2013 12:00:00 AM"
"4489","2178","11/12/2011 12:00:00 AM"
"4490","860","4/23/2014 12:00:00 AM"
"4491","893","1/27/2014 12:00:00 AM"
"4492","1742","11/21/2013 12:00:00 AM"
"4493","3463","9/16/2013 12:00:00 AM"
"4494","6759","4/4/2014 12:00:00 AM"
"4495","1037","11/11/2013 12:00:00 AM"
"4496","14082","8/25/2013 12:00:00 AM"
"4497","2183","2/18/2014 12:00:00 AM"
"4498","1116","10/5/2013 12:00:00 AM"
"4499","6232","6/11/2014 12:00:00 AM"
"4500","3323","12/11/2011 12:00:00 AM"
"4501","14674","1/16/2014 12:00:00 AM"
"4502","13262","5/6/2014 12:00:00 AM"
"4503","14472","4/9/2014 12:00:00 AM"
"4504","11077","1/7/2014 12:00:00 AM"
"4505","15207","11/21/2012 12:00:00 AM"
"4506","14560","5/17/2014 12:00:00 AM"
"4507","17524","1/4/2014 12:00:00 AM"
"4508","6335","2/4/2014 12:00:00 AM"
"4509","8787","11/19/2013 12:00:00 AM"
"4510","3757","6/10/2013 12:00:00 AM"
"4511","4621","3/31/2013 12:00:00 AM"
"4512","15315","4/25/2013 12:00:00 AM"
"4513","14039","11/24/2013 12:00:00 AM"
"4514","4978","8/8/2013 12:00:00 AM"
"4515","11334","7/1/2013 12:00:00 AM"
"4516","18241","8/19/2011 12:00:00 AM"
"4517","2539","4/20/2014 12:00:00 AM"
"4518","10379","12/26/2013 12:00:00 AM"
"4519","11106","2/24/2014 12:00:00 AM"
"4520","11767","8/31/2012 12:00:00 AM"
"4521","13950","3/14/2014 12:00:00 AM"
"4522","9796","6/20/2012 12:00:00 AM"
"4523","3690","11/10/2013 12:00:00 AM"
"4524","18770","9/20/2013 12:00:00 AM"
"4525","3410","8/17/2013 12:00:00 AM"
"4526","18695","3/27/2012 12:00:00 AM"
"4527","17793","4/13/2012 12:00:00 AM"
"4528","7155","1/26/2013 12:00:00 AM"
"4529","804","8/24/2013 12:00:00 AM"
"4530","15880","6/13/2014 12:00:00 AM"
"4531","3919","2/17/2014 12:00:00 AM"
"4532","1636","7/4/2013 12:00:00 AM"
"4533","6199","12/23/2013 12:00:00 AM"
"4534","16627","4/30/2014 12:00:00 AM"
"4535","5929","7/13/2012 12:00:00 AM"
"4536","1711","2/22/2014 12:00:00 AM"
"4537","10518","6/18/2014 12:00:00 AM"
"4538","13904","10/4/2013 12:00:00 AM"
"4539","8439","6/16/2014 12:00:00 AM"
"4540","15402","1/5/2012 12:00:00 AM"
"4541","8797","3/1/2012 12:00:00 AM"
"4542","17936","2/26/2014 12:00:00 AM"
"4543","50","6/15/2014 12:00:00 AM"
"4544","7114","11/11/2013 12:00:00 AM"
"4545","13774","11/16/2012 12:00:00 AM"
"4546","2628","9/28/2012 12:00:00 AM"
"4547","2790","4/2/2014 12:00:00 AM"
"4548","10003","11/9/2012 12:00:00 AM"
"4549","12600","7/26/2013 12:00:00 AM"
"4550","3861","6/1/2014 12:00:00 AM"
"4551","4935","8/14/2013 12:00:00 AM"
"4552","13728","5/18/2012 12:00:00 AM"
"4553","3032","10/15/2013 12:00:00 AM"
"4554","17651","4/15/2014 12:00:00 AM"
"4555","3104","11/22/2013 12:00:00 AM"
"4556","12369","2/9/2013 12:00:00 AM"
"4557","14946","11/27/2013 12:00:00 AM"
"4558","2982","11/18/2013 12:00:00 AM"
"4559","15996","3/18/2014 12:00:00 AM"
"4560","6225","4/25/2014 12:00:00 AM"
"4561","12928","5/20/2013 12:00:00 AM"
"4562","16151","4/7/2013 12:00:00 AM"
"4563","15295","3/28/2014 12:00:00 AM"
"4564","16893","5/27/2014 12:00:00 AM"
"4565","3821","11/10/2013 12:00:00 AM"
"4566","13835","10/1/2013 12:00:00 AM"
"4567","1021","2/13/2013 12:00:00 AM"
"4568","19125","11/7/2013 12:00:00 AM"
"4569","9190","5/6/2014 12:00:00 AM"
"4570","4420","5/19/2014 12:00:00 AM"
"4571","11616","5/23/2013 12:00:00 AM"
"4572","15009","11/12/2011 12:00:00 AM"
"4573","280","12/7/2013 12:00:00 AM"
"4574","127","9/12/2012 12:00:00 AM"
"4575","3522","9/23/2013 12:00:00 AM"
"4576","9729","3/17/2014 12:00:00 AM"
"4577","4253","10/7/2013 12:00:00 AM"
"4578","8096","3/21/2013 12:00:00 AM"
"4579","9193","4/10/2013 12:00:00 AM"
"4580","443","6/15/2013 12:00:00 AM"
"4581","6757","1/1/2014 12:00:00 AM"
"4582","19008","5/4/2014 12:00:00 AM"
"4583","4360","6/30/2014 12:00:00 AM"
"4584","216","11/5/2011 12:00:00 AM"
"4585","5874","8/10/2013 12:00:00 AM"
"4586","15748","6/18/2013 12:00:00 AM"
"4587","2092","6/21/2014 12:00:00 AM"
"4588","15870","12/14/2013 12:00:00 AM"
"4589","11846","10/30/2011 12:00:00 AM"
"4590","18090","9/29/2013 12:00:00 AM"
"4591","16601","9/28/2013 12:00:00 AM"
"4592","13494","12/4/2011 12:00:00 AM"
"4593","18862","9/13/2013 12:00:00 AM"
"4594","1835","4/22/2014 12:00:00 AM"
"4595","6889","7/25/2013 12:00:00 AM"
"4596","14328","3/15/2014 12:00:00 AM"
"4597","7573","11/10/2013 12:00:00 AM"
"4598","4431","7/29/2012 12:00:00 AM"
"4599","9470","11/13/2013 12:00:00 AM"
"4600","12256","5/8/2014 12:00:00 AM"
"4601","7460","2/6/2014 12:00:00 AM"
"4602","16340","7/3/2013 12:00:00 AM"
"4603","496","12/24/2013 12:00:00 AM"
"4604","15119","9/7/2013 12:00:00 AM"
"4605","11084","9/5/2013 12:00:00 AM"
"4606","1979","3/22/2013 12:00:00 AM"
"4607","16706","10/25/2013 12:00:00 AM"
"4608","2825","1/20/2014 12:00:00 AM"
"4609","15317","8/7/2013 12:00:00 AM"
"4610","6982","3/24/2014 12:00:00 AM"
"4611","4825","4/6/2013 12:00:00 AM"
"4612","18590","6/11/2012 12:00:00 AM"
"4613","793","8/6/2013 12:00:00 AM"
"4614","4264","6/8/2013 12:00:00 AM"
"4615","903","12/5/2013 12:00:00 AM"
"4616","12346","5/10/2014 12:00:00 AM"
"4617","16018","10/23/2012 12:00:00 AM"
"4618","11512","7/22/2013 12:00:00 AM"
"4619","4799","6/28/2014 12:00:00 AM"
"4620","8209","7/28/2013 12:00:00 AM"
"4621","9033","4/8/2014 12:00:00 AM"
"4622","11396","10/9/2013 12:00:00 AM"
"4623","16667","8/29/2012 12:00:00 AM"
"4624","14150","9/18/2013 12:00:00 AM"
"4625","14304","2/21/2012 12:00:00 AM"
"4626","13206","11/14/2013 12:00:00 AM"
"4627","8391","4/14/2012 12:00:00 AM"
"4628","18331","10/9/2013 12:00:00 AM"
"4629","17007","7/5/2013 12:00:00 AM"
"4630","9703","3/9/2014 12:00:00 AM"
"4631","6658","10/12/2012 12:00:00 AM"
"4632","13136","8/1/2012 12:00:00 AM"
"4633","940","1/21/2013 12:00:00 AM"
"4634","18230","5/18/2014 12:00:00 AM"
"4635","16219","6/23/2014 12:00:00 AM"
"4636","10008","1/18/2012 12:00:00 AM"
"4637","2292","9/27/2013 12:00:00 AM"
"4638","10177","12/15/2013 12:00:00 AM"
"4639","8680","3/13/2014 12:00:00 AM"
"4640","4841","10/27/2013 12:00:00 AM"
"4641","16212","10/31/2013 12:00:00 AM"
"4642","2415","7/6/2013 12:00:00 AM"
"4643","18965","11/28/2011 12:00:00 AM"
"4644","1737","11/27/2013 12:00:00 AM"
"4645","15423","3/28/2014 12:00:00 AM"
"4646","4358","5/9/2014 12:00:00 AM"
"4647","13680","9/3/2013 12:00:00 AM"
"4648","4326","7/6/2012 12:00:00 AM"
"4649","1179","10/8/2012 12:00:00 AM"
"4650","7252","6/12/2014 12:00:00 AM"
"4651","1676","5/2/2014 12:00:00 AM"
"4652","8027","11/13/2013 12:00:00 AM"
"4653","2607","4/17/2012 12:00:00 AM"
"4654","12770","11/24/2013 12:00:00 AM"
"4655","11578","1/4/2014 12:00:00 AM"
"4656","13180","7/24/2013 12:00:00 AM"
"4657","3044","1/21/2013 12:00:00 AM"
"4658","18569","7/19/2013 12:00:00 AM"
"4659","19009","5/17/2014 12:00:00 AM"
"4660","10149","3/11/2014 12:00:00 AM"
"4661","15428","6/27/2014 12:00:00 AM"
"4662","13207","1/22/2014 12:00:00 AM"
"4663","5717","7/23/2013 12:00:00 AM"
"4664","12541","4/30/2013 12:00:00 AM"
"4665","13159","9/4/2013 12:00:00 AM"
"4666","12858","3/15/2013 12:00:00 AM"
"4667","3532","3/19/2014 12:00:00 AM"
"4668","11891","8/23/2013 12:00:00 AM"
"4669","142","4/8/2014 12:00:00 AM"
"4670","2867","8/22/2013 12:00:00 AM"
"4671","8748","10/19/2012 12:00:00 AM"
"4672","12463","3/15/2014 12:00:00 AM"
"4673","11517","5/1/2014 12:00:00 AM"
"4674","848","1/24/2014 12:00:00 AM"
"4675","10045","12/15/2013 12:00:00 AM"
"4676","15084","4/8/2014 12:00:00 AM"
"4677","9308","8/1/2013 12:00:00 AM"
"4678","2062","9/4/2013 12:00:00 AM"
"4679","3177","10/28/2011 12:00:00 AM"
"4680","4429","12/26/2013 12:00:00 AM"
"4681","2908","11/10/2013 12:00:00 AM"
"4682","19161","6/24/2013 12:00:00 AM"
"4683","7946","9/6/2013 12:00:00 AM"
"4684","1525","4/23/2014 12:00:00 AM"
"4685","2023","5/17/2013 12:00:00 AM"
"4686","1143","3/16/2014 12:00:00 AM"
"4687","13965","7/5/2013 12:00:00 AM"
"4688","4761","3/26/2014 12:00:00 AM"
"4689","14095","3/27/2014 12:00:00 AM"
"4690","13543","1/4/2014 12:00:00 AM"
"4691","17016","5/22/2014 12:00:00 AM"
"4692","11916","3/23/2014 12:00:00 AM"
"4693","1352","11/15/2013 12:00:00 AM"
"4694","18339","3/31/2014 12:00:00 AM"
"4695","447","1/30/2014 12:00:00 AM"
"4696","2822","2/15/2014 12:00:00 AM"
"4697","18858","12/11/2013 12:00:00 AM"
"4698","14920","1/26/2012 12:00:00 AM"
"4699","1949","8/28/2012 12:00:00 AM"
"4700","2476","5/3/2014 12:00:00 AM"
"4701","775","10/7/2013 12:00:00 AM"
"4702","16811","10/23/2011 12:00:00 AM"
"4703","6103","12/15/2012 12:00:00 AM"
"4704","5748","10/15/2013 12:00:00 AM"
"4705","524","11/5/2013 12:00:00 AM"
"4706","18403","4/1/2014 12:00:00 AM"
"4707","7590","9/5/2013 12:00:00 AM"
"4708","16256","9/11/2013 12:00:00 AM"
"4709","16595","4/15/2014 12:00:00 AM"
"4710","1466","12/22/2013 12:00:00 AM"
"4711","18454","10/23/2013 12:00:00 AM"
"4712","3950","1/13/2013 12:00:00 AM"
"4713","12039","12/3/2011 12:00:00 AM"
"4714","6925","2/14/2012 12:00:00 AM"
"4715","17171","11/25/2012 12:00:00 AM"
"4716","4111","9/6/2013 12:00:00 AM"
"4717","5875","1/23/2014 12:00:00 AM"
"4718","8305","8/17/2013 12:00:00 AM"
"4719","2944","3/31/2012 12:00:00 AM"
"4720","16074","7/30/2012 12:00:00 AM"
"4721","7222","3/31/2014 12:00:00 AM"
"4722","2707","4/30/2014 12:00:00 AM"
"4723","1321","3/7/2014 12:00:00 AM"
"4724","1776","5/18/2014 12:00:00 AM"
"4725","2484","5/9/2012 12:00:00 AM"
"4726","1105","5/24/2012 12:00:00 AM"
"4727","14911","11/23/2013 12:00:00 AM"
"4728","5348","5/1/2013 12:00:00 AM"
"4729","12691","4/6/2014 12:00:00 AM"
"4730","16824","5/24/2014 12:00:00 AM"
"4731","6366","7/26/2013 12:00:00 AM"
"4732","3716","11/29/2013 12:00:00 AM"
"4733","5720","2/25/2012 12:00:00 AM"
"4734","13591","7/30/2012 12:00:00 AM"
"4735","9904","5/5/2013 12:00:00 AM"
"4736","10746","5/17/2014 12:00:00 AM"
"4737","3232","3/19/2014 12:00:00 AM"
"4738","8666","9/18/2013 12:00:00 AM"
"4739","15689","1/14/2013 12:00:00 AM"
"4740","1535","7/19/2011 12:00:00 AM"
"4741","16786","4/14/2014 12:00:00 AM"
"4742","6897","3/28/2014 12:00:00 AM"
"4743","13714","12/5/2013 12:00:00 AM"
"4744","84","3/29/2014 12:00:00 AM"
"4745","17450","12/12/2012 12:00:00 AM"
"4746","15277","8/4/2013 12:00:00 AM"
"4747","13641","3/16/2014 12:00:00 AM"
"4748","18835","11/19/2011 12:00:00 AM"
"4749","12262","8/23/2013 12:00:00 AM"
"4750","11145","2/26/2013 12:00:00 AM"
"4751","2997","6/13/2014 12:00:00 AM"
"4752","15526","6/1/2012 12:00:00 AM"
"4753","5869","5/18/2014 12:00:00 AM"
"4754","10622","10/11/2013 12:00:00 AM"
"4755","5743","8/18/2013 12:00:00 AM"
"4756","10970","5/25/2014 12:00:00 AM"
"4757","14593","1/19/2014 12:00:00 AM"
"4758","10217","4/7/2014 12:00:00 AM"
"4759","18863","3/31/2014 12:00:00 AM"
"4760","5414","6/5/2014 12:00:00 AM"
"4761","4026","4/27/2014 12:00:00 AM"
"4762","10099","2/17/2014 12:00:00 AM"
"4763","88","4/20/2014 12:00:00 AM"
"4764","18284","3/5/2013 12:00:00 AM"
"4765","6859","7/13/2013 12:00:00 AM"
"4766","17729","10/1/2013 12:00:00 AM"
"4767","1208","6/26/2014 12:00:00 AM"
"4768","8821","12/10/2011 12:00:00 AM"
"4769","8334","5/4/2014 12:00:00 AM"
"4770","16705","9/21/2013 12:00:00 AM"
"4771","8187","5/10/2014 12:00:00 AM"
"4772","11671","10/17/2013 12:00:00 AM"
"4773","11041","1/18/2014 12:00:00 AM"
"4774","4197","2/27/2014 12:00:00 AM"
"4775","12562","8/30/2013 12:00:00 AM"
"4776","10603","2/22/2014 12:00:00 AM"
"4777","18602","7/22/2013 12:00:00 AM"
"4778","4930","2/11/2014 12:00:00 AM"
"4779","12063","10/14/2013 12:00:00 AM"
"4780","13458","5/25/2014 12:00:00 AM"
"4781","8849","10/1/2011 12:00:00 AM"
"4782","11198","2/18/2013 12:00:00 AM"
"4783","17331","2/2/2014 12:00:00 AM"
"4784","2584","8/20/2013 12:00:00 AM"
"4785","12303","7/18/2013 12:00:00 AM"
"4786","18498","9/5/2013 12:00:00 AM"
"4787","5553","7/27/2012 12:00:00 AM"
"4788","16720","12/10/2013 12:00:00 AM"
"4789","7148","12/27/2012 12:00:00 AM"
"4790","4522","12/8/2013 12:00:00 AM"
"4791","5036","4/12/2013 12:00:00 AM"
"4792","9238","3/17/2014 12:00:00 AM"
"4793","7023","9/12/2011 12:00:00 AM"
"4794","12023","8/1/2011 12:00:00 AM"
"4795","18003","3/14/2014 12:00:00 AM"
"4796","4861","11/2/2013 12:00:00 AM"
"4797","13141","4/27/2013 12:00:00 AM"
"4798","15174","11/10/2012 12:00:00 AM"
"4799","7862","5/25/2014 12:00:00 AM"
"4800","13900","7/27/2013 12:00:00 AM"
"4801","6164","10/30/2013 12:00:00 AM"
"4802","15499","1/20/2013 12:00:00 AM"
"4803","14493","3/10/2014 12:00:00 AM"
"4804","9233","12/8/2013 12:00:00 AM"
"4805","13881","4/15/2012 12:00:00 AM"
"4806","16250","1/10/2012 12:00:00 AM"
"4807","13752","10/12/2013 12:00:00 AM"
"4808","7161","8/11/2013 12:00:00 AM"
"4809","9820","7/11/2011 12:00:00 AM"
"4810","11505","9/27/2013 12:00:00 AM"
"4811","7582","5/9/2014 12:00:00 AM"
"4812","9768","7/20/2013 12:00:00 AM"
"4813","17924","12/16/2013 12:00:00 AM"
"4814","5675","9/12/2013 12:00:00 AM"
"4815","4003","7/18/2013 12:00:00 AM"
"4816","16836","8/8/2013 12:00:00 AM"
"4817","7442","6/26/2011 12:00:00 AM"
"4818","12841","3/20/2014 12:00:00 AM"
"4819","5998","6/5/2011 12:00:00 AM"
"4820","2957","6/30/2014 12:00:00 AM"
"4821","8100","7/21/2013 12:00:00 AM"
"4822","3661","9/8/2012 12:00:00 AM"
"4823","3845","3/22/2014 12:00:00 AM"
"4824","17348","9/13/2013 12:00:00 AM"
"4825","19228","4/3/2014 12:00:00 AM"
"4826","3777","2/23/2014 12:00:00 AM"
"4827","10201","11/23/2013 12:00:00 AM"
"4828","14643","1/4/2014 12:00:00 AM"
"4829","10751","10/16/2013 12:00:00 AM"
"4830","10352","9/24/2013 12:00:00 AM"
"4831","15702","4/26/2014 12:00:00 AM"
"4832","6090","4/1/2013 12:00:00 AM"
"4833","17656","8/16/2013 12:00:00 AM"
"4834","14935","7/14/2012 12:00:00 AM"
"4835","17493","2/13/2014 12:00:00 AM"
"4836","16086","5/15/2014 12:00:00 AM"
"4837","10614","7/17/2013 12:00:00 AM"
"4838","951","10/31/2013 12:00:00 AM"
"4839","16407","4/2/2014 12:00:00 AM"
"4840","3475","7/8/2013 12:00:00 AM"
"4841","3965","3/28/2014 12:00:00 AM"
"4842","7367","1/26/2014 12:00:00 AM"
"4843","2590","1/20/2013 12:00:00 AM"
"4844","4943","9/6/2013 12:00:00 AM"
"4845","1674","1/1/2014 12:00:00 AM"
"4846","8117","1/1/2013 12:00:00 AM"
"4847","2782","1/14/2014 12:00:00 AM"
"4848","2698","9/22/2011 12:00:00 AM"
"4849","6792","7/19/2013 12:00:00 AM"
"4850","13021","10/5/2011 12:00:00 AM"
"4851","11199","8/3/2011 12:00:00 AM"
"4852","8864","8/2/2011 12:00:00 AM"
"4853","13983","9/25/2012 12:00:00 AM"
"4854","16352","6/13/2012 12:00:00 AM"
"4855","2233","7/5/2013 12:00:00 AM"
"4856","12489","4/2/2013 12:00:00 AM"
"4857","4316","10/21/2012 12:00:00 AM"
"4858","13719","7/12/2013 12:00:00 AM"
"4859","7914","9/7/2011 12:00:00 AM"
"4860","7899","12/1/2013 12:00:00 AM"
"4861","6184","7/14/2011 12:00:00 AM"
"4862","10377","11/17/2013 12:00:00 AM"
"4863","4609","11/10/2012 12:00:00 AM"
"4864","10657","8/18/2013 12:00:00 AM"
"4865","8997","9/18/2013 12:00:00 AM"
"4866","4831","4/14/2014 12:00:00 AM"
"4867","18179","12/5/2013 12:00:00 AM"
"4868","16401","4/7/2012 12:00:00 AM"
"4869","13766","6/28/2014 12:00:00 AM"
"4870","4512","2/4/2014 12:00:00 AM"
"4871","2925","9/13/2013 12:00:00 AM"
"4872","4790","9/5/2012 12:00:00 AM"
"4873","2060","3/25/2014 12:00:00 AM"
"4874","18960","9/11/2013 12:00:00 AM"
"4875","19073","9/5/2013 12:00:00 AM"
"4876","13226","10/2/2013 12:00:00 AM"
"4877","11552","3/10/2013 12:00:00 AM"
"4878","5314","7/6/2013 12:00:00 AM"
"4879","6883","4/28/2012 12:00:00 AM"
"4880","12700","12/29/2013 12:00:00 AM"
"4881","5862","5/12/2014 12:00:00 AM"
"4882","16341","4/18/2014 12:00:00 AM"
"4883","16177","7/19/2013 12:00:00 AM"
"4884","11592","1/13/2014 12:00:00 AM"
"4885","14844","8/6/2013 12:00:00 AM"
"4886","11178","3/12/2013 12:00:00 AM"
"4887","15422","4/27/2014 12:00:00 AM"
"4888","9608","5/22/2014 12:00:00 AM"
"4889","6835","10/12/2011 12:00:00 AM"
"4890","1349","2/11/2014 12:00:00 AM"
"4891","13875","7/7/2013 12:00:00 AM"
"4892","12999","11/27/2012 12:00:00 AM"
"4893","1650","11/14/2011 12:00:00 AM"
"4894","8153","2/23/2012 12:00:00 AM"
"4895","5612","11/11/2013 12:00:00 AM"
"4896","2937","9/30/2013 12:00:00 AM"
"4897","17921","5/7/2014 12:00:00 AM"
"4898","1181","1/28/2014 12:00:00 AM"
"4899","18383","8/3/2013 12:00:00 AM"
"4900","11304","12/11/2013 12:00:00 AM"
"4901","12308","9/20/2013 12:00:00 AM"
"4902","7940","5/7/2012 12:00:00 AM"
"4903","10946","8/9/2013 12:00:00 AM"
"4904","7359","1/13/2014 12:00:00 AM"
"4905","11389","2/7/2014 12:00:00 AM"
"4906","954","9/29/2013 12:00:00 AM"
"4907","10241","5/19/2012 12:00:00 AM"
"4908","9275","9/11/2012 12:00:00 AM"
"4909","317","5/27/2014 12:00:00 AM"
"4910","14338","10/8/2011 12:00:00 AM"
"4911","11558","7/21/2013 12:00:00 AM"
"4912","5776","5/27/2013 12:00:00 AM"
"4913","1561","8/8/2013 12:00:00 AM"
"4914","8971","10/2/2011 12:00:00 AM"
"4915","100","4/5/2014 12:00:00 AM"
"4916","15524","6/2/2011 12:00:00 AM"
"4917","507","10/16/2013 12:00:00 AM"
"4918","18466","3/9/2014 12:00:00 AM"
"4919","17705","1/28/2014 12:00:00 AM"
"4920","16875","1/16/2014 12:00:00 AM"
"4921","3994","5/11/2012 12:00:00 AM"
"4922","2915","7/1/2013 12:00:00 AM"
"4923","15772","6/2/2013 12:00:00 AM"
"4924","6698","9/14/2013 12:00:00 AM"
"4925","11412","4/28/2014 12:00:00 AM"
"4926","17110","6/16/2011 12:00:00 AM"
"4927","12438","7/23/2013 12:00:00 AM"
"4928","13252","7/26/2013 12:00:00 AM"
"4929","19132","3/16/2014 12:00:00 AM"
"4930","1383","12/21/2013 12:00:00 AM"
"4931","11989","4/3/2014 12:00:00 AM"
"4932","12141","9/19/2012 12:00:00 AM"
"4933","13236","8/16/2013 12:00:00 AM"
"4934","18494","8/15/2013 12:00:00 AM"
"4935","15781","10/7/2013 12:00:00 AM"
"4936","7760","8/3/2013 12:00:00 AM"
"4937","17291","12/30/2012 12:00:00 AM"
"4938","17608","8/2/2013 12:00:00 AM"
"4939","9318","3/26/2012 12:00:00 AM"
"4940","6179","11/18/2011 12:00:00 AM"
"4941","8544","11/4/2013 12:00:00 AM"
"4942","1592","2/20/2012 12:00:00 AM"
"4943","14333","4/14/2012 12:00:00 AM"
"4944","10363","8/15/2013 12:00:00 AM"
"4945","18305","4/8/2014 12:00:00 AM"
"4946","7171","7/7/2013 12:00:00 AM"
"4947","17564","1/20/2013 12:00:00 AM"
"4948","12136","3/29/2014 12:00:00 AM"
"4949","15976","5/14/2014 12:00:00 AM"
"4950","5106","4/12/2014 12:00:00 AM"
"4951","16295","3/29/2014 12:00:00 AM"
"4952","645","10/31/2012 12:00:00 AM"
"4953","13079","3/11/2013 12:00:00 AM"
"4954","10854","12/27/2013 12:00:00 AM"
"4955","1","7/29/2013 12:00:00 AM"
"4956","6948","8/1/2012 12:00:00 AM"
"4957","803","3/7/2013 12:00:00 AM"
"4958","18902","7/26/2013 12:00:00 AM"
"4959","17116","1/6/2014 12:00:00 AM"
"4960","1077","4/5/2014 12:00:00 AM"
"4961","17405","9/28/2013 12:00:00 AM"
"4962","12360","5/1/2013 12:00:00 AM"
"4963","16016","3/24/2014 12:00:00 AM"
"4964","10686","4/5/2014 12:00:00 AM"
"4965","295","2/20/2014 12:00:00 AM"
"4966","3976","7/22/2011 12:00:00 AM"
"4967","6990","8/3/2013 12:00:00 AM"
"4968","6915","10/29/2013 12:00:00 AM"
"4969","17883","10/17/2012 12:00:00 AM"
"4970","4519","5/6/2014 12:00:00 AM"
"4971","1919","2/24/2014 12:00:00 AM"
"4972","10233","9/28/2013 12:00:00 AM"
"4973","17581","11/25/2011 12:00:00 AM"
"4974","12883","2/2/2012 12:00:00 AM"
"4975","3027","1/28/2014 12:00:00 AM"
"4976","14156","2/25/2014 12:00:00 AM"
"4977","16879","2/16/2014 12:00:00 AM"
"4978","6299","2/18/2012 12:00:00 AM"
"4979","2128","5/6/2013 12:00:00 AM"
"4980","11917","5/17/2014 12:00:00 AM"
"4981","12443","3/30/2012 12:00:00 AM"
"4982","17356","4/20/2012 12:00:00 AM"
"4983","3688","1/26/2014 12:00:00 AM"
"4984","14302","6/8/2011 12:00:00 AM"
"4985","3184","4/16/2014 12:00:00 AM"
"4986","6801","11/21/2012 12:00:00 AM"
"4987","3424","11/2/2011 12:00:00 AM"
"4988","10587","5/8/2014 12:00:00 AM"
"4989","10084","10/19/2013 12:00:00 AM"
"4990","1878","9/23/2013 12:00:00 AM"
"4991","6849","2/1/2013 12:00:00 AM"
"4992","8353","12/1/2013 12:00:00 AM"
"4993","977","12/19/2011 12:00:00 AM"
"4994","4766","10/6/2013 12:00:00 AM"
"4995","18065","11/14/2011 12:00:00 AM"
"4996","14235","8/23/2013 12:00:00 AM"
"4997","14061","7/29/2013 12:00:00 AM"
"4998","13305","1/12/2014 12:00:00 AM"
"4999","5989","12/8/2011 12:00:00 AM"
"5000","5171","11/1/2013 12:00:00 AM"
"5001","5835","5/1/2013 12:00:00 AM"
"5002","180","5/30/2012 12:00:00 AM"
"5003","6872","1/8/2012 12:00:00 AM"
"5004","3354","11/2/2013 12:00:00 AM"
"5005","7465","1/23/2014 12:00:00 AM"
"5006","15800","12/29/2013 12:00:00 AM"
"5007","14615","1/6/2014 12:00:00 AM"
"5008","14242","11/2/2013 12:00:00 AM"
"5009","4125","1/20/2014 12:00:00 AM"
"5010","6980","7/3/2013 12:00:00 AM"
"5011","5309","7/4/2013 12:00:00 AM"
"5012","13329","10/8/2012 12:00:00 AM"
"5013","18183","4/22/2014 12:00:00 AM"
"5014","9081","3/2/2013 12:00:00 AM"
"5015","5498","8/7/2013 12:00:00 AM"
"5016","12241","6/30/2013 12:00:00 AM"
"5017","2874","10/30/2013 12:00:00 AM"
"5018","15030","9/8/2013 12:00:00 AM"
"5019","17695","7/30/2012 12:00:00 AM"
"5020","4298","10/5/2011 12:00:00 AM"
"5021","1890","7/6/2011 12:00:00 AM"
"5022","18652","6/4/2013 12:00:00 AM"
"5023","6389","5/28/2014 12:00:00 AM"
"5024","10294","10/27/2013 12:00:00 AM"
"5025","10169","5/11/2014 12:00:00 AM"
"5026","10763","5/24/2013 12:00:00 AM"
"5027","11213","3/6/2013 12:00:00 AM"
"5028","7363","5/13/2014 12:00:00 AM"
"5029","251","1/20/2012 12:00:00 AM"
"5030","4440","3/1/2014 12:00:00 AM"
"5031","16744","9/20/2012 12:00:00 AM"
"5032","1860","9/13/2011 12:00:00 AM"
"5033","14648","11/3/2013 12:00:00 AM"
"5034","7912","11/30/2013 12:00:00 AM"
"5035","13497","8/31/2011 12:00:00 AM"
"5036","16840","5/21/2014 12:00:00 AM"
"5037","9276","1/7/2014 12:00:00 AM"
"5038","7313","9/5/2013 12:00:00 AM"
"5039","6029","6/25/2014 12:00:00 AM"
"5040","7860","7/18/2013 12:00:00 AM"
"5041","6668","11/14/2013 12:00:00 AM"
"5042","3941","5/19/2012 12:00:00 AM"
"5043","7785","3/17/2014 12:00:00 AM"
"5044","5756","11/27/2012 12:00:00 AM"
"5045","9151","2/4/2013 12:00:00 AM"
"5046","1240","8/14/2013 12:00:00 AM"
"5047","2458","5/26/2014 12:00:00 AM"
"5048","2806","9/27/2011 12:00:00 AM"
"5049","8840","12/28/2013 12:00:00 AM"
"5050","12890","9/28/2011 12:00:00 AM"
"5051","1764","6/4/2012 12:00:00 AM"
"5052","7073","9/3/2013 12:00:00 AM"
"5053","18872","11/1/2012 12:00:00 AM"
"5054","4170","12/19/2013 12:00:00 AM"
"5055","9593","10/14/2013 12:00:00 AM"
"5056","11","5/4/2014 12:00:00 AM"
"5057","5400","1/24/2014 12:00:00 AM"
"5058","14207","8/6/2013 12:00:00 AM"
"5059","4078","12/25/2012 12:00:00 AM"
"5060","372","2/8/2014 12:00:00 AM"
"5061","1293","8/17/2013 12:00:00 AM"
"5062","6300","11/23/2011 12:00:00 AM"
"5063","8664","12/11/2011 12:00:00 AM"
"5064","1204","5/9/2014 12:00:00 AM"
"5065","11513","12/10/2013 12:00:00 AM"
"5066","7656","8/25/2013 12:00:00 AM"
"5067","12902","6/9/2012 12:00:00 AM"
"5068","5455","5/20/2014 12:00:00 AM"
"5069","10075","8/22/2013 12:00:00 AM"
"5070","3696","6/21/2011 12:00:00 AM"
"5071","6135","1/2/2014 12:00:00 AM"
"5072","5364","1/19/2012 12:00:00 AM"
"5073","2849","1/19/2014 12:00:00 AM"
"5074","1704","8/19/2011 12:00:00 AM"
"5075","2557","5/26/2014 12:00:00 AM"
"5076","10837","1/3/2014 12:00:00 AM"
"5077","13167","5/19/2014 12:00:00 AM"
"5078","14305","5/15/2014 12:00:00 AM"
"5079","18463","7/6/2013 12:00:00 AM"
"5080","1746","10/28/2012 12:00:00 AM"
"5081","17434","10/29/2013 12:00:00 AM"
"5082","14509","3/5/2014 12:00:00 AM"
"5083","5277","1/3/2014 12:00:00 AM"
"5084","14053","6/13/2013 12:00:00 AM"
"5085","5145","6/28/2012 12:00:00 AM"
"5086","16929","9/6/2013 12:00:00 AM"
"5087","17989","8/25/2013 12:00:00 AM"
"5088","9821","2/6/2014 12:00:00 AM"
"5089","8662","2/23/2014 12:00:00 AM"
"5090","11577","10/29/2013 12:00:00 AM"
"5091","5197","11/13/2011 12:00:00 AM"
"5092","11514","12/17/2013 12:00:00 AM"
"5093","17983","12/8/2012 12:00:00 AM"
"5094","7026","4/4/2013 12:00:00 AM"
"5095","17640","9/10/2013 12:00:00 AM"
"5096","15426","2/8/2014 12:00:00 AM"
"5097","3694","10/2/2013 12:00:00 AM"
"5098","8731","5/18/2014 12:00:00 AM"
"5099","14657","1/22/2014 12:00:00 AM"
"5100","17064","8/12/2013 12:00:00 AM"
"5101","18512","4/11/2014 12:00:00 AM"
"5102","18508","12/9/2013 12:00:00 AM"
"5103","11699","5/6/2014 12:00:00 AM"
"5104","7827","8/30/2013 12:00:00 AM"
"5105","16013","1/12/2014 12:00:00 AM"
"5106","10577","7/4/2013 12:00:00 AM"
"5107","16144","10/20/2013 12:00:00 AM"
"5108","18142","7/18/2013 12:00:00 AM"
"5109","3037","5/27/2014 12:00:00 AM"
"5110","846","12/7/2012 12:00:00 AM"
"5111","10691","9/13/2013 12:00:00 AM"
"5112","6428","6/18/2013 12:00:00 AM"
"5113","4635","9/17/2013 12:00:00 AM"
"5114","6854","9/11/2011 12:00:00 AM"
"5115","12445","10/30/2012 12:00:00 AM"
"5116","19233","11/1/2013 12:00:00 AM"
"5117","19090","6/14/2014 12:00:00 AM"
"5118","4666","7/1/2013 12:00:00 AM"
"5119","17360","3/16/2013 12:00:00 AM"
"5120","9148","2/25/2014 12:00:00 AM"
"5121","7504","5/6/2014 12:00:00 AM"
"5122","9708","11/12/2011 12:00:00 AM"
"5123","11715","5/17/2014 12:00:00 AM"
"5124","2373","11/18/2013 12:00:00 AM"
"5125","11002","5/23/2014 12:00:00 AM"
"5126","15267","3/24/2013 12:00:00 AM"
"5127","16186","7/21/2013 12:00:00 AM"
"5128","6839","12/28/2012 12:00:00 AM"
"5129","10599","12/30/2012 12:00:00 AM"
"5130","14457","5/10/2014 12:00:00 AM"
"5131","17179","11/2/2013 12:00:00 AM"
"5132","10087","7/15/2013 12:00:00 AM"
"5133","19129","1/17/2013 12:00:00 AM"
"5134","3869","9/20/2013 12:00:00 AM"
"5135","2448","2/11/2014 12:00:00 AM"
"5136","12079","8/18/2013 12:00:00 AM"
"5137","7786","9/23/2013 12:00:00 AM"
"5138","4034","2/15/2013 12:00:00 AM"
"5139","15654","1/5/2012 12:00:00 AM"
"5140","4064","8/27/2013 12:00:00 AM"
"5141","15108","1/15/2014 12:00:00 AM"
"5142","13380","12/13/2013 12:00:00 AM"
"5143","6807","2/7/2014 12:00:00 AM"
"5144","9016","4/19/2014 12:00:00 AM"
"5145","9534","9/21/2013 12:00:00 AM"
"5146","10530","3/8/2014 12:00:00 AM"
"5147","12261","1/6/2012 12:00:00 AM"
"5148","17856","7/15/2013 12:00:00 AM"
"5149","18545","3/17/2014 12:00:00 AM"
"5150","18123","1/29/2014 12:00:00 AM"
"5151","6357","7/18/2013 12:00:00 AM"
"5152","17522","4/17/2014 12:00:00 AM"
"5153","4839","11/5/2012 12:00:00 AM"
"5154","8714","6/10/2013 12:00:00 AM"
"5155","16907","11/8/2012 12:00:00 AM"
"5156","18089","3/1/2014 12:00:00 AM"
"5157","15474","7/29/2012 12:00:00 AM"
"5158","125","5/1/2014 12:00:00 AM"
"5159","6840","2/18/2014 12:00:00 AM"
"5160","12035","4/9/2014 12:00:00 AM"
"5161","5436","1/12/2014 12:00:00 AM"
"5162","1032","7/29/2011 12:00:00 AM"
"5163","8446","7/8/2013 12:00:00 AM"
"5164","6682","3/23/2014 12:00:00 AM"
"5165","6202","7/12/2013 12:00:00 AM"
"5166","611","4/29/2014 12:00:00 AM"
"5167","15893","6/17/2014 12:00:00 AM"
"5168","14917","10/24/2013 12:00:00 AM"
"5169","11753","5/28/2014 12:00:00 AM"
"5170","18847","11/2/2013 12:00:00 AM"
"5171","1945","7/31/2013 12:00:00 AM"
"5172","12272","9/1/2013 12:00:00 AM"
"5173","17278","12/17/2013 12:00:00 AM"
"5174","10152","12/23/2013 12:00:00 AM"
"5175","15660","10/20/2013 12:00:00 AM"
"5176","7549","5/22/2014 12:00:00 AM"
"5177","18366","4/19/2014 12:00:00 AM"
"5178","15704","4/17/2014 12:00:00 AM"
"5179","7883","7/15/2013 12:00:00 AM"
"5180","7373","9/9/2012 12:00:00 AM"
"5181","17539","1/7/2014 12:00:00 AM"
"5182","13863","12/25/2011 12:00:00 AM"
"5183","11236","3/16/2013 12:00:00 AM"
"5184","5468","4/6/2014 12:00:00 AM"
"5185","3116","12/19/2013 12:00:00 AM"
"5186","252","12/15/2013 12:00:00 AM"
"5187","15028","11/6/2013 12:00:00 AM"
"5188","18940","8/12/2013 12:00:00 AM"
"5189","13542","9/29/2013 12:00:00 AM"
"5190","3679","2/12/2013 12:00:00 AM"
"5191","15549","11/19/2013 12:00:00 AM"
"5192","14361","8/10/2013 12:00:00 AM"
"5193","4463","12/31/2013 12:00:00 AM"
"5194","6429","1/28/2014 12:00:00 AM"
"5195","7425","11/17/2013 12:00:00 AM"
"5196","15131","5/8/2014 12:00:00 AM"
"5197","11151","2/21/2014 12:00:00 AM"
"5198","4986","1/22/2014 12:00:00 AM"
"5199","10910","10/23/2013 12:00:00 AM"
"5200","17708","3/19/2014 12:00:00 AM"
"5201","7489","5/18/2014 12:00:00 AM"
"5202","8630","7/30/2013 12:00:00 AM"
"5203","16140","5/19/2014 12:00:00 AM"
"5204","15678","1/11/2014 12:00:00 AM"
"5205","7441","9/11/2012 12:00:00 AM"
"5206","11649","5/12/2014 12:00:00 AM"
"5207","1279","1/21/2014 12:00:00 AM"
"5208","9057","10/8/2013 12:00:00 AM"
"5209","9808","1/31/2014 12:00:00 AM"
"5210","2807","4/4/2014 12:00:00 AM"
"5211","17944","5/21/2014 12:00:00 AM"
"5212","10966","11/12/2012 12:00:00 AM"
"5213","6404","1/2/2012 12:00:00 AM"
"5214","9577","12/12/2012 12:00:00 AM"
"5215","15182","1/1/2014 12:00:00 AM"
"5216","9614","2/14/2014 12:00:00 AM"
"5217","16122","1/13/2013 12:00:00 AM"
"5218","13691","4/3/2014 12:00:00 AM"
"5219","18839","6/9/2014 12:00:00 AM"
"5220","2691","3/18/2014 12:00:00 AM"
"5221","15086","12/25/2013 12:00:00 AM"
"5222","11418","3/19/2014 12:00:00 AM"
"5223","16453","5/8/2014 12:00:00 AM"
"5224","8180","11/28/2011 12:00:00 AM"
"5225","7298","9/10/2013 12:00:00 AM"
"5226","12994","12/13/2013 12:00:00 AM"
"5227","10371","9/14/2013 12:00:00 AM"
"5228","6294","8/20/2012 12:00:00 AM"
"5229","13213","9/23/2013 12:00:00 AM"
"5230","2047","2/8/2013 12:00:00 AM"
"5231","6498","9/7/2011 12:00:00 AM"
"5232","10105","12/27/2013 12:00:00 AM"
"5233","1512","10/7/2013 12:00:00 AM"
"5234","16436","10/26/2013 12:00:00 AM"
"5235","17552","2/25/2014 12:00:00 AM"
"5236","10227","4/22/2013 12:00:00 AM"
"5237","12745","1/30/2013 12:00:00 AM"
"5238","17601","11/27/2011 12:00:00 AM"
"5239","17720","1/3/2013 12:00:00 AM"
"5240","3268","5/1/2014 12:00:00 AM"
"5241","15573","7/24/2013 12:00:00 AM"
"5242","10982","11/2/2013 12:00:00 AM"
"5243","6424","9/15/2013 12:00:00 AM"
"5244","15467","7/31/2011 12:00:00 AM"
"5245","18358","5/26/2014 12:00:00 AM"
"5246","10340","4/15/2014 12:00:00 AM"
"5247","9158","12/6/2013 12:00:00 AM"
"5248","240","11/21/2013 12:00:00 AM"
"5249","2326","9/24/2012 12:00:00 AM"
"5250","15938","2/23/2014 12:00:00 AM"
"5251","17946","5/19/2014 12:00:00 AM"
"5252","7409","3/11/2014 12:00:00 AM"
"5253","9223","9/21/2013 12:00:00 AM"
"5254","6228","4/26/2014 12:00:00 AM"
"5255","9801","1/8/2014 12:00:00 AM"
"5256","16292","1/6/2014 12:00:00 AM"
"5257","8365","5/25/2014 12:00:00 AM"
"5258","1380","6/17/2013 12:00:00 AM"
"5259","6514","1/14/2014 12:00:00 AM"
"5260","13792","10/9/2013 12:00:00 AM"
"5261","9304","10/20/2012 12:00:00 AM"
"5262","9461","6/23/2013 12:00:00 AM"
"5263","879","7/24/2013 12:00:00 AM"
"5264","384","1/25/2014 12:00:00 AM"
"5265","3202","5/24/2013 12:00:00 AM"
"5266","5558","3/22/2014 12:00:00 AM"
"5267","1411","7/17/2013 12:00:00 AM"
"5268","1140","1/21/2013 12:00:00 AM"
"5269","13634","9/20/2013 12:00:00 AM"
"5270","7666","11/5/2012 12:00:00 AM"
"5271","17534","1/16/2014 12:00:00 AM"
"5272","17372","1/10/2014 12:00:00 AM"
"5273","13373","7/3/2012 12:00:00 AM"
"5274","1644","6/8/2014 12:00:00 AM"
"5275","12692","8/12/2013 12:00:00 AM"
"5276","12294","1/5/2014 12:00:00 AM"
"5277","6906","5/2/2014 12:00:00 AM"
"5278","10876","9/25/2013 12:00:00 AM"
"5279","11423","5/10/2013 12:00:00 AM"
"5280","18671","11/12/2013 12:00:00 AM"
"5281","4874","12/13/2012 12:00:00 AM"
"5282","9218","8/21/2013 12:00:00 AM"
"5283","4882","4/6/2012 12:00:00 AM"
"5284","7771","3/15/2014 12:00:00 AM"
"5285","19096","2/24/2013 12:00:00 AM"
"5286","13859","9/29/2011 12:00:00 AM"
"5287","12990","4/7/2014 12:00:00 AM"
"5288","5596","11/6/2013 12:00:00 AM"
"5289","13856","1/30/2014 12:00:00 AM"
"5290","14804","3/11/2014 12:00:00 AM"
"5291","13609","10/7/2011 12:00:00 AM"
"5292","13956","2/24/2014 12:00:00 AM"
"5293","5797","4/19/2014 12:00:00 AM"
"5294","15026","4/24/2012 12:00:00 AM"
"5295","3483","11/3/2011 12:00:00 AM"
"5296","13912","1/24/2012 12:00:00 AM"
"5297","162","3/31/2014 12:00:00 AM"
"5298","12987","3/22/2013 12:00:00 AM"
"5299","12266","2/27/2014 12:00:00 AM"
"5300","379","3/31/2014 12:00:00 AM"
"5301","12414","7/15/2013 12:00:00 AM"
"5302","8061","10/20/2013 12:00:00 AM"
"5303","9601","8/30/2013 12:00:00 AM"
"5304","4050","8/6/2011 12:00:00 AM"
"5305","2377","5/14/2014 12:00:00 AM"
"5306","11811","6/28/2013 12:00:00 AM"
"5307","8307","4/3/2012 12:00:00 AM"
"5308","14582","4/30/2014 12:00:00 AM"
"5309","11516","10/27/2013 12:00:00 AM"
"5310","15940","6/12/2013 12:00:00 AM"
"5311","5853","4/16/2014 12:00:00 AM"
"5312","5484","2/16/2014 12:00:00 AM"
"5313","14567","12/1/2013 12:00:00 AM"
"5314","17170","11/30/2012 12:00:00 AM"
"5315","13","3/1/2014 12:00:00 AM"
"5316","18010","4/2/2014 12:00:00 AM"
"5317","15379","3/22/2014 12:00:00 AM"
"5318","18760","4/1/2013 12:00:00 AM"
"5319","4777","8/14/2013 12:00:00 AM"
"5320","10368","8/16/2013 12:00:00 AM"
"5321","18169","9/22/2013 12:00:00 AM"
"5322","17300","8/15/2013 12:00:00 AM"
"5323","829","7/11/2013 12:00:00 AM"
"5324","12664","1/12/2014 12:00:00 AM"
"5325","5504","5/23/2013 12:00:00 AM"
"5326","3407","10/18/2011 12:00:00 AM"
"5327","8312","4/23/2014 12:00:00 AM"
"5328","10242","5/22/2013 12:00:00 AM"
"5329","2216","2/4/2014 12:00:00 AM"
"5330","3881","7/11/2012 12:00:00 AM"
"5331","10523","5/7/2014 12:00:00 AM"
"5332","19115","7/30/2013 12:00:00 AM"
"5333","9385","10/6/2012 12:00:00 AM"
"5334","1825","8/3/2011 12:00:00 AM"
"5335","5599","2/12/2014 12:00:00 AM"
"5336","8289","1/19/2014 12:00:00 AM"
"5337","9313","8/30/2013 12:00:00 AM"
"5338","17811","3/17/2014 12:00:00 AM"
"5339","10604","7/20/2012 12:00:00 AM"
"5340","9619","7/6/2013 12:00:00 AM"
"5341","17448","9/4/2013 12:00:00 AM"
"5342","1089","5/20/2014 12:00:00 AM"
"5343","11597","5/5/2014 12:00:00 AM"
"5344","17741","2/24/2013 12:00:00 AM"
"5345","18818","3/24/2014 12:00:00 AM"
"5346","705","12/6/2013 12:00:00 AM"
"5347","3494","4/16/2014 12:00:00 AM"
"5348","14581","9/19/2013 12:00:00 AM"
"5349","10106","4/2/2012 12:00:00 AM"
"5350","5240","4/17/2014 12:00:00 AM"
"5351","18928","4/27/2014 12:00:00 AM"
"5352","14016","10/30/2013 12:00:00 AM"
"5353","13715","11/9/2011 12:00:00 AM"
"5354","17855","3/12/2013 12:00:00 AM"
"5355","270","8/1/2012 12:00:00 AM"
"5356","6873","5/26/2014 12:00:00 AM"
"5357","14321","4/14/2014 12:00:00 AM"
"5358","18177","5/17/2013 12:00:00 AM"
"5359","2861","10/21/2013 12:00:00 AM"
"5360","4450","2/16/2013 12:00:00 AM"
"5361","18414","9/6/2012 12:00:00 AM"
"5362","1396","5/8/2014 12:00:00 AM"
"5363","4872","5/24/2014 12:00:00 AM"
"5364","8506","8/22/2012 12:00:00 AM"
"5365","17093","6/15/2011 12:00:00 AM"
"5366","13967","3/12/2014 12:00:00 AM"
"5367","1920","9/5/2013 12:00:00 AM"
"5368","8218","3/5/2013 12:00:00 AM"
"5369","14446","7/3/2011 12:00:00 AM"
"5370","5965","9/30/2013 12:00:00 AM"
"5371","9327","5/13/2014 12:00:00 AM"
"5372","2521","9/20/2012 12:00:00 AM"
"5373","10129","1/31/2012 12:00:00 AM"
"5374","18658","11/19/2011 12:00:00 AM"
"5375","3794","12/6/2013 12:00:00 AM"
"5376","5595","8/21/2013 12:00:00 AM"
"5377","8021","9/28/2011 12:00:00 AM"
"5378","6392","10/30/2013 12:00:00 AM"
"5379","6520","3/28/2013 12:00:00 AM"
"5380","17250","3/20/2014 12:00:00 AM"
"5381","7566","2/10/2013 12:00:00 AM"
"5382","9228","4/30/2014 12:00:00 AM"
"5383","13195","1/24/2014 12:00:00 AM"
"5384","5921","4/23/2012 12:00:00 AM"
"5385","6936","7/13/2012 12:00:00 AM"
"5386","4730","5/10/2014 12:00:00 AM"
"5387","241","6/16/2014 12:00:00 AM"
"5388","3387","10/9/2012 12:00:00 AM"
"5389","3743","2/24/2014 12:00:00 AM"
"5390","9008","3/16/2013 12:00:00 AM"
"5391","1325","10/18/2013 12:00:00 AM"
"5392","4447","10/15/2013 12:00:00 AM"
"5393","18264","4/29/2014 12:00:00 AM"
"5394","13593","5/14/2013 12:00:00 AM"
"5395","17908","9/11/2013 12:00:00 AM"
"5396","11752","12/24/2013 12:00:00 AM"
"5397","1230","2/17/2014 12:00:00 AM"
"5398","1538","7/24/2013 12:00:00 AM"
"5399","3782","9/3/2011 12:00:00 AM"
"5400","10501","3/7/2013 12:00:00 AM"
"5401","15627","3/4/2014 12:00:00 AM"
"5402","7323","6/8/2012 12:00:00 AM"
"5403","10225","6/19/2012 12:00:00 AM"
"5404","2407","11/5/2013 12:00:00 AM"
"5405","7990","9/1/2012 12:00:00 AM"
"5406","7863","1/16/2014 12:00:00 AM"
"5407","982","3/30/2014 12:00:00 AM"
"5408","5385","6/6/2013 12:00:00 AM"
"5409","6169","7/10/2013 12:00:00 AM"
"5410","15877","7/1/2013 12:00:00 AM"
"5411","12728","3/4/2014 12:00:00 AM"
"5412","17498","9/4/2013 12:00:00 AM"
"5413","13725","3/29/2014 12:00:00 AM"
"5414","7866","5/26/2014 12:00:00 AM"
"5415","11676","2/4/2013 12:00:00 AM"
"5416","9003","1/7/2013 12:00:00 AM"
"5417","9569","11/24/2012 12:00:00 AM"
"5418","10814","1/11/2014 12:00:00 AM"
"5419","10643","3/18/2014 12:00:00 AM"
"5420","11680","11/22/2013 12:00:00 AM"
"5421","1404","5/5/2014 12:00:00 AM"
"5422","14738","4/29/2014 12:00:00 AM"
"5423","7981","7/9/2013 12:00:00 AM"
"5424","4379","12/18/2013 12:00:00 AM"
"5425","6004","7/2/2013 12:00:00 AM"
"5426","7239","5/18/2014 12:00:00 AM"
"5427","12138","1/1/2014 12:00:00 AM"
"5428","15097","8/3/2013 12:00:00 AM"
"5429","18558","11/14/2012 12:00:00 AM"
"5430","13212","12/11/2013 12:00:00 AM"
"5431","17653","2/5/2013 12:00:00 AM"
"5432","11312","10/13/2011 12:00:00 AM"
"5433","12965","7/19/2013 12:00:00 AM"
"5434","1247","10/15/2013 12:00:00 AM"
"5435","7277","9/23/2013 12:00:00 AM"
"5436","17141","1/4/2014 12:00:00 AM"
"5437","3087","3/10/2013 12:00:00 AM"
"5438","20","12/17/2013 12:00:00 AM"
"5439","15337","9/25/2013 12:00:00 AM"
"5440","11979","3/4/2014 12:00:00 AM"
"5441","10707","10/5/2013 12:00:00 AM"
"5442","1397","11/9/2013 12:00:00 AM"
"5443","6816","3/25/2014 12:00:00 AM"
"5444","14387","9/20/2013 12:00:00 AM"
"5445","3621","12/26/2013 12:00:00 AM"
"5446","10445","7/4/2013 12:00:00 AM"
"5447","9127","10/18/2013 12:00:00 AM"
"5448","10426","3/12/2014 12:00:00 AM"
"5449","356","6/27/2013 12:00:00 AM"
"5450","11617","5/30/2014 12:00:00 AM"
"5451","8515","10/20/2011 12:00:00 AM"
"5452","7090","6/30/2013 12:00:00 AM"
"5453","13105","11/1/2013 12:00:00 AM"
"5454","8810","6/17/2011 12:00:00 AM"
"5455","8894","7/21/2013 12:00:00 AM"
"5456","18451","11/13/2012 12:00:00 AM"
"5457","14575","6/10/2013 12:00:00 AM"
"5458","10828","7/18/2013 12:00:00 AM"
"5459","6074","10/20/2013 12:00:00 AM"
"5460","17599","7/16/2013 12:00:00 AM"
"5461","17826","10/27/2013 12:00:00 AM"
"5462","3371","6/29/2012 12:00:00 AM"
"5463","15008","7/23/2013 12:00:00 AM"
"5464","16445","10/13/2013 12:00:00 AM"
"5465","18924","11/4/2012 12:00:00 AM"
"5466","11394","7/30/2013 12:00:00 AM"
"5467","10632","5/9/2014 12:00:00 AM"
"5468","9775","1/28/2012 12:00:00 AM"
"5469","1097","7/8/2013 12:00:00 AM"
"5470","8062","7/13/2013 12:00:00 AM"
"5471","4294","9/22/2013 12:00:00 AM"
"5472","11774","2/12/2014 12:00:00 AM"
"5473","3291","1/2/2013 12:00:00 AM"
"5474","15355","7/11/2013 12:00:00 AM"
"5475","10466","1/25/2013 12:00:00 AM"
"5476","16598","6/5/2012 12:00:00 AM"
"5477","4157","6/15/2014 12:00:00 AM"
"5478","18242","3/17/2014 12:00:00 AM"
"5479","8750","3/14/2013 12:00:00 AM"
"5480","562","2/10/2014 12:00:00 AM"
"5481","2575","5/21/2014 12:00:00 AM"
"5482","229","6/29/2014 12:00:00 AM"
"5483","18162","8/18/2013 12:00:00 AM"
"5484","16333","3/13/2014 12:00:00 AM"
"5485","8788","2/27/2013 12:00:00 AM"
"5486","6568","12/19/2012 12:00:00 AM"
"5487","6611","6/4/2014 12:00:00 AM"
"5488","11904","5/7/2014 12:00:00 AM"
"5489","2426","8/20/2013 12:00:00 AM"
"5490","3954","1/15/2014 12:00:00 AM"
"5491","3241","9/9/2013 12:00:00 AM"
"5492","5519","11/19/2013 12:00:00 AM"
"5493","2945","7/14/2013 12:00:00 AM"
"5494","1951","11/22/2013 12:00:00 AM"
"5495","10083","12/16/2012 12:00:00 AM"
"5496","3534","10/12/2011 12:00:00 AM"
"5497","15017","11/4/2013 12:00:00 AM"
"5498","15819","1/29/2014 12:00:00 AM"
"5499","7281","6/27/2012 12:00:00 AM"
"5500","17558","5/28/2014 12:00:00 AM"
"5501","3091","10/7/2013 12:00:00 AM"
"5502","9812","12/7/2013 12:00:00 AM"
"5503","13994","5/18/2014 12:00:00 AM"
"5504","7825","9/24/2013 12:00:00 AM"
"5505","2218","3/28/2012 12:00:00 AM"
"5506","7112","3/11/2012 12:00:00 AM"
"5507","2567","12/25/2013 12:00:00 AM"
"5508","10000","5/15/2014 12:00:00 AM"
"5509","18532","5/13/2014 12:00:00 AM"
"5510","5910","10/18/2011 12:00:00 AM"
"5511","461","11/25/2013 12:00:00 AM"
"5512","19217","11/30/2013 12:00:00 AM"
"5513","2133","5/14/2014 12:00:00 AM"
"5514","4059","11/1/2011 12:00:00 AM"
"5515","12767","2/25/2013 12:00:00 AM"
"5516","17818","9/19/2013 12:00:00 AM"
"5517","288","12/16/2013 12:00:00 AM"
"5518","18324","4/6/2012 12:00:00 AM"
"5519","18878","12/13/2013 12:00:00 AM"
"5520","2036","11/20/2012 12:00:00 AM"
"5521","2942","4/11/2012 12:00:00 AM"
"5522","14050","4/8/2014 12:00:00 AM"
"5523","16567","4/2/2013 12:00:00 AM"
"5524","13142","7/9/2013 12:00:00 AM"
"5525","16138","1/20/2013 12:00:00 AM"
"5526","6918","6/18/2011 12:00:00 AM"
"5527","13005","4/7/2014 12:00:00 AM"
"5528","8260","12/30/2013 12:00:00 AM"
"5529","2786","5/14/2014 12:00:00 AM"
"5530","2920","4/5/2014 12:00:00 AM"
"5531","17251","11/3/2013 12:00:00 AM"
"5532","17306","1/31/2012 12:00:00 AM"
"5533","1911","2/3/2014 12:00:00 AM"
"5534","14005","10/30/2013 12:00:00 AM"
"5535","13309","3/8/2014 12:00:00 AM"
"5536","18152","8/30/2013 12:00:00 AM"
"5537","18478","1/17/2014 12:00:00 AM"
"5538","14405","1/22/2014 12:00:00 AM"
"5539","15491","7/22/2013 12:00:00 AM"
"5540","6551","9/4/2013 12:00:00 AM"
"5541","15567","8/13/2013 12:00:00 AM"
"5542","12543","1/11/2014 12:00:00 AM"
"5543","14347","3/28/2014 12:00:00 AM"
"5544","8830","4/13/2013 12:00:00 AM"
"5545","11338","5/30/2014 12:00:00 AM"
"5546","6507","3/19/2013 12:00:00 AM"
"5547","6058","8/29/2013 12:00:00 AM"
"5548","4219","6/3/2012 12:00:00 AM"
"5549","3947","2/11/2014 12:00:00 AM"
"5550","1955","8/22/2013 12:00:00 AM"
"5551","12146","9/7/2013 12:00:00 AM"
"5552","16895","12/11/2012 12:00:00 AM"
"5553","14543","7/2/2013 12:00:00 AM"
"5554","16682","6/10/2013 12:00:00 AM"
"5555","10173","2/11/2014 12:00:00 AM"
"5556","821","8/29/2013 12:00:00 AM"
"5557","9063","11/26/2013 12:00:00 AM"
"5558","11841","7/31/2011 12:00:00 AM"
"5559","137","4/30/2013 12:00:00 AM"
"5560","13083","12/7/2013 12:00:00 AM"
"5561","13255","5/27/2014 12:00:00 AM"
"5562","10625","5/16/2014 12:00:00 AM"
"5563","2556","4/27/2014 12:00:00 AM"
"5564","11739","8/23/2013 12:00:00 AM"
"5565","7572","11/5/2013 12:00:00 AM"
"5566","15057","10/5/2013 12:00:00 AM"
"5567","18067","1/6/2013 12:00:00 AM"
"5568","18297","11/15/2013 12:00:00 AM"
"5569","16003","7/18/2013 12:00:00 AM"
"5570","1802","10/29/2013 12:00:00 AM"
"5571","1999","4/17/2014 12:00:00 AM"
"5572","17508","5/10/2013 12:00:00 AM"
"5573","14533","7/19/2012 12:00:00 AM"
"5574","17665","1/27/2014 12:00:00 AM"
"5575","6206","7/16/2013 12:00:00 AM"
"5576","57","12/23/2013 12:00:00 AM"
"5577","6397","5/8/2013 12:00:00 AM"
"5578","9527","4/16/2014 12:00:00 AM"
"5579","13410","2/13/2012 12:00:00 AM"
"5580","11381","2/27/2013 12:00:00 AM"
"5581","18719","10/19/2013 12:00:00 AM"
"5582","12953","5/14/2014 12:00:00 AM"
"5583","2502","7/16/2013 12:00:00 AM"
"5584","3342","11/22/2012 12:00:00 AM"
"5585","10328","4/2/2014 12:00:00 AM"
"5586","4192","1/6/2014 12:00:00 AM"
"5587","1470","9/15/2013 12:00:00 AM"
"5588","10151","1/11/2013 12:00:00 AM"
"5589","15583","5/19/2012 12:00:00 AM"
"5590","4867","8/26/2013 12:00:00 AM"
"5591","1069","10/30/2013 12:00:00 AM"
"5592","2544","4/16/2014 12:00:00 AM"
"5593","13826","11/6/2013 12:00:00 AM"
"5594","1548","10/21/2013 12:00:00 AM"
"5595","7819","7/8/2013 12:00:00 AM"
"5596","403","9/7/2012 12:00:00 AM"
"5597","4883","1/4/2014 12:00:00 AM"
"5598","9272","3/11/2014 12:00:00 AM"
"5599","14035","1/22/2014 12:00:00 AM"
"5600","9589","5/26/2013 12:00:00 AM"
"5601","3645","4/20/2013 12:00:00 AM"
"5602","9340","11/20/2013 12:00:00 AM"
"5603","16279","4/11/2012 12:00:00 AM"
"5604","7474","5/16/2014 12:00:00 AM"
"5605","303","9/3/2013 12:00:00 AM"
"5606","14083","11/27/2013 12:00:00 AM"
"5607","815","10/11/2013 12:00:00 AM"
"5608","2222","5/8/2014 12:00:00 AM"
"5609","2722","3/12/2012 12:00:00 AM"
"5610","13036","5/20/2014 12:00:00 AM"
"5611","3366","7/4/2013 12:00:00 AM"
"5612","11775","10/2/2013 12:00:00 AM"
"5613","18684","11/8/2013 12:00:00 AM"
"5614","5082","5/19/2014 12:00:00 AM"
"5615","10678","4/24/2014 12:00:00 AM"
"5616","2570","9/25/2013 12:00:00 AM"
"5617","17625","2/16/2012 12:00:00 AM"
"5618","14336","5/15/2014 12:00:00 AM"
"5619","5665","10/21/2013 12:00:00 AM"
"5620","4004","8/15/2011 12:00:00 AM"
"5621","7257","8/12/2012 12:00:00 AM"
"5622","6740","6/2/2012 12:00:00 AM"
"5623","9405","9/28/2011 12:00:00 AM"
"5624","10831","5/7/2013 12:00:00 AM"
"5625","6217","3/7/2014 12:00:00 AM"
"5626","4212","3/26/2014 12:00:00 AM"
"5627","8723","4/3/2014 12:00:00 AM"
"5628","19202","11/15/2013 12:00:00 AM"
"5629","10615","7/15/2013 12:00:00 AM"
"5630","1672","11/27/2012 12:00:00 AM"
"5631","9070","2/6/2014 12:00:00 AM"
"5632","2784","4/29/2014 12:00:00 AM"
"5633","6177","1/16/2013 12:00:00 AM"
"5634","12479","7/12/2012 12:00:00 AM"
"5635","2530","5/8/2014 12:00:00 AM"
"5636","3842","4/7/2014 12:00:00 AM"
"5637","14518","7/3/2013 12:00:00 AM"
"5638","8947","6/8/2012 12:00:00 AM"
"5639","14244","9/7/2012 12:00:00 AM"
"5640","2892","4/29/2012 12:00:00 AM"
"5641","9646","5/9/2012 12:00:00 AM"
"5642","8142","4/19/2014 12:00:00 AM"
"5643","10341","7/27/2013 12:00:00 AM"
"5644","1915","7/5/2013 12:00:00 AM"
"5645","16166","8/27/2013 12:00:00 AM"
"5646","8059","9/19/2013 12:00:00 AM"
"5647","1665","12/14/2012 12:00:00 AM"
"5648","10610","8/18/2012 12:00:00 AM"
"5649","2321","12/29/2012 12:00:00 AM"
"5650","168","5/1/2012 12:00:00 AM"
"5651","14503","8/29/2013 12:00:00 AM"
"5652","1108","1/4/2014 12:00:00 AM"
"5653","16389","8/24/2013 12:00:00 AM"
"5654","11839","11/21/2013 12:00:00 AM"
"5655","8980","12/16/2011 12:00:00 AM"
"5656","6939","4/3/2014 12:00:00 AM"
"5657","11909","12/17/2013 12:00:00 AM"
"5658","8410","11/21/2013 12:00:00 AM"
"5659","12645","11/11/2013 12:00:00 AM"
"5660","11392","6/1/2014 12:00:00 AM"
"5661","7275","11/24/2012 12:00:00 AM"
"5662","543","12/30/2013 12:00:00 AM"
"5663","6508","8/11/2013 12:00:00 AM"
"5664","1241","8/7/2013 12:00:00 AM"
"5665","11258","2/7/2014 12:00:00 AM"
"5666","11574","12/7/2012 12:00:00 AM"
"5667","16977","2/1/2013 12:00:00 AM"
"5668","3611","3/25/2014 12:00:00 AM"
"5669","18816","1/31/2014 12:00:00 AM"
"5670","7272","1/20/2014 12:00:00 AM"
"5671","3606","7/26/2013 12:00:00 AM"
"5672","10668","9/29/2013 12:00:00 AM"
"5673","424","9/30/2012 12:00:00 AM"
"5674","9436","12/3/2011 12:00:00 AM"
"5675","10126","9/1/2013 12:00:00 AM"
"5676","7624","3/25/2014 12:00:00 AM"
"5677","10277","10/22/2013 12:00:00 AM"
"5678","15909","9/28/2011 12:00:00 AM"
"5679","11858","7/18/2013 12:00:00 AM"
"5680","16910","3/12/2014 12:00:00 AM"
"5681","5317","5/21/2014 12:00:00 AM"
"5682","14167","1/8/2013 12:00:00 AM"
"5683","11549","8/26/2013 12:00:00 AM"
"5684","5747","6/10/2012 12:00:00 AM"
"5685","9958","8/30/2013 12:00:00 AM"
"5686","10606","6/27/2014 12:00:00 AM"
"5687","9104","3/1/2014 12:00:00 AM"
"5688","2559","11/13/2013 12:00:00 AM"
"5689","13506","11/16/2013 12:00:00 AM"
"5690","12727","4/8/2014 12:00:00 AM"
"5691","468","5/5/2014 12:00:00 AM"
"5692","17513","10/11/2011 12:00:00 AM"
"5693","110","8/7/2013 12:00:00 AM"
"5694","14239","7/9/2013 12:00:00 AM"
"5695","15603","4/14/2014 12:00:00 AM"
"5696","3680","11/5/2013 12:00:00 AM"
"5697","12466","6/2/2014 12:00:00 AM"
"5698","7044","9/3/2013 12:00:00 AM"
"5699","1888","4/24/2014 12:00:00 AM"
"5700","7207","8/21/2013 12:00:00 AM"
"5701","6673","9/23/2012 12:00:00 AM"
"5702","14192","12/31/2013 12:00:00 AM"
"5703","8406","11/9/2013 12:00:00 AM"
"5704","14778","10/3/2013 12:00:00 AM"
"5705","4706","9/11/2011 12:00:00 AM"
"5706","255","4/6/2014 12:00:00 AM"
"5707","16971","2/9/2014 12:00:00 AM"
"5708","11773","5/27/2014 12:00:00 AM"
"5709","4580","6/26/2014 12:00:00 AM"
"5710","5574","9/1/2012 12:00:00 AM"
"5711","1048","6/5/2014 12:00:00 AM"
"5712","5632","4/6/2014 12:00:00 AM"
"5713","12940","8/29/2013 12:00:00 AM"
"5714","5697","7/5/2013 12:00:00 AM"
"5715","17230","3/22/2014 12:00:00 AM"
"5716","6209","12/15/2013 12:00:00 AM"
"5717","1484","8/18/2013 12:00:00 AM"
"5718","11582","2/9/2012 12:00:00 AM"
"5719","3065","10/16/2013 12:00:00 AM"
"5720","4745","10/6/2013 12:00:00 AM"
"5721","12487","5/5/2012 12:00:00 AM"
"5722","10985","10/16/2013 12:00:00 AM"
"5723","11254","5/24/2012 12:00:00 AM"
"5724","16208","3/19/2014 12:00:00 AM"
"5725","6564","11/3/2013 12:00:00 AM"
"5726","8945","6/18/2014 12:00:00 AM"
"5727","8009","3/14/2014 12:00:00 AM"
"5728","12140","9/8/2013 12:00:00 AM"
"5729","11668","1/18/2013 12:00:00 AM"
"5730","14466","4/22/2014 12:00:00 AM"
"5731","10273","10/18/2013 12:00:00 AM"
"5732","16945","9/21/2013 12:00:00 AM"
"5733","13287","8/30/2013 12:00:00 AM"
"5734","16198","2/9/2014 12:00:00 AM"
"5735","10080","5/4/2013 12:00:00 AM"
"5736","17207","5/23/2012 12:00:00 AM"
"5737","6115","6/13/2014 12:00:00 AM"
"5738","8950","12/12/2013 12:00:00 AM"
"5739","1255","3/28/2014 12:00:00 AM"
"5740","13703","1/4/2014 12:00:00 AM"
"5741","8013","3/29/2014 12:00:00 AM"
"5742","2565","10/12/2013 12:00:00 AM"
"5743","17701","10/1/2011 12:00:00 AM"
"5744","13462","8/13/2013 12:00:00 AM"
"5745","6303","11/2/2011 12:00:00 AM"
"5746","10041","11/16/2011 12:00:00 AM"
"5747","9561","1/5/2013 12:00:00 AM"
"5748","43","9/3/2013 12:00:00 AM"
"5749","17830","8/20/2012 12:00:00 AM"
"5750","9015","1/25/2014 12:00:00 AM"
"5751","18474","4/14/2013 12:00:00 AM"
"5752","13845","12/1/2011 12:00:00 AM"
"5753","7529","4/20/2014 12:00:00 AM"
"5754","6537","10/10/2013 12:00:00 AM"
"5755","6212","1/29/2012 12:00:00 AM"
"5756","12981","6/4/2014 12:00:00 AM"
"5757","4210","4/26/2014 12:00:00 AM"
"5758","14645","11/25/2013 12:00:00 AM"
"5759","16814","5/11/2014 12:00:00 AM"
"5760","18893","1/22/2012 12:00:00 AM"
"5761","1796","7/24/2013 12:00:00 AM"
"5762","8442","2/4/2014 12:00:00 AM"
"5763","17850","12/10/2013 12:00:00 AM"
"5764","698","8/13/2013 12:00:00 AM"
"5765","18544","8/16/2011 12:00:00 AM"
"5766","17054","12/15/2012 12:00:00 AM"
"5767","18197","4/14/2012 12:00:00 AM"
"5768","2991","10/17/2012 12:00:00 AM"
"5769","10955","6/30/2013 12:00:00 AM"
"5770","9548","12/7/2013 12:00:00 AM"
"5771","7144","1/13/2014 12:00:00 AM"
"5772","9203","3/13/2014 12:00:00 AM"
"5773","4976","8/22/2013 12:00:00 AM"
"5774","4595","12/17/2013 12:00:00 AM"
"5775","10624","10/9/2013 12:00:00 AM"
"5776","16286","3/14/2014 12:00:00 AM"
"5777","12213","3/11/2014 12:00:00 AM"
"5778","5674","2/19/2014 12:00:00 AM"
"5779","8299","5/20/2014 12:00:00 AM"
"5780","7259","10/27/2013 12:00:00 AM"
"5781","15054","8/14/2013 12:00:00 AM"
"5782","7960","4/11/2014 12:00:00 AM"
"5783","8316","9/2/2013 12:00:00 AM"
"5784","14159","11/19/2013 12:00:00 AM"
"5785","16873","10/28/2013 12:00:00 AM"
"5786","18392","11/17/2013 12:00:00 AM"
"5787","9629","7/30/2012 12:00:00 AM"
"5788","11619","11/15/2013 12:00:00 AM"
"5789","7002","9/1/2013 12:00:00 AM"
"5790","11548","2/10/2013 12:00:00 AM"
"5791","15818","12/18/2012 12:00:00 AM"
"5792","5581","9/10/2011 12:00:00 AM"
"5793","18997","5/10/2014 12:00:00 AM"
"5794","4814","1/23/2013 12:00:00 AM"
"5795","2345","9/20/2011 12:00:00 AM"
"5796","8955","2/8/2013 12:00:00 AM"
"5797","2616","2/17/2014 12:00:00 AM"
"5798","16507","2/12/2014 12:00:00 AM"
"5799","5049","11/20/2013 12:00:00 AM"
"5800","10079","5/29/2014 12:00:00 AM"
"5801","4590","2/8/2014 12:00:00 AM"
"5802","15779","2/5/2012 12:00:00 AM"
"5803","17863","8/15/2013 12:00:00 AM"
"5804","7726","3/1/2014 12:00:00 AM"
"5805","13595","4/30/2014 12:00:00 AM"
"5806","1624","8/11/2013 12:00:00 AM"
"5807","14259","4/11/2012 12:00:00 AM"
"5808","12282","3/9/2014 12:00:00 AM"
"5809","1372","10/23/2013 12:00:00 AM"
"5810","18227","1/9/2013 12:00:00 AM"
"5811","19229","9/24/2013 12:00:00 AM"
"5812","5253","4/29/2014 12:00:00 AM"
"5813","18347","5/1/2013 12:00:00 AM"
"5814","834","1/22/2014 12:00:00 AM"
"5815","8783","11/30/2013 12:00:00 AM"
"5816","841","11/2/2013 12:00:00 AM"
"5817","3890","11/21/2013 12:00:00 AM"
"5818","2056","7/8/2013 12:00:00 AM"
"5819","6860","8/4/2013 12:00:00 AM"
"5820","10404","3/25/2014 12:00:00 AM"
"5821","7279","10/16/2013 12:00:00 AM"
"5822","15770","2/18/2014 12:00:00 AM"
"5823","10125","11/27/2013 12:00:00 AM"
"5824","9555","10/2/2013 12:00:00 AM"
"5825","11040","1/18/2014 12:00:00 AM"
"5826","11490","9/25/2013 12:00:00 AM"
"5827","18583","9/7/2011 12:00:00 AM"
"5828","14407","5/20/2013 12:00:00 AM"
"5829","16540","10/26/2013 12:00:00 AM"
"5830","2361","8/18/2013 12:00:00 AM"
"5831","19065","7/6/2011 12:00:00 AM"
"5832","17922","4/28/2013 12:00:00 AM"
"5833","16137","5/12/2014 12:00:00 AM"
"5834","14442","8/18/2013 12:00:00 AM"
"5835","17753","7/3/2013 12:00:00 AM"
"5836","8206","11/29/2013 12:00:00 AM"
"5837","8079","8/10/2013 12:00:00 AM"
"5838","14826","11/2/2013 12:00:00 AM"
"5839","7411","10/6/2013 12:00:00 AM"
"5840","15335","3/13/2013 12:00:00 AM"
"5841","10807","9/7/2013 12:00:00 AM"
"5842","13731","3/17/2012 12:00:00 AM"
"5843","6701","10/4/2013 12:00:00 AM"
"5844","8006","11/15/2011 12:00:00 AM"
"5845","8411","11/15/2013 12:00:00 AM"
"5846","4152","10/12/2013 12:00:00 AM"
"5847","18943","10/31/2012 12:00:00 AM"
"5848","9857","11/8/2013 12:00:00 AM"
"5849","11683","4/5/2014 12:00:00 AM"
"5850","4123","1/19/2014 12:00:00 AM"
"5851","17470","7/18/2013 12:00:00 AM"
"5852","18301","10/20/2013 12:00:00 AM"
"5853","3229","5/28/2013 12:00:00 AM"
"5854","17866","1/4/2012 12:00:00 AM"
"5855","10878","3/12/2013 12:00:00 AM"
"5856","13182","4/21/2013 12:00:00 AM"
"5857","9198","1/5/2014 12:00:00 AM"
"5858","8512","11/24/2013 12:00:00 AM"
"5859","5994","11/23/2013 12:00:00 AM"
"5860","16551","4/10/2014 12:00:00 AM"
"5861","15537","7/16/2013 12:00:00 AM"
"5862","2730","7/21/2013 12:00:00 AM"
"5863","18337","7/21/2011 12:00:00 AM"
"5864","15244","1/15/2012 12:00:00 AM"
"5865","979","3/14/2014 12:00:00 AM"
"5866","5907","10/8/2013 12:00:00 AM"
"5867","1338","12/27/2013 12:00:00 AM"
"5868","14047","9/18/2011 12:00:00 AM"
"5869","17728","6/19/2014 12:00:00 AM"
"5870","8474","4/13/2012 12:00:00 AM"
"5871","14547","6/16/2014 12:00:00 AM"
"5872","18276","10/1/2013 12:00:00 AM"
"5873","1015","3/5/2012 12:00:00 AM"
"5874","15606","9/8/2011 12:00:00 AM"
"5875","9557","1/16/2014 12:00:00 AM"
"5876","14014","12/18/2013 12:00:00 AM"
"5877","8135","4/4/2014 12:00:00 AM"
"5878","7170","2/3/2012 12:00:00 AM"
"5879","10386","7/26/2011 12:00:00 AM"
"5880","17542","5/9/2013 12:00:00 AM"
"5881","18267","1/8/2014 12:00:00 AM"
"5882","4543","5/10/2013 12:00:00 AM"
"5883","12725","9/1/2013 12:00:00 AM"
"5884","7710","5/14/2014 12:00:00 AM"
"5885","19123","11/14/2013 12:00:00 AM"
"5886","8437","8/19/2013 12:00:00 AM"
"5887","16097","2/19/2012 12:00:00 AM"
"5888","8517","5/23/2014 12:00:00 AM"
"5889","5878","7/9/2013 12:00:00 AM"
"5890","12202","7/5/2013 12:00:00 AM"
"5891","8373","7/3/2013 12:00:00 AM"
"5892","8409","11/28/2011 12:00:00 AM"
"5893","1928","5/5/2014 12:00:00 AM"
"5894","15956","1/19/2012 12:00:00 AM"
"5895","13052","11/25/2012 12:00:00 AM"
"5896","3638","5/7/2014 12:00:00 AM"
"5897","4832","4/21/2012 12:00:00 AM"
"5898","4649","7/7/2011 12:00:00 AM"
"5899","16282","4/22/2014 12:00:00 AM"
"5900","8107","10/7/2013 12:00:00 AM"
"5901","1283","8/15/2012 12:00:00 AM"
"5902","2520","3/9/2014 12:00:00 AM"
"5903","9744","3/31/2014 12:00:00 AM"
"5904","4424","12/25/2013 12:00:00 AM"
"5905","9507","1/2/2014 12:00:00 AM"
"5906","7839","9/22/2012 12:00:00 AM"
"5907","17638","7/11/2012 12:00:00 AM"
"5908","14840","6/26/2012 12:00:00 AM"
"5909","15925","8/21/2013 12:00:00 AM"
"5910","685","7/5/2013 12:00:00 AM"
"5911","7924","5/22/2012 12:00:00 AM"
"5912","4338","6/12/2013 12:00:00 AM"
"5913","6086","11/6/2013 12:00:00 AM"
"5914","9926","2/19/2012 12:00:00 AM"
"5915","575","8/11/2012 12:00:00 AM"
"5916","8208","6/30/2014 12:00:00 AM"
"5917","7320","5/27/2014 12:00:00 AM"
"5918","6423","6/25/2014 12:00:00 AM"
"5919","4671","12/17/2013 12:00:00 AM"
"5920","5005","10/10/2011 12:00:00 AM"
"5921","2739","8/27/2013 12:00:00 AM"
"5922","13617","5/19/2013 12:00:00 AM"
"5923","14822","4/10/2013 12:00:00 AM"
"5924","13553","2/12/2014 12:00:00 AM"
"5925","13989","4/5/2014 12:00:00 AM"
"5926","8056","1/7/2014 12:00:00 AM"
"5927","505","7/25/2013 12:00:00 AM"
"5928","15642","4/1/2014 12:00:00 AM"
"5929","5538","12/19/2013 12:00:00 AM"
"5930","7972","8/18/2013 12:00:00 AM"
"5931","11873","7/6/2013 12:00:00 AM"
"5932","17563","4/8/2014 12:00:00 AM"
"5933","3508","3/4/2014 12:00:00 AM"
"5934","3153","11/18/2013 12:00:00 AM"
"5935","17000","7/24/2013 12:00:00 AM"
"5936","4779","8/9/2013 12:00:00 AM"
"5937","1151","11/18/2012 12:00:00 AM"
"5938","18623","5/1/2012 12:00:00 AM"
"5939","17200","4/28/2014 12:00:00 AM"
"5940","13405","10/16/2012 12:00:00 AM"
"5941","2350","9/7/2013 12:00:00 AM"
"5942","13534","1/2/2012 12:00:00 AM"
"5943","14865","10/6/2013 12:00:00 AM"
"5944","5714","1/27/2014 12:00:00 AM"
"5945","2938","5/20/2012 12:00:00 AM"
"5946","3208","8/15/2013 12:00:00 AM"
"5947","15146","8/24/2013 12:00:00 AM"
"5948","11382","1/12/2014 12:00:00 AM"
"5949","11911","11/27/2013 12:00:00 AM"
"5950","15047","12/9/2013 12:00:00 AM"
"5951","6171","7/22/2013 12:00:00 AM"
"5952","5238","2/1/2014 12:00:00 AM"
"5953","12458","4/11/2014 12:00:00 AM"
"5954","2210","1/22/2014 12:00:00 AM"
"5955","11892","8/15/2011 12:00:00 AM"
"5956","1570","6/23/2014 12:00:00 AM"
"5957","1695","1/5/2013 12:00:00 AM"
"5958","1528","4/25/2014 12:00:00 AM"
"5959","8883","11/10/2011 12:00:00 AM"
"5960","9998","10/8/2013 12:00:00 AM"
"5961","18500","2/15/2014 12:00:00 AM"
"5962","16180","3/14/2012 12:00:00 AM"
"5963","19034","7/31/2013 12:00:00 AM"
"5964","5250","3/31/2014 12:00:00 AM"
"5965","3301","10/8/2013 12:00:00 AM"
"5966","16914","9/6/2013 12:00:00 AM"
"5967","10797","3/28/2014 12:00:00 AM"
"5968","18561","5/20/2013 12:00:00 AM"
"5969","8769","10/17/2013 12:00:00 AM"
"5970","14071","9/5/2011 12:00:00 AM"
"5971","16732","1/2/2014 12:00:00 AM"
"5972","4288","8/24/2012 12:00:00 AM"
"5973","7423","4/8/2014 12:00:00 AM"
"5974","8304","2/16/2013 12:00:00 AM"
"5975","8428","1/14/2013 12:00:00 AM"
"5976","3194","10/14/2013 12:00:00 AM"
"5977","17014","5/3/2014 12:00:00 AM"
"5978","3478","4/30/2014 12:00:00 AM"
"5979","9456","1/31/2014 12:00:00 AM"
"5980","16999","10/25/2011 12:00:00 AM"
"5981","2456","7/6/2013 12:00:00 AM"
"5982","11166","10/14/2013 12:00:00 AM"
"5983","17050","1/15/2012 12:00:00 AM"
"5984","9683","8/8/2013 12:00:00 AM"
"5985","884","12/6/2013 12:00:00 AM"
"5986","8372","7/14/2013 12:00:00 AM"
"5987","6947","4/12/2014 12:00:00 AM"
"5988","2545","7/18/2013 12:00:00 AM"
"5989","5693","12/22/2013 12:00:00 AM"
"5990","17716","11/5/2013 12:00:00 AM"
"5991","567","12/22/2012 12:00:00 AM"
"5992","11437","4/27/2014 12:00:00 AM"
"5993","14262","4/15/2014 12:00:00 AM"
"5994","6732","3/1/2014 12:00:00 AM"
"5995","11115","7/25/2013 12:00:00 AM"
"5996","5416","4/2/2014 12:00:00 AM"
"5997","18733","2/15/2013 12:00:00 AM"
"5998","9433","9/20/2011 12:00:00 AM"
"5999","3649","1/14/2014 12:00:00 AM"
"6000","1192","3/4/2014 12:00:00 AM"
"6001","10773","7/11/2013 12:00:00 AM"
"6002","9038","8/25/2011 12:00:00 AM"
"6003","2249","3/31/2014 12:00:00 AM"
"6004","6708","4/1/2014 12:00:00 AM"
"6005","5940","10/1/2013 12:00:00 AM"
"6006","13853","1/2/2014 12:00:00 AM"
"6007","1463","11/25/2013 12:00:00 AM"
"6008","3652","8/17/2013 12:00:00 AM"
"6009","8572","4/12/2014 12:00:00 AM"
"6010","7263","12/22/2013 12:00:00 AM"
"6011","11662","9/28/2012 12:00:00 AM"
"6012","18845","11/25/2011 12:00:00 AM"
"6013","6087","4/7/2012 12:00:00 AM"
"6014","5294","11/6/2013 12:00:00 AM"
"6015","5505","12/2/2013 12:00:00 AM"
"6016","11589","2/27/2014 12:00:00 AM"
"6017","279","11/26/2013 12:00:00 AM"
"6018","15766","9/8/2013 12:00:00 AM"
"6019","14609","3/17/2014 12:00:00 AM"
"6020","12439","1/6/2013 12:00:00 AM"
"6021","7248","4/13/2014 12:00:00 AM"
"6022","8792","11/29/2013 12:00:00 AM"
"6023","1345","8/20/2013 12:00:00 AM"
"6024","662","10/3/2013 12:00:00 AM"
"6025","4928","1/3/2013 12:00:00 AM"
"6026","18743","2/3/2014 12:00:00 AM"
"6027","13471","11/9/2013 12:00:00 AM"
"6028","12013","9/14/2013 12:00:00 AM"
"6029","12783","4/1/2014 12:00:00 AM"
"6030","2577","3/26/2014 12:00:00 AM"
"6031","10423","10/17/2013 12:00:00 AM"
"6032","2379","10/12/2013 12:00:00 AM"
"6033","4190","8/8/2013 12:00:00 AM"
"6034","15664","2/17/2014 12:00:00 AM"
"6035","6664","10/29/2013 12:00:00 AM"
"6036","5157","11/14/2011 12:00:00 AM"
"6037","14028","3/25/2014 12:00:00 AM"
"6038","10189","7/28/2013 12:00:00 AM"
"6039","11049","1/17/2014 12:00:00 AM"
"6040","3630","2/6/2014 12:00:00 AM"
"6041","7741","3/29/2013 12:00:00 AM"
"6042","12607","6/9/2014 12:00:00 AM"
"6043","978","11/3/2011 12:00:00 AM"
"6044","11731","6/24/2014 12:00:00 AM"
"6045","8360","10/18/2013 12:00:00 AM"
"6046","7936","3/26/2012 12:00:00 AM"
"6047","6632","2/8/2014 12:00:00 AM"
"6048","10432","8/22/2013 12:00:00 AM"
"6049","4784","12/27/2013 12:00:00 AM"
"6050","19039","11/12/2013 12:00:00 AM"
"6051","16793","9/14/2013 12:00:00 AM"
"6052","485","10/2/2013 12:00:00 AM"
"6053","1517","8/28/2013 12:00:00 AM"
"6054","2857","12/11/2012 12:00:00 AM"
"6055","6020","7/11/2012 12:00:00 AM"
"6056","5050","2/20/2014 12:00:00 AM"
"6057","12812","4/19/2014 12:00:00 AM"
"6058","6603","5/13/2013 12:00:00 AM"
"6059","9585","3/30/2014 12:00:00 AM"
"6060","7900","11/18/2012 12:00:00 AM"
"6061","12515","6/21/2012 12:00:00 AM"
"6062","2455","12/31/2012 12:00:00 AM"
"6063","17365","9/1/2013 12:00:00 AM"
"6064","8999","10/20/2013 12:00:00 AM"
"6065","17182","9/10/2013 12:00:00 AM"
"6066","5169","12/1/2013 12:00:00 AM"
"6067","5888","2/21/2012 12:00:00 AM"
"6068","16634","11/24/2012 12:00:00 AM"
"6069","14138","5/31/2014 12:00:00 AM"
"6070","15662","10/23/2012 12:00:00 AM"
"6071","17058","11/24/2013 12:00:00 AM"
"6072","11602","1/4/2014 12:00:00 AM"
"6073","5503","10/14/2011 12:00:00 AM"
"6074","14568","9/20/2013 12:00:00 AM"
"6075","18491","9/5/2012 12:00:00 AM"
"6076","16883","10/16/2013 12:00:00 AM"
"6077","18913","7/4/2013 12:00:00 AM"
"6078","743","1/10/2012 12:00:00 AM"
"6079","5297","5/7/2013 12:00:00 AM"
"6080","6956","4/16/2012 12:00:00 AM"
"6081","10455","7/1/2013 12:00:00 AM"
"6082","40","8/25/2013 12:00:00 AM"
"6083","11480","11/14/2012 12:00:00 AM"
"6084","14216","4/14/2014 12:00:00 AM"
"6085","14231","9/2/2012 12:00:00 AM"
"6086","6348","1/7/2014 12:00:00 AM"
"6087","16830","9/7/2013 12:00:00 AM"
"6088","13958","4/18/2014 12:00:00 AM"
"6089","2968","4/15/2012 12:00:00 AM"
"6090","13683","2/26/2012 12:00:00 AM"
"6091","10969","9/24/2013 12:00:00 AM"
"6092","17186","12/15/2013 12:00:00 AM"
"6093","7789","6/15/2014 12:00:00 AM"
"6094","2873","11/29/2013 12:00:00 AM"
"6095","5195","1/12/2012 12:00:00 AM"
"6096","683","6/9/2013 12:00:00 AM"
"6097","9616","4/3/2013 12:00:00 AM"
"6098","2735","4/23/2014 12:00:00 AM"
"6099","14268","5/6/2014 12:00:00 AM"
"6100","8597","3/10/2014 12:00:00 AM"
"6101","7410","7/25/2012 12:00:00 AM"
"6102","9584","8/30/2011 12:00:00 AM"
"6103","4921","8/27/2013 12:00:00 AM"
"6104","10275","4/26/2013 12:00:00 AM"
"6105","3800","4/26/2012 12:00:00 AM"
"6106","17953","7/19/2012 12:00:00 AM"
"6107","17964","1/5/2014 12:00:00 AM"
"6108","11021","3/18/2013 12:00:00 AM"
"6109","13283","3/24/2014 12:00:00 AM"
"6110","14512","7/14/2013 12:00:00 AM"
"6111","6448","2/17/2014 12:00:00 AM"
"6112","17726","6/30/2013 12:00:00 AM"
"6113","113","7/21/2012 12:00:00 AM"
"6114","13507","5/18/2014 12:00:00 AM"
"6115","15599","11/5/2012 12:00:00 AM"
"6116","11466","1/5/2014 12:00:00 AM"
"6117","1534","3/18/2014 12:00:00 AM"
"6118","11026","2/6/2014 12:00:00 AM"
"6119","1168","9/14/2012 12:00:00 AM"
"6120","9431","12/27/2013 12:00:00 AM"
"6121","14613","6/18/2013 12:00:00 AM"
"6122","16403","9/6/2013 12:00:00 AM"
"6123","7429","9/14/2012 12:00:00 AM"
"6124","17634","7/8/2012 12:00:00 AM"
"6125","2609","10/7/2011 12:00:00 AM"
"6126","3507","4/28/2014 12:00:00 AM"
"6127","1785","11/8/2012 12:00:00 AM"
"6128","5537","5/30/2012 12:00:00 AM"
"6129","11769","8/3/2013 12:00:00 AM"
"6130","2169","9/6/2013 12:00:00 AM"
"6131","4430","9/26/2011 12:00:00 AM"
"6132","10914","12/11/2011 12:00:00 AM"
"6133","18607","3/24/2012 12:00:00 AM"
"6134","15963","6/4/2011 12:00:00 AM"
"6135","5517","1/11/2013 12:00:00 AM"
"6136","10877","3/4/2014 12:00:00 AM"
"6137","17361","11/20/2011 12:00:00 AM"
"6138","268","9/16/2011 12:00:00 AM"
"6139","9391","12/5/2013 12:00:00 AM"
"6140","8398","1/11/2013 12:00:00 AM"
"6141","11479","2/12/2014 12:00:00 AM"
"6142","12098","3/4/2013 12:00:00 AM"
"6143","515","5/20/2014 12:00:00 AM"
"6144","3470","11/9/2013 12:00:00 AM"
"6145","1169","12/15/2012 12:00:00 AM"
"6146","18300","5/18/2013 12:00:00 AM"
"6147","15530","7/5/2013 12:00:00 AM"
"6148","11500","12/7/2011 12:00:00 AM"
"6149","18310","10/11/2013 12:00:00 AM"
"6150","9009","10/28/2013 12:00:00 AM"
"6151","8696","6/27/2014 12:00:00 AM"
"6152","15855","10/30/2013 12:00:00 AM"
"6153","12507","4/6/2013 12:00:00 AM"
"6154","15377","5/22/2012 12:00:00 AM"
"6155","9284","1/25/2014 12:00:00 AM"
"6156","13911","9/24/2013 12:00:00 AM"
"6157","10508","5/17/2014 12:00:00 AM"
"6158","13529","5/22/2014 12:00:00 AM"
"6159","14572","10/17/2013 12:00:00 AM"
"6160","17523","11/14/2013 12:00:00 AM"
"6161","4680","2/12/2014 12:00:00 AM"
"6162","9360","3/4/2012 12:00:00 AM"
"6163","16457","10/31/2011 12:00:00 AM"
"6164","12586","3/13/2013 12:00:00 AM"
"6165","14900","6/30/2012 12:00:00 AM"
"6166","3632","9/13/2013 12:00:00 AM"
"6167","14402","11/11/2012 12:00:00 AM"
"6168","11894","2/7/2014 12:00:00 AM"
"6169","5341","4/4/2013 12:00:00 AM"
"6170","677","6/29/2014 12:00:00 AM"
"6171","5479","10/19/2013 12:00:00 AM"
"6172","12095","1/13/2014 12:00:00 AM"
"6173","493","12/10/2013 12:00:00 AM"
"6174","2532","9/8/2011 12:00:00 AM"
"6175","18086","8/29/2013 12:00:00 AM"
"6176","16940","3/22/2014 12:00:00 AM"
"6177","11073","1/17/2014 12:00:00 AM"
"6178","2510","6/22/2014 12:00:00 AM"
"6179","13574","3/23/2013 12:00:00 AM"
"6180","9484","2/24/2013 12:00:00 AM"
"6181","4672","8/12/2013 12:00:00 AM"
"6182","19010","5/19/2014 12:00:00 AM"
"6183","17626","12/22/2012 12:00:00 AM"
"6184","19148","8/29/2013 12:00:00 AM"
"6185","11293","5/19/2014 12:00:00 AM"
"6186","12916","5/24/2013 12:00:00 AM"
"6187","8161","10/4/2013 12:00:00 AM"
"6188","14818","11/18/2012 12:00:00 AM"
"6189","16559","3/24/2014 12:00:00 AM"
"6190","6879","4/13/2013 12:00:00 AM"
"6191","15587","3/15/2014 12:00:00 AM"
"6192","1056","10/31/2013 12:00:00 AM"
"6193","16810","8/20/2013 12:00:00 AM"
"6194","11370","7/9/2013 12:00:00 AM"
"6195","19107","9/8/2013 12:00:00 AM"
"6196","10703","12/28/2013 12:00:00 AM"
"6197","3964","4/15/2014 12:00:00 AM"
"6198","18136","8/16/2013 12:00:00 AM"
"6199","12342","7/23/2013 12:00:00 AM"
"6200","11429","10/29/2013 12:00:00 AM"
"6201","12114","2/21/2013 12:00:00 AM"
"6202","4484","11/20/2012 12:00:00 AM"
"6203","18070","5/6/2014 12:00:00 AM"
"6204","2435","6/4/2014 12:00:00 AM"
"6205","15546","2/10/2012 12:00:00 AM"
"6206","18631","10/27/2013 12:00:00 AM"
"6207","8911","8/17/2013 12:00:00 AM"
"6208","9261","4/3/2014 12:00:00 AM"
"6209","14528","3/13/2014 12:00:00 AM"
"6210","2296","12/15/2011 12:00:00 AM"
"6211","5811","10/29/2012 12:00:00 AM"
"6212","36","9/3/2013 12:00:00 AM"
"6213","6064","5/26/2014 12:00:00 AM"
"6214","587","5/22/2013 12:00:00 AM"
"6215","5144","1/8/2013 12:00:00 AM"
"6216","3300","8/16/2013 12:00:00 AM"
"6217","5352","8/15/2013 12:00:00 AM"
"6218","14205","1/16/2014 12:00:00 AM"
"6219","6268","4/9/2012 12:00:00 AM"
"6220","15272","11/11/2013 12:00:00 AM"
"6221","725","11/9/2013 12:00:00 AM"
"6222","14705","9/10/2011 12:00:00 AM"
"6223","1124","3/25/2014 12:00:00 AM"
"6224","16427","7/1/2013 12:00:00 AM"
"6225","15892","7/10/2013 12:00:00 AM"
"6226","15692","3/7/2013 12:00:00 AM"
"6227","9133","10/27/2013 12:00:00 AM"
"6228","16214","11/6/2013 12:00:00 AM"
"6229","5054","6/26/2011 12:00:00 AM"
"6230","10594","12/18/2013 12:00:00 AM"
"6231","5611","1/3/2014 12:00:00 AM"
"6232","4409","12/21/2013 12:00:00 AM"
"6233","14640","7/25/2013 12:00:00 AM"
"6234","2754","11/6/2012 12:00:00 AM"
"6235","12168","11/7/2011 12:00:00 AM"
"6236","12336","7/5/2013 12:00:00 AM"
"6237","14","11/19/2013 12:00:00 AM"
"6238","17408","5/1/2013 12:00:00 AM"
"6239","6687","2/21/2014 12:00:00 AM"
"6240","11766","3/14/2014 12:00:00 AM"
"6241","9424","3/22/2014 12:00:00 AM"
"6242","15194","8/26/2013 12:00:00 AM"
"6243","11870","10/29/2013 12:00:00 AM"
"6244","16717","11/13/2013 12:00:00 AM"
"6245","389","10/30/2013 12:00:00 AM"
"6246","12008","3/15/2014 12:00:00 AM"
"6247","11970","7/20/2013 12:00:00 AM"
"6248","16356","4/29/2014 12:00:00 AM"
"6249","761","5/15/2014 12:00:00 AM"
"6250","15148","5/21/2014 12:00:00 AM"
"6251","13307","9/11/2013 12:00:00 AM"
"6252","15427","4/15/2014 12:00:00 AM"
"6253","9191","1/26/2014 12:00:00 AM"
"6254","17814","6/30/2013 12:00:00 AM"
"6255","2442","9/9/2013 12:00:00 AM"
"6256","1793","3/14/2012 12:00:00 AM"
"6257","18457","10/12/2013 12:00:00 AM"
"6258","8752","3/2/2012 12:00:00 AM"
"6259","3648","4/28/2014 12:00:00 AM"
"6260","11792","10/20/2013 12:00:00 AM"
"6261","2025","2/24/2012 12:00:00 AM"
"6262","10121","11/22/2013 12:00:00 AM"
"6263","6930","3/21/2012 12:00:00 AM"
"6264","768","5/23/2013 12:00:00 AM"
"6265","2756","8/29/2013 12:00:00 AM"
"6266","4643","1/17/2013 12:00:00 AM"
"6267","5928","2/10/2014 12:00:00 AM"
"6268","4427","2/19/2014 12:00:00 AM"
"6269","17195","10/2/2013 12:00:00 AM"
"6270","5948","11/13/2013 12:00:00 AM"
"6271","12061","6/1/2012 12:00:00 AM"
"6272","10540","10/16/2013 12:00:00 AM"
"6273","1284","4/24/2013 12:00:00 AM"
"6274","5296","7/27/2013 12:00:00 AM"
"6275","7430","8/1/2013 12:00:00 AM"
"6276","2260","12/16/2011 12:00:00 AM"
"6277","19176","11/17/2013 12:00:00 AM"
"6278","13532","2/11/2014 12:00:00 AM"
"6279","13392","7/6/2013 12:00:00 AM"
"6280","6614","10/14/2013 12:00:00 AM"
"6281","1828","4/28/2013 12:00:00 AM"
"6282","5636","10/7/2012 12:00:00 AM"
"6283","14478","10/3/2013 12:00:00 AM"
"6284","8031","3/8/2014 12:00:00 AM"
"6285","12640","2/5/2014 12:00:00 AM"
"6286","10274","12/8/2011 12:00:00 AM"
"6287","4577","6/12/2013 12:00:00 AM"
"6288","2900","7/16/2013 12:00:00 AM"
"6289","5935","7/29/2013 12:00:00 AM"
"6290","2374","2/26/2013 12:00:00 AM"
"6291","15581","1/22/2012 12:00:00 AM"
"6292","10516","8/18/2013 12:00:00 AM"
"6293","11053","9/2/2013 12:00:00 AM"
"6294","6152","11/27/2013 12:00:00 AM"
"6295","11698","11/17/2013 12:00:00 AM"
"6296","10488","1/15/2014 12:00:00 AM"
"6297","14169","6/7/2014 12:00:00 AM"
"6298","1215","8/12/2013 12:00:00 AM"
"6299","7953","10/20/2013 12:00:00 AM"
"6300","14763","8/9/2012 12:00:00 AM"
"6301","10923","5/22/2014 12:00:00 AM"
"6302","9400","7/5/2011 12:00:00 AM"
"6303","13424","8/13/2013 12:00:00 AM"
"6304","3319","3/4/2014 12:00:00 AM"
"6305","16835","7/27/2013 12:00:00 AM"
"6306","2592","8/29/2013 12:00:00 AM"
"6307","12003","10/17/2011 12:00:00 AM"
"6308","5630","1/1/2014 12:00:00 AM"
"6309","6685","8/5/2013 12:00:00 AM"
"6310","7932","2/28/2014 12:00:00 AM"
"6311","2585","4/8/2013 12:00:00 AM"
"6312","16330","10/16/2012 12:00:00 AM"
"6313","10517","1/27/2013 12:00:00 AM"
"6314","19089","3/25/2012 12:00:00 AM"
"6315","18956","3/7/2014 12:00:00 AM"
"6316","6131","5/3/2014 12:00:00 AM"
"6317","18423","9/9/2011 12:00:00 AM"
"6318","329","4/23/2012 12:00:00 AM"
"6319","11878","11/6/2013 12:00:00 AM"
"6320","1754","5/3/2013 12:00:00 AM"
"6321","952","3/22/2014 12:00:00 AM"
"6322","14424","8/25/2013 12:00:00 AM"
"6323","12949","10/1/2013 12:00:00 AM"
"6324","6977","8/23/2013 12:00:00 AM"
"6325","2969","6/15/2014 12:00:00 AM"
"6326","10730","7/29/2013 12:00:00 AM"
"6327","15566","10/13/2013 12:00:00 AM"
"6328","7299","9/13/2013 12:00:00 AM"
"6329","13343","1/7/2013 12:00:00 AM"
"6330","4681","5/17/2012 12:00:00 AM"
"6331","1766","7/25/2013 12:00:00 AM"
"6332","17734","1/3/2014 12:00:00 AM"
"6333","13464","8/19/2013 12:00:00 AM"
"6334","16620","11/20/2012 12:00:00 AM"
"6335","1792","4/19/2014 12:00:00 AM"
"6336","12679","1/13/2014 12:00:00 AM"
"6337","3597","3/10/2014 12:00:00 AM"
"6338","16245","10/15/2013 12:00:00 AM"
"6339","12092","7/27/2012 12:00:00 AM"
"6340","14143","11/21/2012 12:00:00 AM"
"6341","4302","8/14/2013 12:00:00 AM"
"6342","14012","12/16/2013 12:00:00 AM"
"6343","11965","11/24/2013 12:00:00 AM"
"6344","10153","12/2/2011 12:00:00 AM"
"6345","13239","3/29/2014 12:00:00 AM"
"6346","18879","5/5/2014 12:00:00 AM"
"6347","9305","8/3/2012 12:00:00 AM"
"6348","2988","2/26/2013 12:00:00 AM"
"6349","1502","5/16/2014 12:00:00 AM"
"6350","1583","1/10/2014 12:00:00 AM"
"6351","3506","7/26/2013 12:00:00 AM"
"6352","10042","8/13/2013 12:00:00 AM"
"6353","11224","12/28/2013 12:00:00 AM"
"6354","9866","9/13/2013 12:00:00 AM"
"6355","14380","12/15/2013 12:00:00 AM"
"6356","9862","8/10/2013 12:00:00 AM"
"6357","6715","7/17/2013 12:00:00 AM"
"6358","8315","8/2/2013 12:00:00 AM"
"6359","10039","1/16/2013 12:00:00 AM"
"6360","9526","2/18/2014 12:00:00 AM"
"6361","13799","1/1/2014 12:00:00 AM"
"6362","134","1/3/2014 12:00:00 AM"
"6363","3723","6/8/2014 12:00:00 AM"
"6364","2985","5/9/2013 12:00:00 AM"
"6365","6712","5/30/2014 12:00:00 AM"
"6366","3873","10/5/2013 12:00:00 AM"
"6367","10653","6/19/2011 12:00:00 AM"
"6368","3562","3/17/2014 12:00:00 AM"
"6369","12926","10/9/2013 12:00:00 AM"
"6370","17002","12/22/2011 12:00:00 AM"
"6371","559","1/19/2014 12:00:00 AM"
"6372","5063","4/22/2013 12:00:00 AM"
"6373","15399","11/20/2013 12:00:00 AM"
"6374","3203","6/6/2014 12:00:00 AM"
"6375","5112","5/12/2012 12:00:00 AM"
"6376","14753","4/22/2013 12:00:00 AM"
"6377","10245","6/16/2011 12:00:00 AM"
"6378","2890","3/19/2014 12:00:00 AM"
"6379","8833","5/23/2014 12:00:00 AM"
"6380","8430","11/9/2013 12:00:00 AM"
"6381","18676","7/1/2013 12:00:00 AM"
"6382","15059","9/21/2013 12:00:00 AM"
"6383","9142","2/6/2014 12:00:00 AM"
"6384","5979","3/18/2014 12:00:00 AM"
"6385","17320","2/28/2014 12:00:00 AM"
"6386","1046","8/21/2013 12:00:00 AM"
"6387","4720","7/2/2013 12:00:00 AM"
"6388","16698","1/17/2014 12:00:00 AM"
"6389","14362","4/13/2014 12:00:00 AM"
"6390","7995","12/10/2013 12:00:00 AM"
"6391","9829","1/2/2014 12:00:00 AM"
"6392","5689","4/26/2014 12:00:00 AM"
"6393","10630","6/23/2012 12:00:00 AM"
"6394","12742","1/10/2014 12:00:00 AM"
"6395","9727","12/16/2013 12:00:00 AM"
"6396","19031","3/14/2014 12:00:00 AM"
"6397","10182","1/17/2014 12:00:00 AM"
"6398","8003","6/21/2014 12:00:00 AM"
"6399","3352","7/15/2013 12:00:00 AM"
"6400","16103","1/7/2014 12:00:00 AM"
"6401","737","11/15/2013 12:00:00 AM"
"6402","19235","4/30/2013 12:00:00 AM"
"6403","14926","6/18/2012 12:00:00 AM"
"6404","14921","4/4/2014 12:00:00 AM"
"6405","1827","5/2/2012 12:00:00 AM"
"6406","3012","3/2/2012 12:00:00 AM"
"6407","16753","3/9/2014 12:00:00 AM"
"6408","10823","11/15/2013 12:00:00 AM"
"6409","9457","7/2/2013 12:00:00 AM"
"6410","7035","10/3/2013 12:00:00 AM"
"6411","997","11/20/2013 12:00:00 AM"
"6412","10595","4/25/2014 12:00:00 AM"
"6413","3801","2/10/2014 12:00:00 AM"
"6414","9568","10/17/2013 12:00:00 AM"
"6415","8362","2/14/2014 12:00:00 AM"
"6416","10498","11/18/2011 12:00:00 AM"
"6417","19023","5/25/2014 12:00:00 AM"
"6418","14275","1/3/2012 12:00:00 AM"
"6419","7451","2/10/2014 12:00:00 AM"
"6420","716","8/4/2013 12:00:00 AM"
"6421","10388","5/28/2014 12:00:00 AM"
"6422","13777","8/13/2013 12:00:00 AM"
"6423","14241","9/19/2013 12:00:00 AM"
"6424","8025","3/2/2014 12:00:00 AM"
"6425","17929","6/11/2012 12:00:00 AM"
"6426","5319","4/6/2014 12:00:00 AM"
"6427","5490","5/28/2014 12:00:00 AM"
"6428","6150","11/15/2013 12:00:00 AM"
"6429","14886","1/2/2014 12:00:00 AM"
"6430","13987","8/22/2013 12:00:00 AM"
"6431","14256","3/17/2014 12:00:00 AM"
"6432","18181","5/29/2014 12:00:00 AM"
"6433","2309","3/25/2013 12:00:00 AM"
"6434","12374","4/19/2014 12:00:00 AM"
"6435","2245","1/7/2013 12:00:00 AM"
"6436","16716","6/29/2011 12:00:00 AM"
"6437","3838","12/20/2013 12:00:00 AM"
"6438","3195","11/17/2013 12:00:00 AM"
"6439","5800","8/15/2013 12:00:00 AM"
"6440","16823","9/15/2011 12:00:00 AM"
"6441","12844","11/18/2013 12:00:00 AM"
"6442","18967","12/22/2013 12:00:00 AM"
"6443","12738","1/2/2014 12:00:00 AM"
"6444","5968","3/14/2013 12:00:00 AM"
"6445","18002","4/23/2014 12:00:00 AM"
"6446","6612","1/6/2014 12:00:00 AM"
"6447","14443","5/6/2014 12:00:00 AM"
"6448","16012","8/28/2013 12:00:00 AM"
"6449","17067","4/4/2014 12:00:00 AM"
"6450","15979","4/12/2013 12:00:00 AM"
"6451","2039","12/27/2013 12:00:00 AM"
"6452","16747","7/1/2012 12:00:00 AM"
"6453","12193","11/24/2013 12:00:00 AM"
"6454","11485","7/25/2013 12:00:00 AM"
"6455","1855","1/13/2014 12:00:00 AM"
"6456","13027","5/4/2012 12:00:00 AM"
"6457","4866","8/14/2013 12:00:00 AM"
"6458","14113","4/2/2014 12:00:00 AM"
"6459","18672","12/16/2013 12:00:00 AM"
"6460","4416","2/2/2014 12:00:00 AM"
"6461","18277","2/10/2014 12:00:00 AM"
"6462","17555","8/13/2013 12:00:00 AM"
"6463","967","10/13/2011 12:00:00 AM"
"6464","16891","6/25/2011 12:00:00 AM"
"6465","8963","10/22/2013 12:00:00 AM"
"6466","15969","5/5/2013 12:00:00 AM"
"6467","11407","6/7/2011 12:00:00 AM"
"6468","17596","10/26/2013 12:00:00 AM"
"6469","17069","4/18/2013 12:00:00 AM"
"6470","12819","11/8/2011 12:00:00 AM"
"6471","13565","3/4/2013 12:00:00 AM"
"6472","6763","11/2/2013 12:00:00 AM"
"6473","2462","3/8/2012 12:00:00 AM"
"6474","16865","10/27/2011 12:00:00 AM"
"6475","17617","4/19/2012 12:00:00 AM"
"6476","11183","5/15/2014 12:00:00 AM"
"6477","335","8/4/2013 12:00:00 AM"
"6478","17519","3/14/2012 12:00:00 AM"
"6479","9663","8/23/2013 12:00:00 AM"
"6480","8562","1/14/2014 12:00:00 AM"
"6481","6929","1/12/2014 12:00:00 AM"
"6482","644","2/24/2012 12:00:00 AM"
"6483","13795","6/22/2012 12:00:00 AM"
"6484","10208","10/5/2013 12:00:00 AM"
"6485","7661","12/18/2011 12:00:00 AM"
"6486","5653","6/29/2014 12:00:00 AM"
"6487","9178","10/27/2013 12:00:00 AM"
"6488","16781","5/30/2014 12:00:00 AM"
"6489","9109","5/7/2013 12:00:00 AM"
"6490","6754","10/22/2013 12:00:00 AM"
"6491","9720","7/24/2011 12:00:00 AM"
"6492","16417","4/27/2013 12:00:00 AM"
"6493","11136","2/13/2014 12:00:00 AM"
"6494","7849","3/27/2014 12:00:00 AM"
"6495","15320","8/23/2013 12:00:00 AM"
"6496","8155","4/11/2014 12:00:00 AM"
"6497","612","7/11/2013 12:00:00 AM"
"6498","8231","1/22/2014 12:00:00 AM"
"6499","11889","5/7/2014 12:00:00 AM"
"6500","12206","1/28/2014 12:00:00 AM"
"6501","1779","8/2/2013 12:00:00 AM"
"6502","16314","11/3/2012 12:00:00 AM"
"6503","1333","6/1/2012 12:00:00 AM"
"6504","4046","1/28/2012 12:00:00 AM"
"6505","11121","12/20/2011 12:00:00 AM"
"6506","16755","3/20/2014 12:00:00 AM"
"6507","1921","3/21/2012 12:00:00 AM"
"6508","4449","7/7/2013 12:00:00 AM"
"6509","17304","1/16/2013 12:00:00 AM"
"6510","16260","4/2/2012 12:00:00 AM"
"6511","12199","5/24/2014 12:00:00 AM"
"6512","14272","7/21/2013 12:00:00 AM"
"6513","12549","12/18/2011 12:00:00 AM"
"6514","13959","1/17/2014 12:00:00 AM"
"6515","15415","2/2/2014 12:00:00 AM"
"6516","18543","10/7/2013 12:00:00 AM"
"6517","13636","4/28/2014 12:00:00 AM"
"6518","13580","4/27/2014 12:00:00 AM"
"6519","11912","8/22/2013 12:00:00 AM"
"6520","7927","1/14/2014 12:00:00 AM"
"6521","5640","11/18/2013 12:00:00 AM"
"6522","2069","6/22/2013 12:00:00 AM"
"6523","8652","4/5/2013 12:00:00 AM"
"6524","8427","9/17/2012 12:00:00 AM"
"6525","7255","2/4/2014 12:00:00 AM"
"6526","56","3/16/2014 12:00:00 AM"
"6527","1790","12/12/2013 12:00:00 AM"
"6528","3089","2/13/2014 12:00:00 AM"
"6529","12637","2/23/2012 12:00:00 AM"
"6530","3248","10/6/2013 12:00:00 AM"
"6531","7801","1/2/2014 12:00:00 AM"
"6532","16131","7/8/2013 12:00:00 AM"
"6533","17427","10/27/2013 12:00:00 AM"
"6534","1017","10/28/2011 12:00:00 AM"
"6535","12622","10/26/2013 12:00:00 AM"
"6536","18830","5/26/2012 12:00:00 AM"
"6537","3843","7/18/2013 12:00:00 AM"
"6538","3064","5/21/2013 12:00:00 AM"
"6539","935","4/14/2014 12:00:00 AM"
"6540","15128","2/3/2014 12:00:00 AM"
"6541","2955","12/5/2013 12:00:00 AM"
"6542","2338","2/7/2014 12:00:00 AM"
"6543","14510","12/26/2013 12:00:00 AM"
"6544","17189","8/19/2012 12:00:00 AM"
"6545","3993","12/24/2013 12:00:00 AM"
"6546","16338","3/4/2014 12:00:00 AM"
"6547","4062","11/19/2013 12:00:00 AM"
"6548","12108","2/14/2013 12:00:00 AM"
"6549","12654","9/10/2013 12:00:00 AM"
"6550","7510","7/7/2013 12:00:00 AM"
"6551","16998","3/16/2014 12:00:00 AM"
"6552","3412","9/19/2011 12:00:00 AM"
"6553","12175","11/1/2013 12:00:00 AM"
"6554","4848","5/10/2013 12:00:00 AM"
"6555","6216","9/27/2013 12:00:00 AM"
"6556","10820","4/26/2013 12:00:00 AM"
"6557","3100","10/1/2013 12:00:00 AM"
"6558","17117","10/10/2011 12:00:00 AM"
"6559","12372","9/15/2013 12:00:00 AM"
"6560","11249","10/9/2013 12:00:00 AM"
"6561","7516","11/7/2013 12:00:00 AM"
"6562","2903","3/23/2014 12:00:00 AM"
"6563","6910","8/8/2011 12:00:00 AM"
"6564","7715","7/31/2013 12:00:00 AM"
"6565","5959","1/22/2014 12:00:00 AM"
"6566","9086","10/17/2012 12:00:00 AM"
"6567","7498","2/18/2014 12:00:00 AM"
"6568","15183","9/1/2013 12:00:00 AM"
"6569","11291","11/30/2013 12:00:00 AM"
"6570","9073","6/20/2013 12:00:00 AM"
"6571","9298","5/16/2014 12:00:00 AM"
"6572","17088","4/16/2014 12:00:00 AM"
"6573","800","12/9/2011 12:00:00 AM"
"6574","12470","5/10/2014 12:00:00 AM"
"6575","2894","7/16/2013 12:00:00 AM"
"6576","11734","10/26/2011 12:00:00 AM"
"6577","837","3/8/2012 12:00:00 AM"
"6578","3792","9/11/2012 12:00:00 AM"
"6579","1542","3/6/2014 12:00:00 AM"
"6580","7342","1/24/2014 12:00:00 AM"
"6581","4912","2/26/2013 12:00:00 AM"
"6582","11711","4/29/2014 12:00:00 AM"
"6583","4698","11/23/2012 12:00:00 AM"
"6584","10649","5/22/2014 12:00:00 AM"
"6585","8354","5/26/2014 12:00:00 AM"
"6586","1625","9/4/2013 12:00:00 AM"
"6587","154","9/16/2013 12:00:00 AM"
"6588","15472","9/11/2012 12:00:00 AM"
"6589","2726","7/30/2011 12:00:00 AM"
"6590","3783","4/4/2013 12:00:00 AM"
"6591","12587","4/13/2014 12:00:00 AM"
"6592","17293","4/14/2014 12:00:00 AM"
"6593","14087","4/6/2013 12:00:00 AM"
"6594","18121","8/29/2013 12:00:00 AM"
"6595","6674","12/20/2013 12:00:00 AM"
"6596","14164","10/28/2012 12:00:00 AM"
"6597","9533","10/3/2013 12:00:00 AM"
"6598","3066","9/17/2013 12:00:00 AM"
"6599","18737","11/26/2012 12:00:00 AM"
"6600","4540","6/27/2014 12:00:00 AM"
"6601","11885","8/29/2013 12:00:00 AM"
"6602","6137","4/17/2014 12:00:00 AM"
"6603","11795","7/25/2013 12:00:00 AM"
"6604","7131","8/21/2013 12:00:00 AM"
"6605","3926","8/30/2013 12:00:00 AM"
"6606","1843","11/4/2013 12:00:00 AM"
"6607","16714","1/6/2013 12:00:00 AM"
"6608","6141","2/21/2014 12:00:00 AM"
"6609","2073","1/16/2014 12:00:00 AM"
"6610","3118","1/11/2014 12:00:00 AM"
"6611","7908","4/17/2013 12:00:00 AM"
"6612","13439","9/20/2013 12:00:00 AM"
"6613","5516","3/27/2014 12:00:00 AM"
"6614","11408","5/10/2012 12:00:00 AM"
"6615","14677","6/28/2014 12:00:00 AM"
"6616","9878","2/23/2012 12:00:00 AM"
"6617","12447","7/13/2012 12:00:00 AM"
"6618","96","1/17/2014 12:00:00 AM"
"6619","4325","12/29/2012 12:00:00 AM"
"6620","6099","6/1/2013 12:00:00 AM"
"6621","15519","5/10/2012 12:00:00 AM"
"6622","7647","1/15/2012 12:00:00 AM"
"6623","12668","2/12/2014 12:00:00 AM"
"6624","7211","3/30/2014 12:00:00 AM"
"6625","17354","9/2/2012 12:00:00 AM"
"6626","15006","11/24/2013 12:00:00 AM"
"6627","10298","2/13/2012 12:00:00 AM"
"6628","2162","7/16/2013 12:00:00 AM"
"6629","1386","9/5/2013 12:00:00 AM"
"6630","4539","1/13/2012 12:00:00 AM"
"6631","7626","5/13/2014 12:00:00 AM"
"6632","17792","11/22/2013 12:00:00 AM"
"6633","12969","8/22/2012 12:00:00 AM"
"6634","10402","7/27/2013 12:00:00 AM"
"6635","18617","9/12/2011 12:00:00 AM"
"6636","8922","1/28/2014 12:00:00 AM"
"6637","219","1/7/2014 12:00:00 AM"
"6638","11223","5/1/2013 12:00:00 AM"
"6639","12797","9/28/2013 12:00:00 AM"
"6640","11055","8/23/2012 12:00:00 AM"
"6641","10118","11/27/2013 12:00:00 AM"
"6642","8295","3/27/2014 12:00:00 AM"
"6643","9804","3/26/2014 12:00:00 AM"
"6644","473","9/6/2013 12:00:00 AM"
"6645","17630","6/16/2014 12:00:00 AM"
"6646","17661","11/28/2013 12:00:00 AM"
"6647","14155","10/12/2013 12:00:00 AM"
"6648","9892","4/20/2012 12:00:00 AM"
"6649","18255","6/25/2014 12:00:00 AM"
"6650","18979","5/15/2013 12:00:00 AM"
"6651","15812","12/6/2013 12:00:00 AM"
"6652","8975","3/5/2014 12:00:00 AM"
"6653","346","12/24/2013 12:00:00 AM"
"6654","11613","7/4/2013 12:00:00 AM"
"6655","4787","4/2/2013 12:00:00 AM"
"6656","13705","11/13/2013 12:00:00 AM"
"6657","11237","7/31/2013 12:00:00 AM"
"6658","10953","4/9/2013 12:00:00 AM"
"6659","12887","7/22/2013 12:00:00 AM"
"6660","14495","5/15/2014 12:00:00 AM"
"6661","3901","4/30/2014 12:00:00 AM"
"6662","1438","8/6/2013 12:00:00 AM"
"6663","10179","6/25/2014 12:00:00 AM"
"6664","6583","8/20/2013 12:00:00 AM"
"6665","12834","6/18/2011 12:00:00 AM"
"6666","18215","3/3/2012 12:00:00 AM"
"6667","15986","8/18/2013 12:00:00 AM"
"6668","9247","1/27/2014 12:00:00 AM"
"6669","4557","11/20/2011 12:00:00 AM"
"6670","477","4/7/2014 12:00:00 AM"
"6671","4685","8/20/2013 12:00:00 AM"
"6672","8271","9/12/2013 12:00:00 AM"
"6673","18448","2/20/2014 12:00:00 AM"
"6674","7658","4/14/2014 12:00:00 AM"
"6675","14433","12/10/2013 12:00:00 AM"
"6676","584","7/8/2013 12:00:00 AM"
"6677","1857","6/8/2014 12:00:00 AM"
"6678","16413","7/25/2013 12:00:00 AM"
"6679","11366","2/17/2012 12:00:00 AM"
"6680","10621","9/24/2013 12:00:00 AM"
"6681","2035","7/20/2012 12:00:00 AM"
"6682","2159","5/27/2014 12:00:00 AM"
"6683","8123","3/15/2014 12:00:00 AM"
"6684","2046","8/25/2012 12:00:00 AM"
"6685","15911","2/27/2013 12:00:00 AM"
"6686","4704","10/29/2013 12:00:00 AM"
"6687","15885","5/14/2013 12:00:00 AM"
"6688","15029","12/8/2013 12:00:00 AM"
"6689","17877","3/9/2014 12:00:00 AM"
"6690","5810","9/4/2012 12:00:00 AM"
"6691","9805","1/24/2013 12:00:00 AM"
"6692","5445","8/12/2013 12:00:00 AM"
"6693","9770","4/5/2014 12:00:00 AM"
"6694","2418","11/23/2013 12:00:00 AM"
"6695","3683","12/21/2012 12:00:00 AM"
"6696","6656","7/14/2013 12:00:00 AM"
"6697","2119","1/25/2013 12:00:00 AM"
"6698","9390","9/6/2013 12:00:00 AM"
"6699","15958","3/17/2012 12:00:00 AM"
"6700","1263","7/7/2013 12:00:00 AM"
"6701","13112","12/9/2013 12:00:00 AM"
"6702","10973","2/6/2014 12:00:00 AM"
"6703","13804","9/13/2013 12:00:00 AM"
"6704","2115","9/4/2013 12:00:00 AM"
"6705","2699","7/29/2013 12:00:00 AM"
"6706","4733","4/20/2014 12:00:00 AM"
"6707","930","6/8/2014 12:00:00 AM"
"6708","12203","11/10/2012 12:00:00 AM"
"6709","10663","6/29/2014 12:00:00 AM"
"6710","7926","5/28/2014 12:00:00 AM"
"6711","7198","3/3/2014 12:00:00 AM"
"6712","4859","1/20/2014 12:00:00 AM"
"6713","18754","4/12/2014 12:00:00 AM"
"6714","17886","5/22/2014 12:00:00 AM"
"6715","18715","9/19/2013 12:00:00 AM"
"6716","10901","4/4/2014 12:00:00 AM"
"6717","15000","3/31/2014 12:00:00 AM"
"6718","17105","9/7/2013 12:00:00 AM"
"6719","1976","8/13/2011 12:00:00 AM"
"6720","9371","6/27/2013 12:00:00 AM"
"6721","4554","9/21/2013 12:00:00 AM"
"6722","18834","7/27/2013 12:00:00 AM"
"6723","18110","4/8/2014 12:00:00 AM"
"6724","15686","10/6/2013 12:00:00 AM"
"6725","5463","3/22/2013 12:00:00 AM"
"6726","5978","7/1/2013 12:00:00 AM"
"6727","17940","10/28/2013 12:00:00 AM"
"6728","6692","11/22/2012 12:00:00 AM"
"6729","18563","1/5/2014 12:00:00 AM"
"6730","11377","11/14/2013 12:00:00 AM"
"6731","6493","9/25/2013 12:00:00 AM"
"6732","18056","11/26/2013 12:00:00 AM"
"6733","18211","9/10/2013 12:00:00 AM"
"6734","18923","7/21/2013 12:00:00 AM"
"6735","1663","12/16/2013 12:00:00 AM"
"6736","18317","11/14/2013 12:00:00 AM"
"6737","2116","5/13/2014 12:00:00 AM"
"6738","1995","11/18/2013 12:00:00 AM"
"6739","1243","8/6/2013 12:00:00 AM"
"6740","12911","10/27/2013 12:00:00 AM"
"6741","3805","6/22/2012 12:00:00 AM"
"6742","3139","5/16/2014 12:00:00 AM"
"6743","15439","9/27/2012 12:00:00 AM"
"6744","696","2/11/2014 12:00:00 AM"
"6745","1354","5/18/2014 12:00:00 AM"
"6746","7556","3/5/2012 12:00:00 AM"
"6747","8089","11/4/2013 12:00:00 AM"
"6748","6434","6/22/2014 12:00:00 AM"
"6749","13929","3/28/2012 12:00:00 AM"
"6750","7292","10/24/2012 12:00:00 AM"
"6751","17112","3/27/2013 12:00:00 AM"
"6752","3543","12/12/2012 12:00:00 AM"
"6753","6427","3/14/2014 12:00:00 AM"
"6754","4675","8/12/2013 12:00:00 AM"
"6755","9599","5/20/2012 12:00:00 AM"
"6756","8970","6/8/2013 12:00:00 AM"
"6757","6996","10/16/2013 12:00:00 AM"
"6758","9449","3/25/2014 12:00:00 AM"
"6759","5383","12/10/2013 12:00:00 AM"
"6760","8770","3/3/2013 12:00:00 AM"
"6761","9814","10/8/2013 12:00:00 AM"
"6762","2385","2/3/2012 12:00:00 AM"
"6763","16451","4/4/2013 12:00:00 AM"
"6764","18803","4/25/2012 12:00:00 AM"
"6765","8057","3/22/2014 12:00:00 AM"
"6766","16293","1/19/2012 12:00:00 AM"
"6767","17410","3/3/2014 12:00:00 AM"
"6768","62","4/1/2014 12:00:00 AM"
"6769","13754","2/2/2014 12:00:00 AM"
"6770","17167","1/23/2013 12:00:00 AM"
"6771","17821","1/1/2014 12:00:00 AM"
"6772","6345","5/4/2014 12:00:00 AM"
"6773","16757","4/24/2014 12:00:00 AM"
"6774","17157","8/13/2013 12:00:00 AM"
"6775","6039","7/30/2013 12:00:00 AM"
"6776","16675","1/13/2014 12:00:00 AM"
"6777","16778","2/3/2014 12:00:00 AM"
"6778","7517","12/20/2013 12:00:00 AM"
"6779","6387","7/14/2013 12:00:00 AM"
"6780","4207","9/18/2013 12:00:00 AM"
"6781","18299","11/12/2013 12:00:00 AM"
"6782","15975","8/14/2013 12:00:00 AM"
"6783","18013","9/11/2012 12:00:00 AM"
"6784","7651","12/4/2011 12:00:00 AM"
"6785","11584","4/6/2014 12:00:00 AM"
"6786","16680","2/10/2014 12:00:00 AM"
"6787","16771","8/6/2013 12:00:00 AM"
"6788","7008","11/22/2011 12:00:00 AM"
"6789","12493","3/5/2014 12:00:00 AM"
"6790","10286","10/5/2013 12:00:00 AM"
"6791","891","12/22/2012 12:00:00 AM"
"6792","8635","1/10/2012 12:00:00 AM"
"6793","11340","3/26/2012 12:00:00 AM"
"6794","13709","4/8/2013 12:00:00 AM"
"6795","6319","5/15/2014 12:00:00 AM"
"6796","5836","10/26/2012 12:00:00 AM"
"6797","7186","5/13/2013 12:00:00 AM"
"6798","14617","3/19/2014 12:00:00 AM"
"6799","7906","11/10/2011 12:00:00 AM"
"6800","16960","4/18/2014 12:00:00 AM"
"6801","9980","5/11/2014 12:00:00 AM"
"6802","14031","8/27/2011 12:00:00 AM"
"6803","14041","9/29/2011 12:00:00 AM"
"6804","5304","2/5/2014 12:00:00 AM"
"6805","729","9/9/2011 12:00:00 AM"
"6806","5223","1/19/2014 12:00:00 AM"
"6807","12444","10/19/2013 12:00:00 AM"
"6808","9587","9/21/2011 12:00:00 AM"
"6809","9482","9/3/2013 12:00:00 AM"
"6810","7613","3/26/2012 12:00:00 AM"
"6811","6470","1/2/2014 12:00:00 AM"
"6812","3247","1/17/2013 12:00:00 AM"
"6813","18601","11/26/2013 12:00:00 AM"
"6814","673","4/25/2013 12:00:00 AM"
"6815","2514","4/23/2013 12:00:00 AM"
"6816","18308","7/12/2012 12:00:00 AM"
"6817","6247","8/20/2011 12:00:00 AM"
"6818","16542","6/10/2014 12:00:00 AM"
"6819","4549","11/27/2011 12:00:00 AM"
"6820","337","3/6/2013 12:00:00 AM"
"6821","13608","4/22/2014 12:00:00 AM"
"6822","16640","8/17/2013 12:00:00 AM"
"6823","718","8/8/2013 12:00:00 AM"
"6824","7837","1/25/2014 12:00:00 AM"
"6825","9984","3/7/2014 12:00:00 AM"
"6826","16415","8/9/2012 12:00:00 AM"
"6827","2389","3/8/2014 12:00:00 AM"
"6828","7291","12/2/2013 12:00:00 AM"
"6829","8958","1/21/2014 12:00:00 AM"
"6830","6985","1/17/2013 12:00:00 AM"
"6831","5012","7/30/2012 12:00:00 AM"
"6832","2842","9/8/2013 12:00:00 AM"
"6833","18579","7/7/2013 12:00:00 AM"
"6834","14479","5/2/2014 12:00:00 AM"
"6835","16129","3/14/2014 12:00:00 AM"
"6836","7826","11/18/2013 12:00:00 AM"
"6837","9128","3/24/2014 12:00:00 AM"
"6838","10089","4/24/2014 12:00:00 AM"
"6839","6106","10/26/2013 12:00:00 AM"
"6840","12380","3/8/2014 12:00:00 AM"
"6841","4387","6/1/2012 12:00:00 AM"
"6842","10044","3/18/2014 12:00:00 AM"
"6843","17607","3/30/2014 12:00:00 AM"
"6844","7282","2/8/2014 12:00:00 AM"
"6845","11138","10/5/2013 12:00:00 AM"
"6846","15774","10/26/2012 12:00:00 AM"
"6847","10563","11/28/2013 12:00:00 AM"
"6848","1831","10/20/2013 12:00:00 AM"
"6849","9927","3/19/2014 12:00:00 AM"
"6850","16123","10/26/2011 12:00:00 AM"
"6851","14958","4/15/2014 12:00:00 AM"
"6852","2904","3/27/2014 12:00:00 AM"
"6853","16853","2/13/2014 12:00:00 AM"
"6854","6588","7/19/2013 12:00:00 AM"
"6855","5167","5/25/2014 12:00:00 AM"
"6856","6109","2/8/2014 12:00:00 AM"
"6857","254","3/17/2014 12:00:00 AM"
"6858","6062","7/2/2013 12:00:00 AM"
"6859","2397","2/14/2013 12:00:00 AM"
"6860","18821","11/27/2013 12:00:00 AM"
"6861","12709","7/24/2012 12:00:00 AM"
"6862","8379","7/7/2013 12:00:00 AM"
"6863","8746","11/29/2011 12:00:00 AM"
"6864","10264","10/14/2013 12:00:00 AM"
"6865","15293","1/10/2014 12:00:00 AM"
"6866","9489","11/17/2012 12:00:00 AM"
"6867","1317","11/26/2013 12:00:00 AM"
"6868","14629","1/22/2014 12:00:00 AM"
"6869","12288","2/23/2014 12:00:00 AM"
"6870","15417","6/14/2014 12:00:00 AM"
"6871","17309","6/25/2014 12:00:00 AM"
"6872","15659","9/24/2013 12:00:00 AM"
"6873","4108","7/18/2012 12:00:00 AM"
"6874","15457","8/13/2013 12:00:00 AM"
"6875","10637","1/12/2014 12:00:00 AM"
"6876","15672","5/18/2013 12:00:00 AM"
"6877","4731","6/12/2012 12:00:00 AM"
"6878","7201","1/27/2014 12:00:00 AM"
"6879","7847","4/20/2014 12:00:00 AM"
"6880","12070","6/26/2011 12:00:00 AM"
"6881","15859","11/9/2013 12:00:00 AM"
"6882","15077","4/23/2014 12:00:00 AM"
"6883","12100","9/21/2013 12:00:00 AM"
"6884","3097","3/11/2014 12:00:00 AM"
"6885","18891","5/22/2012 12:00:00 AM"
"6886","14517","7/2/2013 12:00:00 AM"
"6887","4381","8/23/2013 12:00:00 AM"
"6888","721","4/14/2014 12:00:00 AM"
"6889","17257","2/5/2013 12:00:00 AM"
"6890","2320","1/6/2014 12:00:00 AM"
"6891","13454","3/24/2014 12:00:00 AM"
"6892","18381","11/23/2013 12:00:00 AM"
"6893","11239","6/16/2014 12:00:00 AM"
"6894","4509","1/16/2013 12:00:00 AM"
"6895","18025","12/9/2013 12:00:00 AM"
"6896","2779","3/25/2012 12:00:00 AM"
"6897","7276","4/30/2014 12:00:00 AM"
"6898","15329","5/12/2014 12:00:00 AM"
"6899","18608","8/26/2013 12:00:00 AM"
"6900","4572","1/11/2014 12:00:00 AM"
"6901","17119","4/12/2014 12:00:00 AM"
"6902","10932","1/3/2014 12:00:00 AM"
"6903","9915","9/23/2012 12:00:00 AM"
"6904","11042","3/26/2014 12:00:00 AM"
"6905","13030","4/26/2012 12:00:00 AM"
"6906","13925","10/13/2013 12:00:00 AM"
"6907","16355","2/28/2014 12:00:00 AM"
"6908","2851","3/1/2014 12:00:00 AM"
"6909","10975","12/7/2013 12:00:00 AM"
"6910","10560","4/30/2014 12:00:00 AM"
"6911","4349","1/12/2014 12:00:00 AM"
"6912","1729","3/31/2014 12:00:00 AM"
"6913","19079","6/27/2014 12:00:00 AM"
"6914","13264","11/22/2011 12:00:00 AM"
"6915","819","9/18/2013 12:00:00 AM"
"6916","11139","12/13/2013 12:00:00 AM"
"6917","11283","5/9/2014 12:00:00 AM"
"6918","5682","9/21/2013 12:00:00 AM"
"6919","7314","9/6/2013 12:00:00 AM"
"6920","2398","10/6/2011 12:00:00 AM"
"6921","16288","7/6/2013 12:00:00 AM"
"6922","8204","4/6/2014 12:00:00 AM"
"6923","18966","7/28/2013 12:00:00 AM"
"6924","15511","12/16/2013 12:00:00 AM"
"6925","4110","6/27/2014 12:00:00 AM"
"6926","10967","11/2/2013 12:00:00 AM"
"6927","15624","1/10/2012 12:00:00 AM"
"6928","18518","9/6/2013 12:00:00 AM"
"6929","6876","12/24/2011 12:00:00 AM"
"6930","6670","5/11/2014 12:00:00 AM"
"6931","7273","11/16/2013 12:00:00 AM"
"6932","15966","11/25/2013 12:00:00 AM"
"6933","8236","4/12/2014 12:00:00 AM"
"6934","13049","2/10/2014 12:00:00 AM"
"6935","15636","12/21/2013 12:00:00 AM"
"6936","10321","1/23/2014 12:00:00 AM"
"6937","4905","3/20/2013 12:00:00 AM"
"6938","18133","5/25/2014 12:00:00 AM"
"6939","13805","9/6/2013 12:00:00 AM"
"6940","2994","5/15/2014 12:00:00 AM"
"6941","15640","8/13/2012 12:00:00 AM"
"6942","15776","3/29/2013 12:00:00 AM"
"6943","602","1/18/2013 12:00:00 AM"
"6944","2253","5/28/2014 12:00:00 AM"
"6945","8863","11/12/2012 12:00:00 AM"
"6946","15557","6/23/2011 12:00:00 AM"
"6947","15437","1/9/2014 12:00:00 AM"
"6948","14034","3/21/2014 12:00:00 AM"
"6949","3665","12/1/2012 12:00:00 AM"
"6950","10416","2/24/2014 12:00:00 AM"
"6951","18804","4/18/2014 12:00:00 AM"
"6952","12822","11/7/2013 12:00:00 AM"
"6953","7639","6/27/2011 12:00:00 AM"
"6954","14101","12/27/2013 12:00:00 AM"
"6955","14451","1/7/2014 12:00:00 AM"
"6956","788","10/17/2013 12:00:00 AM"
"6957","2237","11/13/2013 12:00:00 AM"
"6958","13198","6/19/2014 12:00:00 AM"
"6959","81","11/17/2012 12:00:00 AM"
"6960","14289","1/2/2012 12:00:00 AM"
"6961","9690","12/18/2013 12:00:00 AM"
"6962","18812","4/6/2014 12:00:00 AM"
"6963","4508","10/7/2012 12:00:00 AM"
"6964","12086","2/26/2014 12:00:00 AM"
"6965","9463","5/18/2014 12:00:00 AM"
"6966","16414","3/10/2014 12:00:00 AM"
"6967","12909","11/22/2013 12:00:00 AM"
"6968","323","8/18/2013 12:00:00 AM"
"6969","6021","7/10/2013 12:00:00 AM"
"6970","15386","8/26/2013 12:00:00 AM"
"6971","183","1/1/2014 12:00:00 AM"
"6972","1972","4/11/2014 12:00:00 AM"
"6973","14366","10/28/2011 12:00:00 AM"
"6974","12361","7/25/2013 12:00:00 AM"
"6975","16227","11/14/2013 12:00:00 AM"
"6976","9464","11/16/2013 12:00:00 AM"
"6977","1004","9/26/2013 12:00:00 AM"
"6978","14042","1/5/2014 12:00:00 AM"
"6979","10704","9/13/2013 12:00:00 AM"
"6980","12434","8/16/2013 12:00:00 AM"
"6981","19038","11/2/2013 12:00:00 AM"
"6982","17495","7/28/2013 12:00:00 AM"
"6983","1670","10/2/2013 12:00:00 AM"
"6984","16127","8/27/2013 12:00:00 AM"
"6985","6825","7/26/2013 12:00:00 AM"
"6986","343","12/3/2013 12:00:00 AM"
"6987","16329","7/1/2013 12:00:00 AM"
"6988","7405","9/12/2013 12:00:00 AM"
"6989","10494","10/13/2013 12:00:00 AM"
"6990","1988","6/1/2011 12:00:00 AM"
"6991","17781","7/1/2013 12:00:00 AM"
"6992","14395","12/7/2013 12:00:00 AM"
"6993","15378","8/7/2013 12:00:00 AM"
"6994","10886","5/1/2014 12:00:00 AM"
"6995","7294","9/19/2012 12:00:00 AM"
"6996","13169","2/1/2013 12:00:00 AM"
"6997","9603","5/7/2013 12:00:00 AM"
"6998","8686","3/9/2014 12:00:00 AM"
"6999","14320","11/16/2013 12:00:00 AM"
"7000","4407","11/24/2013 12:00:00 AM"
"7001","8902","10/8/2012 12:00:00 AM"
"7002","15398","1/19/2012 12:00:00 AM"
"7003","13125","3/3/2014 12:00:00 AM"
"7004","6705","9/19/2013 12:00:00 AM"
"7005","11499","11/27/2013 12:00:00 AM"
"7006","6240","9/19/2013 12:00:00 AM"
"7007","7300","5/26/2014 12:00:00 AM"
"7008","13072","10/2/2013 12:00:00 AM"
"7009","9803","3/13/2014 12:00:00 AM"
"7010","6629","11/22/2012 12:00:00 AM"
"7011","7874","5/7/2014 12:00:00 AM"
"7012","1858","6/21/2014 12:00:00 AM"
"7013","4106","4/5/2014 12:00:00 AM"
"7014","1780","9/16/2013 12:00:00 AM"
"7015","291","5/11/2012 12:00:00 AM"
"7016","16663","1/27/2014 12:00:00 AM"
"7017","11159","11/10/2013 12:00:00 AM"
"7018","6129","2/1/2014 12:00:00 AM"
"7019","9047","5/1/2012 12:00:00 AM"
"7020","10776","4/27/2014 12:00:00 AM"
"7021","11956","1/9/2014 12:00:00 AM"
"7022","2305","5/15/2013 12:00:00 AM"
"7023","5792","6/8/2012 12:00:00 AM"
"7024","14401","12/3/2013 12:00:00 AM"
"7025","8800","1/10/2012 12:00:00 AM"
"7026","14431","7/23/2012 12:00:00 AM"
"7027","2550","2/23/2012 12:00:00 AM"
"7028","2838","4/22/2013 12:00:00 AM"
"7029","10167","8/15/2013 12:00:00 AM"
"7030","4295","7/12/2013 12:00:00 AM"
"7031","3826","2/4/2012 12:00:00 AM"
"7032","8951","12/28/2013 12:00:00 AM"
"7033","5782","6/19/2014 12:00:00 AM"
"7034","2185","11/1/2013 12:00:00 AM"
"7035","6369","5/29/2013 12:00:00 AM"
"7036","10331","11/5/2013 12:00:00 AM"
"7037","10534","6/2/2013 12:00:00 AM"
"7038","8054","2/8/2014 12:00:00 AM"
"7039","176","11/27/2013 12:00:00 AM"
"7040","17757","11/9/2013 12:00:00 AM"
"7041","11469","2/25/2014 12:00:00 AM"
"7042","12400","1/3/2013 12:00:00 AM"
"7043","8915","7/25/2013 12:00:00 AM"
"7044","12872","12/13/2013 12:00:00 AM"
"7045","11149","7/15/2012 12:00:00 AM"
"7046","10557","3/10/2013 12:00:00 AM"
"7047","16248","5/5/2014 12:00:00 AM"
"7048","2674","12/25/2011 12:00:00 AM"
"7049","12717","7/9/2013 12:00:00 AM"
"7050","2905","4/3/2014 12:00:00 AM"
"7051","13473","3/12/2013 12:00:00 AM"
"7052","8143","9/24/2013 12:00:00 AM"
"7053","15334","5/12/2013 12:00:00 AM"
"7054","18985","11/21/2013 12:00:00 AM"
"7055","14390","1/5/2012 12:00:00 AM"
"7056","18629","3/12/2013 12:00:00 AM"
"7057","7881","3/1/2014 12:00:00 AM"
"7058","4916","2/1/2013 12:00:00 AM"
"7059","19074","9/23/2013 12:00:00 AM"
"7060","2156","5/13/2014 12:00:00 AM"
"7061","6645","11/25/2013 12:00:00 AM"
"7062","12760","10/10/2012 12:00:00 AM"
"7063","18730","2/18/2014 12:00:00 AM"
"7064","10947","5/14/2014 12:00:00 AM"
"7065","7501","12/17/2011 12:00:00 AM"
"7066","11953","12/22/2013 12:00:00 AM"
"7067","16406","2/13/2014 12:00:00 AM"
"7068","7471","10/9/2013 12:00:00 AM"
"7069","13860","7/17/2013 12:00:00 AM"
"7070","12936","9/19/2013 12:00:00 AM"
"7071","4677","8/1/2012 12:00:00 AM"
"7072","14857","2/2/2014 12:00:00 AM"
"7073","8348","2/8/2014 12:00:00 AM"
"7074","8763","12/22/2013 12:00:00 AM"
"7075","3631","10/30/2013 12:00:00 AM"
"7076","16677","1/8/2014 12:00:00 AM"
"7077","2703","8/19/2011 12:00:00 AM"
"7078","10043","5/15/2014 12:00:00 AM"
"7079","2048","9/29/2013 12:00:00 AM"
"7080","444","6/12/2014 12:00:00 AM"
"7081","4881","6/25/2014 12:00:00 AM"
"7082","3","1/14/2014 12:00:00 AM"
"7083","12424","7/13/2013 12:00:00 AM"
"7084","690","4/17/2014 12:00:00 AM"
"7085","9798","1/13/2012 12:00:00 AM"
"7086","4104","1/26/2014 12:00:00 AM"
"7087","13368","5/22/2014 12:00:00 AM"
"7088","11078","10/3/2013 12:00:00 AM"
"7089","16182","7/27/2013 12:00:00 AM"
"7090","8053","12/31/2011 12:00:00 AM"
"7091","7308","5/21/2013 12:00:00 AM"
"7092","4102","2/15/2014 12:00:00 AM"
"7093","7616","10/26/2013 12:00:00 AM"
"7094","11857","8/6/2013 12:00:00 AM"
"7095","9112","3/11/2012 12:00:00 AM"
"7096","11825","10/23/2013 12:00:00 AM"
"7097","10937","7/20/2013 12:00:00 AM"
"7098","9241","3/3/2014 12:00:00 AM"
"7099","11032","9/24/2013 12:00:00 AM"
"7100","9978","4/13/2013 12:00:00 AM"
"7101","14086","6/18/2013 12:00:00 AM"
"7102","15602","9/13/2012 12:00:00 AM"
"7103","9450","1/26/2014 12:00:00 AM"
"7104","17395","10/3/2013 12:00:00 AM"
"7105","392","10/29/2013 12:00:00 AM"
"7106","15896","12/3/2012 12:00:00 AM"
"7107","10921","8/17/2012 12:00:00 AM"
"7108","18032","12/13/2013 12:00:00 AM"
"7109","19171","6/3/2014 12:00:00 AM"
"7110","783","2/8/2014 12:00:00 AM"
"7111","13085","6/7/2014 12:00:00 AM"
"7112","5728","12/3/2011 12:00:00 AM"
"7113","974","4/17/2012 12:00:00 AM"
"7114","16988","5/6/2013 12:00:00 AM"
"7115","7614","2/8/2012 12:00:00 AM"
"7116","4251","5/13/2014 12:00:00 AM"
"7117","578","6/11/2012 12:00:00 AM"
"7118","18866","1/29/2014 12:00:00 AM"
"7119","5654","11/25/2013 12:00:00 AM"
"7120","7137","9/26/2013 12:00:00 AM"
"7121","11875","3/23/2014 12:00:00 AM"
"7122","5845","8/12/2013 12:00:00 AM"
"7123","19165","5/14/2013 12:00:00 AM"
"7124","11483","7/18/2013 12:00:00 AM"
"7125","1681","10/31/2013 12:00:00 AM"
"7126","15165","8/10/2011 12:00:00 AM"
"7127","15731","1/13/2014 12:00:00 AM"
"7128","9871","2/14/2012 12:00:00 AM"
"7129","3509","6/13/2014 12:00:00 AM"
"7130","10161","11/18/2013 12:00:00 AM"
"7131","14970","6/23/2012 12:00:00 AM"
"7132","10279","8/2/2013 12:00:00 AM"
"7133","3294","9/17/2013 12:00:00 AM"
"7134","14470","9/9/2013 12:00:00 AM"
"7135","8648","10/27/2013 12:00:00 AM"
"7136","18721","3/2/2014 12:00:00 AM"
"7137","15368","10/10/2012 12:00:00 AM"
"7138","2931","10/15/2013 12:00:00 AM"
"7139","13345","10/28/2013 12:00:00 AM"
"7140","4620","11/13/2013 12:00:00 AM"
"7141","5372","8/30/2011 12:00:00 AM"
"7142","16240","4/11/2014 12:00:00 AM"
"7143","13713","12/5/2013 12:00:00 AM"
"7144","13172","9/24/2013 12:00:00 AM"
"7145","6221","9/15/2013 12:00:00 AM"
"7146","12217","1/4/2014 12:00:00 AM"
"7147","7153","3/8/2014 12:00:00 AM"
"7148","18819","6/26/2013 12:00:00 AM"
"7149","12158","5/15/2014 12:00:00 AM"
"7150","18867","10/6/2013 12:00:00 AM"
"7151","1159","7/26/2013 12:00:00 AM"
"7152","9401","5/30/2014 12:00:00 AM"
"7153","3281","4/10/2014 12:00:00 AM"
"7154","1926","11/1/2012 12:00:00 AM"
"7155","11034","9/20/2013 12:00:00 AM"
"7156","12596","11/21/2013 12:00:00 AM"
"7157","481","8/13/2012 12:00:00 AM"
"7158","5789","7/25/2013 12:00:00 AM"
"7159","5159","7/16/2013 12:00:00 AM"
"7160","16243","9/4/2012 12:00:00 AM"
"7161","9392","11/25/2013 12:00:00 AM"
"7162","9582","11/21/2013 12:00:00 AM"
"7163","8848","2/2/2014 12:00:00 AM"
"7164","13220","4/16/2013 12:00:00 AM"
"7165","14125","5/15/2014 12:00:00 AM"
"7166","4025","11/10/2011 12:00:00 AM"
"7167","11386","5/21/2014 12:00:00 AM"
"7168","17655","12/9/2013 12:00:00 AM"
"7169","16313","1/26/2014 12:00:00 AM"
"7170","17518","12/13/2012 12:00:00 AM"
"7171","4083","12/7/2013 12:00:00 AM"
"7172","9103","11/16/2013 12:00:00 AM"
"7173","4372","6/5/2012 12:00:00 AM"
"7174","15757","4/26/2014 12:00:00 AM"
"7175","311","8/16/2013 12:00:00 AM"
"7176","11749","12/10/2012 12:00:00 AM"
"7177","7241","11/9/2013 12:00:00 AM"
"7178","14696","7/15/2012 12:00:00 AM"
"7179","75","9/22/2013 12:00:00 AM"
"7180","16297","7/12/2013 12:00:00 AM"
"7181","13991","5/7/2013 12:00:00 AM"
"7182","8264","7/1/2013 12:00:00 AM"
"7183","675","9/4/2013 12:00:00 AM"
"7184","5817","10/1/2013 12:00:00 AM"
"7185","15166","11/9/2012 12:00:00 AM"
"7186","8188","1/6/2014 12:00:00 AM"
"7187","8477","6/27/2014 12:00:00 AM"
"7188","5418","8/8/2013 12:00:00 AM"
"7189","9445","8/5/2013 12:00:00 AM"
"7190","5244","7/28/2013 12:00:00 AM"
"7191","16529","1/30/2014 12:00:00 AM"
"7192","14522","1/13/2014 12:00:00 AM"
"7193","2461","4/9/2014 12:00:00 AM"
"7194","15841","11/6/2011 12:00:00 AM"
"7195","4146","10/2/2013 12:00:00 AM"
"7196","17576","9/1/2013 12:00:00 AM"
"7197","17828","11/11/2013 12:00:00 AM"
"7198","4292","1/10/2014 12:00:00 AM"
"7199","9783","2/17/2012 12:00:00 AM"
"7200","9612","2/12/2012 12:00:00 AM"
"7201","1367","2/8/2014 12:00:00 AM"
"7202","16056","1/21/2012 12:00:00 AM"
"7203","9524","4/8/2014 12:00:00 AM"
"7204","2043","11/22/2012 12:00:00 AM"
"7205","18598","3/19/2012 12:00:00 AM"
"7206","9253","12/21/2013 12:00:00 AM"
"7207","1413","3/25/2013 12:00:00 AM"
"7208","1500","6/23/2011 12:00:00 AM"
"7209","4127","1/5/2014 12:00:00 AM"
"7210","9728","12/27/2013 12:00:00 AM"
"7211","15066","12/27/2013 12:00:00 AM"
"7212","17947","5/26/2014 12:00:00 AM"
"7213","1211","10/3/2013 12:00:00 AM"
"7214","3042","2/4/2014 12:00:00 AM"
"7215","14421","10/3/2013 12:00:00 AM"
"7216","10537","7/18/2012 12:00:00 AM"
"7217","15965","10/24/2013 12:00:00 AM"
"7218","5156","1/12/2014 12:00:00 AM"
"7219","18046","5/12/2013 12:00:00 AM"
"7220","3699","10/10/2012 12:00:00 AM"
"7221","12636","2/18/2013 12:00:00 AM"
"7222","6655","11/26/2013 12:00:00 AM"
"7223","12358","12/3/2013 12:00:00 AM"
"7224","10272","10/16/2013 12:00:00 AM"
"7225","8014","11/24/2013 12:00:00 AM"
"7226","9346","11/2/2011 12:00:00 AM"
"7227","1075","4/10/2012 12:00:00 AM"
"7228","13490","12/20/2013 12:00:00 AM"
"7229","16175","2/21/2014 12:00:00 AM"
"7230","15593","7/19/2013 12:00:00 AM"
"7231","12840","4/2/2014 12:00:00 AM"
"7232","7792","10/10/2011 12:00:00 AM"
"7233","3752","11/5/2013 12:00:00 AM"
"7234","17911","11/26/2011 12:00:00 AM"
"7235","10964","5/5/2013 12:00:00 AM"
"7236","12968","1/6/2012 12:00:00 AM"
"7237","5497","12/6/2013 12:00:00 AM"
"7238","8505","5/18/2012 12:00:00 AM"
"7239","18268","7/3/2013 12:00:00 AM"
"7240","6201","6/23/2014 12:00:00 AM"
"7241","12569","2/16/2012 12:00:00 AM"
"7242","1761","5/25/2014 12:00:00 AM"
"7243","10226","12/17/2013 12:00:00 AM"
"7244","13716","4/1/2013 12:00:00 AM"
"7245","13365","3/31/2013 12:00:00 AM"
"7246","12982","9/24/2013 12:00:00 AM"
"7247","5183","9/9/2013 12:00:00 AM"
"7248","14832","3/13/2014 12:00:00 AM"
"7249","2135","8/12/2013 12:00:00 AM"
"7250","4818","8/3/2012 12:00:00 AM"
"7251","14700","10/25/2013 12:00:00 AM"
"7252","10636","9/14/2013 12:00:00 AM"
"7253","18639","5/4/2014 12:00:00 AM"
"7254","13134","10/21/2013 12:00:00 AM"
"7255","1006","1/19/2014 12:00:00 AM"
"7256","9799","6/2/2013 12:00:00 AM"
"7257","9363","7/25/2013 12:00:00 AM"
"7258","9427","12/4/2012 12:00:00 AM"
"7259","15618","11/19/2011 12:00:00 AM"
"7260","16246","11/7/2011 12:00:00 AM"
"7261","8106","9/12/2013 12:00:00 AM"
"7262","12059","7/19/2011 12:00:00 AM"
"7263","12130","7/20/2013 12:00:00 AM"
"7264","7702","7/7/2013 12:00:00 AM"
"7265","3720","5/7/2014 12:00:00 AM"
"7266","16391","11/13/2013 12:00:00 AM"
"7267","6974","1/13/2013 12:00:00 AM"
"7268","15406","8/13/2013 12:00:00 AM"
"7269","9785","11/3/2013 12:00:00 AM"
"7270","9344","5/12/2012 12:00:00 AM"
"7271","9282","4/14/2014 12:00:00 AM"
"7272","1762","1/3/2014 12:00:00 AM"
"7273","14580","2/22/2012 12:00:00 AM"
"7274","1351","4/4/2014 12:00:00 AM"
"7275","1774","11/26/2012 12:00:00 AM"
"7276","5239","3/8/2013 12:00:00 AM"
"7277","7746","4/5/2014 12:00:00 AM"
"7278","11863","11/3/2013 12:00:00 AM"
"7279","12422","3/15/2012 12:00:00 AM"
"7280","2744","12/11/2013 12:00:00 AM"
"7281","15728","1/30/2014 12:00:00 AM"
"7282","7264","1/2/2014 12:00:00 AM"
"7283","4648","7/22/2013 12:00:00 AM"
"7284","17052","11/25/2013 12:00:00 AM"
"7285","9944","6/7/2014 12:00:00 AM"
"7286","9769","1/20/2014 12:00:00 AM"
"7287","18794","7/14/2013 12:00:00 AM"
"7288","15934","4/12/2014 12:00:00 AM"
"7289","18587","3/10/2012 12:00:00 AM"
"7290","16511","10/8/2013 12:00:00 AM"
"7291","14378","5/14/2014 12:00:00 AM"
"7292","2617","7/24/2013 12:00:00 AM"
"7293","1178","6/30/2011 12:00:00 AM"
"7294","12258","12/30/2013 12:00:00 AM"
"7295","8843","10/29/2013 12:00:00 AM"
"7296","8725","11/15/2013 12:00:00 AM"
"7297","18426","3/1/2014 12:00:00 AM"
"7298","9136","5/27/2013 12:00:00 AM"
"7299","3991","3/30/2013 12:00:00 AM"
"7300","6563","7/29/2013 12:00:00 AM"
"7301","2375","4/18/2014 12:00:00 AM"
"7302","7536","2/17/2014 12:00:00 AM"
"7303","4764","12/6/2013 12:00:00 AM"
"7304","11665","5/9/2014 12:00:00 AM"
"7305","16671","7/1/2013 12:00:00 AM"
"7306","16268","4/17/2013 12:00:00 AM"
"7307","5587","3/19/2014 12:00:00 AM"
"7308","4084","5/17/2014 12:00:00 AM"
"7309","6036","8/3/2013 12:00:00 AM"
"7310","7196","11/16/2012 12:00:00 AM"
"7311","17403","8/22/2011 12:00:00 AM"
"7312","10489","8/7/2013 12:00:00 AM"
"7313","17479","2/15/2014 12:00:00 AM"
"7314","11406","11/20/2013 12:00:00 AM"
"7315","15817","10/5/2012 12:00:00 AM"
"7316","15392","7/28/2013 12:00:00 AM"
"7317","7056","7/24/2013 12:00:00 AM"
"7318","6360","1/13/2013 12:00:00 AM"
"7319","15015","11/6/2013 12:00:00 AM"
"7320","1844","5/19/2013 12:00:00 AM"
"7321","2513","8/27/2013 12:00:00 AM"
"7322","1106","2/15/2012 12:00:00 AM"
"7323","16254","4/30/2014 12:00:00 AM"
"7324","11515","12/11/2012 12:00:00 AM"
"7325","328","3/1/2014 12:00:00 AM"
"7326","9404","6/23/2014 12:00:00 AM"
"7327","3489","8/23/2012 12:00:00 AM"
"7328","18088","6/14/2014 12:00:00 AM"
"7329","4393","4/25/2014 12:00:00 AM"
"7330","3010","7/26/2012 12:00:00 AM"
"7331","667","1/9/2014 12:00:00 AM"
"7332","9588","1/16/2014 12:00:00 AM"
"7333","7311","10/26/2011 12:00:00 AM"
"7334","14668","9/30/2013 12:00:00 AM"
"7335","15435","6/28/2014 12:00:00 AM"
"7336","3187","4/26/2014 12:00:00 AM"
"7337","14399","7/12/2012 12:00:00 AM"
"7338","16808","9/26/2012 12:00:00 AM"
"7339","479","12/17/2013 12:00:00 AM"
"7340","18186","8/5/2013 12:00:00 AM"
"7341","10077","12/4/2013 12:00:00 AM"
"7342","9523","9/16/2013 12:00:00 AM"
"7343","4970","7/12/2013 12:00:00 AM"
"7344","17274","12/10/2013 12:00:00 AM"
"7345","7251","5/19/2014 12:00:00 AM"
"7346","2032","9/16/2013 12:00:00 AM"
"7347","7229","7/26/2013 12:00:00 AM"
"7348","16799","9/17/2012 12:00:00 AM"
"7349","467","4/4/2014 12:00:00 AM"
"7350","3996","12/22/2013 12:00:00 AM"
"7351","11064","8/18/2013 12:00:00 AM"
"7352","3520","8/14/2013 12:00:00 AM"
"7353","1873","9/18/2013 12:00:00 AM"
"7354","11250","11/13/2013 12:00:00 AM"
"7355","4584","4/7/2014 12:00:00 AM"
"7356","6403","2/28/2014 12:00:00 AM"
"7357","12655","1/21/2014 12:00:00 AM"
"7358","10818","11/27/2012 12:00:00 AM"
"7359","13258","10/5/2013 12:00:00 AM"
"7360","8122","3/30/2014 12:00:00 AM"
"7361","3709","10/12/2011 12:00:00 AM"
"7362","13039","1/12/2014 12:00:00 AM"
"7363","9885","7/14/2013 12:00:00 AM"
"7364","708","3/18/2014 12:00:00 AM"
"7365","10539","11/6/2011 12:00:00 AM"
"7366","7968","5/13/2014 12:00:00 AM"
"7367","5885","10/29/2013 12:00:00 AM"
"7368","3755","8/13/2011 12:00:00 AM"
"7369","1675","1/26/2012 12:00:00 AM"
"7370","16839","3/21/2014 12:00:00 AM"
"7371","14724","2/10/2012 12:00:00 AM"
"7372","217","8/4/2012 12:00:00 AM"
"7373","14760","2/3/2014 12:00:00 AM"
"7374","13484","12/1/2013 12:00:00 AM"
"7375","10723","5/13/2014 12:00:00 AM"
"7376","5052","11/9/2013 12:00:00 AM"
"7377","8966","1/14/2014 12:00:00 AM"
"7378","18935","6/3/2013 12:00:00 AM"
"7379","11085","5/11/2014 12:00:00 AM"
"7380","9406","7/11/2013 12:00:00 AM"
"7381","17053","2/29/2012 12:00:00 AM"
"7382","1146","4/4/2013 12:00:00 AM"
"7383","9818","5/25/2014 12:00:00 AM"
"7384","10280","2/4/2014 12:00:00 AM"
"7385","18537","4/25/2014 12:00:00 AM"
"7386","17892","5/28/2014 12:00:00 AM"
"7387","9621","1/15/2014 12:00:00 AM"
"7388","8267","9/29/2013 12:00:00 AM"
"7389","6110","1/4/2014 12:00:00 AM"
"7390","13422","8/3/2013 12:00:00 AM"
"7391","11374","11/11/2011 12:00:00 AM"
"7392","4224","12/19/2013 12:00:00 AM"
"7393","12729","12/2/2012 12:00:00 AM"
"7394","9930","6/19/2011 12:00:00 AM"
"7395","14476","2/2/2014 12:00:00 AM"
"7396","8165","5/21/2014 12:00:00 AM"
"7397","6254","7/27/2012 12:00:00 AM"
"7398","2783","10/6/2013 12:00:00 AM"
"7399","560","7/27/2011 12:00:00 AM"
"7400","1536","3/1/2013 12:00:00 AM"
"7401","2150","12/24/2013 12:00:00 AM"
"7402","962","11/2/2013 12:00:00 AM"
"7403","15647","4/7/2014 12:00:00 AM"
"7404","18245","9/21/2011 12:00:00 AM"
"7405","4323","7/20/2013 12:00:00 AM"
"7406","16070","3/6/2014 12:00:00 AM"
"7407","822","12/22/2011 12:00:00 AM"
"7408","16775","5/21/2014 12:00:00 AM"
"7409","8516","2/6/2014 12:00:00 AM"
"7410","7806","3/15/2012 12:00:00 AM"
"7411","8962","5/21/2014 12:00:00 AM"
"7412","9302","5/27/2013 12:00:00 AM"
"7413","16648","1/14/2014 12:00:00 AM"
"7414","14406","6/25/2012 12:00:00 AM"
"7415","2306","8/22/2013 12:00:00 AM"
"7416","632","4/14/2014 12:00:00 AM"
"7417","478","9/4/2013 12:00:00 AM"
"7418","5825","7/27/2013 12:00:00 AM"
"7419","1818","12/21/2013 12:00:00 AM"
"7420","15589","9/27/2013 12:00:00 AM"
"7421","15222","6/1/2012 12:00:00 AM"
"7422","18041","5/22/2012 12:00:00 AM"
"7423","10109","10/31/2013 12:00:00 AM"
"7424","558","5/25/2012 12:00:00 AM"
"7425","5725","7/30/2013 12:00:00 AM"
"7426","12301","3/7/2014 12:00:00 AM"
"7427","15290","5/1/2014 12:00:00 AM"
"7428","8514","5/5/2014 12:00:00 AM"
"7429","2341","4/15/2014 12:00:00 AM"
"7430","13336","6/19/2013 12:00:00 AM"
"7431","11154","5/7/2014 12:00:00 AM"
"7432","11029","4/26/2013 12:00:00 AM"
"7433","9560","8/31/2013 12:00:00 AM"
"7434","9393","6/23/2014 12:00:00 AM"
"7435","18568","5/19/2014 12:00:00 AM"
"7436","8912","5/8/2014 12:00:00 AM"
"7437","11273","9/8/2013 12:00:00 AM"
"7438","6843","1/4/2014 12:00:00 AM"
"7439","8429","4/21/2013 12:00:00 AM"
"7440","12716","7/18/2013 12:00:00 AM"
"7441","3702","11/29/2013 12:00:00 AM"
"7442","17384","11/1/2013 12:00:00 AM"
"7443","3753","12/25/2013 12:00:00 AM"
"7444","5941","8/9/2013 12:00:00 AM"
"7445","18424","12/27/2013 12:00:00 AM"
"7446","9452","4/3/2014 12:00:00 AM"
"7447","13124","11/24/2013 12:00:00 AM"
"7448","9749","4/12/2014 12:00:00 AM"
"7449","2199","9/21/2013 12:00:00 AM"
"7450","12526","2/6/2014 12:00:00 AM"
"7451","8154","4/7/2012 12:00:00 AM"
"7452","1018","12/15/2012 12:00:00 AM"
"7453","18081","12/6/2013 12:00:00 AM"
"7454","13963","10/21/2013 12:00:00 AM"
"7455","353","12/31/2013 12:00:00 AM"
"7456","18336","5/30/2014 12:00:00 AM"
"7457","10677","7/21/2012 12:00:00 AM"
"7458","4419","5/7/2014 12:00:00 AM"
"7459","5911","5/14/2014 12:00:00 AM"
"7460","3711","7/2/2013 12:00:00 AM"
"7461","2856","12/31/2013 12:00:00 AM"
"7462","13244","8/25/2013 12:00:00 AM"
"7463","11754","8/13/2013 12:00:00 AM"
"7464","6891","6/25/2014 12:00:00 AM"
"7465","10665","2/14/2014 12:00:00 AM"
"7466","331","11/3/2013 12:00:00 AM"
"7467","10755","3/24/2013 12:00:00 AM"
"7468","2465","9/2/2013 12:00:00 AM"
"7469","14022","2/27/2014 12:00:00 AM"
"7470","7778","8/28/2012 12:00:00 AM"
"7471","7638","1/5/2014 12:00:00 AM"
"7472","16633","12/25/2012 12:00:00 AM"
"7473","17833","7/4/2013 12:00:00 AM"
"7474","7736","11/5/2013 12:00:00 AM"
"7475","6742","7/18/2013 12:00:00 AM"
"7476","2622","3/17/2012 12:00:00 AM"
"7477","3278","4/18/2014 12:00:00 AM"
"7478","4198","2/2/2014 12:00:00 AM"
"7479","12051","10/27/2013 12:00:00 AM"
"7480","12633","8/17/2013 12:00:00 AM"
"7481","7943","7/10/2013 12:00:00 AM"
"7482","5113","4/19/2014 12:00:00 AM"
"7483","17500","9/26/2013 12:00:00 AM"
"7484","17755","5/12/2013 12:00:00 AM"
"7485","14490","9/26/2013 12:00:00 AM"
"7486","4566","11/16/2013 12:00:00 AM"
"7487","13933","1/10/2014 12:00:00 AM"
"7488","17243","3/26/2014 12:00:00 AM"
"7489","14839","1/1/2012 12:00:00 AM"
"7490","12683","1/7/2012 12:00:00 AM"
"7491","14232","2/7/2014 12:00:00 AM"
"7492","12667","2/10/2014 12:00:00 AM"
"7493","11519","3/6/2012 12:00:00 AM"
"7494","1880","8/2/2013 12:00:00 AM"
"7495","8803","3/28/2014 12:00:00 AM"
"7496","5109","12/26/2013 12:00:00 AM"
"7497","8199","1/12/2014 12:00:00 AM"
"7498","13485","6/26/2011 12:00:00 AM"
"7499","10855","5/5/2012 12:00:00 AM"
"7500","19213","3/12/2013 12:00:00 AM"
"7501","1722","1/6/2012 12:00:00 AM"
"7502","7337","10/27/2013 12:00:00 AM"
"7503","12846","3/27/2014 12:00:00 AM"
"7504","7533","6/30/2013 12:00:00 AM"
"7505","6995","3/6/2012 12:00:00 AM"
"7506","10568","8/17/2013 12:00:00 AM"
"7507","4038","4/13/2014 12:00:00 AM"
"7508","15715","7/1/2013 12:00:00 AM"
"7509","5252","2/16/2014 12:00:00 AM"
"7510","14758","2/24/2014 12:00:00 AM"
"7511","7562","2/5/2012 12:00:00 AM"
"7512","69","5/17/2012 12:00:00 AM"
"7513","9288","8/14/2013 12:00:00 AM"
"7514","11475","11/27/2012 12:00:00 AM"
"7515","3158","7/13/2013 12:00:00 AM"
"7516","8989","11/15/2012 12:00:00 AM"
"7517","11071","7/20/2013 12:00:00 AM"
"7518","4389","8/17/2013 12:00:00 AM"
"7519","13170","7/1/2012 12:00:00 AM"
"7520","8330","7/23/2013 12:00:00 AM"
"7521","18282","8/5/2013 12:00:00 AM"
"7522","14209","10/12/2013 12:00:00 AM"
"7523","13007","3/8/2013 12:00:00 AM"
"7524","1615","10/5/2013 12:00:00 AM"
"7525","12451","5/3/2014 12:00:00 AM"
"7526","4337","7/21/2013 12:00:00 AM"
"7527","13432","3/11/2012 12:00:00 AM"
"7528","5631","6/19/2014 12:00:00 AM"
"7529","7963","5/28/2013 12:00:00 AM"
"7530","5624","12/20/2013 12:00:00 AM"
"7531","363","4/4/2014 12:00:00 AM"
"7532","7062","5/17/2014 12:00:00 AM"
"7533","4691","8/24/2013 12:00:00 AM"
"7534","2386","12/20/2011 12:00:00 AM"
"7535","15470","12/6/2012 12:00:00 AM"
"7536","17963","1/4/2014 12:00:00 AM"
"7537","19158","12/3/2013 12:00:00 AM"
"7538","5382","3/9/2014 12:00:00 AM"
"7539","15201","5/4/2014 12:00:00 AM"
"7540","6506","12/15/2013 12:00:00 AM"
"7541","3063","8/18/2013 12:00:00 AM"
"7542","11351","11/21/2013 12:00:00 AM"
"7543","13327","11/17/2013 12:00:00 AM"
"7544","18449","8/4/2012 12:00:00 AM"
"7545","3862","3/7/2013 12:00:00 AM"
"7546","17253","8/22/2013 12:00:00 AM"
"7547","4869","2/9/2014 12:00:00 AM"
"7548","18481","1/26/2012 12:00:00 AM"
"7549","6555","10/23/2011 12:00:00 AM"
"7550","4823","5/28/2014 12:00:00 AM"
"7551","11604","3/24/2012 12:00:00 AM"
"7552","210","10/3/2013 12:00:00 AM"
"7553","7446","7/9/2013 12:00:00 AM"
"7554","13781","3/30/2012 12:00:00 AM"
"7555","9394","11/12/2012 12:00:00 AM"
"7556","12012","12/15/2013 12:00:00 AM"
"7557","2831","8/1/2013 12:00:00 AM"
"7558","18786","9/6/2013 12:00:00 AM"
"7559","11155","9/5/2013 12:00:00 AM"
"7560","9538","9/9/2013 12:00:00 AM"
"7561","10681","8/14/2013 12:00:00 AM"
"7562","5576","4/4/2014 12:00:00 AM"
"7563","15727","7/16/2013 12:00:00 AM"
"7564","18702","11/24/2013 12:00:00 AM"
"7565","7919","4/30/2014 12:00:00 AM"
"7566","3293","11/15/2011 12:00:00 AM"
"7567","10578","2/4/2014 12:00:00 AM"
"7568","2429","11/15/2013 12:00:00 AM"
"7569","5973","7/8/2012 12:00:00 AM"
"7570","993","9/4/2013 12:00:00 AM"
"7571","13391","3/27/2014 12:00:00 AM"
"7572","8757","11/14/2012 12:00:00 AM"
"7573","18069","8/15/2013 12:00:00 AM"
"7574","18907","6/16/2013 12:00:00 AM"
"7575","5949","8/31/2013 12:00:00 AM"
"7576","15150","4/1/2014 12:00:00 AM"
"7577","51","3/7/2014 12:00:00 AM"
"7578","3033","7/19/2013 12:00:00 AM"
"7579","5107","4/25/2014 12:00:00 AM"
"7580","11141","11/25/2011 12:00:00 AM"
"7581","2044","10/2/2013 12:00:00 AM"
"7582","14089","6/30/2014 12:00:00 AM"
"7583","3724","11/24/2013 12:00:00 AM"
"7584","19004","5/25/2014 12:00:00 AM"
"7585","6531","10/14/2013 12:00:00 AM"
"7586","15039","3/27/2013 12:00:00 AM"
"7587","8115","7/19/2011 12:00:00 AM"
"7588","16841","7/17/2013 12:00:00 AM"
"7589","2580","5/1/2014 12:00:00 AM"
"7590","13597","4/12/2014 12:00:00 AM"
"7591","785","7/18/2013 12:00:00 AM"
"7592","11928","6/5/2014 12:00:00 AM"
"7593","9432","7/2/2013 12:00:00 AM"
"7594","13164","8/21/2013 12:00:00 AM"
"7595","18580","1/3/2014 12:00:00 AM"
"7596","17457","8/21/2013 12:00:00 AM"
"7597","14003","7/26/2013 12:00:00 AM"
"7598","9753","11/14/2013 12:00:00 AM"
"7599","9956","5/11/2014 12:00:00 AM"
"7600","17801","7/5/2011 12:00:00 AM"
"7601","3836","4/11/2014 12:00:00 AM"
"7602","4534","6/16/2012 12:00:00 AM"
"7603","7833","2/14/2013 12:00:00 AM"
"7604","7780","5/1/2014 12:00:00 AM"
"7605","12446","8/26/2013 12:00:00 AM"
"7606","7744","10/8/2013 12:00:00 AM"
"7607","11704","8/9/2011 12:00:00 AM"
"7608","14385","12/9/2013 12:00:00 AM"
"7609","314","4/6/2014 12:00:00 AM"
"7610","9357","3/27/2014 12:00:00 AM"
"7611","17991","2/14/2014 12:00:00 AM"
"7612","12563","9/8/2012 12:00:00 AM"
"7613","18210","2/20/2014 12:00:00 AM"
"7614","13315","7/8/2011 12:00:00 AM"
"7615","3833","1/13/2014 12:00:00 AM"
"7616","17643","12/4/2013 12:00:00 AM"
"7617","18575","7/21/2013 12:00:00 AM"
"7618","17664","8/9/2013 12:00:00 AM"
"7619","16658","6/2/2013 12:00:00 AM"
"7620","14948","6/13/2011 12:00:00 AM"
"7621","17943","3/2/2013 12:00:00 AM"
"7622","11791","11/22/2013 12:00:00 AM"
"7623","2685","3/15/2012 12:00:00 AM"
"7624","3910","3/15/2014 12:00:00 AM"
"7625","14957","5/13/2014 12:00:00 AM"
"7626","8498","7/17/2013 12:00:00 AM"
"7627","12084","4/14/2014 12:00:00 AM"
"7628","13492","10/10/2013 12:00:00 AM"
"7629","4259","7/6/2013 12:00:00 AM"
"7630","5474","6/16/2014 12:00:00 AM"
"7631","14383","8/11/2012 12:00:00 AM"
"7632","17292","5/27/2013 12:00:00 AM"
"7633","14439","6/13/2014 12:00:00 AM"
"7634","15985","10/6/2013 12:00:00 AM"
"7635","11163","7/5/2013 12:00:00 AM"
"7636","6905","3/9/2014 12:00:00 AM"
"7637","13538","9/7/2013 12:00:00 AM"
"7638","4237","9/7/2013 12:00:00 AM"
"7639","3698","3/30/2014 12:00:00 AM"
"7640","5564","9/6/2013 12:00:00 AM"
"7641","10174","12/15/2013 12:00:00 AM"
"7642","18843","12/14/2013 12:00:00 AM"
"7643","5149","6/27/2014 12:00:00 AM"
"7644","265","10/4/2013 12:00:00 AM"
"7645","18063","12/15/2011 12:00:00 AM"
"7646","2953","10/24/2012 12:00:00 AM"
"7647","1045","11/30/2013 12:00:00 AM"
"7648","7868","6/19/2012 12:00:00 AM"
"7649","1019","5/4/2014 12:00:00 AM"
"7650","2767","12/2/2013 12:00:00 AM"
"7651","1811","12/14/2011 12:00:00 AM"
"7652","10414","10/27/2013 12:00:00 AM"
"7653","10529","2/14/2012 12:00:00 AM"
"7654","19124","3/4/2014 12:00:00 AM"
"7655","18396","4/20/2013 12:00:00 AM"
"7656","11455","2/15/2014 12:00:00 AM"
"7657","12020","2/7/2012 12:00:00 AM"
"7658","2653","9/30/2013 12:00:00 AM"
"7659","15509","1/11/2014 12:00:00 AM"
"7660","15431","10/18/2013 12:00:00 AM"
"7661","9140","9/4/2013 12:00:00 AM"
"7662","6275","7/20/2013 12:00:00 AM"
"7663","10968","4/1/2013 12:00:00 AM"
"7664","202","10/16/2013 12:00:00 AM"
"7665","11969","10/9/2012 12:00:00 AM"
"7666","4673","10/28/2013 12:00:00 AM"
"7667","14110","11/2/2013 12:00:00 AM"
"7668","18747","4/26/2014 12:00:00 AM"
"7669","17691","11/10/2013 12:00:00 AM"
"7670","16961","1/7/2014 12:00:00 AM"
"7671","7679","12/20/2013 12:00:00 AM"
"7672","16822","6/24/2013 12:00:00 AM"
"7673","2153","6/16/2014 12:00:00 AM"
"7674","3325","9/12/2013 12:00:00 AM"
"7675","3747","2/10/2014 12:00:00 AM"
"7676","12188","2/14/2014 12:00:00 AM"
"7677","17104","3/10/2013 12:00:00 AM"
"7678","4474","7/12/2013 12:00:00 AM"
"7679","3496","2/3/2014 12:00:00 AM"
"7680","10459","1/19/2014 12:00:00 AM"
"7681","3071","6/1/2014 12:00:00 AM"
"7682","15928","8/31/2013 12:00:00 AM"
"7683","18280","11/18/2012 12:00:00 AM"
"7684","4056","9/24/2013 12:00:00 AM"
"7685","7458","5/20/2013 12:00:00 AM"
"7686","13961","7/16/2013 12:00:00 AM"
"7687","8604","6/19/2014 12:00:00 AM"
"7688","13272","10/14/2011 12:00:00 AM"
"7689","7022","2/15/2013 12:00:00 AM"
"7690","16729","8/22/2013 12:00:00 AM"
"7691","16788","8/4/2013 12:00:00 AM"
"7692","17440","8/12/2012 12:00:00 AM"
"7693","11459","6/1/2014 12:00:00 AM"
"7694","4913","2/15/2013 12:00:00 AM"
"7695","10313","9/26/2012 12:00:00 AM"
"7696","12609","3/12/2014 12:00:00 AM"
"7697","10829","4/28/2012 12:00:00 AM"
"7698","7322","12/10/2013 12:00:00 AM"
"7699","1604","2/14/2014 12:00:00 AM"
"7700","2104","4/11/2014 12:00:00 AM"
"7701","7938","8/9/2011 12:00:00 AM"
"7702","16838","8/8/2013 12:00:00 AM"
"7703","7358","8/13/2013 12:00:00 AM"
"7704","13928","12/29/2013 12:00:00 AM"
"7705","3814","10/29/2013 12:00:00 AM"
"7706","14130","6/20/2012 12:00:00 AM"
"7707","1412","7/11/2013 12:00:00 AM"
"7708","7740","11/3/2012 12:00:00 AM"
"7709","15641","6/29/2011 12:00:00 AM"
"7710","11522","2/20/2014 12:00:00 AM"
"7711","10168","12/11/2013 12:00:00 AM"
"7712","16600","5/21/2014 12:00:00 AM"
"7713","11535","12/28/2012 12:00:00 AM"
"7714","4453","11/29/2011 12:00:00 AM"
"7715","3048","5/2/2014 12:00:00 AM"
"7716","9606","4/21/2014 12:00:00 AM"
"7717","17161","5/27/2014 12:00:00 AM"
"7718","15116","6/27/2013 12:00:00 AM"
"7719","15644","4/15/2014 12:00:00 AM"
"7720","6084","2/15/2013 12:00:00 AM"
"7721","9790","7/27/2013 12:00:00 AM"
"7722","12402","3/25/2014 12:00:00 AM"
"7723","18565","4/14/2012 12:00:00 AM"
"7724","8614","3/28/2014 12:00:00 AM"
"7725","14936","9/6/2012 12:00:00 AM"
"7726","6538","5/26/2012 12:00:00 AM"
"7727","14641","8/13/2013 12:00:00 AM"
"7728","11190","1/24/2014 12:00:00 AM"
"7729","799","8/18/2013 12:00:00 AM"
"7730","13642","1/10/2014 12:00:00 AM"
"7731","16997","11/22/2012 12:00:00 AM"
"7732","13362","11/30/2011 12:00:00 AM"
"7733","11653","7/18/2013 12:00:00 AM"
"7734","5293","1/18/2014 12:00:00 AM"
"7735","17478","5/1/2014 12:00:00 AM"
"7736","654","11/21/2013 12:00:00 AM"
"7737","10913","5/18/2012 12:00:00 AM"
"7738","4616","4/29/2014 12:00:00 AM"
"7739","6063","12/13/2013 12:00:00 AM"
"7740","1692","6/24/2014 12:00:00 AM"
"7741","6965","9/13/2013 12:00:00 AM"
"7742","13775","1/24/2012 12:00:00 AM"
"7743","9380","3/30/2014 12:00:00 AM"
"7744","14845","3/25/2014 12:00:00 AM"
"7745","12749","12/2/2011 12:00:00 AM"
"7746","7617","7/16/2013 12:00:00 AM"
"7747","4904","7/15/2012 12:00:00 AM"
"7748","17296","3/24/2014 12:00:00 AM"
"7749","5634","10/16/2013 12:00:00 AM"
"7750","12755","8/7/2013 12:00:00 AM"
"7751","2548","5/20/2013 12:00:00 AM"
"7752","3744","7/4/2013 12:00:00 AM"
"7753","17663","2/5/2014 12:00:00 AM"
"7754","8499","8/12/2011 12:00:00 AM"
"7755","5966","8/26/2013 12:00:00 AM"
"7756","5126","3/19/2014 12:00:00 AM"
"7757","11059","3/3/2013 12:00:00 AM"
"7758","1587","3/6/2014 12:00:00 AM"
"7759","2854","8/7/2013 12:00:00 AM"
"7760","7463","12/10/2013 12:00:00 AM"
"7761","14453","4/11/2014 12:00:00 AM"
"7762","6720","8/19/2013 12:00:00 AM"
"7763","5137","9/5/2013 12:00:00 AM"
"7764","8519","8/24/2013 12:00:00 AM"
"7765","14821","10/9/2013 12:00:00 AM"
"7766","9162","11/17/2013 12:00:00 AM"
"7767","6269","12/13/2013 12:00:00 AM"
"7768","18758","4/19/2013 12:00:00 AM"
"7769","15493","4/30/2014 12:00:00 AM"
"7770","16310","3/14/2014 12:00:00 AM"
"7771","8037","9/29/2013 12:00:00 AM"
"7772","4687","8/3/2013 12:00:00 AM"
"7773","10708","4/24/2014 12:00:00 AM"
"7774","4636","9/28/2013 12:00:00 AM"
"7775","4650","4/29/2014 12:00:00 AM"
"7776","17024","8/29/2013 12:00:00 AM"
"7777","7234","3/6/2014 12:00:00 AM"
"7778","5876","4/7/2014 12:00:00 AM"
"7779","7119","4/26/2014 12:00:00 AM"
"7780","11593","6/28/2014 12:00:00 AM"
"7781","5330","12/5/2013 12:00:00 AM"
"7782","709","6/9/2014 12:00:00 AM"
"7783","17194","7/3/2013 12:00:00 AM"
"7784","746","12/17/2013 12:00:00 AM"
"7785","2383","1/24/2013 12:00:00 AM"
"7786","14694","5/4/2013 12:00:00 AM"
"7787","2257","11/3/2013 12:00:00 AM"
"7788","2623","9/15/2012 12:00:00 AM"
"7789","16643","7/15/2013 12:00:00 AM"
"7790","11058","4/25/2014 12:00:00 AM"
"7791","12696","8/8/2013 12:00:00 AM"
"7792","11361","12/10/2013 12:00:00 AM"
"7793","6501","11/29/2013 12:00:00 AM"
"7794","1364","3/3/2013 12:00:00 AM"
"7795","1294","8/12/2013 12:00:00 AM"
"7796","608","7/19/2013 12:00:00 AM"
"7797","17037","3/29/2014 12:00:00 AM"
"7798","7064","7/11/2013 12:00:00 AM"
"7799","5623","2/12/2014 12:00:00 AM"
"7800","11788","7/4/2013 12:00:00 AM"
"7801","9429","9/29/2012 12:00:00 AM"
"7802","14388","5/28/2014 12:00:00 AM"
"7803","8693","3/27/2014 12:00:00 AM"
"7804","7141","8/3/2013 12:00:00 AM"
"7805","1306","10/10/2013 12:00:00 AM"
"7806","8987","8/27/2013 12:00:00 AM"
"7807","13430","5/27/2014 12:00:00 AM"
"7808","17933","6/30/2014 12:00:00 AM"
"7809","17154","4/9/2013 12:00:00 AM"
"7810","17980","12/11/2012 12:00:00 AM"
"7811","10449","12/8/2013 12:00:00 AM"
"7812","4853","9/13/2013 12:00:00 AM"
"7813","10203","5/16/2014 12:00:00 AM"
"7814","5018","7/16/2013 12:00:00 AM"
"7815","15814","10/29/2013 12:00:00 AM"
"7816","4340","4/1/2014 12:00:00 AM"
"7817","3592","4/3/2014 12:00:00 AM"
"7818","226","11/8/2013 12:00:00 AM"
"7819","4383","3/3/2014 12:00:00 AM"
"7820","17887","3/22/2012 12:00:00 AM"
"7821","1231","8/2/2013 12:00:00 AM"
"7822","17476","9/2/2013 12:00:00 AM"
"7823","17151","5/5/2014 12:00:00 AM"
"7824","14781","8/28/2012 12:00:00 AM"
"7825","11218","3/5/2014 12:00:00 AM"
"7826","6186","3/18/2012 12:00:00 AM"
"7827","7306","2/24/2014 12:00:00 AM"
"7828","7068","5/7/2014 12:00:00 AM"
"7829","6138","3/14/2012 12:00:00 AM"
"7830","7519","12/6/2013 12:00:00 AM"
"7831","11847","6/19/2014 12:00:00 AM"
"7832","18970","4/5/2014 12:00:00 AM"
"7833","4163","5/11/2014 12:00:00 AM"
"7834","13806","5/5/2014 12:00:00 AM"
"7835","15445","11/5/2013 12:00:00 AM"
"7836","646","2/24/2014 12:00:00 AM"
"7837","15930","6/16/2014 12:00:00 AM"
"7838","18473","12/27/2013 12:00:00 AM"
"7839","11253","4/24/2013 12:00:00 AM"
"7840","375","3/16/2014 12:00:00 AM"
"7841","12118","9/2/2013 12:00:00 AM"
"7842","6748","4/4/2013 12:00:00 AM"
"7843","3785","9/28/2013 12:00:00 AM"
"7844","4090","11/26/2013 12:00:00 AM"
"7845","6122","10/12/2012 12:00:00 AM"
"7846","13588","2/2/2014 12:00:00 AM"
"7847","16231","5/10/2014 12:00:00 AM"
"7848","17572","12/19/2013 12:00:00 AM"
"7849","16941","1/26/2012 12:00:00 AM"
"7850","9966","5/19/2014 12:00:00 AM"
"7851","11640","11/7/2013 12:00:00 AM"
"7852","10022","6/26/2011 12:00:00 AM"
"7853","8880","3/15/2014 12:00:00 AM"
"7854","5982","4/30/2014 12:00:00 AM"
"7855","5603","9/27/2013 12:00:00 AM"
"7856","3423","5/28/2014 12:00:00 AM"
"7857","4047","11/12/2012 12:00:00 AM"
"7858","1884","10/12/2013 12:00:00 AM"
"7859","8455","12/5/2013 12:00:00 AM"
"7860","14869","1/21/2014 12:00:00 AM"
"7861","13509","5/6/2012 12:00:00 AM"
"7862","11160","3/21/2014 12:00:00 AM"
"7863","14295","6/6/2014 12:00:00 AM"
"7864","12954","1/15/2014 12:00:00 AM"
"7865","18482","10/6/2013 12:00:00 AM"
"7866","13954","9/2/2012 12:00:00 AM"
"7867","18166","7/11/2013 12:00:00 AM"
"7868","15604","7/7/2013 12:00:00 AM"
"7869","8685","3/12/2013 12:00:00 AM"
"7870","17162","9/20/2013 12:00:00 AM"
"7871","866","7/26/2013 12:00:00 AM"
"7872","4126","6/17/2012 12:00:00 AM"
"7873","3337","4/15/2014 12:00:00 AM"
"7874","1436","3/21/2014 12:00:00 AM"
"7875","9491","2/22/2014 12:00:00 AM"
"7876","8766","11/28/2011 12:00:00 AM"
"7877","10875","11/30/2013 12:00:00 AM"
"7878","5806","9/16/2013 12:00:00 AM"
"7879","7066","8/23/2013 12:00:00 AM"
"7880","5908","5/1/2014 12:00:00 AM"
"7881","1971","7/20/2011 12:00:00 AM"
"7882","10845","11/8/2011 12:00:00 AM"
"7883","13292","4/15/2014 12:00:00 AM"
"7884","15216","8/16/2013 12:00:00 AM"
"7885","16912","6/1/2014 12:00:00 AM"
"7886","9459","12/10/2013 12:00:00 AM"
"7887","3001","4/2/2012 12:00:00 AM"
"7888","436","5/18/2014 12:00:00 AM"
"7889","17849","6/14/2014 12:00:00 AM"
"7890","693","7/20/2013 12:00:00 AM"
"7891","7084","1/30/2014 12:00:00 AM"
"7892","18738","5/16/2014 12:00:00 AM"
"7893","6234","4/10/2013 12:00:00 AM"
"7894","5158","7/19/2013 12:00:00 AM"
"7895","2887","5/11/2014 12:00:00 AM"
"7896","16171","6/27/2012 12:00:00 AM"
"7897","11286","2/7/2013 12:00:00 AM"
"7898","14596","4/7/2014 12:00:00 AM"
"7899","3768","8/13/2013 12:00:00 AM"
"7900","8538","4/26/2013 12:00:00 AM"
"7901","13513","7/16/2013 12:00:00 AM"
"7902","17210","5/25/2013 12:00:00 AM"
"7903","6657","4/14/2014 12:00:00 AM"
"7904","1191","7/16/2013 12:00:00 AM"
"7905","3106","3/3/2014 12:00:00 AM"
"7906","10035","4/24/2014 12:00:00 AM"
"7907","2196","9/21/2013 12:00:00 AM"
"7908","3715","4/18/2013 12:00:00 AM"
"7909","17483","9/28/2013 12:00:00 AM"
"7910","16730","6/27/2011 12:00:00 AM"
"7911","1189","8/19/2013 12:00:00 AM"
"7912","3541","11/27/2013 12:00:00 AM"
"7913","10598","1/4/2014 12:00:00 AM"
"7914","16071","8/23/2013 12:00:00 AM"
"7915","4862","6/12/2013 12:00:00 AM"
"7916","10013","10/15/2013 12:00:00 AM"
"7917","17258","9/1/2013 12:00:00 AM"
"7918","15328","4/7/2014 12:00:00 AM"
"7919","1064","10/22/2013 12:00:00 AM"
"7920","18921","3/7/2014 12:00:00 AM"
"7921","1149","11/27/2011 12:00:00 AM"
"7922","10347","8/2/2013 12:00:00 AM"
"7923","3084","4/26/2014 12:00:00 AM"
"7924","3246","4/18/2012 12:00:00 AM"
"7925","412","9/18/2011 12:00:00 AM"
"7926","2976","8/20/2013 12:00:00 AM"
"7927","15114","9/13/2013 12:00:00 AM"
"7928","7591","12/12/2013 12:00:00 AM"
"7929","14813","7/29/2013 12:00:00 AM"
"7930","7230","3/14/2012 12:00:00 AM"
"7931","5916","11/4/2012 12:00:00 AM"
"7932","8982","11/23/2011 12:00:00 AM"
"7933","13103","5/21/2014 12:00:00 AM"
"7934","12406","1/4/2014 12:00:00 AM"
"7935","8543","11/10/2013 12:00:00 AM"
"7936","2211","3/17/2014 12:00:00 AM"
"7937","15676","8/21/2013 12:00:00 AM"
"7938","9643","5/17/2014 12:00:00 AM"
"7939","8128","3/30/2013 12:00:00 AM"
"7940","16420","6/24/2014 12:00:00 AM"
"7941","12111","10/17/2011 12:00:00 AM"
"7942","10257","7/20/2011 12:00:00 AM"
"7943","12327","1/4/2014 12:00:00 AM"
"7944","10297","6/8/2013 12:00:00 AM"
"7945","12250","10/28/2013 12:00:00 AM"
"7946","7733","11/23/2013 12:00:00 AM"
"7947","16647","2/12/2014 12:00:00 AM"
"7948","5015","6/4/2014 12:00:00 AM"
"7949","14969","4/28/2014 12:00:00 AM"
"7950","2770","11/21/2013 12:00:00 AM"
"7951","16668","10/21/2011 12:00:00 AM"
"7952","7178","4/13/2014 12:00:00 AM"
"7953","17416","8/8/2012 12:00:00 AM"
"7954","16348","9/6/2011 12:00:00 AM"
"7955","8269","6/18/2013 12:00:00 AM"
"7956","5428","12/11/2011 12:00:00 AM"
"7957","14238","5/21/2014 12:00:00 AM"
"7958","6959","11/28/2011 12:00:00 AM"
"7959","14397","4/30/2014 12:00:00 AM"
"7960","6846","12/20/2012 12:00:00 AM"
"7961","4153","12/28/2011 12:00:00 AM"
"7962","4837","8/9/2012 12:00:00 AM"
"7963","17579","4/7/2013 12:00:00 AM"
"7964","18849","4/5/2013 12:00:00 AM"
"7965","8560","2/7/2014 12:00:00 AM"
"7966","6853","7/8/2013 12:00:00 AM"
"7967","15522","2/5/2014 12:00:00 AM"
"7968","3335","5/26/2013 12:00:00 AM"
"7969","1392","7/25/2013 12:00:00 AM"
"7970","1987","9/6/2011 12:00:00 AM"
"7971","4309","2/19/2014 12:00:00 AM"
"7972","19072","4/21/2014 12:00:00 AM"
"7973","4716","3/2/2013 12:00:00 AM"
"7974","18668","1/1/2014 12:00:00 AM"
"7975","16261","8/11/2013 12:00:00 AM"
"7976","18275","5/25/2014 12:00:00 AM"
"7977","4434","4/5/2014 12:00:00 AM"
"7978","760","2/24/2014 12:00:00 AM"
"7979","15011","7/26/2013 12:00:00 AM"
"7980","4009","12/9/2013 12:00:00 AM"
"7981","19102","2/6/2014 12:00:00 AM"
"7982","15274","1/26/2014 12:00:00 AM"
"7983","18188","8/28/2012 12:00:00 AM"
"7984","15327","9/12/2013 12:00:00 AM"
"7985","12780","1/19/2014 12:00:00 AM"
"7986","9234","3/23/2013 12:00:00 AM"
"7987","4405","5/30/2014 12:00:00 AM"
"7988","7180","1/29/2014 12:00:00 AM"
"7989","16409","8/31/2013 12:00:00 AM"
"7990","14684","8/14/2013 12:00:00 AM"
"7991","10549","12/23/2012 12:00:00 AM"
"7992","1946","12/16/2013 12:00:00 AM"
"7993","6286","4/3/2014 12:00:00 AM"
"7994","8520","1/12/2014 12:00:00 AM"
"7995","11105","3/22/2014 12:00:00 AM"
"7996","12277","5/30/2014 12:00:00 AM"
"7997","15902","1/16/2013 12:00:00 AM"
"7998","19085","2/7/2014 12:00:00 AM"
"7999","9694","9/6/2013 12:00:00 AM"
"8000","17180","4/8/2014 12:00:00 AM"
"8001","9425","8/8/2013 12:00:00 AM"
"8002","12383","2/7/2013 12:00:00 AM"
"8003","16639","12/31/2013 12:00:00 AM"
"8004","6436","9/12/2013 12:00:00 AM"
"8005","15554","10/31/2013 12:00:00 AM"
"8006","9861","6/15/2014 12:00:00 AM"
"8007","7385","5/28/2014 12:00:00 AM"
"8008","7431","6/9/2014 12:00:00 AM"
"8009","4423","2/3/2013 12:00:00 AM"
"8010","13024","4/12/2014 12:00:00 AM"
"8011","17415","9/10/2013 12:00:00 AM"
"8012","272","3/1/2014 12:00:00 AM"
"8013","12670","5/15/2014 12:00:00 AM"
"8014","4012","11/13/2013 12:00:00 AM"
"8015","19104","5/6/2014 12:00:00 AM"
"8016","6552","10/6/2013 12:00:00 AM"
"8017","13794","3/18/2014 12:00:00 AM"
"8018","1091","3/17/2013 12:00:00 AM"
"8019","1910","1/13/2014 12:00:00 AM"
"8020","7361","10/6/2013 12:00:00 AM"
"8021","8842","2/10/2012 12:00:00 AM"
"8022","12418","8/5/2013 12:00:00 AM"
"8023","11903","4/10/2014 12:00:00 AM"
"8024","6032","11/26/2013 12:00:00 AM"
"8025","18644","4/21/2013 12:00:00 AM"
"8026","15843","9/21/2013 12:00:00 AM"
"8027","9977","5/4/2012 12:00:00 AM"
"8028","2080","3/26/2014 12:00:00 AM"
"8029","12564","4/14/2012 12:00:00 AM"
"8030","7813","7/27/2013 12:00:00 AM"
"8031","11883","3/19/2012 12:00:00 AM"
"8032","1557","3/17/2014 12:00:00 AM"
"8033","12474","1/8/2014 12:00:00 AM"
"8034","453","3/29/2012 12:00:00 AM"
"8035","12139","3/17/2013 12:00:00 AM"
"8036","18425","12/13/2013 12:00:00 AM"
"8037","14896","4/3/2013 12:00:00 AM"
"8038","14687","7/21/2011 12:00:00 AM"
"8039","2534","3/26/2014 12:00:00 AM"
"8040","12105","3/12/2014 12:00:00 AM"
"8041","10287","5/9/2014 12:00:00 AM"
"8042","1664","2/15/2014 12:00:00 AM"
"8043","13706","9/27/2013 12:00:00 AM"
"8044","2467","6/24/2011 12:00:00 AM"
"8045","9225","1/16/2014 12:00:00 AM"
"8046","17588","11/24/2013 12:00:00 AM"
"8047","7838","8/8/2013 12:00:00 AM"
"8048","542","9/8/2012 12:00:00 AM"
"8049","18486","4/6/2014 12:00:00 AM"
"8050","2286","3/25/2014 12:00:00 AM"
"8051","14730","10/13/2013 12:00:00 AM"
"8052","16114","7/8/2013 12:00:00 AM"
"8053","5821","3/10/2014 12:00:00 AM"
"8054","6108","12/16/2013 12:00:00 AM"
"8055","17687","4/7/2014 12:00:00 AM"
"8056","1361","8/6/2013 12:00:00 AM"
"8057","15462","6/26/2014 12:00:00 AM"
"8058","5358","11/24/2013 12:00:00 AM"
"8059","9260","1/12/2014 12:00:00 AM"
"8060","5480","4/13/2014 12:00:00 AM"
"8061","15051","9/24/2012 12:00:00 AM"
"8062","4586","2/12/2013 12:00:00 AM"
"8063","5219","4/1/2012 12:00:00 AM"
"8064","14060","10/1/2013 12:00:00 AM"
"8065","2526","9/19/2013 12:00:00 AM"
"8066","9806","10/7/2012 12:00:00 AM"
"8067","15096","12/15/2013 12:00:00 AM"
"8068","15547","9/1/2013 12:00:00 AM"
"8069","15102","6/30/2012 12:00:00 AM"
"8070","14353","12/7/2012 12:00:00 AM"
"8071","19110","3/31/2012 12:00:00 AM"
"8072","833","10/13/2013 12:00:00 AM"
"8073","14266","1/11/2014 12:00:00 AM"
"8074","15395","7/31/2012 12:00:00 AM"
"8075","1748","2/12/2012 12:00:00 AM"
"8076","6457","5/10/2014 12:00:00 AM"
"8077","11520","2/17/2012 12:00:00 AM"
"8078","5639","7/26/2013 12:00:00 AM"
"8079","370","3/30/2012 12:00:00 AM"
"8080","16966","3/7/2014 12:00:00 AM"
"8081","318","7/4/2012 12:00:00 AM"
"8082","11449","5/22/2014 12:00:00 AM"
"8083","15463","7/10/2013 12:00:00 AM"
"8084","615","9/30/2013 12:00:00 AM"
"8085","7013","3/23/2013 12:00:00 AM"
"8086","16465","12/15/2013 12:00:00 AM"
"8087","14809","1/27/2014 12:00:00 AM"
"8088","13145","10/11/2013 12:00:00 AM"
"8089","17876","5/4/2014 12:00:00 AM"
"8090","19100","8/9/2013 12:00:00 AM"
"8091","4578","10/22/2012 12:00:00 AM"
"8092","8857","9/18/2013 12:00:00 AM"
"8093","16473","1/16/2012 12:00:00 AM"
"8094","95","3/6/2014 12:00:00 AM"
"8095","17894","9/4/2012 12:00:00 AM"
"8096","2323","5/11/2014 12:00:00 AM"
"8097","14303","11/18/2011 12:00:00 AM"
"8098","432","11/23/2013 12:00:00 AM"
"8099","949","10/4/2011 12:00:00 AM"
"8100","17845","12/31/2012 12:00:00 AM"
"8101","4255","6/29/2014 12:00:00 AM"
"8102","9764","7/8/2013 12:00:00 AM"
"8103","12509","9/8/2013 12:00:00 AM"
"8104","4069","1/2/2014 12:00:00 AM"
"8105","16655","1/12/2013 12:00:00 AM"
"8106","16371","11/3/2011 12:00:00 AM"
"8107","6832","6/8/2014 12:00:00 AM"
"8108","732","4/17/2014 12:00:00 AM"
"8109","7894","5/19/2014 12:00:00 AM"
"8110","13446","8/2/2013 12:00:00 AM"
"8111","7113","1/28/2014 12:00:00 AM"
"8112","2142","6/18/2014 12:00:00 AM"
"8113","9996","10/6/2013 12:00:00 AM"
"8114","14626","12/14/2013 12:00:00 AM"
"8115","8720","2/9/2014 12:00:00 AM"
"8116","17549","3/26/2014 12:00:00 AM"
"8117","11647","9/30/2013 12:00:00 AM"
"8118","17355","7/15/2011 12:00:00 AM"
"8119","5430","9/22/2013 12:00:00 AM"
"8120","12222","5/10/2014 12:00:00 AM"
"8121","13654","2/3/2014 12:00:00 AM"
"8122","5192","9/6/2013 12:00:00 AM"
"8123","17925","8/23/2013 12:00:00 AM"
"8124","8462","7/30/2013 12:00:00 AM"
"8125","12166","8/7/2013 12:00:00 AM"
"8126","3736","9/16/2012 12:00:00 AM"
"8127","8998","4/22/2014 12:00:00 AM"
"8128","2916","6/28/2014 12:00:00 AM"
"8129","440","8/6/2013 12:00:00 AM"
"8130","6722","7/30/2013 12:00:00 AM"
"8131","2192","3/23/2014 12:00:00 AM"
"8132","16481","2/5/2014 12:00:00 AM"
"8133","3797","7/28/2013 12:00:00 AM"
"8134","1613","6/23/2014 12:00:00 AM"
"8135","6414","7/29/2013 12:00:00 AM"
"8136","16062","8/20/2013 12:00:00 AM"
"8137","14364","8/26/2011 12:00:00 AM"
"8138","6539","2/10/2014 12:00:00 AM"
"8139","10254","10/4/2011 12:00:00 AM"
"8140","8540","12/28/2012 12:00:00 AM"
"8141","15629","9/10/2013 12:00:00 AM"
"8142","13303","10/20/2013 12:00:00 AM"
"8143","17364","7/13/2013 12:00:00 AM"
"8144","5808","9/20/2013 12:00:00 AM"
"8145","17236","8/14/2013 12:00:00 AM"
"8146","5366","12/17/2013 12:00:00 AM"
"8147","11914","4/22/2012 12:00:00 AM"
"8148","11820","12/25/2013 12:00:00 AM"
"8149","5679","6/13/2013 12:00:00 AM"
"8150","6836","1/5/2012 12:00:00 AM"
"8151","5121","10/22/2013 12:00:00 AM"
"8152","11195","6/27/2014 12:00:00 AM"
"8153","13674","9/1/2012 12:00:00 AM"
"8154","12090","9/2/2013 12:00:00 AM"
"8155","15495","8/10/2013 12:00:00 AM"
"8156","14332","12/30/2013 12:00:00 AM"
"8157","18102","10/18/2013 12:00:00 AM"
"8158","15249","3/22/2014 12:00:00 AM"
"8159","14925","2/18/2014 12:00:00 AM"
"8160","17152","4/19/2014 12:00:00 AM"
"8161","10439","11/14/2013 12:00:00 AM"
"8162","15196","3/30/2013 12:00:00 AM"
"8163","6133","4/13/2014 12:00:00 AM"
"8164","15255","4/26/2014 12:00:00 AM"
"8165","18000","10/25/2013 12:00:00 AM"
"8166","19028","6/4/2012 12:00:00 AM"
"8167","14777","10/9/2013 12:00:00 AM"
"8168","5086","1/13/2012 12:00:00 AM"
"8169","13106","7/28/2012 12:00:00 AM"
"8170","9874","10/5/2013 12:00:00 AM"
"8171","8906","12/10/2013 12:00:00 AM"
"8172","5501","6/27/2012 12:00:00 AM"
"8173","9310","6/18/2014 12:00:00 AM"
"8174","4091","11/5/2013 12:00:00 AM"
"8175","4565","2/1/2014 12:00:00 AM"
"8176","17488","5/2/2014 12:00:00 AM"
"8177","13637","10/26/2013 12:00:00 AM"
"8178","15358","3/25/2014 12:00:00 AM"
"8179","14135","1/13/2013 12:00:00 AM"
"8180","12225","3/17/2014 12:00:00 AM"
"8181","5051","7/14/2013 12:00:00 AM"
"8182","8368","6/7/2014 12:00:00 AM"
"8183","16796","5/12/2014 12:00:00 AM"
"8184","7406","10/11/2011 12:00:00 AM"
"8185","3584","6/21/2011 12:00:00 AM"
"8186","5386","4/7/2014 12:00:00 AM"
"8187","18492","5/22/2013 12:00:00 AM"
"8188","13517","5/24/2014 12:00:00 AM"
"8189","7069","8/21/2012 12:00:00 AM"
"8190","1767","10/14/2013 12:00:00 AM"
"8191","4124","1/4/2014 12:00:00 AM"
"8192","18704","9/4/2011 12:00:00 AM"
"8193","16135","8/5/2013 12:00:00 AM"
"8194","2934","3/3/2014 12:00:00 AM"
"8195","11999","10/11/2013 12:00:00 AM"
"8196","7286","9/6/2012 12:00:00 AM"
"8197","4063","9/22/2013 12:00:00 AM"
"8198","6380","1/20/2013 12:00:00 AM"
"8199","5190","11/16/2013 12:00:00 AM"
"8200","17057","5/28/2014 12:00:00 AM"
"8201","2393","5/19/2014 12:00:00 AM"
"8202","3975","4/15/2014 12:00:00 AM"
"8203","8461","4/20/2013 12:00:00 AM"
"8204","2206","8/30/2013 12:00:00 AM"
"8205","12661","3/11/2014 12:00:00 AM"
"8206","1733","10/27/2013 12:00:00 AM"
"8207","8715","9/13/2013 12:00:00 AM"
"8208","15124","12/3/2012 12:00:00 AM"
"8209","4652","11/25/2013 12:00:00 AM"
"8210","10323","12/11/2013 12:00:00 AM"
"8211","8380","10/9/2013 12:00:00 AM"
"8212","10889","7/24/2013 12:00:00 AM"
"8213","18641","6/22/2014 12:00:00 AM"
"8214","8877","10/27/2013 12:00:00 AM"
"8215","2378","2/22/2014 12:00:00 AM"
"8216","15967","7/30/2013 12:00:00 AM"
"8217","17419","4/22/2014 12:00:00 AM"
"8218","2327","7/6/2013 12:00:00 AM"
"8219","10243","2/16/2014 12:00:00 AM"
"8220","17688","4/13/2014 12:00:00 AM"
"8221","6738","5/20/2014 12:00:00 AM"
"8222","4002","5/15/2014 12:00:00 AM"
"8223","4276","8/21/2013 12:00:00 AM"
"8224","17456","1/5/2014 12:00:00 AM"
"8225","1451","12/8/2013 12:00:00 AM"
"8226","3074","11/5/2013 12:00:00 AM"
"8227","11025","2/25/2014 12:00:00 AM"
"8228","13009","1/19/2014 12:00:00 AM"
"8229","8605","7/5/2013 12:00:00 AM"
"8230","14058","7/18/2013 12:00:00 AM"
"8231","4933","11/23/2013 12:00:00 AM"
"8232","1150","7/23/2012 12:00:00 AM"
"8233","3970","9/5/2013 12:00:00 AM"
"8234","17667","12/24/2013 12:00:00 AM"
"8235","10906","1/22/2013 12:00:00 AM"
"8236","3220","3/8/2014 12:00:00 AM"
"8237","5511","1/24/2012 12:00:00 AM"
"8238","7560","8/14/2013 12:00:00 AM"
"8239","6855","5/17/2014 12:00:00 AM"
"8240","1323","9/22/2013 12:00:00 AM"
"8241","16987","11/1/2011 12:00:00 AM"
"8242","16524","4/18/2014 12:00:00 AM"
"8243","16337","3/11/2012 12:00:00 AM"
"8244","9742","4/28/2014 12:00:00 AM"
"8245","9462","3/23/2014 12:00:00 AM"
"8246","15383","9/12/2011 12:00:00 AM"
"8247","12436","12/13/2013 12:00:00 AM"
"8248","1362","9/17/2013 12:00:00 AM"
"8249","12843","5/21/2013 12:00:00 AM"
"8250","18429","4/24/2013 12:00:00 AM"
"8251","17333","7/17/2013 12:00:00 AM"
"8252","15720","5/25/2014 12:00:00 AM"
"8253","18873","11/15/2013 12:00:00 AM"
"8254","1612","7/21/2011 12:00:00 AM"
"8255","13190","10/15/2012 12:00:00 AM"
"8256","2901","5/25/2014 12:00:00 AM"
"8257","9648","1/27/2013 12:00:00 AM"
"8258","12194","8/14/2013 12:00:00 AM"
"8259","18194","2/22/2014 12:00:00 AM"
"8260","572","11/21/2013 12:00:00 AM"
"8261","10619","1/12/2014 12:00:00 AM"
"8262","844","10/22/2013 12:00:00 AM"
"8263","6642","12/19/2011 12:00:00 AM"
"8264","8668","3/28/2014 12:00:00 AM"
"8265","11186","11/24/2013 12:00:00 AM"
"8266","12192","5/13/2014 12:00:00 AM"
"8267","14480","1/16/2014 12:00:00 AM"
"8268","6619","8/16/2013 12:00:00 AM"
"8269","13406","10/30/2013 12:00:00 AM"
"8270","17960","3/4/2014 12:00:00 AM"
"8271","3242","7/10/2012 12:00:00 AM"
"8272","1982","5/17/2014 12:00:00 AM"
"8273","5268","3/14/2014 12:00:00 AM"
"8274","11243","1/16/2014 12:00:00 AM"
"8275","17679","5/22/2012 12:00:00 AM"
"8276","13837","9/26/2013 12:00:00 AM"
"8277","6922","12/19/2013 12:00:00 AM"
"8278","13208","3/3/2014 12:00:00 AM"
"8279","10825","9/4/2013 12:00:00 AM"
"8280","13148","3/26/2014 12:00:00 AM"
"8281","10917","8/20/2013 12:00:00 AM"
"8282","7538","4/5/2014 12:00:00 AM"
"8283","12885","6/2/2012 12:00:00 AM"
"8284","12385","9/2/2012 12:00:00 AM"
"8285","4160","3/18/2013 12:00:00 AM"
"8286","17227","10/18/2013 12:00:00 AM"
"8287","2508","9/3/2013 12:00:00 AM"
"8288","4949","1/29/2014 12:00:00 AM"
"8289","17353","12/25/2013 12:00:00 AM"
"8290","11915","1/24/2014 12:00:00 AM"
"8291","9236","10/31/2013 12:00:00 AM"
"8292","16820","9/24/2012 12:00:00 AM"
"8293","1165","4/27/2014 12:00:00 AM"
"8294","1893","1/23/2014 12:00:00 AM"
"8295","2989","4/9/2013 12:00:00 AM"
"8296","8492","4/28/2014 12:00:00 AM"
"8297","15935","10/5/2013 12:00:00 AM"
"8298","12376","7/28/2013 12:00:00 AM"
"8299","17952","11/3/2013 12:00:00 AM"
"8300","2004","8/7/2013 12:00:00 AM"
"8301","1486","4/25/2014 12:00:00 AM"
"8302","9863","11/11/2013 12:00:00 AM"
"8303","7082","2/17/2012 12:00:00 AM"
"8304","9257","7/11/2013 12:00:00 AM"
"8305","16864","11/15/2013 12:00:00 AM"
"8306","13166","6/19/2012 12:00:00 AM"
"8307","18084","5/7/2012 12:00:00 AM"
"8308","7534","10/31/2012 12:00:00 AM"
"8309","14744","2/10/2014 12:00:00 AM"
"8310","13157","5/12/2014 12:00:00 AM"
"8311","4037","5/21/2014 12:00:00 AM"
"8312","17065","8/21/2013 12:00:00 AM"
"8313","4995","9/8/2013 12:00:00 AM"
"8314","11076","6/26/2012 12:00:00 AM"
"8315","6882","12/24/2013 12:00:00 AM"
"8316","10838","3/22/2013 12:00:00 AM"
"8317","798","10/8/2013 12:00:00 AM"
"8318","6277","5/17/2014 12:00:00 AM"
"8319","5179","3/29/2014 12:00:00 AM"
"8320","12044","5/5/2014 12:00:00 AM"
"8321","14449","6/4/2014 12:00:00 AM"
"8322","15897","4/1/2014 12:00:00 AM"
"8323","6094","3/3/2014 12:00:00 AM"
"8324","9078","12/25/2013 12:00:00 AM"
"8325","5354","1/26/2014 12:00:00 AM"
"8326","3949","1/3/2014 12:00:00 AM"
"8327","10033","8/19/2013 12:00:00 AM"
"8328","13548","8/20/2013 12:00:00 AM"
"8329","1565","7/14/2013 12:00:00 AM"
"8330","5828","10/27/2013 12:00:00 AM"
"8331","16904","12/22/2013 12:00:00 AM"
"8332","3432","10/8/2013 12:00:00 AM"
"8333","11526","12/24/2013 12:00:00 AM"
"8334","11384","6/18/2013 12:00:00 AM"
"8335","15043","12/29/2011 12:00:00 AM"
"8336","16502","6/5/2014 12:00:00 AM"
"8337","13919","12/31/2013 12:00:00 AM"
"8338","2625","12/17/2011 12:00:00 AM"
"8339","7142","2/2/2014 12:00:00 AM"
"8340","19198","4/17/2012 12:00:00 AM"
"8341","18071","5/23/2014 12:00:00 AM"
"8342","2148","10/8/2013 12:00:00 AM"
"8343","15130","10/28/2013 12:00:00 AM"
"8344","11684","5/29/2014 12:00:00 AM"
"8345","3539","1/8/2013 12:00:00 AM"
"8346","16748","11/3/2013 12:00:00 AM"
"8347","4526","4/6/2014 12:00:00 AM"
"8348","2755","6/29/2011 12:00:00 AM"
"8349","13949","4/18/2014 12:00:00 AM"
"8350","2354","6/25/2014 12:00:00 AM"
"8351","3479","10/10/2012 12:00:00 AM"
"8352","8870","12/24/2011 12:00:00 AM"
"8353","12976","2/1/2014 12:00:00 AM"
"8354","8885","12/4/2013 12:00:00 AM"
"8355","6774","3/21/2014 12:00:00 AM"
"8356","6411","7/8/2013 12:00:00 AM"
"8357","11173","7/11/2013 12:00:00 AM"
"8358","6913","6/5/2014 12:00:00 AM"
"8359","6195","4/28/2014 12:00:00 AM"
"8360","14874","11/28/2013 12:00:00 AM"
"8361","2787","12/5/2013 12:00:00 AM"
"8362","6967","3/12/2014 12:00:00 AM"
"8363","734","2/4/2014 12:00:00 AM"
"8364","405","8/7/2013 12:00:00 AM"
"8365","6795","10/18/2013 12:00:00 AM"
"8366","11638","5/14/2014 12:00:00 AM"
"8367","14899","12/31/2013 12:00:00 AM"
"8368","711","6/13/2011 12:00:00 AM"
"8369","11101","10/1/2013 12:00:00 AM"
"8370","7735","12/7/2012 12:00:00 AM"
"8371","10244","6/3/2012 12:00:00 AM"
"8372","19218","11/2/2013 12:00:00 AM"
"8373","15490","2/3/2014 12:00:00 AM"
"8374","17618","8/9/2012 12:00:00 AM"
"8375","15747","1/19/2014 12:00:00 AM"
"8376","3400","4/19/2014 12:00:00 AM"
"8377","164","5/25/2014 12:00:00 AM"
"8378","16369","12/30/2011 12:00:00 AM"
"8379","892","11/25/2013 12:00:00 AM"
"8380","12774","3/22/2014 12:00:00 AM"
"8381","7754","7/26/2013 12:00:00 AM"
"8382","5544","9/16/2013 12:00:00 AM"
"8383","19076","8/2/2013 12:00:00 AM"
"8384","1160","8/7/2013 12:00:00 AM"
"8385","17396","11/27/2013 12:00:00 AM"
"8386","7902","6/8/2014 12:00:00 AM"
"8387","2251","8/26/2013 12:00:00 AM"
"8388","9079","12/24/2013 12:00:00 AM"
"8389","3915","4/4/2014 12:00:00 AM"
"8390","12862","7/29/2012 12:00:00 AM"
"8391","7224","8/29/2013 12:00:00 AM"
"8392","17138","7/2/2013 12:00:00 AM"
"8393","8105","6/17/2014 12:00:00 AM"
"8394","10788","2/24/2013 12:00:00 AM"
"8395","11817","7/28/2013 12:00:00 AM"
"8396","5882","11/27/2012 12:00:00 AM"
"8397","8699","1/28/2014 12:00:00 AM"
"8398","6259","11/11/2013 12:00:00 AM"
"8399","12042","1/8/2012 12:00:00 AM"
"8400","13663","5/14/2014 12:00:00 AM"
"8401","1816","8/4/2013 12:00:00 AM"
"8402","15486","7/6/2013 12:00:00 AM"
"8403","3973","7/23/2013 12:00:00 AM"
"8404","9061","1/1/2014 12:00:00 AM"
"8405","15140","7/8/2012 12:00:00 AM"
"8406","4973","11/21/2013 12:00:00 AM"
"8407","15507","1/6/2014 12:00:00 AM"
"8408","13599","2/18/2013 12:00:00 AM"
"8409","10865","4/23/2014 12:00:00 AM"
"8410","4217","7/28/2013 12:00:00 AM"
"8411","16257","2/11/2014 12:00:00 AM"
"8412","15984","9/23/2013 12:00:00 AM"
"8413","8484","12/9/2013 12:00:00 AM"
"8414","5909","10/3/2013 12:00:00 AM"
"8415","17732","11/13/2013 12:00:00 AM"
"8416","15786","10/22/2013 12:00:00 AM"
"8417","19159","9/6/2012 12:00:00 AM"
"8418","15360","9/8/2013 12:00:00 AM"
"8419","13298","6/18/2014 12:00:00 AM"
"8420","8930","9/20/2013 12:00:00 AM"
"8421","8895","9/19/2013 12:00:00 AM"
"8422","4188","5/15/2014 12:00:00 AM"
"8423","6119","11/17/2013 12:00:00 AM"
"8424","15213","1/21/2014 12:00:00 AM"
"8425","2443","11/7/2012 12:00:00 AM"
"8426","7353","11/3/2013 12:00:00 AM"
"8427","3192","4/10/2014 12:00:00 AM"
"8428","5295","7/29/2011 12:00:00 AM"
"8429","3358","3/27/2013 12:00:00 AM"
"8430","8525","4/17/2014 12:00:00 AM"
"8431","17837","9/24/2013 12:00:00 AM"
"8432","10487","10/8/2013 12:00:00 AM"
"8433","5278","10/15/2013 12:00:00 AM"
"8434","18129","6/1/2014 12:00:00 AM"
"8435","7889","3/10/2013 12:00:00 AM"
"8436","3959","5/12/2014 12:00:00 AM"
"8437","14991","1/9/2014 12:00:00 AM"
"8438","4051","5/25/2014 12:00:00 AM"
"8439","13230","10/1/2013 12:00:00 AM"
"8440","15729","6/22/2011 12:00:00 AM"
"8441","3036","12/17/2013 12:00:00 AM"
"8442","1703","9/18/2013 12:00:00 AM"
"8443","7175","10/17/2013 12:00:00 AM"
"8444","15793","1/22/2014 12:00:00 AM"
"8445","15611","11/10/2011 12:00:00 AM"
"8446","16700","12/24/2011 12:00:00 AM"
"8447","1787","11/11/2013 12:00:00 AM"
"8448","4483","1/7/2014 12:00:00 AM"
"8449","16197","1/24/2013 12:00:00 AM"
"8450","5300","1/24/2014 12:00:00 AM"
"8451","18115","1/15/2014 12:00:00 AM"
"8452","2512","9/19/2013 12:00:00 AM"
"8453","7143","5/1/2012 12:00:00 AM"
"8454","8698","3/20/2012 12:00:00 AM"
"8455","15220","11/18/2012 12:00:00 AM"
"8456","1652","9/26/2013 12:00:00 AM"
"8457","3684","7/12/2013 12:00:00 AM"
"8458","6866","5/28/2014 12:00:00 AM"
"8459","8706","2/5/2014 12:00:00 AM"
"8460","13864","1/27/2014 12:00:00 AM"
"8461","2785","7/19/2013 12:00:00 AM"
"8462","9869","11/16/2013 12:00:00 AM"
"8463","13483","10/25/2013 12:00:00 AM"
"8464","9415","1/19/2014 12:00:00 AM"
"8465","7319","1/3/2012 12:00:00 AM"
"8466","11687","10/10/2013 12:00:00 AM"
"8467","6322","11/22/2013 12:00:00 AM"
"8468","12293","12/8/2012 12:00:00 AM"
"8469","17347","3/29/2012 12:00:00 AM"
"8470","5837","2/23/2014 12:00:00 AM"
"8471","12914","7/15/2013 12:00:00 AM"
"8472","599","1/13/2014 12:00:00 AM"
"8473","4164","1/29/2012 12:00:00 AM"
"8474","5951","4/18/2012 12:00:00 AM"
"8475","16564","8/9/2013 12:00:00 AM"
"8476","17460","4/3/2014 12:00:00 AM"
"8477","290","9/5/2013 12:00:00 AM"
"8478","3746","8/23/2013 12:00:00 AM"
"8479","9049","1/10/2014 12:00:00 AM"
"8480","16727","3/17/2014 12:00:00 AM"
"8481","18638","7/10/2013 12:00:00 AM"
"8482","4167","5/16/2013 12:00:00 AM"
"8483","18182","7/24/2013 12:00:00 AM"
"8484","16084","4/21/2013 12:00:00 AM"
"8485","10589","11/17/2013 12:00:00 AM"
"8486","16267","2/4/2014 12:00:00 AM"
"8487","873","3/28/2014 12:00:00 AM"
"8488","1044","7/14/2013 12:00:00 AM"
"8489","11963","9/5/2013 12:00:00 AM"
"8490","2618","9/9/2013 12:00:00 AM"
"8491","14206","1/12/2014 12:00:00 AM"
"8492","15733","10/27/2013 12:00:00 AM"
"8493","1408","11/5/2013 12:00:00 AM"
"8494","14174","11/13/2013 12:00:00 AM"
"8495","7488","6/2/2014 12:00:00 AM"
"8496","748","11/1/2013 12:00:00 AM"
"8497","2384","8/25/2013 12:00:00 AM"
"8498","13797","2/9/2014 12:00:00 AM"
"8499","12038","9/29/2013 12:00:00 AM"
"8500","16719","12/24/2013 12:00:00 AM"
"8501","18854","2/10/2014 12:00:00 AM"
"8502","8072","2/11/2014 12:00:00 AM"
"8503","3832","3/8/2014 12:00:00 AM"
"8504","445","11/30/2012 12:00:00 AM"
"8505","2406","9/12/2013 12:00:00 AM"
"8506","5648","5/13/2014 12:00:00 AM"
"8507","1948","10/15/2013 12:00:00 AM"
"8508","14369","9/17/2012 12:00:00 AM"
"8509","18022","12/2/2012 12:00:00 AM"
"8510","18991","11/12/2012 12:00:00 AM"
"8511","8156","1/22/2014 12:00:00 AM"
"8512","17972","7/3/2013 12:00:00 AM"
"8513","341","12/11/2012 12:00:00 AM"
"8514","14090","9/4/2013 12:00:00 AM"
"8515","13187","11/10/2013 12:00:00 AM"
"8516","6880","12/31/2013 12:00:00 AM"
"8517","10655","1/6/2014 12:00:00 AM"
"8518","7682","7/29/2011 12:00:00 AM"
"8519","14368","6/13/2014 12:00:00 AM"
"8520","17485","5/23/2013 12:00:00 AM"
"8521","1400","7/5/2011 12:00:00 AM"
"8522","1885","8/1/2011 12:00:00 AM"
"8523","2845","3/17/2014 12:00:00 AM"
"8524","1000","2/11/2014 12:00:00 AM"
"8525","17721","5/27/2014 12:00:00 AM"
"8526","5339","9/26/2011 12:00:00 AM"
"8527","19134","8/20/2013 12:00:00 AM"
"8528","17399","9/6/2013 12:00:00 AM"
"8529","14811","1/1/2013 12:00:00 AM"
"8530","5746","12/11/2013 12:00:00 AM"
"8531","776","9/14/2012 12:00:00 AM"
"8532","16320","6/16/2014 12:00:00 AM"
"8533","15601","12/31/2011 12:00:00 AM"
"8534","14742","1/16/2014 12:00:00 AM"
"8535","3468","7/21/2012 12:00:00 AM"
"8536","12816","1/20/2014 12:00:00 AM"
"8537","12379","11/21/2011 12:00:00 AM"
"8538","6067","6/18/2014 12:00:00 AM"
"8539","565","3/19/2012 12:00:00 AM"
"8540","6399","11/21/2011 12:00:00 AM"
"8541","11720","12/24/2013 12:00:00 AM"
"8542","6638","12/7/2013 12:00:00 AM"
"8543","6639","4/24/2014 12:00:00 AM"
"8544","13607","5/4/2014 12:00:00 AM"
"8545","16497","8/27/2013 12:00:00 AM"
"8546","8625","8/30/2013 12:00:00 AM"
"8547","10500","1/23/2014 12:00:00 AM"
"8548","4667","7/28/2013 12:00:00 AM"
"8549","14131","11/25/2013 12:00:00 AM"
"8550","2734","8/14/2013 12:00:00 AM"
"8551","14590","11/11/2013 12:00:00 AM"
"8552","6751","1/28/2012 12:00:00 AM"
"8553","17592","12/12/2013 12:00:00 AM"
"8554","1340","3/1/2014 12:00:00 AM"
"8555","2752","5/23/2014 12:00:00 AM"
"8556","5772","8/7/2013 12:00:00 AM"
"8557","4555","11/12/2012 12:00:00 AM"
"8558","4614","8/21/2012 12:00:00 AM"
"8559","5285","9/15/2013 12:00:00 AM"
"8560","8328","9/16/2013 12:00:00 AM"
"8561","10846","6/7/2013 12:00:00 AM"
"8562","579","1/17/2014 12:00:00 AM"
"8563","11782","9/11/2011 12:00:00 AM"
"8564","11785","8/1/2013 12:00:00 AM"
"8565","4703","4/16/2012 12:00:00 AM"
"8566","12229","5/20/2014 12:00:00 AM"
"8567","9766","10/18/2013 12:00:00 AM"
"8568","7194","5/7/2013 12:00:00 AM"
"8569","6477","6/10/2014 12:00:00 AM"
"8570","9258","9/27/2013 12:00:00 AM"
"8571","6030","2/27/2014 12:00:00 AM"
"8572","17959","9/10/2013 12:00:00 AM"
"8573","19160","12/22/2013 12:00:00 AM"
"8574","7550","4/8/2014 12:00:00 AM"
"8575","8566","5/26/2013 12:00:00 AM"
"8576","6419","1/29/2014 12:00:00 AM"
"8577","5550","6/2/2014 12:00:00 AM"
"8578","8486","12/15/2011 12:00:00 AM"
"8579","16723","12/7/2013 12:00:00 AM"
"8580","8855","5/6/2014 12:00:00 AM"
"8581","18436","12/24/2013 12:00:00 AM"
"8582","1244","10/1/2013 12:00:00 AM"
"8583","6819","7/4/2011 12:00:00 AM"
"8584","2884","2/18/2014 12:00:00 AM"
"8585","3351","1/5/2013 12:00:00 AM"
"8586","17779","9/5/2013 12:00:00 AM"
"8587","7261","4/3/2013 12:00:00 AM"
"8588","11217","1/12/2013 12:00:00 AM"
"8589","14570","5/2/2014 12:00:00 AM"
"8590","17255","9/21/2013 12:00:00 AM"
"8591","12871","1/26/2014 12:00:00 AM"
"8592","8801","1/4/2014 12:00:00 AM"
"8593","2370","4/16/2014 12:00:00 AM"
"8594","1055","5/23/2013 12:00:00 AM"
"8595","14716","4/16/2014 12:00:00 AM"
"8596","6761","9/9/2013 12:00:00 AM"
"8597","15304","2/22/2014 12:00:00 AM"
"8598","13504","3/18/2013 12:00:00 AM"
"8599","7871","11/28/2013 12:00:00 AM"
"8600","13427","4/1/2014 12:00:00 AM"
"8601","7671","7/3/2012 12:00:00 AM"
"8602","11568","4/6/2013 12:00:00 AM"
"8603","9365","1/14/2012 12:00:00 AM"
"8604","8249","9/8/2013 12:00:00 AM"
"8605","1961","12/14/2013 12:00:00 AM"
"8606","15291","12/5/2013 12:00:00 AM"
"8607","17859","12/27/2011 12:00:00 AM"
"8608","13785","10/12/2013 12:00:00 AM"
"8609","6659","4/26/2014 12:00:00 AM"
"8610","10733","4/8/2014 12:00:00 AM"
"8611","6182","4/8/2014 12:00:00 AM"
"8612","5803","2/1/2014 12:00:00 AM"
"8613","6815","3/9/2014 12:00:00 AM"
"8614","12058","3/30/2013 12:00:00 AM"
"8615","15339","3/28/2014 12:00:00 AM"
"8616","1454","9/7/2011 12:00:00 AM"
"8617","5783","11/22/2013 12:00:00 AM"
"8618","10753","7/10/2013 12:00:00 AM"
"8619","16731","2/6/2014 12:00:00 AM"
"8620","10265","12/7/2013 12:00:00 AM"
"8621","16418","12/25/2013 12:00:00 AM"
"8622","13493","4/23/2012 12:00:00 AM"
"8623","15994","12/9/2013 12:00:00 AM"
"8624","1394","3/17/2012 12:00:00 AM"
"8625","6111","10/6/2013 12:00:00 AM"
"8626","18375","8/25/2013 12:00:00 AM"
"8627","15805","12/12/2013 12:00:00 AM"
"8628","12227","3/1/2013 12:00:00 AM"
"8629","13850","2/9/2012 12:00:00 AM"
"8630","12411","7/13/2013 12:00:00 AM"
"8631","12658","8/13/2013 12:00:00 AM"
"8632","16425","10/27/2013 12:00:00 AM"
"8633","10451","4/1/2014 12:00:00 AM"
"8634","2002","11/1/2013 12:00:00 AM"
"8635","2381","8/24/2013 12:00:00 AM"
"8636","2226","3/21/2013 12:00:00 AM"
"8637","1962","2/23/2014 12:00:00 AM"
"8638","12538","2/9/2014 12:00:00 AM"
"8639","8290","5/3/2012 12:00:00 AM"
"8640","15999","7/23/2013 12:00:00 AM"
"8641","18987","12/7/2013 12:00:00 AM"
"8642","11285","7/6/2013 12:00:00 AM"
"8643","18810","4/1/2013 12:00:00 AM"
"8644","1841","8/10/2012 12:00:00 AM"
"8645","14710","11/7/2011 12:00:00 AM"
"8646","273","3/3/2014 12:00:00 AM"
"8647","3162","1/17/2014 12:00:00 AM"
"8648","6679","9/5/2012 12:00:00 AM"
"8649","14373","4/4/2012 12:00:00 AM"
"8650","18971","7/3/2013 12:00:00 AM"
"8651","8819","9/17/2013 12:00:00 AM"
"8652","17770","10/2/2013 12:00:00 AM"
"8653","18976","11/12/2013 12:00:00 AM"
"8654","12412","3/23/2014 12:00:00 AM"
"8655","8317","10/16/2013 12:00:00 AM"
"8656","13350","1/23/2012 12:00:00 AM"
"8657","27","11/11/2013 12:00:00 AM"
"8658","8541","12/11/2013 12:00:00 AM"
"8659","1724","12/17/2013 12:00:00 AM"
"8660","9068","8/6/2013 12:00:00 AM"
"8661","14257","8/26/2013 12:00:00 AM"
"8662","9925","12/17/2013 12:00:00 AM"
"8663","15391","5/5/2014 12:00:00 AM"
"8664","14654","5/25/2012 12:00:00 AM"
"8665","8586","8/4/2011 12:00:00 AM"
"8666","10538","10/25/2013 12:00:00 AM"
"8667","11260","7/5/2013 12:00:00 AM"
"8668","13639","11/18/2013 12:00:00 AM"
"8669","18238","10/19/2012 12:00:00 AM"
"8670","7269","1/1/2014 12:00:00 AM"
"8671","4622","2/6/2014 12:00:00 AM"
"8672","1978","5/8/2014 12:00:00 AM"
"8673","17910","7/23/2013 12:00:00 AM"
"8674","9939","2/27/2013 12:00:00 AM"
"8675","7287","4/5/2014 12:00:00 AM"
"8676","4807","4/28/2012 12:00:00 AM"
"8677","3039","5/5/2014 12:00:00 AM"
"8678","5131","8/9/2013 12:00:00 AM"
"8679","15536","12/23/2013 12:00:00 AM"
"8680","7021","1/6/2012 12:00:00 AM"
"8681","3718","7/20/2013 12:00:00 AM"
"8682","14195","2/18/2014 12:00:00 AM"
"8683","15236","11/4/2013 12:00:00 AM"
"8684","1477","6/12/2012 12:00:00 AM"
"8685","14247","6/25/2013 12:00:00 AM"
"8686","15336","7/2/2013 12:00:00 AM"
"8687","1646","8/3/2013 12:00:00 AM"
"8688","10573","10/26/2013 12:00:00 AM"
"8689","3374","4/5/2014 12:00:00 AM"
"8690","12503","5/3/2013 12:00:00 AM"
"8691","2179","8/28/2013 12:00:00 AM"
"8692","16703","4/20/2014 12:00:00 AM"
"8693","1083","4/9/2014 12:00:00 AM"
"8694","16579","11/23/2013 12:00:00 AM"
"8695","13412","5/23/2014 12:00:00 AM"
"8696","4520","7/8/2012 12:00:00 AM"
"8697","4948","12/7/2012 12:00:00 AM"
"8698","85","5/27/2014 12:00:00 AM"
"8699","16470","7/1/2013 12:00:00 AM"
"8700","18768","9/20/2013 12:00:00 AM"
"8701","14690","10/13/2013 12:00:00 AM"
"8702","4030","2/24/2014 12:00:00 AM"
"8703","17373","2/26/2014 12:00:00 AM"
"8704","19222","12/31/2013 12:00:00 AM"
"8705","14688","5/26/2013 12:00:00 AM"
"8706","5460","12/31/2013 12:00:00 AM"
"8707","11837","10/11/2011 12:00:00 AM"
"8708","3992","11/30/2013 12:00:00 AM"
"8709","5032","11/26/2013 12:00:00 AM"
"8710","13466","1/30/2014 12:00:00 AM"
"8711","7453","4/30/2014 12:00:00 AM"
"8712","17400","5/1/2014 12:00:00 AM"
"8713","8090","11/7/2013 12:00:00 AM"
"8714","4829","3/10/2014 12:00:00 AM"
"8715","10302","10/23/2012 12:00:00 AM"
"8716","16763","5/13/2014 12:00:00 AM"
"8717","18910","6/29/2012 12:00:00 AM"
"8718","17613","8/15/2013 12:00:00 AM"
"8719","17143","2/7/2013 12:00:00 AM"
"8720","5892","7/27/2011 12:00:00 AM"
"8721","1944","3/11/2014 12:00:00 AM"
"8722","19048","10/23/2013 12:00:00 AM"
"8723","8067","12/2/2013 12:00:00 AM"
"8724","17444","11/5/2013 12:00:00 AM"
"8725","7437","1/23/2014 12:00:00 AM"
"8726","13880","1/26/2014 12:00:00 AM"
"8727","17473","1/14/2014 12:00:00 AM"
"8728","7688","8/17/2013 12:00:00 AM"
"8729","17366","8/26/2013 12:00:00 AM"
"8730","7352","11/26/2013 12:00:00 AM"
"8731","1589","2/25/2013 12:00:00 AM"
"8732","9875","7/24/2013 12:00:00 AM"
"8733","2078","6/6/2014 12:00:00 AM"
"8734","9114","6/7/2014 12:00:00 AM"
"8735","4039","2/14/2014 12:00:00 AM"
"8736","6606","7/5/2013 12:00:00 AM"
"8737","19050","4/6/2014 12:00:00 AM"
"8738","15971","10/16/2011 12:00:00 AM"
"8739","11137","10/4/2013 12:00:00 AM"
"8740","2675","12/23/2013 12:00:00 AM"
"8741","149","8/7/2012 12:00:00 AM"
"8742","12037","9/17/2011 12:00:00 AM"
"8743","18996","7/7/2013 12:00:00 AM"
"8744","19075","2/24/2014 12:00:00 AM"
"8745","7979","6/2/2013 12:00:00 AM"
"8746","12800","10/16/2013 12:00:00 AM"
"8747","14956","2/21/2012 12:00:00 AM"
"8748","11476","8/17/2012 12:00:00 AM"
"8749","17788","8/9/2013 12:00:00 AM"
"8750","7125","6/12/2013 12:00:00 AM"
"8751","10200","1/30/2014 12:00:00 AM"
"8752","8547","12/9/2013 12:00:00 AM"
"8753","18391","1/4/2014 12:00:00 AM"
"8754","10330","5/8/2014 12:00:00 AM"
"8755","13525","4/8/2014 12:00:00 AM"
"8756","5286","9/6/2012 12:00:00 AM"
"8757","17177","4/27/2014 12:00:00 AM"
"8758","5191","4/14/2014 12:00:00 AM"
"8759","3419","5/15/2014 12:00:00 AM"
"8760","14273","7/30/2012 12:00:00 AM"
"8761","7797","3/6/2014 12:00:00 AM"
"8762","11127","4/18/2014 12:00:00 AM"
"8763","9029","4/25/2014 12:00:00 AM"
"8764","16213","7/7/2013 12:00:00 AM"
"8765","14178","5/18/2014 12:00:00 AM"
"8766","17525","4/9/2013 12:00:00 AM"
"8767","4049","8/31/2013 12:00:00 AM"
"8768","2349","11/14/2013 12:00:00 AM"
"8769","5863","9/4/2013 12:00:00 AM"
"8770","17137","2/4/2013 12:00:00 AM"
"8771","1403","7/23/2013 12:00:00 AM"
"8772","15942","5/11/2014 12:00:00 AM"
"8773","9347","2/1/2014 12:00:00 AM"
"8774","17762","7/12/2013 12:00:00 AM"
"8775","10219","3/9/2014 12:00:00 AM"
"8776","13891","11/29/2013 12:00:00 AM"
"8777","13613","1/24/2013 12:00:00 AM"
"8778","15020","11/12/2012 12:00:00 AM"
"8779","11130","12/21/2011 12:00:00 AM"
"8780","3271","9/7/2013 12:00:00 AM"
"8781","16147","6/23/2012 12:00:00 AM"
"8782","2870","7/26/2012 12:00:00 AM"
"8783","17690","6/21/2014 12:00:00 AM"
"8784","10935","7/4/2013 12:00:00 AM"
"8785","9032","8/28/2013 12:00:00 AM"
"8786","13810","2/8/2014 12:00:00 AM"
"8787","11207","8/1/2013 12:00:00 AM"
"8788","5375","8/22/2012 12:00:00 AM"
"8789","8467","12/13/2013 12:00:00 AM"
"8790","10006","11/9/2011 12:00:00 AM"
"8791","12659","9/6/2013 12:00:00 AM"
"8792","14554","4/29/2013 12:00:00 AM"
"8793","18582","8/27/2013 12:00:00 AM"
"8794","11694","4/4/2014 12:00:00 AM"
"8795","5652","4/2/2014 12:00:00 AM"
"8796","3175","7/21/2013 12:00:00 AM"
"8797","4596","9/2/2012 12:00:00 AM"
"8798","16264","11/17/2011 12:00:00 AM"
"8799","11703","12/21/2011 12:00:00 AM"
"8800","18548","3/29/2014 12:00:00 AM"
"8801","5905","2/5/2014 12:00:00 AM"
"8802","3026","1/4/2013 12:00:00 AM"
"8803","14250","3/29/2014 12:00:00 AM"
"8804","15886","8/31/2013 12:00:00 AM"
"8805","13914","6/4/2012 12:00:00 AM"
"8806","1207","5/24/2013 12:00:00 AM"
"8807","2941","1/9/2014 12:00:00 AM"
"8808","18286","4/6/2014 12:00:00 AM"
"8809","5399","2/14/2014 12:00:00 AM"
"8810","7383","7/1/2013 12:00:00 AM"
"8811","7203","9/13/2013 12:00:00 AM"
"8812","5188","10/24/2013 12:00:00 AM"
"8813","12208","3/25/2013 12:00:00 AM"
"8814","14667","11/9/2012 12:00:00 AM"
"8815","14854","8/20/2013 12:00:00 AM"
"8816","5055","2/9/2012 12:00:00 AM"
"8817","1889","5/18/2014 12:00:00 AM"
"8818","9312","4/23/2014 12:00:00 AM"
"8819","18315","10/1/2013 12:00:00 AM"
"8820","9710","4/14/2014 12:00:00 AM"
"8821","2483","6/14/2013 12:00:00 AM"
"8822","6578","12/10/2012 12:00:00 AM"
"8823","13411","8/6/2013 12:00:00 AM"
"8824","907","6/30/2014 12:00:00 AM"
"8825","12504","6/13/2011 12:00:00 AM"
"8826","10842","1/28/2012 12:00:00 AM"
"8827","17028","6/25/2014 12:00:00 AM"
"8828","4979","5/24/2014 12:00:00 AM"
"8829","4466","3/13/2013 12:00:00 AM"
"8830","6302","1/14/2014 12:00:00 AM"
"8831","11401","4/6/2012 12:00:00 AM"
"8832","2474","3/1/2014 12:00:00 AM"
"8833","17226","11/23/2013 12:00:00 AM"
"8834","7852","12/18/2013 12:00:00 AM"
"8835","3003","6/18/2014 12:00:00 AM"
"8836","973","1/1/2014 12:00:00 AM"
"8837","6784","10/24/2011 12:00:00 AM"
"8838","3238","5/28/2014 12:00:00 AM"
"8839","16004","8/27/2013 12:00:00 AM"
"8840","12127","1/2/2014 12:00:00 AM"
"8841","8220","7/6/2012 12:00:00 AM"
"8842","4220","8/5/2013 12:00:00 AM"
"8843","13152","5/4/2012 12:00:00 AM"
"8844","186","11/4/2013 12:00:00 AM"
"8845","6672","8/6/2011 12:00:00 AM"
"8846","4201","10/24/2013 12:00:00 AM"
"8847","19087","9/25/2012 12:00:00 AM"
"8848","7457","2/3/2013 12:00:00 AM"
"8849","1706","5/28/2014 12:00:00 AM"
"8850","5884","7/27/2013 12:00:00 AM"
"8851","7267","5/22/2014 12:00:00 AM"
"8852","16582","5/18/2012 12:00:00 AM"
"8853","527","7/28/2011 12:00:00 AM"
"8854","11529","5/2/2013 12:00:00 AM"
"8855","17710","8/31/2013 12:00:00 AM"
"8856","16204","9/30/2013 12:00:00 AM"
"8857","17148","12/29/2012 12:00:00 AM"
"8858","14283","3/10/2014 12:00:00 AM"
"8859","4803","3/18/2014 12:00:00 AM"
"8860","6162","4/26/2014 12:00:00 AM"
"8861","3853","1/18/2014 12:00:00 AM"
"8862","6869","3/13/2014 12:00:00 AM"
"8863","17615","3/22/2014 12:00:00 AM"
"8864","10931","6/5/2014 12:00:00 AM"
"8865","9711","3/29/2012 12:00:00 AM"
"8866","1868","12/24/2013 12:00:00 AM"
"8867","19194","1/6/2014 12:00:00 AM"
"8868","15079","9/20/2013 12:00:00 AM"
"8869","17428","2/9/2012 12:00:00 AM"
"8870","14445","9/17/2013 12:00:00 AM"
"8871","18724","1/31/2014 12:00:00 AM"
"8872","17077","8/21/2013 12:00:00 AM"
"8873","8738","9/2/2013 12:00:00 AM"
"8874","4907","7/17/2013 12:00:00 AM"
"8875","2727","3/12/2014 12:00:00 AM"
"8876","4615","5/22/2014 12:00:00 AM"
"8877","11016","3/13/2014 12:00:00 AM"
"8878","12231","4/24/2014 12:00:00 AM"
"8879","9124","2/16/2014 12:00:00 AM"
"8880","9122","9/9/2013 12:00:00 AM"
"8881","3073","8/21/2013 12:00:00 AM"
"8882","3399","11/5/2013 12:00:00 AM"
"8883","7641","8/4/2012 12:00:00 AM"
"8884","18694","10/24/2013 12:00:00 AM"
"8885","10767","3/21/2014 12:00:00 AM"
"8886","13486","5/28/2014 12:00:00 AM"
"8887","545","3/19/2014 12:00:00 AM"
"8888","14326","10/16/2013 12:00:00 AM"
"8889","6709","3/15/2014 12:00:00 AM"
"8890","3266","4/10/2014 12:00:00 AM"
"8891","18253","4/30/2014 12:00:00 AM"
"8892","2438","4/6/2014 12:00:00 AM"
"8893","3844","2/12/2014 12:00:00 AM"
"8894","18111","4/17/2014 12:00:00 AM"
"8895","14099","7/20/2013 12:00:00 AM"
"8896","9417","4/20/2012 12:00:00 AM"
"8897","17342","4/17/2014 12:00:00 AM"
"8898","12735","6/11/2014 12:00:00 AM"
"8899","7974","9/27/2013 12:00:00 AM"
"8900","13245","11/20/2013 12:00:00 AM"
"8901","18293","1/29/2012 12:00:00 AM"
"8902","11901","6/26/2014 12:00:00 AM"
"8903","18175","8/22/2013 12:00:00 AM"
"8904","18705","12/20/2012 12:00:00 AM"
"8905","16501","9/15/2011 12:00:00 AM"
"8906","12881","11/18/2013 12:00:00 AM"
"8907","2427","11/26/2013 12:00:00 AM"
"8908","17880","10/9/2013 12:00:00 AM"
"8909","6733","1/12/2012 12:00:00 AM"
"8910","5010","6/4/2014 12:00:00 AM"
"8911","10367","9/30/2013 12:00:00 AM"
"8912","2299","8/13/2013 12:00:00 AM"
"8913","15856","1/4/2013 12:00:00 AM"
"8914","10543","7/26/2013 12:00:00 AM"
"8915","17636","6/22/2012 12:00:00 AM"
"8916","4162","12/31/2013 12:00:00 AM"
"8917","727","12/26/2012 12:00:00 AM"
"8918","18444","3/23/2014 12:00:00 AM"
"8919","13179","10/5/2013 12:00:00 AM"
"8920","9716","2/19/2014 12:00:00 AM"
"8921","14551","9/28/2013 12:00:00 AM"
"8922","18540","8/23/2013 12:00:00 AM"
"8923","12388","5/23/2014 12:00:00 AM"
"8924","284","1/11/2014 12:00:00 AM"
"8925","12818","1/28/2014 12:00:00 AM"
"8926","8677","4/9/2014 12:00:00 AM"
"8927","14398","4/14/2012 12:00:00 AM"
"8928","1560","11/21/2013 12:00:00 AM"
"8929","7168","12/31/2013 12:00:00 AM"
"8930","8081","9/28/2012 12:00:00 AM"
"8931","1110","6/10/2014 12:00:00 AM"
"8932","10444","5/26/2013 12:00:00 AM"
"8933","15696","7/18/2012 12:00:00 AM"
"8934","12605","11/4/2013 12:00:00 AM"
"8935","3179","5/18/2014 12:00:00 AM"
"8936","11313","3/17/2014 12:00:00 AM"
"8937","11947","9/9/2013 12:00:00 AM"
"8938","7910","5/29/2014 12:00:00 AM"
"8939","18906","12/5/2013 12:00:00 AM"
"8940","1886","5/5/2013 12:00:00 AM"
"8941","12437","2/1/2014 12:00:00 AM"
"8942","12505","4/2/2014 12:00:00 AM"
"8943","18045","4/19/2014 12:00:00 AM"
"8944","10646","2/9/2014 12:00:00 AM"
"8945","13270","2/19/2014 12:00:00 AM"
"8946","10181","7/31/2011 12:00:00 AM"
"8947","10900","1/24/2013 12:00:00 AM"
"8948","8397","10/22/2013 12:00:00 AM"
"8949","825","2/24/2014 12:00:00 AM"
"8950","10175","12/1/2013 12:00:00 AM"
"8951","8257","11/4/2013 12:00:00 AM"
"8952","2400","1/5/2014 12:00:00 AM"
"8953","7309","3/30/2014 12:00:00 AM"
"8954","13261","10/1/2011 12:00:00 AM"
"8955","5162","1/13/2014 12:00:00 AM"
"8956","2921","10/21/2013 12:00:00 AM"
"8957","15351","9/18/2013 12:00:00 AM"
"8958","170","3/10/2012 12:00:00 AM"
"8959","1667","7/9/2013 12:00:00 AM"
"8960","12180","7/21/2013 12:00:00 AM"
"8961","12265","3/26/2013 12:00:00 AM"
"8962","8948","7/9/2011 12:00:00 AM"
"8963","11741","10/23/2013 12:00:00 AM"
"8964","83","10/29/2013 12:00:00 AM"
"8965","3072","5/19/2013 12:00:00 AM"
"8966","10267","2/2/2013 12:00:00 AM"
"8967","704","11/6/2012 12:00:00 AM"
"8968","4131","10/14/2013 12:00:00 AM"
"8969","13717","1/15/2014 12:00:00 AM"
"8970","14649","2/2/2014 12:00:00 AM"
"8971","10639","8/24/2011 12:00:00 AM"
"8972","7721","11/18/2013 12:00:00 AM"
"8973","16199","12/18/2013 12:00:00 AM"
"8974","2145","12/4/2013 12:00:00 AM"
"8975","8633","3/14/2014 12:00:00 AM"
"8976","3810","6/4/2014 12:00:00 AM"
"8977","4991","3/2/2014 12:00:00 AM"
"8978","14158","5/2/2013 12:00:00 AM"
"8979","34","11/25/2013 12:00:00 AM"
"8980","4477","10/3/2013 12:00:00 AM"
"8981","17329","10/22/2013 12:00:00 AM"
"8982","6704","7/16/2013 12:00:00 AM"
"8983","11395","9/10/2013 12:00:00 AM"
"8984","15944","11/14/2011 12:00:00 AM"
"8985","3778","10/9/2012 12:00:00 AM"
"8986","4890","12/17/2013 12:00:00 AM"
"8987","11675","12/25/2013 12:00:00 AM"
"8988","5766","6/18/2012 12:00:00 AM"
"8989","6368","1/20/2014 12:00:00 AM"
"8990","10281","9/26/2013 12:00:00 AM"
"8991","14515","3/30/2014 12:00:00 AM"
"8992","4362","8/6/2011 12:00:00 AM"
"8993","8593","12/21/2013 12:00:00 AM"
"8994","4592","6/16/2013 12:00:00 AM"
"8995","13404","6/24/2011 12:00:00 AM"
"8996","14849","10/6/2011 12:00:00 AM"
"8997","3041","7/15/2013 12:00:00 AM"
"8998","3582","2/13/2014 12:00:00 AM"
"8999","8303","8/27/2013 12:00:00 AM"
"9000","2800","10/2/2013 12:00:00 AM"
"9001","10864","11/4/2013 12:00:00 AM"
"9002","18574","4/3/2014 12:00:00 AM"
"9003","10738","5/17/2012 12:00:00 AM"
"9004","8242","3/7/2014 12:00:00 AM"
"9005","9349","12/24/2013 12:00:00 AM"
"9006","7193","1/16/2014 12:00:00 AM"
"9007","8116","1/22/2014 12:00:00 AM"
"9008","4141","1/10/2014 12:00:00 AM"
"9009","2499","6/30/2014 12:00:00 AM"
"9010","17606","4/3/2014 12:00:00 AM"
"9011","10054","12/1/2012 12:00:00 AM"
"9012","17751","5/22/2014 12:00:00 AM"
"9013","2075","6/12/2014 12:00:00 AM"
"9014","12324","3/11/2014 12:00:00 AM"
"9015","17979","10/7/2013 12:00:00 AM"
"9016","1431","8/24/2013 12:00:00 AM"
"9017","3409","9/29/2012 12:00:00 AM"
"9018","6932","4/7/2014 12:00:00 AM"
"9019","16339","4/30/2013 12:00:00 AM"
"9020","17175","10/23/2013 12:00:00 AM"
"9021","945","12/14/2013 12:00:00 AM"
"9022","17501","1/5/2013 12:00:00 AM"
"9023","5715","4/23/2013 12:00:00 AM"
"9024","11762","2/25/2014 12:00:00 AM"
"9025","5931","2/26/2014 12:00:00 AM"
"9026","11725","1/20/2014 12:00:00 AM"
"9027","8160","6/10/2012 12:00:00 AM"
"9028","13056","5/24/2014 12:00:00 AM"
"9029","6527","1/26/2014 12:00:00 AM"
"9030","2928","6/4/2014 12:00:00 AM"
"9031","15205","11/4/2013 12:00:00 AM"
"9032","1603","9/20/2013 12:00:00 AM"
"9033","11637","7/1/2011 12:00:00 AM"
"9034","7755","7/25/2013 12:00:00 AM"
"9035","7169","11/28/2013 12:00:00 AM"
"9036","3426","12/10/2012 12:00:00 AM"
"9037","7571","5/10/2012 12:00:00 AM"
"9038","3090","4/12/2014 12:00:00 AM"
"9039","16350","8/3/2013 12:00:00 AM"
"9040","12973","8/3/2013 12:00:00 AM"
"9041","3526","11/7/2011 12:00:00 AM"
"9042","14786","1/9/2013 12:00:00 AM"
"9043","12923","10/8/2013 12:00:00 AM"
"9044","15237","4/28/2013 12:00:00 AM"
"9045","18365","3/11/2014 12:00:00 AM"
"9046","15052","1/23/2014 12:00:00 AM"
"9047","13988","11/6/2013 12:00:00 AM"
"9048","590","2/28/2013 12:00:00 AM"
"9049","10391","10/28/2013 12:00:00 AM"
"9050","18148","7/24/2013 12:00:00 AM"
"9051","9455","2/6/2014 12:00:00 AM"
"9052","9402","7/25/2013 12:00:00 AM"
"9053","4236","6/17/2014 12:00:00 AM"
"9054","1800","4/27/2014 12:00:00 AM"
"9055","8896","9/5/2013 12:00:00 AM"
"9056","12588","12/12/2013 12:00:00 AM"
"9057","10408","6/17/2014 12:00:00 AM"
"9058","16790","2/26/2014 12:00:00 AM"
"9059","6219","1/7/2014 12:00:00 AM"
"9060","13347","5/25/2013 12:00:00 AM"
"9061","4307","5/18/2014 12:00:00 AM"
"9062","6248","2/20/2012 12:00:00 AM"
"9063","4754","4/26/2014 12:00:00 AM"
"9064","4454","8/11/2013 12:00:00 AM"
"9065","4514","1/2/2012 12:00:00 AM"
"9066","7495","3/17/2014 12:00:00 AM"
"9067","330","5/4/2013 12:00:00 AM"
"9068","7219","10/31/2012 12:00:00 AM"
"9069","7992","1/26/2014 12:00:00 AM"
"9070","300","10/31/2013 12:00:00 AM"
"9071","1313","8/16/2013 12:00:00 AM"
"9072","2621","12/4/2013 12:00:00 AM"
"9073","13997","4/9/2014 12:00:00 AM"
"9074","14912","4/30/2014 12:00:00 AM"
"9075","4068","3/24/2014 12:00:00 AM"
"9076","6382","7/7/2013 12:00:00 AM"
"9077","18044","2/23/2014 12:00:00 AM"
"9078","9207","4/17/2014 12:00:00 AM"
"9079","358","5/27/2012 12:00:00 AM"
"9080","4444","7/14/2012 12:00:00 AM"
"9081","19045","11/6/2013 12:00:00 AM"
"9082","53","4/4/2014 12:00:00 AM"
"9083","1832","2/8/2014 12:00:00 AM"
"9084","17034","10/10/2013 12:00:00 AM"
"9085","2809","10/26/2013 12:00:00 AM"
"9086","7820","4/15/2013 12:00:00 AM"
"9087","12174","8/9/2013 12:00:00 AM"
"9088","10312","5/21/2014 12:00:00 AM"
"9089","9167","12/8/2013 12:00:00 AM"
"9090","6681","4/7/2014 12:00:00 AM"
"9091","17102","4/10/2012 12:00:00 AM"
"9092","3505","6/16/2013 12:00:00 AM"
"9093","7712","9/7/2013 12:00:00 AM"
"9094","18685","3/10/2014 12:00:00 AM"
"9095","816","8/8/2013 12:00:00 AM"
"9096","406","2/21/2014 12:00:00 AM"
"9097","14930","3/26/2014 12:00:00 AM"
"9098","14414","11/25/2011 12:00:00 AM"
"9099","4398","10/17/2013 12:00:00 AM"
"9100","301","4/7/2014 12:00:00 AM"
"9101","15007","11/22/2012 12:00:00 AM"
"9102","2055","9/6/2013 12:00:00 AM"
"9103","9536","12/29/2013 12:00:00 AM"
"9104","10590","12/13/2013 12:00:00 AM"
"9105","3728","9/2/2013 12:00:00 AM"
"9106","5205","7/30/2013 12:00:00 AM"
"9107","9474","10/3/2013 12:00:00 AM"
"9108","15520","12/20/2013 12:00:00 AM"
"9109","2432","9/8/2011 12:00:00 AM"
"9110","531","4/24/2012 12:00:00 AM"
"9111","10110","7/3/2013 12:00:00 AM"
"9112","6534","9/28/2013 12:00:00 AM"
"9113","14467","10/7/2012 12:00:00 AM"
"9114","7867","12/5/2013 12:00:00 AM"
"9115","7333","12/17/2013 12:00:00 AM"
"9116","472","7/14/2013 12:00:00 AM"
"9117","7027","4/13/2014 12:00:00 AM"
"9118","14665","11/21/2011 12:00:00 AM"
"9119","9492","9/21/2013 12:00:00 AM"
"9120","16709","2/27/2012 12:00:00 AM"
"9121","18600","5/10/2014 12:00:00 AM"
"9122","15741","1/9/2014 12:00:00 AM"
"9123","19","2/4/2014 12:00:00 AM"
"9124","814","8/14/2013 12:00:00 AM"
"9125","19061","3/29/2014 12:00:00 AM"
"9126","10880","4/22/2014 12:00:00 AM"
"9127","14774","4/13/2014 12:00:00 AM"
"9128","18415","1/21/2014 12:00:00 AM"
"9129","16273","10/2/2013 12:00:00 AM"
"9130","7670","5/15/2014 12:00:00 AM"
"9131","16684","4/19/2014 12:00:00 AM"
"9132","14923","4/5/2013 12:00:00 AM"
"9133","8130","5/9/2014 12:00:00 AM"
"9134","15505","4/25/2014 12:00:00 AM"
"9135","7861","6/1/2014 12:00:00 AM"
"9136","9860","4/14/2012 12:00:00 AM"
"9137","13576","8/10/2013 12:00:00 AM"
"9138","6587","6/6/2014 12:00:00 AM"
"9139","12852","8/20/2013 12:00:00 AM"
"9140","3440","4/2/2014 12:00:00 AM"
"9141","15972","12/12/2011 12:00:00 AM"
"9142","11632","8/16/2013 12:00:00 AM"
"9143","1840","1/20/2014 12:00:00 AM"
"9144","18765","10/14/2013 12:00:00 AM"
"9145","13851","9/10/2012 12:00:00 AM"
"9146","17507","9/20/2012 12:00:00 AM"
"9147","3984","8/11/2013 12:00:00 AM"
"9148","13734","10/27/2013 12:00:00 AM"
"9149","9596","4/28/2014 12:00:00 AM"
"9150","14788","12/8/2012 12:00:00 AM"
"9151","8591","11/17/2013 12:00:00 AM"
"9152","13927","8/16/2011 12:00:00 AM"
"9153","12421","12/7/2013 12:00:00 AM"
"9154","10541","9/12/2013 12:00:00 AM"
"9155","1879","4/12/2014 12:00:00 AM"
"9156","12405","11/20/2013 12:00:00 AM"
"9157","2751","1/8/2014 12:00:00 AM"
"9158","17222","10/30/2011 12:00:00 AM"
"9159","484","8/15/2013 12:00:00 AM"
"9160","2956","6/3/2012 12:00:00 AM"
"9161","15042","8/27/2011 12:00:00 AM"
"9162","5734","4/11/2014 12:00:00 AM"
"9163","6379","12/19/2012 12:00:00 AM"
"9164","15471","4/29/2014 12:00:00 AM"
"9165","18427","3/8/2012 12:00:00 AM"
"9166","9159","9/30/2013 12:00:00 AM"
"9167","18143","2/7/2014 12:00:00 AM"
"9168","18016","8/29/2011 12:00:00 AM"
"9169","13403","6/18/2014 12:00:00 AM"
"9170","14711","5/24/2013 12:00:00 AM"
"9171","19024","8/3/2012 12:00:00 AM"
"9172","10239","9/16/2013 12:00:00 AM"
"9173","8200","3/8/2014 12:00:00 AM"
"9174","13242","7/7/2013 12:00:00 AM"
"9175","4417","10/12/2013 12:00:00 AM"
"9176","16932","7/14/2013 12:00:00 AM"
"9177","630","2/17/2012 12:00:00 AM"
"9178","17241","9/24/2012 12:00:00 AM"
"9179","8761","4/28/2014 12:00:00 AM"
"9180","16510","7/25/2012 12:00:00 AM"
"9181","14644","1/8/2014 12:00:00 AM"
"9182","16546","5/24/2013 12:00:00 AM"
"9183","2419","7/20/2013 12:00:00 AM"
"9184","17956","3/12/2014 12:00:00 AM"
"9185","293","2/16/2014 12:00:00 AM"
"9186","4810","12/7/2013 12:00:00 AM"
"9187","4893","2/6/2012 12:00:00 AM"
"9188","11339","4/5/2013 12:00:00 AM"
"9189","9050","5/15/2014 12:00:00 AM"
"9190","12866","4/22/2012 12:00:00 AM"
"9191","11807","11/19/2013 12:00:00 AM"
"9192","4036","11/26/2011 12:00:00 AM"
"9193","14221","4/29/2014 12:00:00 AM"
"9194","11443","12/24/2013 12:00:00 AM"
"9195","15032","8/25/2011 12:00:00 AM"
"9196","258","1/5/2013 12:00:00 AM"
"9197","14937","9/30/2013 12:00:00 AM"
"9198","1882","3/23/2014 12:00:00 AM"
"9199","10885","4/7/2014 12:00:00 AM"
"9200","271","7/2/2013 12:00:00 AM"
"9201","15790","1/4/2012 12:00:00 AM"
"9202","16534","10/5/2013 12:00:00 AM"
"9203","15302","9/24/2013 12:00:00 AM"
"9204","18689","1/22/2012 12:00:00 AM"
"9205","14210","5/8/2014 12:00:00 AM"
"9206","14751","3/19/2013 12:00:00 AM"
"9207","4946","11/13/2012 12:00:00 AM"
"9208","3544","11/27/2011 12:00:00 AM"
"9209","2468","4/21/2014 12:00:00 AM"
"9210","12181","12/13/2013 12:00:00 AM"
"9211","12045","12/8/2013 12:00:00 AM"
"9212","2533","3/9/2014 12:00:00 AM"
"9213","9953","6/21/2014 12:00:00 AM"
"9214","18708","2/19/2014 12:00:00 AM"
"9215","16933","8/18/2013 12:00:00 AM"
"9216","3472","1/7/2014 12:00:00 AM"
"9217","16450","10/30/2013 12:00:00 AM"
"9218","7318","5/25/2014 12:00:00 AM"
"9219","462","4/5/2014 12:00:00 AM"
"9220","16641","9/17/2011 12:00:00 AM"
"9221","8111","2/27/2013 12:00:00 AM"
"9222","7507","8/21/2012 12:00:00 AM"
"9223","10582","9/13/2013 12:00:00 AM"
"9224","13031","12/20/2013 12:00:00 AM"
"9225","11317","7/24/2013 12:00:00 AM"
"9226","19168","12/21/2013 12:00:00 AM"
"9227","16354","11/17/2012 12:00:00 AM"
"9228","17652","7/25/2013 12:00:00 AM"
"9229","7772","10/11/2013 12:00:00 AM"
"9230","16402","2/14/2014 12:00:00 AM"
"9231","3829","6/16/2013 12:00:00 AM"
"9232","5359","9/30/2012 12:00:00 AM"
"9233","11921","7/6/2013 12:00:00 AM"
"9234","4366","6/15/2013 12:00:00 AM"
"9235","11422","10/7/2013 12:00:00 AM"
"9236","11615","10/17/2013 12:00:00 AM"
"9237","16962","12/4/2013 12:00:00 AM"
"9238","9389","4/22/2013 12:00:00 AM"
"9239","12790","3/11/2013 12:00:00 AM"
"9240","3384","7/29/2013 12:00:00 AM"
"9241","11497","11/11/2013 12:00:00 AM"
"9242","3085","5/22/2014 12:00:00 AM"
"9243","14213","5/22/2014 12:00:00 AM"
"9244","2420","2/29/2012 12:00:00 AM"
"9245","14483","9/17/2011 12:00:00 AM"
"9246","955","6/3/2013 12:00:00 AM"
"9247","14270","7/17/2013 12:00:00 AM"
"9248","7543","12/1/2013 12:00:00 AM"
"9249","9677","12/3/2013 12:00:00 AM"
"9250","5152","9/21/2013 12:00:00 AM"
"9251","2761","1/16/2014 12:00:00 AM"
"9252","15283","10/8/2013 12:00:00 AM"
"9253","7823","2/17/2014 12:00:00 AM"
"9254","16943","10/23/2013 12:00:00 AM"
"9255","80","11/19/2013 12:00:00 AM"
"9256","7077","8/11/2013 12:00:00 AM"
"9257","17280","8/11/2013 12:00:00 AM"
"9258","3516","9/21/2013 12:00:00 AM"
"9259","17930","11/15/2013 12:00:00 AM"
"9260","9896","4/28/2014 12:00:00 AM"
"9261","13650","4/23/2014 12:00:00 AM"
"9262","7140","2/8/2013 12:00:00 AM"
"9263","7051","2/14/2013 12:00:00 AM"
"9264","7210","9/8/2013 12:00:00 AM"
"9265","5071","4/2/2013 12:00:00 AM"
"9266","10178","10/22/2013 12:00:00 AM"
"9267","9581","9/27/2013 12:00:00 AM"
"9268","13789","10/25/2013 12:00:00 AM"
"9269","6502","8/30/2012 12:00:00 AM"
"9270","12364","5/26/2014 12:00:00 AM"
"9271","4661","6/18/2014 12:00:00 AM"
"9272","6016","10/26/2012 12:00:00 AM"
"9273","2287","2/2/2014 12:00:00 AM"
"9274","15952","4/18/2014 12:00:00 AM"
"9275","16380","5/21/2014 12:00:00 AM"
"9276","8074","3/17/2014 12:00:00 AM"
"9277","9395","3/22/2014 12:00:00 AM"
"9278","4114","2/2/2014 12:00:00 AM"
"9279","13065","8/30/2013 12:00:00 AM"
"9280","3554","6/20/2013 12:00:00 AM"
"9281","12221","3/15/2014 12:00:00 AM"
"9282","17958","11/27/2013 12:00:00 AM"
"9283","14647","5/28/2014 12:00:00 AM"
"9284","12430","7/7/2013 12:00:00 AM"
"9285","9659","11/6/2012 12:00:00 AM"
"9286","11722","8/8/2013 12:00:00 AM"
"9287","10717","3/30/2014 12:00:00 AM"
"9288","5186","3/27/2014 12:00:00 AM"
"9289","18660","7/31/2013 12:00:00 AM"
"9290","17731","8/28/2013 12:00:00 AM"
"9291","2677","3/6/2012 12:00:00 AM"
"9292","8139","6/13/2014 12:00:00 AM"
"9293","17187","4/15/2014 12:00:00 AM"
"9294","12155","4/22/2014 12:00:00 AM"
"9295","18408","3/14/2013 12:00:00 AM"
"9296","9037","3/8/2013 12:00:00 AM"
"9297","4402","8/8/2013 12:00:00 AM"
"9298","14485","5/5/2014 12:00:00 AM"
"9299","2213","11/13/2013 12:00:00 AM"
"9300","16362","11/28/2013 12:00:00 AM"
"9301","1242","1/22/2014 12:00:00 AM"
"9302","1057","9/16/2012 12:00:00 AM"
"9303","322","5/1/2014 12:00:00 AM"
"9304","14132","6/9/2012 12:00:00 AM"
"9305","10407","11/8/2013 12:00:00 AM"
"9306","10977","5/19/2013 12:00:00 AM"
"9307","14280","3/26/2014 12:00:00 AM"
"9308","15631","5/10/2014 12:00:00 AM"
"9309","3249","9/27/2013 12:00:00 AM"
"9310","2489","9/15/2013 12:00:00 AM"
"9311","10824","3/22/2014 12:00:00 AM"
"9312","15799","10/4/2013 12:00:00 AM"
"9313","5105","8/23/2013 12:00:00 AM"
"9314","12580","9/27/2013 12:00:00 AM"
"9315","12230","8/7/2011 12:00:00 AM"
"9316","8837","9/20/2013 12:00:00 AM"
"9317","13394","8/5/2013 12:00:00 AM"
"9318","3435","8/25/2013 12:00:00 AM"
"9319","3889","8/14/2013 12:00:00 AM"
"9320","3429","2/19/2013 12:00:00 AM"
"9321","18351","11/1/2013 12:00:00 AM"
"9322","7684","8/23/2013 12:00:00 AM"
"9323","13877","3/27/2014 12:00:00 AM"
"9324","16469","8/30/2012 12:00:00 AM"
"9325","12854","11/12/2013 12:00:00 AM"
"9326","3086","8/9/2011 12:00:00 AM"
"9327","1266","5/17/2012 12:00:00 AM"
"9328","12455","7/20/2012 12:00:00 AM"
"9329","12961","2/20/2014 12:00:00 AM"
"9330","14898","12/7/2011 12:00:00 AM"
"9331","17977","12/19/2012 12:00:00 AM"
"9332","13137","7/24/2013 12:00:00 AM"
"9333","16957","5/30/2014 12:00:00 AM"
"9334","11276","3/16/2014 12:00:00 AM"
"9335","7134","11/5/2013 12:00:00 AM"
"9336","11536","3/11/2014 12:00:00 AM"
"9337","13139","4/29/2014 12:00:00 AM"
"9338","4628","9/11/2011 12:00:00 AM"
"9339","7911","6/18/2012 12:00:00 AM"
"9340","2433","3/25/2014 12:00:00 AM"
"9341","1205","9/7/2011 12:00:00 AM"
"9342","5320","4/16/2014 12:00:00 AM"
"9343","11368","4/14/2014 12:00:00 AM"
"9344","13156","5/16/2014 12:00:00 AM"
"9345","750","4/10/2014 12:00:00 AM"
"9346","14115","4/10/2014 12:00:00 AM"
"9347","4","5/20/2013 12:00:00 AM"
"9348","2359","3/22/2014 12:00:00 AM"
"9349","18949","11/20/2013 12:00:00 AM"
"9350","18432","3/26/2013 12:00:00 AM"
"9351","3043","6/3/2011 12:00:00 AM"
"9352","14740","7/19/2012 12:00:00 AM"
"9353","4915","10/21/2013 12:00:00 AM"
"9354","6102","3/16/2012 12:00:00 AM"
"9355","12826","11/20/2013 12:00:00 AM"
"9356","2366","5/29/2014 12:00:00 AM"
"9357","5791","10/14/2013 12:00:00 AM"
"9358","5085","8/24/2012 12:00:00 AM"
"9359","11189","6/27/2014 12:00:00 AM"
"9360","1956","9/3/2013 12:00:00 AM"
"9361","10418","1/10/2014 12:00:00 AM"
"9362","18119","11/17/2012 12:00:00 AM"
"9363","11712","5/26/2013 12:00:00 AM"
"9364","4833","9/27/2013 12:00:00 AM"
"9365","159","11/26/2012 12:00:00 AM"
"9366","10325","5/8/2014 12:00:00 AM"
"9367","16531","9/10/2013 12:00:00 AM"
"9368","1874","4/18/2014 12:00:00 AM"
"9369","8638","10/29/2011 12:00:00 AM"
"9370","235","5/4/2014 12:00:00 AM"
"9371","13592","7/29/2012 12:00:00 AM"
"9372","9268","10/10/2012 12:00:00 AM"
"9373","6211","11/25/2012 12:00:00 AM"
"9374","4369","6/2/2011 12:00:00 AM"
"9375","17970","4/3/2012 12:00:00 AM"
"9376","7904","9/17/2012 12:00:00 AM"
"9377","1001","9/15/2013 12:00:00 AM"
"9378","14201","5/28/2014 12:00:00 AM"
"9379","18767","5/27/2014 12:00:00 AM"
"9380","13508","6/1/2014 12:00:00 AM"
"9381","17790","11/7/2011 12:00:00 AM"
"9382","12032","2/27/2014 12:00:00 AM"
"9383","2369","8/16/2013 12:00:00 AM"
"9384","2063","11/3/2013 12:00:00 AM"
"9385","13193","7/6/2013 12:00:00 AM"
"9386","4785","4/30/2013 12:00:00 AM"
"9387","8802","11/5/2013 12:00:00 AM"
"9388","4918","2/20/2014 12:00:00 AM"
"9389","13280","3/18/2013 12:00:00 AM"
"9390","4920","4/23/2014 12:00:00 AM"
"9391","14141","7/14/2011 12:00:00 AM"
"9392","2160","11/18/2013 12:00:00 AM"
"9393","10005","1/19/2012 12:00:00 AM"
"9394","15048","11/1/2012 12:00:00 AM"
"9395","16590","9/16/2013 12:00:00 AM"
"9396","18646","7/20/2013 12:00:00 AM"
"9397","17878","4/25/2014 12:00:00 AM"
"9398","10024","2/27/2012 12:00:00 AM"
"9399","18674","12/25/2013 12:00:00 AM"
"9400","14024","8/11/2013 12:00:00 AM"
"9401","3666","12/28/2013 12:00:00 AM"
"9402","18442","12/23/2013 12:00:00 AM"
"9403","14124","2/18/2014 12:00:00 AM"
"9404","4796","1/30/2014 12:00:00 AM"
"9405","16609","10/25/2013 12:00:00 AM"
"9406","18048","8/9/2012 12:00:00 AM"
"9407","19183","7/29/2013 12:00:00 AM"
"9408","744","5/30/2013 12:00:00 AM"
"9409","9919","7/12/2013 12:00:00 AM"
"9410","1034","12/27/2013 12:00:00 AM"
"9411","17046","7/22/2013 12:00:00 AM"
"9412","13381","5/5/2014 12:00:00 AM"
"9413","18446","9/8/2013 12:00:00 AM"
"9414","4333","11/9/2013 12:00:00 AM"
"9415","9505","7/23/2013 12:00:00 AM"
"9416","380","11/18/2011 12:00:00 AM"
"9417","7698","10/16/2013 12:00:00 AM"
"9418","15460","10/25/2013 12:00:00 AM"
"9419","8230","6/2/2014 12:00:00 AM"
"9420","8480","12/17/2013 12:00:00 AM"
"9421","13557","3/3/2014 12:00:00 AM"
"9422","17865","8/22/2013 12:00:00 AM"
"9423","4822","6/3/2012 12:00:00 AM"
"9424","1688","12/5/2012 12:00:00 AM"
"9425","8709","12/17/2013 12:00:00 AM"
"9426","1595","5/18/2014 12:00:00 AM"
"9427","7469","5/24/2013 12:00:00 AM"
"9428","4612","5/17/2014 12:00:00 AM"
"9429","3809","10/12/2013 12:00:00 AM"
"9430","10322","12/18/2013 12:00:00 AM"
"9431","4105","9/30/2012 12:00:00 AM"
"9432","8694","9/11/2012 12:00:00 AM"
"9433","4258","5/4/2014 12:00:00 AM"
"9434","13514","5/8/2012 12:00:00 AM"
"9435","17637","8/2/2011 12:00:00 AM"
"9436","14428","1/14/2012 12:00:00 AM"
"9437","4899","5/20/2013 12:00:00 AM"
"9438","17072","11/15/2013 12:00:00 AM"
"9439","17051","6/30/2011 12:00:00 AM"
"9440","307","5/6/2014 12:00:00 AM"
"9441","2022","11/3/2013 12:00:00 AM"
"9442","2408","1/3/2014 12:00:00 AM"
"9443","5422","10/17/2013 12:00:00 AM"
"9444","8901","6/23/2013 12:00:00 AM"
"9445","7456","3/11/2014 12:00:00 AM"
"9446","8984","9/16/2013 12:00:00 AM"
"9447","8892","12/14/2013 12:00:00 AM"
"9448","13984","3/11/2013 12:00:00 AM"
"9449","5822","8/13/2013 12:00:00 AM"
"9450","2130","5/12/2014 12:00:00 AM"
"9451","3006","11/27/2012 12:00:00 AM"
"9452","18837","2/26/2014 12:00:00 AM"
"9453","8280","10/9/2013 12:00:00 AM"
"9454","16312","1/19/2014 12:00:00 AM"
"9455","4895","7/20/2013 12:00:00 AM"
"9456","11180","10/12/2013 12:00:00 AM"
"9457","1822","2/21/2014 12:00:00 AM"
"9458","15492","1/30/2013 12:00:00 AM"
"9459","13941","6/22/2014 12:00:00 AM"
"9460","16377","11/19/2011 12:00:00 AM"
"9461","5255","4/3/2013 12:00:00 AM"
"9462","2517","6/17/2014 12:00:00 AM"
"9463","1714","7/1/2011 12:00:00 AM"
"9464","2439","2/6/2014 12:00:00 AM"
"9465","8255","11/4/2013 12:00:00 AM"
"9466","12732","10/19/2013 12:00:00 AM"
"9467","15950","5/16/2012 12:00:00 AM"
"9468","2573","11/4/2013 12:00:00 AM"
"9469","3897","3/4/2014 12:00:00 AM"
"9470","720","5/25/2014 12:00:00 AM"
"9471","11542","8/22/2013 12:00:00 AM"
"9472","14345","1/15/2014 12:00:00 AM"
"9473","6908","3/17/2014 12:00:00 AM"
"9474","16797","2/10/2014 12:00:00 AM"
"9475","16251","7/18/2011 12:00:00 AM"
"9476","105","1/7/2014 12:00:00 AM"
"9477","12979","6/17/2014 12:00:00 AM"
"9478","8337","3/8/2014 12:00:00 AM"
"9479","17121","3/2/2014 12:00:00 AM"
"9480","3614","2/15/2014 12:00:00 AM"
"9481","3245","10/6/2013 12:00:00 AM"
"9482","6185","11/28/2013 12:00:00 AM"
"9483","16285","3/24/2013 12:00:00 AM"
"9484","5079","12/18/2013 12:00:00 AM"
"9485","17593","2/16/2014 12:00:00 AM"
"9486","1261","1/17/2014 12:00:00 AM"
"9487","4579","4/22/2012 12:00:00 AM"
"9488","9543","11/27/2013 12:00:00 AM"
"9489","17432","7/3/2011 12:00:00 AM"
"9490","15037","7/26/2012 12:00:00 AM"
"9491","18541","12/12/2013 12:00:00 AM"
"9492","1158","11/18/2013 12:00:00 AM"
"9493","2886","5/9/2014 12:00:00 AM"
"9494","1696","4/8/2014 12:00:00 AM"
"9495","2523","2/4/2014 12:00:00 AM"
"9496","11967","12/23/2013 12:00:00 AM"
"9497","17939","5/23/2014 12:00:00 AM"
"9498","11432","11/30/2013 12:00:00 AM"
"9499","11152","10/29/2012 12:00:00 AM"
"9500","15539","2/20/2012 12:00:00 AM"
"9501","687","11/11/2013 12:00:00 AM"
"9502","8370","9/27/2013 12:00:00 AM"
"9503","16740","3/5/2012 12:00:00 AM"
"9504","1347","9/19/2011 12:00:00 AM"
"9505","6758","11/19/2013 12:00:00 AM"
"9506","489","12/5/2013 12:00:00 AM"
"9507","18369","7/23/2013 12:00:00 AM"
"9508","15266","3/1/2013 12:00:00 AM"
"9509","4684","2/12/2014 12:00:00 AM"
"9510","5635","12/17/2013 12:00:00 AM"
"9511","11691","6/28/2011 12:00:00 AM"
"9512","12077","9/17/2013 12:00:00 AM"
"9513","16035","5/11/2014 12:00:00 AM"
"9514","7791","8/18/2013 12:00:00 AM"
"9515","9795","3/19/2012 12:00:00 AM"
"9516","3181","4/30/2014 12:00:00 AM"
"9517","8780","7/23/2013 12:00:00 AM"
"9518","16345","11/15/2012 12:00:00 AM"
"9519","12089","2/25/2014 12:00:00 AM"
"9520","8145","8/2/2013 12:00:00 AM"
"9521","5328","10/17/2013 12:00:00 AM"
"9522","17553","5/27/2014 12:00:00 AM"
"9523","6666","7/2/2013 12:00:00 AM"
"9524","5759","11/27/2013 12:00:00 AM"
"9525","1186","4/26/2013 12:00:00 AM"
"9526","15209","11/5/2012 12:00:00 AM"
"9527","4196","12/17/2011 12:00:00 AM"
"9528","18225","7/1/2013 12:00:00 AM"
"9529","8124","3/15/2013 12:00:00 AM"
"9530","5767","7/28/2013 12:00:00 AM"
"9531","2765","6/5/2011 12:00:00 AM"
"9532","3240","2/18/2014 12:00:00 AM"
"9533","17874","3/26/2013 12:00:00 AM"
"9534","15208","4/26/2014 12:00:00 AM"
"9535","13357","5/18/2014 12:00:00 AM"
"9536","4243","1/13/2012 12:00:00 AM"
"9537","1084","1/11/2014 12:00:00 AM"
"9538","3811","3/15/2014 12:00:00 AM"
"9539","15286","3/24/2014 12:00:00 AM"
"9540","9409","11/9/2013 12:00:00 AM"
"9541","7704","2/5/2014 12:00:00 AM"
"9542","10145","2/9/2014 12:00:00 AM"
"9543","6627","9/20/2013 12:00:00 AM"
"9544","11908","3/15/2014 12:00:00 AM"
"9545","694","12/19/2013 12:00:00 AM"
"9546","8775","11/4/2013 12:00:00 AM"
"9547","18859","4/17/2014 12:00:00 AM"
"9548","13901","6/10/2013 12:00:00 AM"
"9549","19064","9/7/2013 12:00:00 AM"
"9550","11819","2/7/2014 12:00:00 AM"
"9551","1250","10/9/2013 12:00:00 AM"
"9552","4054","3/27/2014 12:00:00 AM"
"9553","1701","3/14/2013 12:00:00 AM"
"9554","4541","12/27/2011 12:00:00 AM"
"9555","15961","3/9/2013 12:00:00 AM"
"9556","3856","3/30/2014 12:00:00 AM"
"9557","3361","4/3/2014 12:00:00 AM"
"9558","17131","12/1/2013 12:00:00 AM"
"9559","2689","11/17/2013 12:00:00 AM"
"9560","13399","9/8/2013 12:00:00 AM"
"9561","13627","3/4/2012 12:00:00 AM"
"9562","4723","11/25/2013 12:00:00 AM"
"9563","15888","5/16/2013 12:00:00 AM"
"9564","11000","5/18/2014 12:00:00 AM"
"9565","9830","10/14/2013 12:00:00 AM"
"9566","6082","9/19/2012 12:00:00 AM"
"9567","18838","11/3/2013 12:00:00 AM"
"9568","16574","3/29/2014 12:00:00 AM"
"9569","13286","12/22/2013 12:00:00 AM"
"9570","8355","7/28/2013 12:00:00 AM"
"9571","8832","1/11/2014 12:00:00 AM"
"9572","15834","9/20/2013 12:00:00 AM"
"9573","11985","6/1/2014 12:00:00 AM"
"9574","13029","12/18/2013 12:00:00 AM"
"9575","13844","10/31/2011 12:00:00 AM"
"9576","17436","10/14/2013 12:00:00 AM"
"9577","16674","5/12/2014 12:00:00 AM"
"9578","5953","1/11/2013 12:00:00 AM"
"9579","13470","11/21/2013 12:00:00 AM"
"9580","10956","1/18/2014 12:00:00 AM"
"9581","6809","7/22/2013 12:00:00 AM"
"9582","17409","5/23/2014 12:00:00 AM"
"9583","248","4/11/2014 12:00:00 AM"
"9584","7706","10/18/2013 12:00:00 AM"
"9585","3960","12/1/2012 12:00:00 AM"
"9586","5826","4/18/2014 12:00:00 AM"
"9587","17362","6/30/2013 12:00:00 AM"
"9588","6808","3/22/2014 12:00:00 AM"
"9589","14379","8/18/2013 12:00:00 AM"
"9590","6962","4/5/2014 12:00:00 AM"
"9591","3252","5/29/2014 12:00:00 AM"
"9592","5606","11/12/2013 12:00:00 AM"
"9593","19077","4/28/2012 12:00:00 AM"
"9594","15936","12/16/2012 12:00:00 AM"
"9595","13237","7/5/2012 12:00:00 AM"
"9596","10790","1/11/2014 12:00:00 AM"
"9597","17176","8/18/2013 12:00:00 AM"
"9598","10722","1/17/2012 12:00:00 AM"
"9599","17357","11/26/2013 12:00:00 AM"
"9600","9454","3/23/2014 12:00:00 AM"
"9601","9852","4/3/2014 12:00:00 AM"
"9602","10666","2/6/2014 12:00:00 AM"
"9603","3080","7/12/2011 12:00:00 AM"
"9604","17834","5/1/2012 12:00:00 AM"
"9605","11588","10/29/2013 12:00:00 AM"
"9606","8879","11/5/2013 12:00:00 AM"
"9607","8182","5/21/2014 12:00:00 AM"
"9608","14933","4/18/2014 12:00:00 AM"
"9609","3395","1/13/2014 12:00:00 AM"
"9610","9823","6/12/2012 12:00:00 AM"
"9611","2024","12/8/2013 12:00:00 AM"
"9612","464","12/16/2013 12:00:00 AM"
"9613","14074","11/28/2012 12:00:00 AM"
"9614","98","12/6/2011 12:00:00 AM"
"9615","13758","12/4/2013 12:00:00 AM"
"9616","5919","2/2/2014 12:00:00 AM"
"9617","2034","7/23/2012 12:00:00 AM"
"9618","15625","5/25/2014 12:00:00 AM"
"9619","4291","4/20/2014 12:00:00 AM"
"9620","3287","6/21/2013 12:00:00 AM"
"9621","13113","4/12/2014 12:00:00 AM"
"9622","5809","4/26/2013 12:00:00 AM"
"9623","1245","9/30/2011 12:00:00 AM"
"9624","14008","9/11/2013 12:00:00 AM"
"9625","16843","8/5/2013 12:00:00 AM"
"9626","18832","4/5/2014 12:00:00 AM"
"9627","11360","11/30/2013 12:00:00 AM"
"9628","5684","12/24/2013 12:00:00 AM"
"9629","16294","12/5/2013 12:00:00 AM"
"9630","16692","5/15/2014 12:00:00 AM"
"9631","4241","11/4/2013 12:00:00 AM"
"9632","17820","2/10/2013 12:00:00 AM"
"9633","3913","6/19/2012 12:00:00 AM"
"9634","11124","6/19/2014 12:00:00 AM"
"9635","12393","6/23/2014 12:00:00 AM"
"9636","15865","5/21/2014 12:00:00 AM"
"9637","18968","11/19/2013 12:00:00 AM"
"9638","12615","2/12/2013 12:00:00 AM"
"9639","8170","4/5/2013 12:00:00 AM"
"9640","6743","11/21/2011 12:00:00 AM"
"9641","3863","11/30/2012 12:00:00 AM"
"9642","5795","4/8/2014 12:00:00 AM"
"9643","14514","6/16/2014 12:00:00 AM"
"9644","1114","1/7/2014 12:00:00 AM"
"9645","8169","7/30/2013 12:00:00 AM"
"9646","9734","6/14/2011 12:00:00 AM"
"9647","2494","3/11/2014 12:00:00 AM"
"9648","4611","12/15/2013 12:00:00 AM"
"9649","1224","6/9/2013 12:00:00 AM"
"9650","10195","10/11/2012 12:00:00 AM"
"9651","723","1/19/2012 12:00:00 AM"
"9652","12673","6/7/2014 12:00:00 AM"
"9653","12635","6/12/2014 12:00:00 AM"
"9654","2693","4/24/2014 12:00:00 AM"
"9655","5290","1/2/2014 12:00:00 AM"
"9656","3284","3/30/2014 12:00:00 AM"
"9657","4693","7/4/2011 12:00:00 AM"
"9658","5604","8/25/2013 12:00:00 AM"
"9659","10521","12/15/2013 12:00:00 AM"
"9660","3197","12/10/2013 12:00:00 AM"
"9661","19111","3/3/2014 12:00:00 AM"
"9662","7278","5/9/2014 12:00:00 AM"
"9663","17825","9/24/2012 12:00:00 AM"
"9664","6991","5/2/2014 12:00:00 AM"
"9665","14819","4/6/2013 12:00:00 AM"
"9666","7059","12/24/2011 12:00:00 AM"
"9667","7414","5/28/2014 12:00:00 AM"
"9668","7632","6/2/2014 12:00:00 AM"
"9669","2641","4/17/2014 12:00:00 AM"
"9670","16993","7/14/2013 12:00:00 AM"
"9671","5673","8/5/2013 12:00:00 AM"
"9672","18329","7/18/2013 12:00:00 AM"
"9673","18120","11/6/2013 12:00:00 AM"
"9674","261","10/8/2011 12:00:00 AM"
"9675","6676","1/19/2013 12:00:00 AM"
"9676","4053","2/6/2014 12:00:00 AM"
"9677","6887","9/5/2013 12:00:00 AM"
"9678","2282","4/22/2014 12:00:00 AM"
"9679","19135","6/7/2014 12:00:00 AM"
"9680","10295","4/10/2012 12:00:00 AM"
"9681","15465","11/16/2013 12:00:00 AM"
"9682","17047","10/20/2012 12:00:00 AM"
"9683","14301","8/7/2013 12:00:00 AM"
"9684","11612","11/16/2012 12:00:00 AM"
"9685","17060","8/3/2013 12:00:00 AM"
"9686","10644","6/16/2011 12:00:00 AM"
"9687","4189","8/17/2013 12:00:00 AM"
"9688","2769","5/6/2014 12:00:00 AM"
"9689","17469","12/27/2013 12:00:00 AM"
"9690","11910","11/12/2013 12:00:00 AM"
"9691","7384","12/2/2012 12:00:00 AM"
"9692","18578","11/2/2011 12:00:00 AM"
"9693","17449","11/4/2013 12:00:00 AM"
"9694","17474","5/29/2014 12:00:00 AM"
"9695","8007","7/30/2013 12:00:00 AM"
"9696","8080","12/30/2012 12:00:00 AM"
"9697","1180","9/19/2013 12:00:00 AM"
"9698","5536","10/14/2013 12:00:00 AM"
"9699","9508","10/26/2013 12:00:00 AM"
"9700","6971","7/2/2013 12:00:00 AM"
"9701","9924","10/3/2013 12:00:00 AM"
"9702","14386","4/29/2014 12:00:00 AM"
"9703","10813","2/22/2014 12:00:00 AM"
"9704","12172","10/14/2013 12:00:00 AM"
"9705","8564","1/20/2014 12:00:00 AM"
"9706","5927","2/23/2014 12:00:00 AM"
"9707","657","7/2/2013 12:00:00 AM"
"9708","6610","11/23/2012 12:00:00 AM"
"9709","18649","6/8/2013 12:00:00 AM"
"9710","17941","8/2/2013 12:00:00 AM"
"9711","19141","7/29/2012 12:00:00 AM"
"9712","8405","12/4/2012 12:00:00 AM"
"9713","2792","5/30/2014 12:00:00 AM"
"9714","1809","4/30/2014 12:00:00 AM"
"9715","994","6/29/2014 12:00:00 AM"
"9716","6255","4/23/2014 12:00:00 AM"
"9717","16922","7/26/2012 12:00:00 AM"
"9718","7930","3/5/2014 12:00:00 AM"
"9719","959","8/18/2013 12:00:00 AM"
"9720","2012","4/15/2014 12:00:00 AM"
"9721","12322","1/20/2014 12:00:00 AM"
"9722","4254","9/13/2013 12:00:00 AM"
"9723","937","11/5/2012 12:00:00 AM"
"9724","7007","6/30/2013 12:00:00 AM"
"9725","8356","4/6/2013 12:00:00 AM"
"9726","9513","5/9/2014 12:00:00 AM"
"9727","2879","12/12/2013 12:00:00 AM"
"9728","3237","8/2/2013 12:00:00 AM"
"9729","4341","4/12/2013 12:00:00 AM"
"9730","7164","2/8/2013 12:00:00 AM"
"9731","9117","2/18/2014 12:00:00 AM"
"9732","9605","3/27/2014 12:00:00 AM"
"9733","5529","5/21/2014 12:00:00 AM"
"9734","12071","5/11/2012 12:00:00 AM"
"9735","17231","8/13/2013 12:00:00 AM"
"9736","16862","12/17/2011 12:00:00 AM"
"9737","9864","11/14/2013 12:00:00 AM"
"9738","2629","7/21/2013 12:00:00 AM"
"9739","2463","9/18/2013 12:00:00 AM"
"9740","15910","9/11/2011 12:00:00 AM"
"9741","9832","10/5/2013 12:00:00 AM"
"9742","2322","4/12/2012 12:00:00 AM"
"9743","13605","3/2/2012 12:00:00 AM"
"9744","14322","3/19/2014 12:00:00 AM"
"9745","996","3/24/2013 12:00:00 AM"
"9746","13478","12/27/2011 12:00:00 AM"
"9747","18007","10/2/2013 12:00:00 AM"
"9748","10522","3/15/2014 12:00:00 AM"
"9749","3717","12/7/2013 12:00:00 AM"
"9750","16283","10/29/2013 12:00:00 AM"
"9751","10679","9/25/2013 12:00:00 AM"
"9752","12851","9/21/2013 12:00:00 AM"
"9753","18371","10/23/2013 12:00:00 AM"
"9754","5041","1/22/2014 12:00:00 AM"
"9755","4990","8/10/2011 12:00:00 AM"
"9756","9353","5/3/2013 12:00:00 AM"
"9757","6321","10/16/2012 12:00:00 AM"
"9758","16319","1/12/2014 12:00:00 AM"
"9759","1115","3/4/2013 12:00:00 AM"
"9760","11347","5/7/2014 12:00:00 AM"
"9761","10810","2/28/2014 12:00:00 AM"
"9762","5932","11/29/2012 12:00:00 AM"
"9763","7192","12/10/2013 12:00:00 AM"
"9764","2740","3/9/2013 12:00:00 AM"
"9765","18438","6/25/2014 12:00:00 AM"
"9766","3156","7/11/2013 12:00:00 AM"
"9767","17678","6/11/2013 12:00:00 AM"
"9768","9113","11/18/2013 12:00:00 AM"
"9769","3061","5/6/2012 12:00:00 AM"
"9770","13210","9/22/2011 12:00:00 AM"
"9771","18361","11/24/2012 12:00:00 AM"
"9772","1527","5/17/2014 12:00:00 AM"
"9773","17140","8/15/2013 12:00:00 AM"
"9774","18789","7/24/2012 12:00:00 AM"
"9775","16885","1/14/2014 12:00:00 AM"
"9776","15233","7/30/2012 12:00:00 AM"
"9777","5898","3/15/2014 12:00:00 AM"
"9778","5327","8/26/2013 12:00:00 AM"
"9779","17159","2/17/2014 12:00:00 AM"
"9780","15723","12/17/2012 12:00:00 AM"
"9781","9726","1/20/2013 12:00:00 AM"
"9782","11275","7/16/2013 12:00:00 AM"
"9783","13199","11/4/2013 12:00:00 AM"
"9784","4585","8/9/2013 12:00:00 AM"
"9785","13059","12/12/2013 12:00:00 AM"
"9786","7326","8/17/2013 12:00:00 AM"
"9787","4033","3/24/2014 12:00:00 AM"
"9788","1784","6/2/2014 12:00:00 AM"
"9789","2008","8/22/2013 12:00:00 AM"
"9790","18160","7/6/2011 12:00:00 AM"
"9791","8381","2/27/2014 12:00:00 AM"
"9792","18692","8/7/2013 12:00:00 AM"
"9793","4286","9/20/2012 12:00:00 AM"
"9794","18015","6/30/2013 12:00:00 AM"
"9795","16106","10/26/2011 12:00:00 AM"
"9796","16847","11/24/2013 12:00:00 AM"
"9797","2405","5/22/2014 12:00:00 AM"
"9798","17462","9/29/2013 12:00:00 AM"
"9799","4724","7/27/2013 12:00:00 AM"
"9800","2134","5/17/2014 12:00:00 AM"
"9801","6696","3/3/2013 12:00:00 AM"
"9802","10419","4/26/2014 12:00:00 AM"
"9803","10659","1/16/2012 12:00:00 AM"
"9804","2088","12/1/2013 12:00:00 AM"
"9805","15073","1/31/2014 12:00:00 AM"
"9806","851","5/29/2012 12:00:00 AM"
"9807","583","7/13/2013 12:00:00 AM"
"9808","17375","10/27/2013 12:00:00 AM"
"9809","17746","7/2/2012 12:00:00 AM"
"9810","5765","9/8/2013 12:00:00 AM"
"9811","19188","5/7/2014 12:00:00 AM"
"9812","5236","5/2/2014 12:00:00 AM"
"9813","7584","5/27/2014 12:00:00 AM"
"9814","8753","3/29/2012 12:00:00 AM"
"9815","11037","4/6/2014 12:00:00 AM"
"9816","724","6/24/2014 12:00:00 AM"
"9817","378","2/20/2014 12:00:00 AM"
"9818","14190","12/22/2013 12:00:00 AM"
"9819","15168","3/6/2013 12:00:00 AM"
"9820","16287","3/16/2012 12:00:00 AM"
"9821","13819","3/6/2014 12:00:00 AM"
"9822","10633","5/5/2014 12:00:00 AM"
"9823","17948","4/6/2012 12:00:00 AM"
"9824","4075","2/20/2014 12:00:00 AM"
"9825","10192","9/5/2013 12:00:00 AM"
"9826","16111","5/27/2014 12:00:00 AM"
"9827","9671","12/5/2013 12:00:00 AM"
"9828","18380","1/28/2014 12:00:00 AM"
"9829","16613","8/31/2013 12:00:00 AM"
"9830","5150","3/11/2014 12:00:00 AM"
"9831","5566","11/8/2013 12:00:00 AM"
"9832","5980","4/30/2014 12:00:00 AM"
"9833","10213","11/10/2013 12:00:00 AM"
"9834","7686","1/10/2014 12:00:00 AM"
"9835","8335","8/26/2013 12:00:00 AM"
"9836","3640","3/15/2014 12:00:00 AM"
"9837","13968","9/8/2013 12:00:00 AM"
"9838","13833","8/5/2013 12:00:00 AM"
"9839","7183","8/29/2013 12:00:00 AM"
"9840","4479","6/16/2014 12:00:00 AM"
"9841","15306","11/6/2012 12:00:00 AM"
"9842","17147","4/15/2014 12:00:00 AM"
"9843","2913","2/2/2014 12:00:00 AM"
"9844","8961","3/31/2014 12:00:00 AM"
"9845","12532","3/9/2014 12:00:00 AM"
"9846","17538","1/3/2014 12:00:00 AM"
"9847","14251","3/29/2013 12:00:00 AM"
"9848","15717","6/21/2014 12:00:00 AM"
"9849","6772","2/7/2014 12:00:00 AM"
"9850","4583","10/26/2013 12:00:00 AM"
"9851","7502","11/26/2013 12:00:00 AM"
"9852","14499","4/9/2014 12:00:00 AM"
"9853","7950","4/4/2014 12:00:00 AM"
"9854","19030","11/15/2013 12:00:00 AM"
"9855","14294","6/15/2014 12:00:00 AM"
"9856","18762","4/12/2013 12:00:00 AM"
"9857","14632","11/8/2013 12:00:00 AM"
"9858","1282","4/2/2014 12:00:00 AM"
"9859","7156","4/13/2013 12:00:00 AM"
"9860","2068","8/5/2012 12:00:00 AM"
"9861","15038","3/11/2012 12:00:00 AM"
"9862","1859","1/11/2013 12:00:00 AM"
"9863","3143","10/12/2013 12:00:00 AM"
"9864","11417","4/15/2012 12:00:00 AM"
"9865","8588","3/30/2014 12:00:00 AM"
"9866","5060","12/16/2013 12:00:00 AM"
"9867","10127","2/8/2014 12:00:00 AM"
"9868","8088","1/4/2014 12:00:00 AM"
"9869","12093","10/4/2013 12:00:00 AM"
"9870","7835","8/8/2013 12:00:00 AM"
"9871","18447","12/28/2013 12:00:00 AM"
"9872","19092","7/20/2013 12:00:00 AM"
"9873","15847","10/4/2013 12:00:00 AM"
"9874","11241","11/13/2013 12:00:00 AM"
"9875","8412","3/26/2014 12:00:00 AM"
"9876","5035","10/18/2013 12:00:00 AM"
"9877","5160","5/16/2014 12:00:00 AM"
"9878","17609","12/30/2013 12:00:00 AM"
"9879","12733","12/9/2013 12:00:00 AM"
"9880","2877","9/22/2013 12:00:00 AM"
"9881","15135","12/5/2013 12:00:00 AM"
"9882","12432","8/2/2013 12:00:00 AM"
"9883","16563","11/17/2012 12:00:00 AM"
"9884","4996","5/27/2014 12:00:00 AM"
"9885","18370","11/23/2013 12:00:00 AM"
"9886","16364","12/17/2013 12:00:00 AM"
"9887","10891","4/10/2014 12:00:00 AM"
"9888","13665","6/30/2014 12:00:00 AM"
"9889","10778","8/13/2013 12:00:00 AM"
"9890","1098","10/13/2013 12:00:00 AM"
"9891","13419","6/15/2012 12:00:00 AM"
"9892","14746","8/7/2012 12:00:00 AM"
"9893","14104","7/13/2011 12:00:00 AM"
"9894","12232","1/19/2014 12:00:00 AM"
"9895","3466","7/16/2013 12:00:00 AM"
"9896","9465","11/19/2013 12:00:00 AM"
"9897","14102","11/3/2012 12:00:00 AM"
"9898","400","10/19/2011 12:00:00 AM"
"9899","19221","2/6/2012 12:00:00 AM"
"9900","14208","3/24/2014 12:00:00 AM"
"9901","10898","6/22/2013 12:00:00 AM"
"9902","15764","11/29/2013 12:00:00 AM"
"9903","17463","2/12/2014 12:00:00 AM"
"9904","2394","3/14/2014 12:00:00 AM"
"9905","4768","6/20/2013 12:00:00 AM"
"9906","13489","9/4/2012 12:00:00 AM"
"9907","10727","11/1/2013 12:00:00 AM"
"9908","12798","12/11/2013 12:00:00 AM"
"9909","16382","4/21/2014 12:00:00 AM"
"9910","1360","6/16/2014 12:00:00 AM"
"9911","6523","5/16/2013 12:00:00 AM"
"9912","3230","3/1/2014 12:00:00 AM"
"9913","14215","9/4/2013 12:00:00 AM"
"9914","3635","5/20/2014 12:00:00 AM"
"9915","16868","2/1/2014 12:00:00 AM"
"9916","19094","1/3/2013 12:00:00 AM"
"9917","7975","7/3/2012 12:00:00 AM"
"9918","16054","3/31/2014 12:00:00 AM"
"9919","2314","4/20/2014 12:00:00 AM"
"9920","9019","4/30/2014 12:00:00 AM"
"9921","13474","12/14/2013 12:00:00 AM"
"9922","11373","12/20/2012 12:00:00 AM"
"9923","18289","4/22/2014 12:00:00 AM"
"9924","7375","10/5/2013 12:00:00 AM"
"9925","1491","3/16/2014 12:00:00 AM"
"9926","9843","2/11/2013 12:00:00 AM"
"9927","1059","5/12/2014 12:00:00 AM"
"9928","19151","10/21/2013 12:00:00 AM"
"9929","15252","8/10/2013 12:00:00 AM"
"9930","4010","7/17/2013 12:00:00 AM"
"9931","3564","4/1/2014 12:00:00 AM"
"9932","8570","5/14/2014 12:00:00 AM"
"9933","13265","2/9/2014 12:00:00 AM"
"9934","112","5/12/2014 12:00:00 AM"
"9935","2868","11/8/2013 12:00:00 AM"
"9936","16487","2/25/2014 12:00:00 AM"
"9937","8624","6/18/2014 12:00:00 AM"
"9938","3114","12/9/2013 12:00:00 AM"
"9939","19185","10/14/2013 12:00:00 AM"
"9940","9867","6/16/2013 12:00:00 AM"
"9941","13260","5/15/2014 12:00:00 AM"
"9942","17380","10/28/2013 12:00:00 AM"
"9943","7499","2/8/2012 12:00:00 AM"
"9944","11411","8/30/2013 12:00:00 AM"
"9945","3164","5/11/2013 12:00:00 AM"
"9946","214","9/19/2013 12:00:00 AM"
"9947","532","4/3/2013 12:00:00 AM"
"9948","14151","1/2/2014 12:00:00 AM"
"9949","1174","10/13/2013 12:00:00 AM"
"9950","17629","12/3/2012 12:00:00 AM"
"9951","10544","11/21/2013 12:00:00 AM"
"9952","10103","7/14/2013 12:00:00 AM"
"9953","9439","3/14/2014 12:00:00 AM"
"9954","15120","3/2/2014 12:00:00 AM"
"9955","4503","6/16/2011 12:00:00 AM"
"9956","13162","10/7/2013 12:00:00 AM"
"9957","7450","10/19/2013 12:00:00 AM"
"9958","3978","7/20/2013 12:00:00 AM"
"9959","1348","9/26/2013 12:00:00 AM"
"9960","5680","6/4/2012 12:00:00 AM"
"9961","13189","10/6/2013 12:00:00 AM"
"9962","4343","1/18/2014 12:00:00 AM"
"9963","9752","1/23/2013 12:00:00 AM"
"9964","14223","3/24/2013 12:00:00 AM"
"9965","1539","1/22/2014 12:00:00 AM"
"9966","2987","8/3/2013 12:00:00 AM"
"9967","9286","9/16/2013 12:00:00 AM"
"9968","19190","2/1/2014 12:00:00 AM"
"9969","12115","10/19/2012 12:00:00 AM"
"9970","8836","6/4/2012 12:00:00 AM"
"9971","5133","6/28/2014 12:00:00 AM"
"9972","10497","10/29/2013 12:00:00 AM"
"9973","2959","8/16/2013 12:00:00 AM"
"9974","2111","10/8/2013 12:00:00 AM"
"9975","7655","4/15/2014 12:00:00 AM"
"9976","18725","3/16/2014 12:00:00 AM"
"9977","11508","8/1/2013 12:00:00 AM"
"9978","9733","12/20/2012 12:00:00 AM"
"9979","9100","2/1/2014 12:00:00 AM"
"9980","15744","2/26/2014 12:00:00 AM"
"9981","1552","5/12/2014 12:00:00 AM"
"9982","10551","8/23/2013 12:00:00 AM"
"9983","17561","5/20/2014 12:00:00 AM"
"9984","19003","4/6/2013 12:00:00 AM"
"9985","18763","5/17/2014 12:00:00 AM"
"9986","9080","6/9/2012 12:00:00 AM"
"9987","8957","9/21/2013 12:00:00 AM"
"9988","8329","8/11/2013 12:00:00 AM"
"9989","17076","11/13/2013 12:00:00 AM"
"9990","18585","8/2/2013 12:00:00 AM"
"9991","14625","7/6/2013 12:00:00 AM"
"9992","2197","1/18/2014 12:00:00 AM"
"9993","10446","12/27/2013 12:00:00 AM"
"9994","1709","12/1/2013 12:00:00 AM"
"9995","13633","10/11/2013 12:00:00 AM"
"9996","15595","3/13/2013 12:00:00 AM"
"9997","2998","2/23/2013 12:00:00 AM"
"9998","11287","8/3/2011 12:00:00 AM"
"9999","8098","8/7/2011 12:00:00 AM"
"10000","12101","11/9/2013 12:00:00 AM"
"10001","552","12/30/2013 12:00:00 AM"
"10002","9824","1/25/2014 12:00:00 AM"
"10003","18243","9/4/2011 12:00:00 AM"
"10004","5111","5/8/2013 12:00:00 AM"
"10005","16202","10/8/2013 12:00:00 AM"
"10006","18027","7/31/2013 12:00:00 AM"
"10007","10670","12/9/2013 12:00:00 AM"
"10008","2459","9/17/2011 12:00:00 AM"
"10009","4415","4/19/2014 12:00:00 AM"
"10010","7901","5/28/2014 12:00:00 AM"
"10011","13149","9/8/2013 12:00:00 AM"
"10012","17890","6/5/2012 12:00:00 AM"
"10013","2395","7/14/2013 12:00:00 AM"
"10014","5053","9/27/2013 12:00:00 AM"
"10015","72","8/13/2013 12:00:00 AM"
"10016","8956","10/27/2013 12:00:00 AM"
"10017","17971","8/19/2013 12:00:00 AM"
"10018","3636","4/20/2014 12:00:00 AM"
"10019","16110","12/14/2013 12:00:00 AM"
"10020","15112","8/23/2013 12:00:00 AM"
"10021","8127","9/26/2011 12:00:00 AM"
"10022","8876","5/11/2014 12:00:00 AM"
"10023","13915","4/14/2014 12:00:00 AM"
"10024","2277","10/15/2011 12:00:00 AM"
"10025","13778","11/16/2013 12:00:00 AM"
"10026","11387","9/17/2013 12:00:00 AM"
"10027","7242","5/5/2012 12:00:00 AM"
"10028","15945","6/10/2014 12:00:00 AM"
"10029","2409","4/27/2013 12:00:00 AM"
"10030","7987","1/29/2013 12:00:00 AM"
"10031","5234","9/17/2013 12:00:00 AM"
"10032","5838","11/1/2013 12:00:00 AM"
"10033","777","7/10/2013 12:00:00 AM"
"10034","6973","4/16/2014 12:00:00 AM"
"10035","3565","2/24/2014 12:00:00 AM"
"10036","18158","10/28/2013 12:00:00 AM"
"10037","8549","2/25/2013 12:00:00 AM"
"10038","11821","7/28/2013 12:00:00 AM"
"10039","14026","10/8/2013 12:00:00 AM"
"10040","1669","2/27/2014 12:00:00 AM"
"10041","419","7/28/2013 12:00:00 AM"
"10042","14437","11/12/2013 12:00:00 AM"
"10043","4461","12/15/2011 12:00:00 AM"
"10044","11673","7/5/2012 12:00:00 AM"
"10045","5344","8/16/2013 12:00:00 AM"
"10046","6297","12/15/2013 12:00:00 AM"
"10047","6671","8/22/2011 12:00:00 AM"
"10048","16424","3/11/2014 12:00:00 AM"
"10049","13840","12/4/2011 12:00:00 AM"
"10050","2452","12/27/2013 12:00:00 AM"
"10051","17517","8/31/2013 12:00:00 AM"
"10052","366","3/25/2014 12:00:00 AM"
"10053","3673","6/30/2012 12:00:00 AM"
"10054","8389","2/7/2014 12:00:00 AM"
"10055","12628","5/19/2014 12:00:00 AM"
"10056","13783","1/24/2014 12:00:00 AM"
"10057","16632","1/16/2014 12:00:00 AM"
"10058","10817","9/7/2013 12:00:00 AM"
"10059","16394","10/18/2013 12:00:00 AM"
"10060","5057","11/21/2012 12:00:00 AM"
"10061","5249","10/24/2013 12:00:00 AM"
"10062","11390","7/15/2013 12:00:00 AM"
"10063","2122","12/7/2013 12:00:00 AM"
"10064","15767","9/1/2013 12:00:00 AM"
"10065","13812","10/22/2013 12:00:00 AM"
"10066","14864","7/15/2013 12:00:00 AM"
"10067","4507","3/13/2014 12:00:00 AM"
"10068","7973","12/24/2013 12:00:00 AM"
"10069","4361","3/10/2014 12:00:00 AM"
"10070","1562","6/30/2013 12:00:00 AM"
"10071","7690","1/18/2013 12:00:00 AM"
"10072","16061","3/28/2013 12:00:00 AM"
"10073","9564","6/21/2013 12:00:00 AM"
"10074","16859","11/9/2013 12:00:00 AM"
"10075","17749","1/1/2013 12:00:00 AM"
"10076","16498","2/11/2014 12:00:00 AM"
"10077","2285","7/23/2013 12:00:00 AM"
"10078","5986","2/13/2013 12:00:00 AM"
"10079","13429","4/29/2014 12:00:00 AM"
"10080","13209","7/14/2013 12:00:00 AM"
"10081","17582","9/16/2013 12:00:00 AM"
"10082","13522","8/19/2013 12:00:00 AM"
"10083","14834","5/14/2012 12:00:00 AM"
"10084","2172","8/4/2013 12:00:00 AM"
"10085","5914","10/15/2013 12:00:00 AM"
"10086","16566","11/28/2011 12:00:00 AM"
"10087","16817","2/20/2014 12:00:00 AM"
"10088","11700","2/16/2014 12:00:00 AM"
"10089","6949","11/27/2012 12:00:00 AM"
"10090","121","5/5/2014 12:00:00 AM"
"10091","13909","6/10/2013 12:00:00 AM"
"10092","3735","4/14/2013 12:00:00 AM"
"10093","10320","5/4/2013 12:00:00 AM"
"10094","10283","11/15/2013 12:00:00 AM"
"10095","18288","8/30/2012 12:00:00 AM"
"10096","16306","9/12/2011 12:00:00 AM"
"10097","17839","6/27/2014 12:00:00 AM"
"10098","4604","4/24/2013 12:00:00 AM"
"10099","9666","3/23/2013 12:00:00 AM"
"10100","11320","8/21/2013 12:00:00 AM"
"10101","6116","10/15/2013 12:00:00 AM"
"10102","8786","7/20/2013 12:00:00 AM"
"10103","16063","9/24/2013 12:00:00 AM"
"10104","14525","7/9/2013 12:00:00 AM"
"10105","13161","11/18/2013 12:00:00 AM"
"10106","620","4/4/2012 12:00:00 AM"
"10107","16076","1/11/2012 12:00:00 AM"
"10108","11482","1/9/2014 12:00:00 AM"
"10109","16522","10/8/2013 12:00:00 AM"
"10110","18842","7/24/2013 12:00:00 AM"
"10111","5312","9/14/2012 12:00:00 AM"
"10112","13254","8/7/2013 12:00:00 AM"
"10113","190","1/17/2014 12:00:00 AM"
"10114","14709","10/30/2013 12:00:00 AM"
"10115","12027","10/20/2013 12:00:00 AM"
"10116","7020","10/2/2013 12:00:00 AM"
"10117","11219","8/6/2013 12:00:00 AM"
"10118","1673","6/3/2014 12:00:00 AM"
"10119","5224","3/14/2012 12:00:00 AM"
"10120","17714","8/3/2012 12:00:00 AM"
"10121","1239","10/13/2013 12:00:00 AM"
"10122","8392","4/16/2014 12:00:00 AM"
"10123","8689","2/14/2013 12:00:00 AM"
"10124","11471","4/25/2014 12:00:00 AM"
"10125","11090","1/2/2014 12:00:00 AM"
"10126","8055","5/15/2014 12:00:00 AM"
"10127","8407","5/14/2014 12:00:00 AM"
"10128","15987","3/30/2014 12:00:00 AM"
"10129","11686","7/6/2011 12:00:00 AM"
"10130","1025","8/5/2013 12:00:00 AM"
"10131","11044","1/4/2013 12:00:00 AM"
"10132","15853","12/11/2013 12:00:00 AM"
"10133","15997","12/27/2013 12:00:00 AM"
"10134","10427","7/27/2013 12:00:00 AM"
"10135","10850","7/7/2013 12:00:00 AM"
"10136","12996","5/3/2013 12:00:00 AM"
"10137","2775","7/13/2013 12:00:00 AM"
"10138","4562","12/20/2013 12:00:00 AM"
"10139","16898","6/17/2014 12:00:00 AM"
"10140","7763","11/13/2013 12:00:00 AM"
"10141","15031","11/14/2013 12:00:00 AM"
"10142","12837","6/23/2014 12:00:00 AM"
"10143","5962","5/22/2014 12:00:00 AM"
"10144","11081","7/3/2012 12:00:00 AM"
"10145","14189","8/18/2013 12:00:00 AM"
"10146","13748","1/18/2014 12:00:00 AM"
"10147","4395","5/10/2014 12:00:00 AM"
"10148","15366","5/24/2014 12:00:00 AM"
"10149","3987","12/31/2013 12:00:00 AM"
"10150","520","6/23/2014 12:00:00 AM"
"10151","3935","2/3/2013 12:00:00 AM"
"10152","13012","7/20/2012 12:00:00 AM"
"10153","18184","4/28/2014 12:00:00 AM"
"10154","13720","12/30/2013 12:00:00 AM"
"10155","7447","7/7/2013 12:00:00 AM"
"10156","18453","9/30/2013 12:00:00 AM"
"10157","12456","2/6/2014 12:00:00 AM"
"10158","13098","5/3/2013 12:00:00 AM"
"10159","15211","1/1/2014 12:00:00 AM"
"10160","12354","3/2/2014 12:00:00 AM"
"10161","15652","11/21/2013 12:00:00 AM"
"10162","2425","10/14/2013 12:00:00 AM"
"10163","16652","10/27/2013 12:00:00 AM"
"10164","18387","6/14/2014 12:00:00 AM"
"10165","7110","9/16/2013 12:00:00 AM"
"10166","12218","1/31/2012 12:00:00 AM"
"10167","12934","2/26/2014 12:00:00 AM"
"10168","16262","12/20/2013 12:00:00 AM"
"10169","15860","4/18/2014 12:00:00 AM"
"10170","6454","3/2/2012 12:00:00 AM"
"10171","14122","5/12/2014 12:00:00 AM"
"10172","4769","6/23/2014 12:00:00 AM"
"10173","1887","10/1/2013 12:00:00 AM"
"10174","11543","5/6/2014 12:00:00 AM"
"10175","14993","10/13/2013 12:00:00 AM"
"10176","2466","4/3/2013 12:00:00 AM"
"10177","1981","7/24/2013 12:00:00 AM"
"10178","7622","8/22/2013 12:00:00 AM"
"10179","6324","9/16/2013 12:00:00 AM"
"10180","7959","7/18/2013 12:00:00 AM"
"10181","4380","12/12/2011 12:00:00 AM"
"10182","14651","8/17/2011 12:00:00 AM"
"10183","18398","8/1/2012 12:00:00 AM"
"10184","459","3/25/2014 12:00:00 AM"
"10185","5819","3/28/2014 12:00:00 AM"
"10186","7362","1/20/2014 12:00:00 AM"
"10187","7605","7/17/2011 12:00:00 AM"
"10188","12974","12/19/2013 12:00:00 AM"
"10189","12913","4/28/2014 12:00:00 AM"
"10190","8308","12/24/2013 12:00:00 AM"
"10191","17586","11/1/2013 12:00:00 AM"
"10192","6118","3/25/2014 12:00:00 AM"
"10193","526","6/20/2014 12:00:00 AM"
"10194","5256","11/4/2013 12:00:00 AM"
"10195","7235","1/3/2014 12:00:00 AM"
"10196","2910","7/6/2013 12:00:00 AM"
"10197","1184","5/30/2012 12:00:00 AM"
"10198","896","4/8/2014 12:00:00 AM"
"10199","9845","3/28/2014 12:00:00 AM"
"10200","5412","10/6/2013 12:00:00 AM"
"10201","15475","8/10/2013 12:00:00 AM"
"10202","6966","6/29/2011 12:00:00 AM"
"10203","4412","12/16/2013 12:00:00 AM"
"10204","6999","7/26/2013 12:00:00 AM"
"10205","1508","8/10/2013 12:00:00 AM"
"10206","16357","10/12/2012 12:00:00 AM"
"10207","16034","9/11/2013 12:00:00 AM"
"10208","14983","5/25/2013 12:00:00 AM"
"10209","6075","4/3/2014 12:00:00 AM"
"10210","18","12/29/2011 12:00:00 AM"
"10211","4767","8/15/2013 12:00:00 AM"
"10212","13523","1/15/2014 12:00:00 AM"
"10213","678","4/16/2012 12:00:00 AM"
"10214","17443","9/5/2013 12:00:00 AM"
"10215","10859","11/17/2013 12:00:00 AM"
"10216","2493","3/16/2013 12:00:00 AM"
"10217","15035","6/4/2014 12:00:00 AM"
"10218","18900","6/12/2012 12:00:00 AM"
"10219","14123","11/21/2013 12:00:00 AM"
"10220","557","2/15/2012 12:00:00 AM"
"10221","10833","1/17/2013 12:00:00 AM"
"10222","12730","12/11/2013 12:00:00 AM"
"10223","6325","11/7/2011 12:00:00 AM"
"10224","8063","2/3/2013 12:00:00 AM"
"10225","5267","7/17/2012 12:00:00 AM"
"10226","13219","7/10/2013 12:00:00 AM"
"10227","2221","3/17/2014 12:00:00 AM"
"10228","16828","3/5/2014 12:00:00 AM"
"10229","11210","2/18/2014 12:00:00 AM"
"10230","9388","4/28/2014 12:00:00 AM"
"10231","2966","12/15/2011 12:00:00 AM"
"10232","9547","11/7/2011 12:00:00 AM"
"10233","12784","10/24/2013 12:00:00 AM"
"10234","8730","9/29/2013 12:00:00 AM"
"10235","17575","12/12/2012 12:00:00 AM"
"10236","4184","9/22/2013 12:00:00 AM"
"10237","10602","8/5/2013 12:00:00 AM"
"10238","19136","12/16/2012 12:00:00 AM"
"10239","191","12/20/2013 12:00:00 AM"
"10240","15876","2/2/2013 12:00:00 AM"
"10241","16615","11/11/2012 12:00:00 AM"
"10242","15375","9/9/2013 12:00:00 AM"
"10243","7413","10/8/2013 12:00:00 AM"
"10244","14076","11/16/2013 12:00:00 AM"
"10245","3923","11/2/2013 12:00:00 AM"
"10246","4505","3/7/2014 12:00:00 AM"
"10247","12706","5/29/2014 12:00:00 AM"
"10248","15946","11/26/2013 12:00:00 AM"
"10249","5091","11/17/2013 12:00:00 AM"
"10250","19178","2/4/2014 12:00:00 AM"
"10251","14425","7/28/2013 12:00:00 AM"
"10252","13652","4/10/2014 12:00:00 AM"
"10253","16581","4/29/2014 12:00:00 AM"
"10254","14494","5/18/2013 12:00:00 AM"
"10255","4638","2/14/2013 12:00:00 AM"
"10256","17771","8/12/2012 12:00:00 AM"
"10257","3454","11/17/2013 12:00:00 AM"
"10258","10355","8/20/2013 12:00:00 AM"
"10259","16617","4/19/2014 12:00:00 AM"
"10260","5021","11/3/2012 12:00:00 AM"
"10261","18955","12/29/2013 12:00:00 AM"
"10262","8241","1/10/2012 12:00:00 AM"
"10263","7449","12/3/2011 12:00:00 AM"
"10264","18076","7/30/2013 12:00:00 AM"
"10265","15481","1/8/2014 12:00:00 AM"
"10266","5067","8/3/2013 12:00:00 AM"
"10267","5020","9/7/2011 12:00:00 AM"
"10268","14217","5/30/2014 12:00:00 AM"
"10269","4762","10/2/2012 12:00:00 AM"
"10270","15390","5/6/2014 12:00:00 AM"
"10271","15206","8/12/2012 12:00:00 AM"
"10272","1708","3/23/2012 12:00:00 AM"
"10273","13558","2/25/2014 12:00:00 AM"
"10274","3199","9/15/2013 12:00:00 AM"
"10275","11708","7/2/2012 12:00:00 AM"
"10276","13732","9/18/2012 12:00:00 AM"
"10277","7477","5/14/2014 12:00:00 AM"
"10278","9025","3/13/2013 12:00:00 AM"
"10279","7734","8/14/2013 12:00:00 AM"
"10280","9161","12/11/2012 12:00:00 AM"
"10281","13041","7/27/2013 12:00:00 AM"
"10282","16782","10/3/2013 12:00:00 AM"
"10283","15468","6/17/2012 12:00:00 AM"
"10284","10650","12/18/2012 12:00:00 AM"
"10285","17413","11/5/2012 12:00:00 AM"
"10286","10405","3/15/2013 12:00:00 AM"
"10287","3629","2/20/2014 12:00:00 AM"
"10288","4112","11/29/2013 12:00:00 AM"
"10289","10410","6/27/2012 12:00:00 AM"
"10290","15466","2/21/2012 12:00:00 AM"
"10291","16476","5/14/2013 12:00:00 AM"
"10292","8859","1/7/2013 12:00:00 AM"
"10293","6474","4/7/2014 12:00:00 AM"
"10294","3446","2/13/2013 12:00:00 AM"
"10295","17628","12/18/2013 12:00:00 AM"
"10296","668","7/28/2013 12:00:00 AM"
"10297","15669","7/26/2013 12:00:00 AM"
"10298","1092","7/18/2011 12:00:00 AM"
"10299","11639","7/24/2012 12:00:00 AM"
"10300","601","12/27/2013 12:00:00 AM"
"10301","13097","8/1/2013 12:00:00 AM"
"10302","9283","3/8/2014 12:00:00 AM"
"10303","936","12/3/2013 12:00:00 AM"
"10304","13656","4/13/2014 12:00:00 AM"
"10305","15734","7/18/2013 12:00:00 AM"
"10306","11853","11/11/2013 12:00:00 AM"
"10307","8596","7/15/2013 12:00:00 AM"
"10308","14179","9/23/2013 12:00:00 AM"
"10309","8248","11/11/2013 12:00:00 AM"
"10310","4006","10/13/2013 12:00:00 AM"
"10311","11197","12/21/2013 12:00:00 AM"
"10312","7623","2/22/2013 12:00:00 AM"
"10313","15534","9/10/2013 12:00:00 AM"
"10314","3535","3/7/2014 12:00:00 AM"
"10315","15677","6/25/2014 12:00:00 AM"
"10316","15653","9/20/2013 12:00:00 AM"
"10317","3722","2/3/2014 12:00:00 AM"
"10318","10528","2/13/2014 12:00:00 AM"
"10319","17031","1/10/2014 12:00:00 AM"
"10320","9013","2/7/2014 12:00:00 AM"
"10321","3988","5/11/2014 12:00:00 AM"
"10322","11325","1/23/2013 12:00:00 AM"
"10323","11813","4/29/2014 12:00:00 AM"
"10324","1640","11/14/2011 12:00:00 AM"
"10325","423","8/3/2013 12:00:00 AM"
"10326","2715","8/9/2012 12:00:00 AM"
"10327","2509","12/16/2013 12:00:00 AM"
"10328","18521","10/16/2013 12:00:00 AM"
"10329","14527","8/12/2013 12:00:00 AM"
"10330","10993","10/3/2013 12:00:00 AM"
"10331","2209","8/16/2013 12:00:00 AM"
"10332","15540","1/23/2013 12:00:00 AM"
"10333","10795","4/20/2014 12:00:00 AM"
"10334","6694","7/27/2012 12:00:00 AM"
"10335","1423","8/13/2013 12:00:00 AM"
"10336","10771","5/16/2014 12:00:00 AM"
"10337","17314","2/28/2013 12:00:00 AM"
"10338","16152","6/26/2013 12:00:00 AM"
"10339","18312","3/9/2014 12:00:00 AM"
"10340","10950","3/2/2014 12:00:00 AM"
"10341","3537","2/11/2014 12:00:00 AM"
"10342","15726","6/2/2014 12:00:00 AM"
"10343","16271","10/4/2013 12:00:00 AM"
"10344","16725","2/20/2014 12:00:00 AM"
"10345","6896","12/15/2013 12:00:00 AM"
"10346","1426","10/1/2013 12:00:00 AM"
"10347","12567","3/17/2013 12:00:00 AM"
"10348","2392","10/30/2011 12:00:00 AM"
"10349","948","8/28/2013 12:00:00 AM"
"10350","2808","4/3/2014 12:00:00 AM"
"10351","12302","8/29/2012 12:00:00 AM"
"10352","15083","9/21/2013 12:00:00 AM"
"10353","5104","10/1/2013 12:00:00 AM"
"10354","3892","4/24/2012 12:00:00 AM"
"10355","7321","10/19/2013 12:00:00 AM"
"10356","4320","12/22/2013 12:00:00 AM"
"10357","5241","3/16/2014 12:00:00 AM"
"10358","5441","6/23/2012 12:00:00 AM"
"10359","18291","5/13/2014 12:00:00 AM"
"10360","9544","3/8/2013 12:00:00 AM"
"10361","6515","7/14/2013 12:00:00 AM"
"10362","14500","8/31/2013 12:00:00 AM"
"10363","11610","2/24/2014 12:00:00 AM"
"10364","4797","7/23/2013 12:00:00 AM"
"10365","16637","10/20/2013 12:00:00 AM"
"10366","16938","12/24/2013 12:00:00 AM"
"10367","6773","7/21/2013 12:00:00 AM"
"10368","13358","4/24/2014 12:00:00 AM"
"10369","381","7/15/2013 12:00:00 AM"
"10370","17158","5/12/2013 12:00:00 AM"
"10371","457","8/4/2013 12:00:00 AM"
"10372","16571","7/16/2013 12:00:00 AM"
"10373","9738","12/11/2013 12:00:00 AM"
"10374","568","2/15/2014 12:00:00 AM"
"10375","7588","6/13/2011 12:00:00 AM"
"10376","9137","1/20/2013 12:00:00 AM"
"10377","402","5/22/2013 12:00:00 AM"
"10378","14069","8/5/2013 12:00:00 AM"
"10379","3290","12/28/2013 12:00:00 AM"
"10380","238","9/25/2013 12:00:00 AM"
"10381","6207","7/16/2013 12:00:00 AM"
"10382","9748","11/7/2013 12:00:00 AM"
"10383","6276","2/14/2013 12:00:00 AM"
"10384","368","11/17/2013 12:00:00 AM"
"10385","18066","4/6/2013 12:00:00 AM"
"10386","16984","12/28/2011 12:00:00 AM"
"10387","18325","1/2/2014 12:00:00 AM"
"10388","18248","10/12/2013 12:00:00 AM"
"10389","13396","10/23/2011 12:00:00 AM"
"10390","4392","9/7/2011 12:00:00 AM"
"10391","19156","4/15/2014 12:00:00 AM"
"10392","976","5/3/2014 12:00:00 AM"
"10393","4143","12/21/2013 12:00:00 AM"
"10394","6287","1/1/2014 12:00:00 AM"
"10395","18774","9/7/2013 12:00:00 AM"
"10396","15780","9/29/2012 12:00:00 AM"
"10397","2460","7/22/2013 12:00:00 AM"
"10398","4435","4/29/2014 12:00:00 AM"
"10399","5849","7/31/2013 12:00:00 AM"
"10400","16780","7/11/2013 12:00:00 AM"
"10401","770","1/10/2014 12:00:00 AM"
"10402","18823","10/5/2013 12:00:00 AM"
"10403","14330","5/3/2014 12:00:00 AM"
"10404","4498","9/18/2012 12:00:00 AM"
"10405","9990","7/29/2013 12:00:00 AM"
"10406","11259","4/24/2014 12:00:00 AM"
"10407","9416","11/13/2013 12:00:00 AM"
"10408","3896","2/3/2014 12:00:00 AM"
"10409","3327","5/24/2014 12:00:00 AM"
"10410","15797","8/20/2012 12:00:00 AM"
"10411","2505","1/8/2014 12:00:00 AM"
"10412","14508","2/10/2014 12:00:00 AM"
"10413","4330","8/1/2013 12:00:00 AM"
"10414","10768","3/7/2014 12:00:00 AM"
"10415","4476","7/29/2011 12:00:00 AM"
"10416","16956","10/29/2013 12:00:00 AM"
"10417","1521","7/20/2013 12:00:00 AM"
"10418","11865","12/12/2012 12:00:00 AM"
"10419","2700","9/12/2013 12:00:00 AM"
"10420","16986","6/15/2014 12:00:00 AM"
"10421","9423","8/27/2013 12:00:00 AM"
"10422","10991","10/6/2013 12:00:00 AM"
"10423","18918","7/28/2013 12:00:00 AM"
"10424","9356","8/24/2013 12:00:00 AM"
"10425","7895","7/11/2013 12:00:00 AM"
"10426","182","3/24/2013 12:00:00 AM"
"10427","1736","6/1/2012 12:00:00 AM"
"10428","8451","8/6/2012 12:00:00 AM"
"10429","10093","7/6/2011 12:00:00 AM"
"10430","7015","2/25/2012 12:00:00 AM"
"10431","15915","10/23/2013 12:00:00 AM"
"10432","9377","5/14/2014 12:00:00 AM"
"10433","9706","9/14/2012 12:00:00 AM"
"10434","3427","7/7/2013 12:00:00 AM"
"10435","16735","11/5/2013 12:00:00 AM"
"10436","4523","3/29/2014 12:00:00 AM"
"10437","3888","2/17/2014 12:00:00 AM"
"10438","13016","1/6/2014 12:00:00 AM"
"10439","2074","2/3/2014 12:00:00 AM"
"10440","3628","12/13/2013 12:00:00 AM"
"10441","8175","12/29/2012 12:00:00 AM"
"10442","16588","3/8/2014 12:00:00 AM"
"10443","7424","2/26/2013 12:00:00 AM"
"10444","4001","6/3/2014 12:00:00 AM"
"10445","10346","12/13/2011 12:00:00 AM"
"10446","7548","5/29/2014 12:00:00 AM"
"10447","9718","12/2/2013 12:00:00 AM"
"10448","17812","9/28/2013 12:00:00 AM"
"10449","11305","2/24/2014 12:00:00 AM"
"10450","3486","7/9/2013 12:00:00 AM"
"10451","10736","7/7/2013 12:00:00 AM"
"10452","8254","6/26/2014 12:00:00 AM"
"10453","9882","5/8/2014 12:00:00 AM"
"10454","8273","11/16/2013 12:00:00 AM"
"10455","8695","7/18/2013 12:00:00 AM"
"10456","9531","1/10/2014 12:00:00 AM"
"10457","8729","11/19/2013 12:00:00 AM"
"10458","6361","7/15/2013 12:00:00 AM"
"10459","6092","11/17/2012 12:00:00 AM"
"10460","13815","7/26/2013 12:00:00 AM"
"10461","14469","12/26/2013 12:00:00 AM"
"10462","4551","3/30/2014 12:00:00 AM"
"10463","14588","8/12/2013 12:00:00 AM"
"10464","12584","9/21/2013 12:00:00 AM"
"10465","17235","2/27/2014 12:00:00 AM"
"10466","16050","1/26/2012 12:00:00 AM"
"10467","16821","10/14/2013 12:00:00 AM"
"10468","4193","10/15/2013 12:00:00 AM"
"10469","15895","6/23/2012 12:00:00 AM"
"10470","9921","12/29/2013 12:00:00 AM"
"10471","4281","12/5/2013 12:00:00 AM"
"10472","15569","9/15/2013 12:00:00 AM"
"10473","1457","11/6/2011 12:00:00 AM"
"10474","13495","6/9/2013 12:00:00 AM"
"10475","8710","2/8/2014 12:00:00 AM"
"10476","12662","5/12/2014 12:00:00 AM"
"10477","3204","12/7/2013 12:00:00 AM"
"10478","2961","7/3/2013 12:00:00 AM"
"10479","1007","6/24/2014 12:00:00 AM"
"10480","18627","9/27/2013 12:00:00 AM"
"10481","3223","6/1/2014 12:00:00 AM"
"10482","14872","5/17/2014 12:00:00 AM"
"10483","7172","9/27/2013 12:00:00 AM"
"10484","11798","5/20/2012 12:00:00 AM"
"10485","15724","7/11/2013 12:00:00 AM"
"10486","2170","2/17/2014 12:00:00 AM"
"10487","16526","12/15/2013 12:00:00 AM"
"10488","3656","3/21/2014 12:00:00 AM"
"10489","2692","12/19/2013 12:00:00 AM"
"10490","18888","5/5/2014 12:00:00 AM"
"10491","9396","8/20/2013 12:00:00 AM"
"10492","6144","5/27/2014 12:00:00 AM"
"10493","6196","1/13/2012 12:00:00 AM"
"10494","11103","1/23/2014 12:00:00 AM"
"10495","11019","3/19/2013 12:00:00 AM"
"10496","6105","7/18/2013 12:00:00 AM"
"10497","1620","10/16/2013 12:00:00 AM"
"10498","5237","1/16/2013 12:00:00 AM"
"10499","4456","3/2/2014 12:00:00 AM"
"10500","8521","2/28/2013 12:00:00 AM"
"10501","5232","6/1/2013 12:00:00 AM"
"10502","18011","10/27/2013 12:00:00 AM"
"10503","15807","11/2/2013 12:00:00 AM"
"10504","9245","5/24/2014 12:00:00 AM"
"10505","3442","10/29/2012 12:00:00 AM"
"10506","6890","6/16/2014 12:00:00 AM"
"10507","18621","11/22/2013 12:00:00 AM"
"10508","17725","10/23/2013 12:00:00 AM"
"10509","4203","8/30/2013 12:00:00 AM"
"10510","13101","4/3/2014 12:00:00 AM"
"10511","16442","4/8/2014 12:00:00 AM"
"10512","5017","11/24/2013 12:00:00 AM"
"10513","9375","1/25/2012 12:00:00 AM"
"10514","18214","3/12/2014 12:00:00 AM"
"10515","14712","9/18/2013 12:00:00 AM"
"10516","14843","8/8/2013 12:00:00 AM"
"10517","3580","12/23/2013 12:00:00 AM"
"10518","11913","5/17/2014 12:00:00 AM"
"10519","17404","7/22/2012 12:00:00 AM"
"10520","17750","8/17/2012 12:00:00 AM"
"10521","7434","7/15/2013 12:00:00 AM"
"10522","16724","3/3/2013 12:00:00 AM"
"10523","1712","6/12/2014 12:00:00 AM"
"10524","18552","5/3/2014 12:00:00 AM"
"10525","308","12/6/2013 12:00:00 AM"
"10526","12179","11/7/2012 12:00:00 AM"
"10527","6622","10/10/2013 12:00:00 AM"
"10528","18374","8/23/2013 12:00:00 AM"
"10529","3765","3/6/2014 12:00:00 AM"
"10530","6157","6/7/2014 12:00:00 AM"
"10531","16368","9/8/2011 12:00:00 AM"
"10532","16039","5/19/2014 12:00:00 AM"
"10533","12442","4/19/2013 12:00:00 AM"
"10534","1600","5/29/2014 12:00:00 AM"
"10535","6181","9/16/2013 12:00:00 AM"
"10536","2633","10/3/2011 12:00:00 AM"
"10537","691","4/28/2013 12:00:00 AM"
"10538","4171","1/6/2012 12:00:00 AM"
"10539","7521","7/16/2013 12:00:00 AM"
"10540","8953","7/7/2013 12:00:00 AM"
"10541","11001","3/15/2014 12:00:00 AM"
"10542","18261","8/13/2013 12:00:00 AM"
"10543","2724","11/24/2013 12:00:00 AM"
"10544","18611","7/3/2013 12:00:00 AM"
"10545","7808","7/10/2011 12:00:00 AM"
"10546","17893","2/15/2014 12:00:00 AM"
"10547","2281","5/27/2013 12:00:00 AM"
"10548","18499","12/8/2011 12:00:00 AM"
"10549","5047","7/2/2012 12:00:00 AM"
"10550","11651","9/29/2013 12:00:00 AM"
"10551","12620","11/2/2011 12:00:00 AM"
"10552","15670","11/1/2013 12:00:00 AM"
"10553","5796","5/31/2011 12:00:00 AM"
"10554","13883","2/8/2012 12:00:00 AM"
"10555","13620","2/28/2013 12:00:00 AM"
"10556","17961","8/27/2012 12:00:00 AM"
"10557","8592","3/7/2014 12:00:00 AM"
"10558","18472","8/28/2013 12:00:00 AM"
"10559","14055","4/4/2014 12:00:00 AM"
"10560","8743","5/20/2014 12:00:00 AM"
"10561","18686","4/6/2014 12:00:00 AM"
"10562","13117","4/17/2014 12:00:00 AM"
"10563","11488","7/30/2011 12:00:00 AM"
"10564","13985","7/28/2013 12:00:00 AM"
"10565","12842","10/24/2013 12:00:00 AM"
"10566","1758","5/15/2012 12:00:00 AM"
"10567","1791","4/4/2014 12:00:00 AM"
"10568","4262","3/12/2014 12:00:00 AM"
"10569","15883","11/4/2013 12:00:00 AM"
"10570","4710","7/12/2013 12:00:00 AM"
"10571","5600","6/17/2014 12:00:00 AM"
"10572","4355","12/9/2013 12:00:00 AM"
"10573","15323","2/4/2012 12:00:00 AM"
"10574","10051","8/12/2013 12:00:00 AM"
"10575","10247","4/19/2013 12:00:00 AM"
"10576","2657","9/18/2013 12:00:00 AM"
"10577","4386","11/23/2013 12:00:00 AM"
"10578","5904","5/16/2014 12:00:00 AM"
"10579","11346","9/12/2013 12:00:00 AM"
"10580","233","5/7/2014 12:00:00 AM"
"10581","1334","3/27/2014 12:00:00 AM"
"10582","832","8/19/2013 12:00:00 AM"
"10583","2224","5/26/2014 12:00:00 AM"
"10584","17386","10/28/2013 12:00:00 AM"
"10585","17084","5/16/2012 12:00:00 AM"
"10586","12319","4/22/2014 12:00:00 AM"
"10587","18666","5/7/2014 12:00:00 AM"
"10588","11836","11/30/2011 12:00:00 AM"
"10589","14370","12/15/2013 12:00:00 AM"
"10590","4317","8/18/2013 12:00:00 AM"
"10591","1883","5/26/2014 12:00:00 AM"
"10592","9876","1/5/2014 12:00:00 AM"
"10593","16153","1/14/2014 12:00:00 AM"
"10594","4786","8/11/2013 12:00:00 AM"
"10595","1196","10/13/2012 12:00:00 AM"
"10596","8893","7/20/2013 12:00:00 AM"
"10597","15760","5/17/2014 12:00:00 AM"
"10598","12775","5/5/2014 12:00:00 AM"
"10599","3297","1/20/2013 12:00:00 AM"
"10600","3914","11/12/2011 12:00:00 AM"
"10601","2798","4/22/2014 12:00:00 AM"
"10602","8768","6/18/2014 12:00:00 AM"
"10603","4055","2/9/2013 12:00:00 AM"
"10604","2681","4/6/2014 12:00:00 AM"
"10605","6007","6/9/2014 12:00:00 AM"
"10606","2899","8/31/2013 12:00:00 AM"
"10607","11576","10/18/2013 12:00:00 AM"
"10608","2797","2/16/2014 12:00:00 AM"
"10609","2205","1/9/2014 12:00:00 AM"
"10610","4637","10/20/2013 12:00:00 AM"
"10611","5380","7/28/2013 12:00:00 AM"
"10612","3852","4/8/2014 12:00:00 AM"
"10613","8548","10/15/2013 12:00:00 AM"
"10614","9125","1/22/2012 12:00:00 AM"
"10615","12714","10/7/2013 12:00:00 AM"
"10616","13395","8/12/2012 12:00:00 AM"
"10617","10119","9/24/2012 12:00:00 AM"
"10618","16602","2/6/2014 12:00:00 AM"
"10619","17909","4/8/2014 12:00:00 AM"
"10620","14519","7/22/2013 12:00:00 AM"
"10621","12440","6/29/2013 12:00:00 AM"
"10622","5582","8/27/2013 12:00:00 AM"
"10623","939","3/7/2014 12:00:00 AM"
"10624","14066","4/7/2014 12:00:00 AM"
"10625","2428","8/9/2013 12:00:00 AM"
"10626","16265","8/11/2012 12:00:00 AM"
"10627","3922","11/29/2013 12:00:00 AM"
"10628","8610","1/29/2014 12:00:00 AM"
"10629","1602","2/27/2014 12:00:00 AM"
"10630","18650","1/15/2014 12:00:00 AM"
"10631","15292","12/10/2011 12:00:00 AM"
"10632","15186","2/17/2014 12:00:00 AM"
"10633","15614","11/22/2013 12:00:00 AM"
"10634","11670","9/18/2013 12:00:00 AM"
"10635","14890","5/19/2014 12:00:00 AM"
"10636","5046","5/9/2013 12:00:00 AM"
"10637","18319","12/14/2013 12:00:00 AM"
"10638","4346","12/18/2012 12:00:00 AM"
"10639","17918","4/20/2014 12:00:00 AM"
"10640","14073","5/7/2012 12:00:00 AM"
"10641","6641","2/9/2014 12:00:00 AM"
"10642","7662","3/16/2014 12:00:00 AM"
"10643","9012","1/10/2014 12:00:00 AM"
"10644","9657","12/23/2011 12:00:00 AM"
"10645","8502","11/22/2013 12:00:00 AM"
"10646","3763","8/31/2012 12:00:00 AM"
"10647","4095","10/20/2011 12:00:00 AM"
"10648","4187","12/3/2011 12:00:00 AM"
"10649","19029","5/25/2014 12:00:00 AM"
"10650","3334","5/9/2014 12:00:00 AM"
"10651","15136","3/7/2013 12:00:00 AM"
"10652","10744","10/27/2013 12:00:00 AM"
"10653","18471","7/14/2013 12:00:00 AM"
"10654","1177","2/21/2014 12:00:00 AM"
"10655","13040","6/26/2013 12:00:00 AM"
"10656","4713","5/26/2014 12:00:00 AM"
"10657","8887","4/22/2012 12:00:00 AM"
"10658","5310","4/7/2014 12:00:00 AM"
"10659","14181","5/9/2014 12:00:00 AM"
"10660","7505","4/15/2012 12:00:00 AM"
"10661","5289","10/11/2013 12:00:00 AM"
"10662","10957","7/12/2013 12:00:00 AM"
"10663","767","11/19/2011 12:00:00 AM"
"10664","15163","10/27/2013 12:00:00 AM"
"10665","15742","4/4/2014 12:00:00 AM"
"10666","7565","3/8/2013 12:00:00 AM"
"10667","5548","9/11/2012 12:00:00 AM"
"10668","7709","7/18/2013 12:00:00 AM"
"10669","4306","8/22/2013 12:00:00 AM"
"10670","18883","1/16/2014 12:00:00 AM"
"10671","12368","11/21/2013 12:00:00 AM"
"10672","16491","11/20/2013 12:00:00 AM"
"10673","16739","6/14/2012 12:00:00 AM"
"10674","7878","2/27/2014 12:00:00 AM"
"10675","5981","11/15/2013 12:00:00 AM"
"10676","15594","9/9/2012 12:00:00 AM"
"10677","5404","3/20/2014 12:00:00 AM"
"10678","11880","7/19/2012 12:00:00 AM"
"10679","10750","7/6/2013 12:00:00 AM"
"10680","17256","3/8/2014 12:00:00 AM"
"10681","17004","10/20/2012 12:00:00 AM"
"10682","8395","9/2/2013 12:00:00 AM"
"10683","3438","11/5/2013 12:00:00 AM"
"10684","1905","11/15/2013 12:00:00 AM"
"10685","5617","2/1/2014 12:00:00 AM"
"10686","17831","1/13/2013 12:00:00 AM"
"10687","4501","4/24/2014 12:00:00 AM"
"10688","15342","11/24/2013 12:00:00 AM"
"10689","4559","7/6/2011 12:00:00 AM"
"10690","10784","2/6/2014 12:00:00 AM"
"10691","16499","9/22/2013 12:00:00 AM"
"10692","16772","7/30/2013 12:00:00 AM"
"10693","6372","7/30/2013 12:00:00 AM"
"10694","232","5/21/2014 12:00:00 AM"
"10695","17590","9/9/2013 12:00:00 AM"
"10696","901","5/19/2013 12:00:00 AM"
"10697","2244","10/9/2013 12:00:00 AM"
"10698","1119","6/3/2014 12:00:00 AM"
"10699","16644","1/2/2014 12:00:00 AM"
"10700","2093","2/15/2014 12:00:00 AM"
"10701","9721","12/26/2013 12:00:00 AM"
"10702","5571","5/10/2014 12:00:00 AM"
"10703","11677","1/7/2014 12:00:00 AM"
"10704","4256","4/30/2013 12:00:00 AM"
"10705","8476","6/13/2013 12:00:00 AM"
"10706","16321","5/18/2014 12:00:00 AM"
"10707","3682","10/2/2013 12:00:00 AM"
"10708","7669","1/12/2014 12:00:00 AM"
"10709","522","7/12/2013 12:00:00 AM"
"10710","4213","3/15/2014 12:00:00 AM"
"10711","7202","1/12/2014 12:00:00 AM"
"10712","17382","12/2/2013 12:00:00 AM"
"10713","11468","2/4/2013 12:00:00 AM"
"10714","15863","4/26/2014 12:00:00 AM"
"10715","12163","4/21/2014 12:00:00 AM"
"10716","13442","4/16/2014 12:00:00 AM"
"10717","9188","11/5/2012 12:00:00 AM"
"10718","15688","1/3/2012 12:00:00 AM"
"10719","16917","1/8/2014 12:00:00 AM"
"10720","9135","1/30/2013 12:00:00 AM"
"10721","4149","1/6/2013 12:00:00 AM"
"10722","13000","1/11/2012 12:00:00 AM"
"10723","14801","4/21/2014 12:00:00 AM"
"10724","9289","5/24/2013 12:00:00 AM"
"10725","2626","5/17/2012 12:00:00 AM"
"10726","15104","2/25/2013 12:00:00 AM"
"10727","19169","7/25/2013 12:00:00 AM"
"10728","18983","9/7/2013 12:00:00 AM"
"10729","16433","5/12/2014 12:00:00 AM"
"10730","17426","8/19/2013 12:00:00 AM"
"10731","5391","8/2/2013 12:00:00 AM"
"10732","4849","3/2/2014 12:00:00 AM"
"10733","11834","1/8/2014 12:00:00 AM"
"10734","1607","5/25/2014 12:00:00 AM"
"10735","5718","7/26/2013 12:00:00 AM"
"10736","3413","4/7/2013 12:00:00 AM"
"10737","14020","3/19/2014 12:00:00 AM"
"10738","4020","8/23/2013 12:00:00 AM"
"10739","6178","1/7/2014 12:00:00 AM"
"10740","12365","3/17/2014 12:00:00 AM"
"10741","13423","8/5/2013 12:00:00 AM"
"10742","3691","11/17/2011 12:00:00 AM"
"10743","3481","1/15/2014 12:00:00 AM"
"10744","7815","8/16/2013 12:00:00 AM"
"10745","1489","1/19/2014 12:00:00 AM"
"10746","10672","8/25/2013 12:00:00 AM"
"10747","6547","8/25/2012 12:00:00 AM"
"10748","3357","5/29/2014 12:00:00 AM"
"10749","1573","3/16/2014 12:00:00 AM"
"10750","6383","1/25/2014 12:00:00 AM"
"10751","17871","3/4/2014 12:00:00 AM"
"10752","2562","7/8/2013 12:00:00 AM"
"10753","7024","11/11/2013 12:00:00 AM"
"10754","7674","12/3/2012 12:00:00 AM"
"10755","17764","11/12/2013 12:00:00 AM"
"10756","8288","10/12/2013 12:00:00 AM"
"10757","9149","1/30/2014 12:00:00 AM"
"10758","15610","11/11/2013 12:00:00 AM"
"10759","5650","8/28/2012 12:00:00 AM"
"10760","13757","8/11/2013 12:00:00 AM"
"10761","4499","1/20/2014 12:00:00 AM"
"10762","4226","12/23/2013 12:00:00 AM"
"10763","9760","1/20/2014 12:00:00 AM"
"10764","624","3/6/2014 12:00:00 AM"
"10765","17857","9/19/2011 12:00:00 AM"
"10766","13093","12/6/2013 12:00:00 AM"
"10767","14779","7/1/2013 12:00:00 AM"
"10768","6875","10/11/2012 12:00:00 AM"
"10769","16400","1/31/2013 12:00:00 AM"
"10770","16224","12/9/2013 12:00:00 AM"
"10771","2560","5/4/2014 12:00:00 AM"
"10772","6418","12/12/2013 12:00:00 AM"
"10773","10473","4/24/2014 12:00:00 AM"
"10774","5443","11/18/2013 12:00:00 AM"
"10775","12595","11/29/2013 12:00:00 AM"
"10776","4107","12/22/2013 12:00:00 AM"
"10777","2041","3/13/2014 12:00:00 AM"
"10778","4528","11/27/2013 12:00:00 AM"
"10779","12280","11/19/2013 12:00:00 AM"
"10780","13402","8/24/2013 12:00:00 AM"
"10781","756","8/4/2013 12:00:00 AM"
"10782","5261","11/5/2012 12:00:00 AM"
"10783","16653","5/23/2014 12:00:00 AM"
"10784","465","8/12/2013 12:00:00 AM"
"10785","16468","7/28/2013 12:00:00 AM"
"10786","18643","3/15/2014 12:00:00 AM"
"10787","606","5/26/2014 12:00:00 AM"
"10788","13487","5/17/2013 12:00:00 AM"
"10789","16059","12/14/2013 12:00:00 AM"
"10790","4934","6/24/2013 12:00:00 AM"
"10791","1220","7/7/2013 12:00:00 AM"
"10792","16947","12/16/2013 12:00:00 AM"
"10793","18224","9/12/2011 12:00:00 AM"
"10794","8940","9/5/2013 12:00:00 AM"
"10795","10397","5/23/2014 12:00:00 AM"
"10796","15508","9/11/2013 12:00:00 AM"
"10797","4778","10/11/2013 12:00:00 AM"
"10798","18727","9/7/2013 12:00:00 AM"
"10799","8776","1/12/2014 12:00:00 AM"
"10800","12484","5/19/2014 12:00:00 AM"
"10801","14736","4/11/2014 12:00:00 AM"
"10802","19099","10/2/2013 12:00:00 AM"
"10803","5044","8/4/2012 12:00:00 AM"
"10804","13888","9/26/2012 12:00:00 AM"
"10805","1176","8/17/2012 12:00:00 AM"
"10806","5976","5/14/2013 12:00:00 AM"
"10807","1943","10/27/2012 12:00:00 AM"
"10808","912","9/22/2013 12:00:00 AM"
"10809","18784","1/1/2014 12:00:00 AM"
"10810","13651","3/25/2014 12:00:00 AM"
"10811","13353","4/19/2014 12:00:00 AM"
"10812","7739","12/15/2013 12:00:00 AM"
"10813","18637","2/1/2014 12:00:00 AM"
"10814","966","5/22/2014 12:00:00 AM"
"10815","9947","12/4/2012 12:00:00 AM"
"10816","11907","4/28/2014 12:00:00 AM"
"10817","7231","2/23/2014 12:00:00 AM"
"10818","13295","3/4/2014 12:00:00 AM"
"10819","11669","5/23/2014 12:00:00 AM"
"10820","7486","10/10/2012 12:00:00 AM"
"10821","13232","9/4/2013 12:00:00 AM"
"10822","16430","2/9/2014 12:00:00 AM"
"10823","5937","4/11/2014 12:00:00 AM"
"10824","9773","11/27/2012 12:00:00 AM"
"10825","13540","2/10/2014 12:00:00 AM"
"10826","6824","5/17/2014 12:00:00 AM"
"10827","12875","1/18/2013 12:00:00 AM"
"10828","10012","2/28/2014 12:00:00 AM"
"10829","17835","1/14/2014 12:00:00 AM"
"10830","12811","10/31/2011 12:00:00 AM"
"10831","7348","6/2/2014 12:00:00 AM"
"10832","8726","2/17/2014 12:00:00 AM"
"10833","10072","10/17/2013 12:00:00 AM"
"10834","19016","8/28/2013 12:00:00 AM"
"10835","18352","9/3/2013 12:00:00 AM"
"10836","6620","12/9/2013 12:00:00 AM"
"10837","3658","12/9/2012 12:00:00 AM"
"10838","10942","4/5/2014 12:00:00 AM"
"10839","11614","11/17/2013 12:00:00 AM"
"10840","12835","8/4/2011 12:00:00 AM"
"10841","12495","5/11/2014 12:00:00 AM"
"10842","9611","4/30/2012 12:00:00 AM"
"10843","10754","12/18/2013 12:00:00 AM"
"10844","9653","9/6/2013 12:00:00 AM"
"10845","16909","11/28/2013 12:00:00 AM"
"10846","16583","8/7/2013 12:00:00 AM"
"10847","7195","3/6/2014 12:00:00 AM"
"10848","14229","9/17/2011 12:00:00 AM"
"10849","3196","3/3/2014 12:00:00 AM"
"10850","187","3/1/2014 12:00:00 AM"
"10851","10382","1/28/2014 12:00:00 AM"
"10852","1628","9/10/2012 12:00:00 AM"
"10853","7580","1/27/2014 12:00:00 AM"
"10854","9014","1/11/2012 12:00:00 AM"
"10855","13872","1/6/2013 12:00:00 AM"
"10856","15242","12/7/2012 12:00:00 AM"
"10857","14191","5/29/2014 12:00:00 AM"
"10858","11410","1/1/2013 12:00:00 AM"
"10859","6669","8/3/2013 12:00:00 AM"
"10860","201","6/14/2014 12:00:00 AM"
"10861","6367","9/8/2013 12:00:00 AM"
"10862","4448","12/21/2012 12:00:00 AM"
"10863","2098","3/4/2014 12:00:00 AM"
"10864","13130","3/20/2013 12:00:00 AM"
"10865","18155","8/1/2011 12:00:00 AM"
"10866","6384","5/2/2013 12:00:00 AM"
"10867","12756","9/11/2011 12:00:00 AM"
"10868","7350","7/7/2013 12:00:00 AM"
"10869","13541","6/7/2014 12:00:00 AM"
"10870","9637","3/15/2014 12:00:00 AM"
"10871","10205","6/19/2012 12:00:00 AM"
"10872","17733","5/17/2014 12:00:00 AM"
"10873","3133","9/17/2013 12:00:00 AM"
"10874","12099","7/7/2011 12:00:00 AM"
"10875","10843","6/21/2014 12:00:00 AM"
"10876","5990","10/3/2013 12:00:00 AM"
"10877","12695","9/30/2013 12:00:00 AM"
"10878","12539","8/7/2013 12:00:00 AM"
"10879","16462","11/13/2013 12:00:00 AM"
"10880","11187","2/12/2014 12:00:00 AM"
"10881","15615","11/26/2013 12:00:00 AM"
"10882","12903","8/25/2013 12:00:00 AM"
"10883","12131","3/31/2014 12:00:00 AM"
"10884","1727","1/9/2014 12:00:00 AM"
"10885","2451","7/18/2013 12:00:00 AM"
"10886","6394","5/18/2014 12:00:00 AM"
"10887","1509","3/20/2014 12:00:00 AM"
"10888","3678","12/15/2012 12:00:00 AM"
"10889","18413","8/7/2013 12:00:00 AM"
"10890","15746","11/25/2013 12:00:00 AM"
"10891","15075","1/13/2014 12:00:00 AM"
"10892","3932","4/26/2013 12:00:00 AM"
"10893","1113","12/30/2012 12:00:00 AM"
"10894","15193","9/17/2012 12:00:00 AM"
"10895","16387","2/16/2014 12:00:00 AM"
"10896","16974","1/4/2013 12:00:00 AM"
"10897","7942","3/7/2014 12:00:00 AM"
"10898","1963","10/17/2013 12:00:00 AM"
"10899","8068","2/3/2014 12:00:00 AM"
"10900","10248","8/23/2013 12:00:00 AM"
"10901","5184","5/2/2014 12:00:00 AM"
"10902","5794","3/11/2013 12:00:00 AM"
"10903","10398","1/26/2014 12:00:00 AM"
"10904","1526","2/15/2013 12:00:00 AM"
"10905","11663","8/25/2013 12:00:00 AM"
"10906","17146","10/10/2012 12:00:00 AM"
"10907","9963","3/15/2013 12:00:00 AM"
"10908","7659","6/13/2014 12:00:00 AM"
"10909","12657","10/24/2011 12:00:00 AM"
"10910","11256","3/22/2014 12:00:00 AM"
"10911","7121","2/19/2013 12:00:00 AM"
"10912","19201","9/24/2013 12:00:00 AM"
"10913","17339","10/19/2013 12:00:00 AM"
"10914","11093","6/14/2014 12:00:00 AM"
"10915","13348","8/30/2011 12:00:00 AM"
"10916","10607","7/31/2013 12:00:00 AM"
"10917","7","2/1/2013 12:00:00 AM"
"10918","7072","5/2/2014 12:00:00 AM"
"10919","3370","9/1/2013 12:00:00 AM"
"10920","5936","2/11/2012 12:00:00 AM"
"10921","14118","12/20/2013 12:00:00 AM"
"10922","17822","12/7/2013 12:00:00 AM"
"10923","16936","12/16/2013 12:00:00 AM"
"10924","2815","5/16/2014 12:00:00 AM"
"10925","15149","10/17/2012 12:00:00 AM"
"10926","2824","7/23/2013 12:00:00 AM"
"10927","2177","7/22/2013 12:00:00 AM"
"10928","4248","5/22/2014 12:00:00 AM"
"10929","6245","10/24/2013 12:00:00 AM"
"10930","452","7/1/2013 12:00:00 AM"
"10931","6579","4/10/2013 12:00:00 AM"
"10932","5142","6/26/2012 12:00:00 AM"
"10933","5134","4/4/2014 12:00:00 AM"
"10934","19057","6/18/2011 12:00:00 AM"
"10935","18201","12/1/2013 12:00:00 AM"
"10936","3075","11/20/2013 12:00:00 AM"
"10937","9597","11/6/2012 12:00:00 AM"
"10938","17394","6/9/2013 12:00:00 AM"
"10939","15838","4/12/2014 12:00:00 AM"
"10940","932","9/19/2013 12:00:00 AM"
"10941","5199","5/19/2014 12:00:00 AM"
"10942","9495","1/24/2014 12:00:00 AM"
"10943","8724","9/13/2013 12:00:00 AM"
"10944","13491","12/10/2013 12:00:00 AM"
"10945","4903","8/8/2013 12:00:00 AM"
"10946","17490","5/8/2014 12:00:00 AM"
"10947","2605","12/23/2013 12:00:00 AM"
"10948","1812","10/15/2013 12:00:00 AM"
"10949","4103","9/12/2013 12:00:00 AM"
"10950","8472","4/11/2014 12:00:00 AM"
"10951","13882","11/23/2013 12:00:00 AM"
"10952","10819","5/21/2014 12:00:00 AM"
"10953","6490","2/4/2013 12:00:00 AM"
"10954","3961","11/23/2013 12:00:00 AM"
"10955","17504","6/27/2011 12:00:00 AM"
"10956","17528","7/11/2013 12:00:00 AM"
"10957","2558","5/19/2014 12:00:00 AM"
"10958","11860","12/12/2012 12:00:00 AM"
"10959","15666","5/11/2014 12:00:00 AM"
"10960","11399","11/8/2013 12:00:00 AM"
"10961","12347","4/2/2014 12:00:00 AM"
"10962","11265","3/12/2013 12:00:00 AM"
"10963","13817","6/20/2013 12:00:00 AM"
"10964","5711","10/6/2013 12:00:00 AM"
"10965","1716","9/25/2013 12:00:00 AM"
"10966","10887","8/30/2013 12:00:00 AM"
"10967","6175","9/11/2012 12:00:00 AM"
"10968","3951","10/26/2013 12:00:00 AM"
"10969","7773","12/18/2013 12:00:00 AM"
"10970","15503","1/5/2014 12:00:00 AM"
"10971","4185","10/13/2013 12:00:00 AM"
"10972","18279","5/24/2014 12:00:00 AM"
"10973","15759","6/30/2011 12:00:00 AM"
"10974","4575","9/12/2013 12:00:00 AM"
"10975","8931","6/11/2012 12:00:00 AM"
"10976","17854","3/8/2014 12:00:00 AM"
"10977","8671","9/4/2011 12:00:00 AM"
"10978","3521","9/7/2013 12:00:00 AM"
"10979","3289","6/30/2013 12:00:00 AM"
"10980","1081","12/26/2013 12:00:00 AM"
"10981","15027","9/15/2013 12:00:00 AM"
"10982","16200","11/4/2013 12:00:00 AM"
"10983","13535","2/18/2014 12:00:00 AM"
"10984","18435","4/21/2013 12:00:00 AM"
"10985","8313","6/2/2012 12:00:00 AM"
"10986","13718","10/31/2013 12:00:00 AM"
"10987","3391","3/11/2013 12:00:00 AM"
"10988","1738","12/24/2013 12:00:00 AM"
"10989","13341","9/29/2013 12:00:00 AM"
"10990","3644","4/22/2014 12:00:00 AM"
"10991","15324","1/12/2013 12:00:00 AM"
"10992","19180","7/31/2013 12:00:00 AM"
"10993","14415","2/17/2014 12:00:00 AM"
"10994","13772","8/21/2013 12:00:00 AM"
"10995","18645","9/24/2013 12:00:00 AM"
"10996","16991","5/16/2014 12:00:00 AM"
"10997","10769","3/3/2013 12:00:00 AM"
"10998","15024","2/16/2014 12:00:00 AM"
"10999","8823","1/15/2014 12:00:00 AM"
"11000","10695","12/14/2013 12:00:00 AM"
"11001","16412","8/27/2013 12:00:00 AM"
"11002","13862","2/16/2014 12:00:00 AM"
"11003","13644","4/18/2014 12:00:00 AM"
"11004","5813","6/30/2014 12:00:00 AM"
"11005","2927","10/27/2013 12:00:00 AM"
"11006","2113","6/30/2014 12:00:00 AM"
"11007","1755","8/14/2013 12:00:00 AM"
"11008","13022","8/31/2012 12:00:00 AM"
"11009","15441","9/30/2013 12:00:00 AM"
"11010","10463","11/11/2012 12:00:00 AM"
"11011","8649","3/2/2012 12:00:00 AM"
"11012","11244","4/26/2014 12:00:00 AM"
"11013","17841","7/5/2013 12:00:00 AM"
"11014","14513","6/22/2013 12:00:00 AM"
"11015","9499","12/1/2012 12:00:00 AM"
"11016","14891","5/28/2014 12:00:00 AM"
"11017","894","7/27/2013 12:00:00 AM"
"11018","1236","3/21/2014 12:00:00 AM"
"11019","2486","11/17/2012 12:00:00 AM"
"11020","4782","6/30/2012 12:00:00 AM"
"11021","18452","9/15/2012 12:00:00 AM"
"11022","3946","12/2/2013 12:00:00 AM"
"11023","2188","6/1/2014 12:00:00 AM"
"11024","13155","3/29/2014 12:00:00 AM"
"11025","11450","11/29/2013 12:00:00 AM"
"11026","656","2/11/2014 12:00:00 AM"
"11027","15476","10/13/2013 12:00:00 AM"
"11028","10253","3/11/2014 12:00:00 AM"
"11029","13653","12/18/2013 12:00:00 AM"
"11030","14676","12/15/2013 12:00:00 AM"
"11031","15101","3/8/2014 12:00:00 AM"
"11032","349","12/1/2012 12:00:00 AM"
"11033","3775","12/14/2011 12:00:00 AM"
"11034","16890","2/4/2013 12:00:00 AM"
"11035","13587","2/4/2014 12:00:00 AM"
"11036","1540","2/4/2013 12:00:00 AM"
"11037","17791","8/5/2013 12:00:00 AM"
"11038","10949","5/1/2014 12:00:00 AM"
"11039","9053","2/13/2014 12:00:00 AM"
"11040","11362","8/22/2013 12:00:00 AM"
"11041","18852","8/2/2012 12:00:00 AM"
"11042","2316","3/16/2014 12:00:00 AM"
"11043","3108","10/3/2013 12:00:00 AM"
"11044","2713","3/3/2013 12:00:00 AM"
"11045","18716","6/6/2014 12:00:00 AM"
"11046","13389","10/23/2012 12:00:00 AM"
"11047","4490","10/20/2013 12:00:00 AM"
"11048","8168","9/29/2013 12:00:00 AM"
"11049","18710","7/12/2013 12:00:00 AM"
"11050","4275","7/28/2012 12:00:00 AM"
"11051","9089","6/6/2012 12:00:00 AM"
"11052","12395","2/7/2013 12:00:00 AM"
"11053","5271","10/4/2013 12:00:00 AM"
"11054","13114","9/26/2013 12:00:00 AM"
"11055","15376","3/6/2014 12:00:00 AM"
"11056","16900","3/30/2014 12:00:00 AM"
"11057","3055","4/20/2014 12:00:00 AM"
"11058","15160","3/30/2014 12:00:00 AM"
"11059","14583","1/15/2012 12:00:00 AM"
"11060","13144","8/20/2013 12:00:00 AM"
"11061","5470","3/3/2012 12:00:00 AM"
"11062","11756","4/20/2014 12:00:00 AM"
"11063","1337","11/28/2013 12:00:00 AM"
"11064","12249","10/28/2013 12:00:00 AM"
"11065","12964","6/15/2012 12:00:00 AM"
"11066","6565","4/8/2014 12:00:00 AM"
"11067","480","4/23/2012 12:00:00 AM"
"11068","18683","7/18/2013 12:00:00 AM"
"11069","4493","7/26/2013 12:00:00 AM"
"11070","7439","3/14/2014 12:00:00 AM"
"11071","19022","10/7/2011 12:00:00 AM"
"11072","6215","4/3/2014 12:00:00 AM"
"11073","1623","6/26/2012 12:00:00 AM"
"11074","4172","7/12/2013 12:00:00 AM"
"11075","17775","10/29/2013 12:00:00 AM"
"11076","8246","12/19/2013 12:00:00 AM"
"11077","5464","1/20/2014 12:00:00 AM"
"11078","6567","6/21/2012 12:00:00 AM"
"11079","12839","10/15/2013 12:00:00 AM"
"11080","6573","11/14/2013 12:00:00 AM"
"11081","16694","5/15/2014 12:00:00 AM"
"11082","11404","9/5/2013 12:00:00 AM"
"11083","1925","9/21/2013 12:00:00 AM"
"11084","11736","7/11/2013 12:00:00 AM"
"11085","8344","12/2/2013 12:00:00 AM"
"11086","11750","11/16/2013 12:00:00 AM"
"11087","15695","9/7/2013 12:00:00 AM"
"11088","6224","6/22/2014 12:00:00 AM"
"11089","1959","1/12/2014 12:00:00 AM"
"11090","5575","5/18/2014 12:00:00 AM"
"11091","2303","11/10/2011 12:00:00 AM"
"11092","15574","12/30/2011 12:00:00 AM"
"11093","9828","2/5/2014 12:00:00 AM"
"11094","12112","12/21/2013 12:00:00 AM"
"11095","1375","1/18/2014 12:00:00 AM"
"11096","1734","7/25/2012 12:00:00 AM"
"11097","6056","8/26/2013 12:00:00 AM"
"11098","3560","7/7/2012 12:00:00 AM"
"11099","8460","5/21/2014 12:00:00 AM"
"11100","7101","1/22/2014 12:00:00 AM"
"11101","16351","5/18/2014 12:00:00 AM"
"11102","9250","8/30/2013 12:00:00 AM"
"11103","5198","1/19/2014 12:00:00 AM"
"11104","10698","11/14/2012 12:00:00 AM"
"11105","3159","6/6/2014 12:00:00 AM"
"11106","15828","1/20/2013 12:00:00 AM"
"11107","7747","4/21/2013 12:00:00 AM"
"11108","17535","9/30/2013 12:00:00 AM"
"11109","13689","8/11/2012 12:00:00 AM"
"11110","1872","7/13/2013 12:00:00 AM"
"11111","13964","10/3/2012 12:00:00 AM"
"11112","6678","4/1/2014 12:00:00 AM"
"11113","6741","8/26/2013 12:00:00 AM"
"11114","12531","1/11/2014 12:00:00 AM"
"11115","4838","7/9/2012 12:00:00 AM"
"11116","4261","6/5/2013 12:00:00 AM"
"11117","15167","1/14/2014 12:00:00 AM"
"11118","1311","6/18/2011 12:00:00 AM"
"11119","155","11/6/2013 12:00:00 AM"
"11120","18477","4/20/2014 12:00:00 AM"
"11121","61","5/15/2014 12:00:00 AM"
"11122","5118","4/2/2014 12:00:00 AM"
"11123","8944","11/8/2013 12:00:00 AM"
"11124","9859","4/23/2013 12:00:00 AM"
"11125","1991","9/16/2013 12:00:00 AM"
"11126","659","9/26/2013 12:00:00 AM"
"11127","12925","7/11/2013 12:00:00 AM"
"11128","15679","8/22/2013 12:00:00 AM"
"11129","5062","4/5/2014 12:00:00 AM"
"11130","15325","2/20/2014 12:00:00 AM"
"11131","13854","8/29/2013 12:00:00 AM"
"11132","4756","12/11/2013 12:00:00 AM"
"11133","2984","8/28/2013 12:00:00 AM"
"11134","12603","2/24/2014 12:00:00 AM"
"11135","4702","4/22/2014 12:00:00 AM"
"11136","9908","5/13/2013 12:00:00 AM"
"11137","574","7/22/2013 12:00:00 AM"
"11138","16386","6/7/2014 12:00:00 AM"
"11139","9334","9/4/2013 12:00:00 AM"
"11140","5442","11/27/2013 12:00:00 AM"
"11141","6388","10/17/2013 12:00:00 AM"
"11142","3613","9/20/2013 12:00:00 AM"
"11143","12750","7/29/2013 12:00:00 AM"
"11144","16060","1/29/2014 12:00:00 AM"
"11145","1506","3/31/2013 12:00:00 AM"
"11146","7561","10/13/2013 12:00:00 AM"
"11147","13115","9/26/2013 12:00:00 AM"
"11148","8349","10/31/2013 12:00:00 AM"
"11149","6842","8/5/2013 12:00:00 AM"
"11150","12317","12/21/2013 12:00:00 AM"
"11151","7798","7/23/2013 12:00:00 AM"
"11152","7830","4/30/2014 12:00:00 AM"
"11153","17685","3/12/2014 12:00:00 AM"
"11154","8434","11/13/2013 12:00:00 AM"
"11155","8936","2/3/2012 12:00:00 AM"
"11156","15173","12/11/2013 12:00:00 AM"
"11157","12154","4/6/2012 12:00:00 AM"
"11158","8320","7/22/2013 12:00:00 AM"
"11159","11554","10/2/2012 12:00:00 AM"
"11160","7965","8/16/2013 12:00:00 AM"
"11161","15827","3/1/2014 12:00:00 AM"
"11162","1549","2/5/2014 12:00:00 AM"
"11163","12389","5/16/2014 12:00:00 AM"
"11164","13600","1/18/2013 12:00:00 AM"
"11165","598","5/2/2012 12:00:00 AM"
"11166","195","8/28/2012 12:00:00 AM"
"11167","10053","5/17/2014 12:00:00 AM"
"11168","17219","1/17/2014 12:00:00 AM"
"11169","10098","3/22/2014 12:00:00 AM"
"11170","534","4/14/2014 12:00:00 AM"
"11171","3255","7/25/2012 12:00:00 AM"
"11172","1256","2/22/2014 12:00:00 AM"
"11173","16857","3/27/2014 12:00:00 AM"
"11174","1221","5/20/2013 12:00:00 AM"
"11175","15703","4/22/2013 12:00:00 AM"
"11176","7184","3/14/2012 12:00:00 AM"
"11177","13415","6/26/2014 12:00:00 AM"
"11178","12598","12/30/2013 12:00:00 AM"
"11179","17012","3/26/2014 12:00:00 AM"
"11180","1342","7/29/2013 12:00:00 AM"
"11181","2094","3/28/2012 12:00:00 AM"
"11182","12574","10/15/2011 12:00:00 AM"
"11183","5509","5/10/2012 12:00:00 AM"
"11184","455","11/11/2013 12:00:00 AM"
"11185","13359","5/10/2014 12:00:00 AM"
"11186","10958","10/10/2011 12:00:00 AM"
"11187","16558","6/11/2012 12:00:00 AM"
"11188","6874","3/16/2013 12:00:00 AM"
"11189","17772","4/23/2014 12:00:00 AM"
"11190","16373","2/17/2012 12:00:00 AM"
"11191","6001","6/28/2012 12:00:00 AM"
"11192","4232","11/17/2013 12:00:00 AM"
"11193","2255","6/7/2012 12:00:00 AM"
"11194","11379","8/8/2013 12:00:00 AM"
"11195","5206","9/30/2013 12:00:00 AM"
"11196","1473","3/16/2014 12:00:00 AM"
"11197","5083","7/2/2013 12:00:00 AM"
"11198","8907","3/16/2012 12:00:00 AM"
"11199","10841","9/21/2012 12:00:00 AM"
"11200","16461","12/11/2013 12:00:00 AM"
"11201","6180","8/24/2013 12:00:00 AM"
"11202","8414","4/4/2014 12:00:00 AM"
"11203","2332","11/24/2011 12:00:00 AM"
"11204","3936","12/20/2013 12:00:00 AM"
"11205","4097","12/14/2013 12:00:00 AM"
"11206","6190","5/28/2014 12:00:00 AM"
"11207","11405","8/27/2013 12:00:00 AM"
"11208","12278","8/18/2011 12:00:00 AM"
"11209","12901","12/7/2013 12:00:00 AM"
"11210","18729","7/23/2013 12:00:00 AM"
"11211","12860","5/31/2011 12:00:00 AM"
"11212","3721","6/5/2013 12:00:00 AM"
"11213","6684","10/18/2013 12:00:00 AM"
"11214","8996","5/9/2014 12:00:00 AM"
"11215","10154","11/7/2011 12:00:00 AM"
"11216","4846","11/6/2012 12:00:00 AM"
"11217","16646","3/30/2013 12:00:00 AM"
"11218","12894","5/26/2012 12:00:00 AM"
"11219","19220","6/1/2014 12:00:00 AM"
"11220","7933","1/1/2012 12:00:00 AM"
"11221","5709","12/29/2013 12:00:00 AM"
"11222","2743","7/21/2013 12:00:00 AM"
"11223","18244","11/15/2012 12:00:00 AM"
"11224","7851","2/5/2014 12:00:00 AM"
"11225","16619","4/9/2014 12:00:00 AM"
"11226","11023","4/18/2014 12:00:00 AM"
"11227","7116","11/3/2012 12:00:00 AM"
"11228","9062","5/1/2012 12:00:00 AM"
"11229","5672","7/21/2012 12:00:00 AM"
"11230","11369","7/7/2013 12:00:00 AM"
"11231","6289","11/29/2013 12:00:00 AM"
"11232","12957","3/25/2014 12:00:00 AM"
"11233","2745","7/27/2013 12:00:00 AM"
"11234","18335","3/30/2014 12:00:00 AM"
"11235","12033","2/6/2014 12:00:00 AM"
"11236","16512","12/31/2013 12:00:00 AM"
"11237","811","1/7/2014 12:00:00 AM"
"11238","11012","9/30/2012 12:00:00 AM"
"11239","13290","7/1/2012 12:00:00 AM"
"11240","1789","2/17/2014 12:00:00 AM"
"11241","6334","3/19/2014 12:00:00 AM"
"11242","3364","9/14/2013 12:00:00 AM"
"11243","10519","9/15/2011 12:00:00 AM"
"11244","13567","9/21/2013 12:00:00 AM"
"11245","7330","11/26/2013 12:00:00 AM"
"11246","14310","6/1/2014 12:00:00 AM"
"11247","6528","5/18/2012 12:00:00 AM"
"11248","4274","9/19/2012 12:00:00 AM"
"11249","1773","9/5/2013 12:00:00 AM"
"11250","2793","1/6/2014 12:00:00 AM"
"11251","6596","2/16/2013 12:00:00 AM"
"11252","4071","10/4/2013 12:00:00 AM"
"11253","2660","3/3/2014 12:00:00 AM"
"11254","7427","2/4/2014 12:00:00 AM"
"11255","2672","5/3/2014 12:00:00 AM"
"11256","7645","7/16/2013 12:00:00 AM"
"11257","3161","12/4/2013 12:00:00 AM"
"11258","3675","7/23/2013 12:00:00 AM"
"11259","11932","10/28/2011 12:00:00 AM"
"11260","16030","12/29/2011 12:00:00 AM"
"11261","14873","3/30/2014 12:00:00 AM"
"11262","7012","10/25/2012 12:00:00 AM"
"11263","2569","10/28/2011 12:00:00 AM"
"11264","15424","12/25/2013 12:00:00 AM"
"11265","129","10/17/2013 12:00:00 AM"
"11266","1003","11/17/2013 12:00:00 AM"
"11267","5248","12/17/2012 12:00:00 AM"
"11268","16217","10/15/2013 12:00:00 AM"
"11269","1416","6/9/2011 12:00:00 AM"
"11270","11321","6/5/2014 12:00:00 AM"
"11271","6370","9/21/2012 12:00:00 AM"
"11272","10635","1/17/2014 12:00:00 AM"
"11273","17954","3/29/2014 12:00:00 AM"
"11274","12064","7/13/2013 12:00:00 AM"
"11275","11975","6/6/2014 12:00:00 AM"
"11276","17412","1/2/2014 12:00:00 AM"
"11277","5","2/1/2013 12:00:00 AM"
"11278","11650","3/26/2013 12:00:00 AM"
"11279","18259","1/11/2014 12:00:00 AM"
"11280","17497","5/18/2013 12:00:00 AM"
"11281","1111","11/27/2013 12:00:00 AM"
"11282","11721","1/30/2014 12:00:00 AM"
"11283","3697","10/29/2013 12:00:00 AM"
"11284","5658","5/9/2014 12:00:00 AM"
"11285","3359","9/21/2013 12:00:00 AM"
"11286","17123","2/8/2013 12:00:00 AM"
"11287","921","10/10/2013 12:00:00 AM"
"11288","18628","1/18/2013 12:00:00 AM"
"11289","7865","12/15/2013 12:00:00 AM"
"11290","5247","4/2/2014 12:00:00 AM"
"11291","11388","11/1/2012 12:00:00 AM"
"11292","16599","7/6/2013 12:00:00 AM"
"11293","6805","4/9/2014 12:00:00 AM"
"11294","8223","9/29/2013 12:00:00 AM"
"11295","5431","11/16/2013 12:00:00 AM"
"11296","16359","11/14/2012 12:00:00 AM"
"11297","1931","10/2/2011 12:00:00 AM"
"11298","7729","9/20/2013 12:00:00 AM"
"11299","2553","10/10/2013 12:00:00 AM"
"11300","14065","8/5/2013 12:00:00 AM"
"11301","10435","6/29/2012 12:00:00 AM"
"11302","6975","6/19/2014 12:00:00 AM"
"11303","18252","4/12/2014 12:00:00 AM"
"11304","11996","1/11/2014 12:00:00 AM"
"11305","6561","1/29/2014 12:00:00 AM"
"11306","8700","1/20/2014 12:00:00 AM"
"11307","9361","4/7/2014 12:00:00 AM"
"11308","7923","2/17/2014 12:00:00 AM"
"11309","14823","7/11/2013 12:00:00 AM"
"11310","17949","4/11/2014 12:00:00 AM"
"11311","2712","9/9/2013 12:00:00 AM"
"11312","9622","5/3/2012 12:00:00 AM"
"11313","18589","12/14/2012 12:00:00 AM"
"11314","15217","7/31/2013 12:00:00 AM"
"11315","1717","6/12/2012 12:00:00 AM"
"11316","5006","8/19/2013 12:00:00 AM"
"11317","17406","7/25/2013 12:00:00 AM"
"11318","13545","7/17/2013 12:00:00 AM"
"11319","717","2/17/2014 12:00:00 AM"
"11320","2200","7/19/2013 12:00:00 AM"
"11321","8927","6/8/2014 12:00:00 AM"
"11322","249","10/14/2013 12:00:00 AM"
"11323","3174","7/22/2013 12:00:00 AM"
"11324","7552","7/28/2013 12:00:00 AM"
"11325","13191","9/25/2013 12:00:00 AM"
"11326","8196","7/1/2013 12:00:00 AM"
"11327","6279","11/28/2013 12:00:00 AM"
"11328","13788","11/6/2013 12:00:00 AM"
"11329","6667","7/28/2012 12:00:00 AM"
"11330","11496","3/31/2013 12:00:00 AM"
"11331","10186","11/26/2013 12:00:00 AM"
"11332","5592","8/26/2013 12:00:00 AM"
"11333","3380","2/15/2014 12:00:00 AM"
"11334","14594","7/9/2013 12:00:00 AM"
"11335","18440","1/24/2014 12:00:00 AM"
"11336","16444","6/18/2014 12:00:00 AM"
"11337","15891","1/30/2012 12:00:00 AM"
"11338","16067","11/5/2013 12:00:00 AM"
"11339","13475","6/28/2014 12:00:00 AM"
"11340","7093","12/6/2013 12:00:00 AM"
"11341","535","11/22/2013 12:00:00 AM"
"11342","14859","11/18/2011 12:00:00 AM"
"11343","9521","7/25/2013 12:00:00 AM"
"11344","18881","3/8/2014 12:00:00 AM"
"11345","11264","3/16/2013 12:00:00 AM"
"11346","7185","7/11/2013 12:00:00 AM"
"11347","17870","1/13/2013 12:00:00 AM"
"11348","7964","7/7/2013 12:00:00 AM"
"11349","9600","8/25/2013 12:00:00 AM"
"11350","13259","5/5/2012 12:00:00 AM"
"11351","9269","2/25/2014 12:00:00 AM"
"11352","3712","2/15/2014 12:00:00 AM"
"11353","2538","10/16/2012 12:00:00 AM"
"11354","4925","1/15/2013 12:00:00 AM"
"11355","16024","7/1/2013 12:00:00 AM"
"11356","13960","1/22/2014 12:00:00 AM"
"11357","898","4/13/2013 12:00:00 AM"
"11358","11150","5/31/2011 12:00:00 AM"
"11359","5855","9/10/2012 12:00:00 AM"
"11360","5598","3/21/2014 12:00:00 AM"
"11361","6822","12/23/2013 12:00:00 AM"
"11362","6943","7/14/2012 12:00:00 AM"
"11363","9281","2/11/2013 12:00:00 AM"
"11364","3519","11/30/2013 12:00:00 AM"
"11365","3398","8/6/2013 12:00:00 AM"
"11366","5864","12/16/2013 12:00:00 AM"
"11367","9620","7/7/2011 12:00:00 AM"
"11368","5477","7/29/2013 12:00:00 AM"
"11369","15","1/29/2013 12:00:00 AM"
"11370","8645","4/26/2014 12:00:00 AM"
"11371","14498","12/2/2013 12:00:00 AM"
"11372","246","8/12/2011 12:00:00 AM"
"11373","14592","5/22/2014 12:00:00 AM"
"11374","5258","3/29/2013 12:00:00 AM"
"11375","1388","1/31/2013 12:00:00 AM"
"11376","6042","5/28/2014 12:00:00 AM"
"11377","12941","9/3/2013 12:00:00 AM"
"11378","5181","3/14/2014 12:00:00 AM"
"11379","326","6/25/2014 12:00:00 AM"
"11380","8468","12/10/2013 12:00:00 AM"
"11381","8650","11/5/2013 12:00:00 AM"
"11382","18156","2/12/2014 12:00:00 AM"
"11383","32","1/21/2014 12:00:00 AM"
"11384","14773","11/6/2013 12:00:00 AM"
"11385","11859","2/12/2014 12:00:00 AM"
"11386","15795","2/21/2014 12:00:00 AM"
"11387","2670","7/29/2013 12:00:00 AM"
"11388","4775","11/27/2013 12:00:00 AM"
"11389","8758","12/21/2012 12:00:00 AM"
"11390","15192","2/8/2013 12:00:00 AM"
"11391","4801","12/6/2013 12:00:00 AM"
"11392","8051","1/28/2013 12:00:00 AM"
"11393","2694","8/23/2011 12:00:00 AM"
"11394","13895","9/11/2013 12:00:00 AM"
"11395","8646","12/31/2013 12:00:00 AM"
"11396","757","7/30/2012 12:00:00 AM"
"11397","14228","9/1/2013 12:00:00 AM"
"11398","2261","8/9/2012 12:00:00 AM"
"11399","7779","1/26/2014 12:00:00 AM"
"11400","1990","7/4/2012 12:00:00 AM"
"11401","1033","6/25/2014 12:00:00 AM"
"11402","10728","8/10/2012 12:00:00 AM"
"11403","17273","5/23/2013 12:00:00 AM"
"11404","12021","2/3/2014 12:00:00 AM"
"11405","12613","12/20/2011 12:00:00 AM"
"11406","2930","11/9/2012 12:00:00 AM"
"11407","3485","8/18/2013 12:00:00 AM"
"11408","5048","4/16/2014 12:00:00 AM"
"11409","1795","10/11/2013 12:00:00 AM"
"11410","16715","11/16/2013 12:00:00 AM"
"11411","13456","3/19/2012 12:00:00 AM"
"11412","7208","11/26/2012 12:00:00 AM"
"11413","11345","4/10/2012 12:00:00 AM"
"11414","7848","11/21/2013 12:00:00 AM"
"11415","1170","10/28/2013 12:00:00 AM"
"11416","6161","2/19/2014 12:00:00 AM"
"11417","4109","11/2/2013 12:00:00 AM"
"11418","11751","6/25/2014 12:00:00 AM"
"11419","18068","7/10/2013 12:00:00 AM"
"11420","17087","10/29/2013 12:00:00 AM"
"11421","13524","2/27/2014 12:00:00 AM"
"11422","15968","8/14/2013 12:00:00 AM"
"11423","15809","12/8/2012 12:00:00 AM"
"11424","3766","1/29/2013 12:00:00 AM"
"11425","8976","9/30/2013 12:00:00 AM"
"11426","4048","10/1/2013 12:00:00 AM"
"11427","9865","5/9/2012 12:00:00 AM"
"11428","18850","8/26/2013 12:00:00 AM"
"11429","13371","12/7/2013 12:00:00 AM"
"11430","12204","7/16/2012 12:00:00 AM"
"11431","9144","8/5/2011 12:00:00 AM"
"11432","16209","7/12/2013 12:00:00 AM"
"11433","1582","8/24/2013 12:00:00 AM"
"11434","11316","12/22/2013 12:00:00 AM"
"11435","4342","8/4/2011 12:00:00 AM"
"11436","3067","11/19/2013 12:00:00 AM"
"11437","10396","1/11/2014 12:00:00 AM"
"11438","15349","12/9/2013 12:00:00 AM"
"11439","18981","3/27/2014 12:00:00 AM"
"11440","14296","5/9/2014 12:00:00 AM"
"11441","1307","8/20/2013 12:00:00 AM"
"11442","9689","5/27/2014 12:00:00 AM"
"11443","16791","2/16/2012 12:00:00 AM"
"11444","12514","11/13/2013 12:00:00 AM"
"11445","6433","7/13/2013 12:00:00 AM"
"11446","13107","9/2/2013 12:00:00 AM"
"11447","17898","11/17/2012 12:00:00 AM"
"11448","15623","12/12/2013 12:00:00 AM"
"11449","14502","10/17/2013 12:00:00 AM"
"11450","2503","8/6/2011 12:00:00 AM"
"11451","8039","1/28/2013 12:00:00 AM"
"11452","7271","4/27/2014 12:00:00 AM"
"11453","6745","8/3/2013 12:00:00 AM"
"11454","15373","12/4/2013 12:00:00 AM"
"11455","11747","3/5/2014 12:00:00 AM"
"11456","4473","8/13/2012 12:00:00 AM"
"11457","1327","5/19/2012 12:00:00 AM"
"11458","6803","4/25/2014 12:00:00 AM"
"11459","12757","7/7/2013 12:00:00 AM"
"11460","10193","4/13/2014 12:00:00 AM"
"11461","10847","12/17/2013 12:00:00 AM"
"11462","5028","11/5/2013 12:00:00 AM"
"11463","13340","11/18/2013 12:00:00 AM"
"11464","17041","10/22/2013 12:00:00 AM"
"11465","7991","7/6/2013 12:00:00 AM"
"11466","16819","7/12/2013 12:00:00 AM"
"11467","4496","2/13/2014 12:00:00 AM"
"11468","17367","12/4/2013 12:00:00 AM"
"11469","13857","2/18/2014 12:00:00 AM"
"11470","9571","3/14/2012 12:00:00 AM"
"11471","19019","3/17/2014 12:00:00 AM"
"11472","10592","2/2/2014 12:00:00 AM"
"11473","807","11/12/2013 12:00:00 AM"
"11474","18982","12/3/2013 12:00:00 AM"
"11475","11143","3/23/2014 12:00:00 AM"
"11476","4446","1/12/2013 12:00:00 AM"
"11477","5114","2/22/2014 12:00:00 AM"
"11478","13216","4/18/2014 12:00:00 AM"
"11479","14409","8/6/2013 12:00:00 AM"
"11480","4510","8/8/2013 12:00:00 AM"
"11481","12522","3/2/2013 12:00:00 AM"
"11482","12893","2/22/2014 12:00:00 AM"
"11483","888","11/10/2013 12:00:00 AM"
"11484","14447","1/7/2014 12:00:00 AM"
"11485","8258","12/3/2013 12:00:00 AM"
"11486","9130","1/12/2013 12:00:00 AM"
"11487","15637","5/22/2014 12:00:00 AM"
"11488","17906","4/3/2014 12:00:00 AM"
"11489","7680","6/25/2013 12:00:00 AM"
"11490","2587","10/7/2013 12:00:00 AM"
"11491","510","4/27/2013 12:00:00 AM"
"11492","16946","2/13/2014 12:00:00 AM"
"11493","4525","7/22/2013 12:00:00 AM"
"11494","2729","7/19/2013 12:00:00 AM"
"11495","745","1/16/2013 12:00:00 AM"
"11496","9222","12/6/2013 12:00:00 AM"
"11497","13293","1/27/2013 12:00:00 AM"
"11498","2929","2/22/2014 12:00:00 AM"
"11499","16033","11/3/2012 12:00:00 AM"
"11500","7037","4/1/2014 12:00:00 AM"
"11501","5777","5/12/2014 12:00:00 AM"
"11502","10238","12/27/2013 12:00:00 AM"
"11503","7818","10/21/2013 12:00:00 AM"
"11504","18990","4/2/2012 12:00:00 AM"
"11505","9933","12/17/2013 12:00:00 AM"
"11506","6662","4/22/2014 12:00:00 AM"
"11507","13852","1/27/2013 12:00:00 AM"
"11508","14299","10/3/2013 12:00:00 AM"
"11509","16210","9/3/2013 12:00:00 AM"
"11510","1344","8/30/2013 12:00:00 AM"
"11511","6142","7/26/2013 12:00:00 AM"
"11512","6623","7/16/2013 12:00:00 AM"
"11513","12473","5/6/2013 12:00:00 AM"
"11514","4418","7/8/2013 12:00:00 AM"
"11515","3795","9/26/2013 12:00:00 AM"
"11516","9897","1/30/2012 12:00:00 AM"
"11517","11899","1/12/2014 12:00:00 AM"
"11518","13945","11/15/2013 12:00:00 AM"
"11519","595","4/27/2013 12:00:00 AM"
"11520","2447","7/19/2013 12:00:00 AM"
"11521","14263","4/28/2012 12:00:00 AM"
"11522","4812","5/28/2014 12:00:00 AM"
"11523","8790","5/16/2014 12:00:00 AM"
"11524","1439","9/2/2011 12:00:00 AM"
"11525","10339","7/11/2013 12:00:00 AM"
"11526","7102","7/7/2012 12:00:00 AM"
"11527","10884","10/3/2013 12:00:00 AM"
"11528","5070","7/3/2013 12:00:00 AM"
"11529","18820","2/5/2014 12:00:00 AM"
"11530","10792","4/16/2014 12:00:00 AM"
"11531","16769","8/15/2012 12:00:00 AM"
"11532","1126","9/9/2013 12:00:00 AM"
"11533","5388","2/2/2014 12:00:00 AM"
"11534","8501","6/30/2013 12:00:00 AM"
"11535","15413","10/31/2013 12:00:00 AM"
"11536","197","4/18/2012 12:00:00 AM"
"11537","3982","9/24/2013 12:00:00 AM"
"11538","16276","5/19/2013 12:00:00 AM"
"11539","10920","4/26/2014 12:00:00 AM"
"11540","6978","1/28/2014 12:00:00 AM"
"11541","9879","10/23/2012 12:00:00 AM"
"11542","99","8/28/2013 12:00:00 AM"
"11543","18373","9/14/2013 12:00:00 AM"
"11544","14913","12/31/2013 12:00:00 AM"
"11545","2546","4/24/2014 12:00:00 AM"
"11546","3171","10/4/2012 12:00:00 AM"
"11547","4547","8/15/2013 12:00:00 AM"
"11548","2312","9/23/2013 12:00:00 AM"
"11549","15630","6/8/2011 12:00:00 AM"
"11550","10066","9/12/2013 12:00:00 AM"
"11551","695","6/25/2014 12:00:00 AM"
"11552","13893","4/11/2014 12:00:00 AM"
"11553","9399","5/29/2013 12:00:00 AM"
"11554","13940","4/13/2014 12:00:00 AM"
"11555","8839","12/18/2013 12:00:00 AM"
"11556","17884","6/23/2014 12:00:00 AM"
"11557","13018","8/8/2013 12:00:00 AM"
"11558","7921","12/20/2013 12:00:00 AM"
"11559","11962","11/26/2013 12:00:00 AM"
"11560","7216","9/6/2013 12:00:00 AM"
"11561","8294","4/14/2014 12:00:00 AM"
"11562","6574","10/20/2013 12:00:00 AM"
"11563","7004","11/28/2013 12:00:00 AM"
"11564","5282","11/20/2013 12:00:00 AM"
"11565","10933","5/21/2012 12:00:00 AM"
"11566","4117","1/13/2014 12:00:00 AM"
"11567","12031","9/15/2013 12:00:00 AM"
"11568","18397","2/13/2014 12:00:00 AM"
"11569","13317","9/14/2012 12:00:00 AM"
"11570","9316","12/25/2013 12:00:00 AM"
"11571","5694","7/18/2013 12:00:00 AM"
"11572","13229","11/1/2012 12:00:00 AM"
"11573","15142","6/14/2014 12:00:00 AM"
"11574","8611","5/17/2014 12:00:00 AM"
"11575","8992","4/25/2014 12:00:00 AM"
"11576","4806","12/24/2011 12:00:00 AM"
"11577","14187","8/15/2013 12:00:00 AM"
"11578","12877","5/4/2013 12:00:00 AM"
"11579","15393","8/27/2013 12:00:00 AM"
"11580","14173","8/26/2013 12:00:00 AM"
"11581","5947","11/1/2012 12:00:00 AM"
"11582","10491","1/23/2014 12:00:00 AM"
"11583","18549","5/10/2014 12:00:00 AM"
"11584","18505","6/9/2012 12:00:00 AM"
"11585","13003","4/19/2012 12:00:00 AM"
"11586","5770","9/19/2012 12:00:00 AM"
"11587","14129","1/22/2014 12:00:00 AM"
"11588","8558","12/29/2013 12:00:00 AM"
"11589","13759","3/2/2014 12:00:00 AM"
"11590","17546","1/3/2012 12:00:00 AM"
"11591","17369","10/12/2013 12:00:00 AM"
"11592","491","7/7/2013 12:00:00 AM"
"11593","5992","11/6/2013 12:00:00 AM"
"11594","2355","4/29/2012 12:00:00 AM"
"11595","7811","3/30/2014 12:00:00 AM"
"11596","9020","5/23/2014 12:00:00 AM"
"11597","5616","5/5/2013 12:00:00 AM"
"11598","509","11/10/2013 12:00:00 AM"
"11599","15874","7/21/2012 12:00:00 AM"
"11600","9092","11/16/2012 12:00:00 AM"
"11601","4216","5/4/2012 12:00:00 AM"
"11602","12711","4/18/2014 12:00:00 AM"
"11603","16078","11/6/2013 12:00:00 AM"
"11604","17103","12/3/2013 12:00:00 AM"
"11605","1041","9/27/2012 12:00:00 AM"
"11606","18757","11/19/2011 12:00:00 AM"
"11607","6047","1/2/2014 12:00:00 AM"
"11608","10342","3/9/2014 12:00:00 AM"
"11609","14954","10/20/2013 12:00:00 AM"
"11610","7567","5/21/2013 12:00:00 AM"
"11611","11456","7/30/2012 12:00:00 AM"
"11612","3381","7/23/2013 12:00:00 AM"
"11613","18640","6/26/2013 12:00:00 AM"
"11614","6856","12/31/2012 12:00:00 AM"
"11615","2414","11/26/2013 12:00:00 AM"
"11616","5381","4/14/2014 12:00:00 AM"
"11617","17484","2/27/2014 12:00:00 AM"
"11618","7050","6/3/2014 12:00:00 AM"
"11619","6088","4/2/2014 12:00:00 AM"
"11620","6636","10/12/2011 12:00:00 AM"
"11621","8785","1/8/2014 12:00:00 AM"
"11622","3660","2/18/2014 12:00:00 AM"
"11623","6600","2/19/2014 12:00:00 AM"
"11624","15808","4/15/2013 12:00:00 AM"
"11625","12753","9/5/2013 12:00:00 AM"
"11626","2516","8/31/2012 12:00:00 AM"
"11627","10073","9/7/2013 12:00:00 AM"
"11628","2497","11/18/2012 12:00:00 AM"
"11629","15556","11/15/2013 12:00:00 AM"
"11630","16661","10/4/2013 12:00:00 AM"
"11631","1574","8/19/2013 12:00:00 AM"
"11632","1012","9/28/2013 12:00:00 AM"
"11633","14633","2/19/2014 12:00:00 AM"
"11634","9691","10/17/2012 12:00:00 AM"
"11635","18609","4/19/2014 12:00:00 AM"
"11636","18959","10/23/2013 12:00:00 AM"
"11637","960","6/29/2014 12:00:00 AM"
"11638","9967","7/29/2013 12:00:00 AM"
"11639","7472","1/31/2014 12:00:00 AM"
"11640","2898","2/27/2014 12:00:00 AM"
"11641","8705","9/6/2013 12:00:00 AM"
"11642","15824","7/19/2012 12:00:00 AM"
"11643","741","11/21/2013 12:00:00 AM"
"11644","7875","8/20/2013 12:00:00 AM"
"11645","3758","3/30/2014 12:00:00 AM"
"11646","6817","10/14/2013 12:00:00 AM"
"11647","19155","2/21/2014 12:00:00 AM"
"11648","9007","5/28/2014 12:00:00 AM"
"11649","15388","9/10/2011 12:00:00 AM"
"11650","3719","3/21/2014 12:00:00 AM"
"11651","16968","11/14/2013 12:00:00 AM"
"11652","3576","2/19/2012 12:00:00 AM"
"11653","956","3/27/2012 12:00:00 AM"
"11654","7905","12/9/2012 12:00:00 AM"
"11655","18378","8/20/2013 12:00:00 AM"
"11656","4287","7/1/2013 12:00:00 AM"
"11657","12942","12/28/2013 12:00:00 AM"
"11658","17584","1/24/2014 12:00:00 AM"
"11659","4240","8/13/2013 12:00:00 AM"
"11660","146","1/18/2014 12:00:00 AM"
"11661","3591","12/25/2013 12:00:00 AM"
"11662","6337","5/6/2013 12:00:00 AM"
"11663","16073","8/16/2013 12:00:00 AM"
"11664","1024","10/4/2013 12:00:00 AM"
"11665","16779","4/30/2014 12:00:00 AM"
"11666","11096","2/22/2014 12:00:00 AM"
"11667","4776","1/12/2014 12:00:00 AM"
"11668","17562","5/5/2014 12:00:00 AM"
"11669","13986","5/5/2012 12:00:00 AM"
"11670","14432","11/13/2013 12:00:00 AM"
"11671","4234","8/3/2013 12:00:00 AM"
"11672","12589","9/6/2013 12:00:00 AM"
"11673","12930","3/23/2013 12:00:00 AM"
"11674","16376","12/4/2013 12:00:00 AM"
"11675","3977","5/18/2014 12:00:00 AM"
"11676","5515","9/6/2011 12:00:00 AM"
"11677","2676","1/4/2014 12:00:00 AM"
"11678","1198","2/1/2014 12:00:00 AM"
"11679","6577","7/13/2013 12:00:00 AM"
"11680","16101","5/14/2014 12:00:00 AM"
"11681","16573","3/21/2012 12:00:00 AM"
"11682","8132","3/8/2014 12:00:00 AM"
"11683","454","10/16/2013 12:00:00 AM"
"11684","13356","1/26/2014 12:00:00 AM"
"11685","13285","11/17/2013 12:00:00 AM"
"11686","2464","2/28/2012 12:00:00 AM"
"11687","18613","10/18/2013 12:00:00 AM"
"11688","17066","7/17/2013 12:00:00 AM"
"11689","15161","12/18/2013 12:00:00 AM"
"11690","15749","2/5/2014 12:00:00 AM"
"11691","6575","5/8/2014 12:00:00 AM"
"11692","19071","11/9/2013 12:00:00 AM"
"11693","1849","1/11/2014 12:00:00 AM"
"11694","1027","11/23/2013 12:00:00 AM"
"11695","4458","10/25/2011 12:00:00 AM"
"11696","8121","1/14/2013 12:00:00 AM"
"11697","8221","3/4/2014 12:00:00 AM"
"11698","2388","10/19/2013 12:00:00 AM"
"11699","16964","10/4/2013 12:00:00 AM"
"11700","10787","7/11/2013 12:00:00 AM"
"11701","18513","2/16/2014 12:00:00 AM"
"11702","17668","11/16/2013 12:00:00 AM"
"11703","9217","6/12/2013 12:00:00 AM"
"11704","10112","8/17/2013 12:00:00 AM"
"11705","13970","7/21/2012 12:00:00 AM"
"11706","17868","10/5/2013 12:00:00 AM"
"11707","9174","9/20/2013 12:00:00 AM"
"11708","11518","2/17/2014 12:00:00 AM"
"11709","3820","8/30/2013 12:00:00 AM"
"11710","11082","7/14/2013 12:00:00 AM"
"11711","14653","3/31/2014 12:00:00 AM"
"11712","9784","3/8/2014 12:00:00 AM"
"11713","2085","8/3/2013 12:00:00 AM"
"11714","5638","8/1/2013 12:00:00 AM"
"11715","9811","6/17/2014 12:00:00 AM"
"11716","2269","12/7/2013 12:00:00 AM"
"11717","8310","4/8/2014 12:00:00 AM"
"11718","15926","7/29/2013 12:00:00 AM"
"11719","5212","7/5/2013 12:00:00 AM"
"11720","934","1/17/2014 12:00:00 AM"
"11721","3578","4/27/2014 12:00:00 AM"
"11722","13974","8/23/2012 12:00:00 AM"
"11723","16794","7/27/2013 12:00:00 AM"
"11724","7555","1/28/2014 12:00:00 AM"
"11725","12144","9/18/2013 12:00:00 AM"
"11726","321","9/29/2012 12:00:00 AM"
"11727","10575","3/28/2012 12:00:00 AM"
"11728","9059","12/14/2013 12:00:00 AM"
"11729","463","10/29/2013 12:00:00 AM"
"11730","15151","2/11/2014 12:00:00 AM"
"11731","18270","7/5/2012 12:00:00 AM"
"11732","11365","9/15/2013 12:00:00 AM"
"11733","13196","11/16/2013 12:00:00 AM"
"11734","18856","4/21/2013 12:00:00 AM"
"11735","15745","6/14/2013 12:00:00 AM"
"11736","11009","11/1/2012 12:00:00 AM"
"11737","17184","11/12/2011 12:00:00 AM"
"11738","18096","4/13/2014 12:00:00 AM"
"11739","11266","8/7/2013 12:00:00 AM"
"11740","7844","6/17/2013 12:00:00 AM"
"11741","2441","7/6/2012 12:00:00 AM"
"11742","11590","4/18/2014 12:00:00 AM"
"11743","15348","10/5/2011 12:00:00 AM"
"11744","17074","2/12/2014 12:00:00 AM"
"11745","2102","7/12/2013 12:00:00 AM"
"11746","16535","2/10/2014 12:00:00 AM"
"11747","14996","11/23/2013 12:00:00 AM"
"11748","3725","4/29/2014 12:00:00 AM"
"11749","10483","8/30/2013 12:00:00 AM"
"11750","9345","7/31/2013 12:00:00 AM"
"11751","9152","7/10/2013 12:00:00 AM"
"11752","7717","7/1/2013 12:00:00 AM"
"11753","5967","9/17/2012 12:00:00 AM"
"11754","5698","2/19/2013 12:00:00 AM"
"11755","4121","11/4/2013 12:00:00 AM"
"11756","14260","11/18/2011 12:00:00 AM"
"11757","2656","5/13/2013 12:00:00 AM"
"11758","9624","8/23/2013 12:00:00 AM"
"11759","8623","3/6/2014 12:00:00 AM"
"11760","5073","5/14/2014 12:00:00 AM"
"11761","17633","9/21/2013 12:00:00 AM"
"11762","17569","11/13/2013 12:00:00 AM"
"11763","4587","2/28/2014 12:00:00 AM"
"11764","18659","6/14/2013 12:00:00 AM"
"11765","2005","4/27/2013 12:00:00 AM"
"11766","7892","7/18/2011 12:00:00 AM"
"11767","2091","5/25/2013 12:00:00 AM"
"11768","12952","1/9/2014 12:00:00 AM"
"11769","7157","11/7/2011 12:00:00 AM"
"11770","12161","3/19/2014 12:00:00 AM"
"11771","17019","4/9/2014 12:00:00 AM"
"11772","16384","12/24/2013 12:00:00 AM"
"11773","1568","7/2/2013 12:00:00 AM"
"11774","19133","1/31/2014 12:00:00 AM"
"11775","15916","5/19/2014 12:00:00 AM"
"11776","4100","6/20/2012 12:00:00 AM"
"11777","14878","9/2/2013 12:00:00 AM"
"11778","617","4/3/2014 12:00:00 AM"
"11779","14837","12/19/2013 12:00:00 AM"
"11780","18942","2/24/2014 12:00:00 AM"
"11781","6901","6/19/2011 12:00:00 AM"
"11782","4805","9/5/2013 12:00:00 AM"
"11783","1655","10/27/2013 12:00:00 AM"
"11784","11936","4/9/2014 12:00:00 AM"
"11785","1237","8/16/2013 12:00:00 AM"
"11786","16459","10/21/2013 12:00:00 AM"
"11787","14539","12/25/2013 12:00:00 AM"
"11788","6790","7/22/2013 12:00:00 AM"
"11789","5870","5/20/2014 12:00:00 AM"
"11790","11271","2/28/2014 12:00:00 AM"
"11791","18855","10/5/2012 12:00:00 AM"
"11792","1209","6/19/2012 12:00:00 AM"
"11793","17206","4/5/2014 12:00:00 AM"
"11794","17393","2/24/2014 12:00:00 AM"
"11795","18524","5/7/2014 12:00:00 AM"
"11796","6236","9/28/2012 12:00:00 AM"
"11797","4847","7/3/2013 12:00:00 AM"
"11798","4729","6/4/2014 12:00:00 AM"
"11799","16628","10/13/2012 12:00:00 AM"
"11800","8920","7/24/2013 12:00:00 AM"
"11801","16349","10/11/2013 12:00:00 AM"
"11802","16426","8/18/2013 12:00:00 AM"
"11803","6621","4/27/2013 12:00:00 AM"
"11804","11464","4/14/2014 12:00:00 AM"
"11805","12693","12/7/2013 12:00:00 AM"
"11806","13197","7/16/2013 12:00:00 AM"
"11807","6647","6/18/2012 12:00:00 AM"
"11808","4296","12/17/2012 12:00:00 AM"
"11809","14536","5/14/2013 12:00:00 AM"
"11810","8681","12/25/2013 12:00:00 AM"
"11811","801","10/17/2013 12:00:00 AM"
"11812","6003","5/18/2014 12:00:00 AM"
"11813","11303","2/13/2014 12:00:00 AM"
"11814","11966","5/16/2014 12:00:00 AM"
"11815","4029","5/15/2014 12:00:00 AM"
"11816","2010","2/16/2014 12:00:00 AM"
"11817","8402","11/30/2013 12:00:00 AM"
"11818","18903","5/12/2014 12:00:00 AM"
"11819","4191","4/23/2013 12:00:00 AM"
"11820","18799","8/7/2013 12:00:00 AM"
"11821","15580","2/28/2014 12:00:00 AM"
"11822","13431","3/9/2014 12:00:00 AM"
"11823","11109","1/25/2014 12:00:00 AM"
"11824","1121","5/28/2012 12:00:00 AM"
"11825","4242","5/5/2014 12:00:00 AM"
"11826","166","10/11/2013 12:00:00 AM"
"11827","17301","12/1/2011 12:00:00 AM"
"11828","2662","5/6/2013 12:00:00 AM"
"11829","15309","9/18/2013 12:00:00 AM"
"11830","1515","5/15/2014 12:00:00 AM"
"11831","5000","2/16/2014 12:00:00 AM"
"11832","9570","12/21/2013 12:00:00 AM"
"11833","1326","9/9/2013 12:00:00 AM"
"11834","9467","11/18/2013 12:00:00 AM"
"11835","1447","7/11/2012 12:00:00 AM"
"11836","9789","8/19/2013 12:00:00 AM"
"11837","4374","12/9/2013 12:00:00 AM"
"11838","12000","11/25/2013 12:00:00 AM"
"11839","4889","3/20/2014 12:00:00 AM"
"11840","7315","4/12/2013 12:00:00 AM"
"11841","9778","5/19/2012 12:00:00 AM"
"11842","12398","4/10/2012 12:00:00 AM"
"11843","4077","6/26/2014 12:00:00 AM"
"11844","16040","3/7/2013 12:00:00 AM"
"11845","18356","11/10/2013 12:00:00 AM"
"11846","2399","7/10/2013 12:00:00 AM"
"11847","6258","7/2/2013 12:00:00 AM"
"11848","12792","2/8/2013 12:00:00 AM"
"11849","2342","2/9/2014 12:00:00 AM"
"11850","4312","3/12/2014 12:00:00 AM"
"11851","5781","8/3/2013 12:00:00 AM"
"11852","8674","12/12/2013 12:00:00 AM"
"11853","19069","6/2/2011 12:00:00 AM"
"11854","9737","3/19/2014 12:00:00 AM"
"11855","6529","10/13/2013 12:00:00 AM"
"11856","6625","10/14/2011 12:00:00 AM"
"11857","11830","5/2/2013 12:00:00 AM"
"11858","12068","9/23/2012 12:00:00 AM"
"11859","8453","5/14/2013 12:00:00 AM"
"11860","11829","3/30/2012 12:00:00 AM"
"11861","4487","6/30/2014 12:00:00 AM"
"11862","5154","9/13/2013 12:00:00 AM"
"11863","10188","10/26/2013 12:00:00 AM"
"11864","2613","2/17/2014 12:00:00 AM"
"11865","3886","6/24/2014 12:00:00 AM"
"11866","9598","2/1/2012 12:00:00 AM"
"11867","7428","2/13/2014 12:00:00 AM"
"11868","9153","3/17/2014 12:00:00 AM"
"11869","5901","8/11/2013 12:00:00 AM"
"11870","3224","9/8/2013 12:00:00 AM"
"11871","5260","7/28/2013 12:00:00 AM"
"11872","10147","7/18/2013 12:00:00 AM"
"11873","10531","11/5/2013 12:00:00 AM"
"11874","14491","3/29/2014 12:00:00 AM"
"11875","18909","12/29/2013 12:00:00 AM"
"11876","16577","2/27/2014 12:00:00 AM"
"11877","15796","10/15/2013 12:00:00 AM"
"11878","15257","9/29/2013 12:00:00 AM"
"11879","969","9/29/2013 12:00:00 AM"
"11880","10669","10/8/2013 12:00:00 AM"
"11881","3416","2/8/2013 12:00:00 AM"
"11882","18958","11/15/2012 12:00:00 AM"
"11883","8222","3/24/2014 12:00:00 AM"
"11884","7443","8/18/2013 12:00:00 AM"
"11885","14450","1/7/2014 12:00:00 AM"
"11886","11524","1/30/2014 12:00:00 AM"
"11887","11054","5/6/2014 12:00:00 AM"
"11888","13978","9/4/2013 12:00:00 AM"
"11889","6071","2/4/2012 12:00:00 AM"
"11890","9164","12/25/2013 12:00:00 AM"
"11891","1427","4/19/2014 12:00:00 AM"
"11892","13051","12/16/2011 12:00:00 AM"
"11893","7067","6/1/2012 12:00:00 AM"
"11894","6353","3/30/2013 12:00:00 AM"
"11895","3956","7/23/2012 12:00:00 AM"
"11896","17254","6/11/2011 12:00:00 AM"
"11897","1854","6/6/2014 12:00:00 AM"
"11898","13559","8/22/2013 12:00:00 AM"
"11899","17212","3/27/2014 12:00:00 AM"
"11900","3253","3/1/2014 12:00:00 AM"
"11901","12777","6/25/2011 12:00:00 AM"
"11902","9907","3/26/2012 12:00:00 AM"
"11903","15866","11/22/2013 12:00:00 AM"
"11904","6293","12/1/2013 12:00:00 AM"
"11905","6456","6/5/2013 12:00:00 AM"
"11906","6282","8/23/2012 12:00:00 AM"
"11907","7316","5/10/2014 12:00:00 AM"
"11908","11867","2/24/2013 12:00:00 AM"
"11909","5938","8/23/2013 12:00:00 AM"
"11910","17465","10/1/2013 12:00:00 AM"
"11911","2132","9/15/2013 12:00:00 AM"
"11912","18073","10/2/2013 12:00:00 AM"
"11913","856","2/7/2014 12:00:00 AM"
"11914","17684","6/4/2014 12:00:00 AM"
"11915","14846","5/16/2014 12:00:00 AM"
"11916","15363","3/16/2012 12:00:00 AM"
"11917","1876","1/27/2014 12:00:00 AM"
"11918","4314","3/8/2014 12:00:00 AM"
"11919","13906","1/4/2014 12:00:00 AM"
"11920","9195","7/26/2011 12:00:00 AM"
"11921","4271","5/11/2014 12:00:00 AM"
"11922","9837","11/20/2011 12:00:00 AM"
"11923","13388","2/25/2014 12:00:00 AM"
"11924","14027","8/1/2013 12:00:00 AM"
"11925","18594","7/1/2013 12:00:00 AM"
"11926","9372","3/19/2012 12:00:00 AM"
"11927","17713","4/23/2012 12:00:00 AM"
"11928","11222","1/29/2014 12:00:00 AM"
"11929","9421","8/2/2011 12:00:00 AM"
"11930","12708","11/11/2012 12:00:00 AM"
"11931","4885","2/14/2012 12:00:00 AM"
"11932","16825","11/5/2013 12:00:00 AM"
"11933","18229","3/9/2014 12:00:00 AM"
"11934","9856","7/27/2012 12:00:00 AM"
"11935","9957","1/6/2014 12:00:00 AM"
"11936","5573","1/29/2014 12:00:00 AM"
"11937","6432","7/26/2011 12:00:00 AM"
"11938","9412","10/18/2012 12:00:00 AM"
"11939","1992","10/7/2013 12:00:00 AM"
"11940","2967","1/31/2013 12:00:00 AM"
"11941","19084","4/29/2014 12:00:00 AM"
"11942","6301","2/21/2014 12:00:00 AM"
"11943","17585","9/3/2013 12:00:00 AM"
"11944","9914","9/2/2013 12:00:00 AM"
"11945","9441","7/24/2013 12:00:00 AM"
"11946","14172","2/14/2014 12:00:00 AM"
"11947","9368","12/5/2013 12:00:00 AM"
"11948","17706","4/18/2013 12:00:00 AM"
"11949","4850","2/8/2012 12:00:00 AM"
"11950","2180","12/29/2013 12:00:00 AM"
"11951","3549","7/31/2013 12:00:00 AM"
"11952","1382","10/20/2013 12:00:00 AM"
"11953","4870","5/3/2014 12:00:00 AM"
"11954","3340","3/13/2014 12:00:00 AM"
"11955","7382","7/22/2011 12:00:00 AM"
"11956","15951","4/24/2014 12:00:00 AM"
"11957","9800","6/16/2014 12:00:00 AM"
"11958","14175","12/9/2013 12:00:00 AM"
"11959","2412","11/29/2013 12:00:00 AM"
"11960","11315","4/20/2014 12:00:00 AM"
"11961","12970","1/11/2014 12:00:00 AM"
"11962","18547","9/2/2013 12:00:00 AM"
"11963","8163","3/14/2014 12:00:00 AM"
"11964","7115","10/26/2011 12:00:00 AM"
"11965","8865","8/21/2011 12:00:00 AM"
"11966","8690","8/3/2013 12:00:00 AM"
"11967","10357","5/17/2014 12:00:00 AM"
"11968","4536","2/28/2014 12:00:00 AM"
"11969","16136","6/18/2011 12:00:00 AM"
"11970","16702","3/17/2013 12:00:00 AM"
"11971","11214","12/20/2013 12:00:00 AM"
"11972","5866","5/21/2013 12:00:00 AM"
"11973","1735","8/26/2013 12:00:00 AM"
"11974","3654","8/29/2013 12:00:00 AM"
"11975","12318","1/16/2013 12:00:00 AM"
"11976","19197","3/31/2013 12:00:00 AM"
"11977","8150","5/11/2014 12:00:00 AM"
"11978","15264","3/24/2014 12:00:00 AM"
"11979","16474","10/23/2012 12:00:00 AM"
"11980","2001","1/11/2012 12:00:00 AM"
"11981","18458","9/2/2013 12:00:00 AM"
"11982","4914","9/5/2013 12:00:00 AM"
"11983","15226","5/10/2012 12:00:00 AM"
"11984","18572","10/9/2013 12:00:00 AM"
"11985","958","5/26/2012 12:00:00 AM"
"11986","12340","2/19/2014 12:00:00 AM"
"11987","5933","12/29/2013 12:00:00 AM"
"11988","10984","12/4/2013 12:00:00 AM"
"11989","17692","4/30/2014 12:00:00 AM"
"11990","1817","12/18/2012 12:00:00 AM"
"11991","6923","3/28/2014 12:00:00 AM"
"11992","8076","1/30/2014 12:00:00 AM"
"11993","9731","1/31/2014 12:00:00 AM"
"11994","2485","10/11/2012 12:00:00 AM"
"11995","1614","5/17/2012 12:00:00 AM"
"11996","15737","7/11/2013 12:00:00 AM"
"11997","2382","1/14/2014 12:00:00 AM"
"11998","14324","7/16/2013 12:00:00 AM"
"11999","3573","11/12/2013 12:00:00 AM"
"12000","16005","8/3/2013 12:00:00 AM"
"12001","7660","5/13/2014 12:00:00 AM"
"12002","17001","9/10/2013 12:00:00 AM"
"12003","3563","11/27/2012 12:00:00 AM"
"12004","1185","2/17/2014 12:00:00 AM"
"12005","1891","9/20/2013 12:00:00 AM"
"12006","13697","1/20/2012 12:00:00 AM"
"12007","19236","1/20/2014 12:00:00 AM"
"12008","3355","11/1/2013 12:00:00 AM"
"12009","1217","5/5/2012 12:00:00 AM"
"12010","15948","1/31/2014 12:00:00 AM"
"12011","16125","12/1/2012 12:00:00 AM"
"12012","11318","4/1/2014 12:00:00 AM"
"12013","9851","4/18/2014 12:00:00 AM"
"12014","6130","1/18/2014 12:00:00 AM"
"12015","12386","5/12/2014 12:00:00 AM"
"12016","991","8/3/2013 12:00:00 AM"
"12017","688","12/1/2013 12:00:00 AM"
"12018","15187","4/17/2014 12:00:00 AM"
"12019","5597","1/1/2014 12:00:00 AM"
"12020","6326","4/21/2014 12:00:00 AM"
"12021","17482","8/15/2013 12:00:00 AM"
"12022","5913","8/12/2013 12:00:00 AM"
"12023","13126","3/21/2014 12:00:00 AM"
"12024","16937","3/1/2014 12:00:00 AM"
"12025","1141","12/9/2013 12:00:00 AM"
"12026","14726","11/23/2013 12:00:00 AM"
"12027","16919","6/23/2012 12:00:00 AM"
"12028","11061","2/18/2014 12:00:00 AM"
"12029","1537","11/19/2013 12:00:00 AM"
"12030","13878","4/11/2014 12:00:00 AM"
"12031","3180","5/20/2012 12:00:00 AM"
"12032","1713","7/12/2013 12:00:00 AM"
"12033","4017","2/8/2013 12:00:00 AM"
"12034","13476","4/3/2014 12:00:00 AM"
"12035","9688","10/11/2012 12:00:00 AM"
"12036","13953","1/15/2014 12:00:00 AM"
"12037","1379","8/5/2013 12:00:00 AM"
"12038","6296","8/7/2013 12:00:00 AM"
"12039","1638","6/30/2014 12:00:00 AM"
"12040","17075","5/18/2014 12:00:00 AM"
"12041","14149","11/9/2012 12:00:00 AM"
"12042","15998","5/10/2014 12:00:00 AM"
"12043","4545","4/19/2014 12:00:00 AM"
"12044","13032","5/3/2014 12:00:00 AM"
"12045","9473","2/5/2014 12:00:00 AM"
"12046","2242","2/4/2014 12:00:00 AM"
"12047","10358","11/2/2013 12:00:00 AM"
"12048","17481","6/5/2014 12:00:00 AM"
"12049","6987","7/19/2011 12:00:00 AM"
"12050","1099","8/14/2013 12:00:00 AM"
"12051","10484","7/6/2013 12:00:00 AM"
"12052","3727","5/10/2013 12:00:00 AM"
"12053","18042","8/14/2013 12:00:00 AM"
"12054","5172","11/10/2011 12:00:00 AM"
"12055","17885","9/14/2013 12:00:00 AM"
"12056","8919","9/16/2013 12:00:00 AM"
"12057","12283","4/14/2012 12:00:00 AM"
"12058","13946","1/9/2014 12:00:00 AM"
"12059","10394","3/8/2012 12:00:00 AM"
"12060","14986","4/19/2014 12:00:00 AM"
"12061","12300","7/27/2013 12:00:00 AM"
"12062","15989","4/25/2014 12:00:00 AM"
"12063","4589","7/27/2013 12:00:00 AM"
"12064","16952","3/27/2014 12:00:00 AM"
"12065","13662","2/1/2014 12:00:00 AM"
"12066","7988","5/8/2012 12:00:00 AM"
"12067","16586","7/9/2013 12:00:00 AM"
"12068","1300","7/15/2013 12:00:00 AM"
"12069","16284","1/23/2014 12:00:00 AM"
"12070","5820","7/11/2012 12:00:00 AM"
"12071","5628","10/3/2011 12:00:00 AM"
"12072","10296","8/2/2013 12:00:00 AM"
"12073","10731","8/7/2013 12:00:00 AM"
"12074","1575","10/4/2012 12:00:00 AM"
"12075","7226","11/7/2011 12:00:00 AM"
"12076","4422","3/3/2014 12:00:00 AM"
"12077","18445","10/20/2011 12:00:00 AM"
"12078","9309","6/9/2012 12:00:00 AM"
"12079","9271","8/2/2011 12:00:00 AM"
"12080","15577","3/4/2014 12:00:00 AM"
"12081","17059","12/28/2013 12:00:00 AM"
"12082","13043","4/26/2014 12:00:00 AM"
"12083","13745","6/22/2014 12:00:00 AM"
"12084","8350","8/11/2013 12:00:00 AM"
"12085","1768","3/22/2012 12:00:00 AM"
"12086","5259","9/16/2011 12:00:00 AM"
"12087","16172","10/15/2012 12:00:00 AM"
"12088","14105","4/9/2013 12:00:00 AM"
"12089","16691","4/12/2014 12:00:00 AM"
"12090","6173","3/19/2014 12:00:00 AM"
"12091","4200","2/6/2014 12:00:00 AM"
"12092","6618","8/29/2012 12:00:00 AM"
"12093","5614","11/18/2013 12:00:00 AM"
"12094","8702","8/4/2013 12:00:00 AM"
"12095","1449","11/6/2013 12:00:00 AM"
"12096","5832","5/2/2014 12:00:00 AM"
"12097","13975","9/21/2013 12:00:00 AM"
"12098","9248","6/16/2014 12:00:00 AM"
"12099","8545","7/3/2013 12:00:00 AM"
"12100","11100","9/27/2013 12:00:00 AM"
"12101","5077","1/2/2014 12:00:00 AM"
"12102","2716","4/24/2012 12:00:00 AM"
"12103","3608","6/23/2014 12:00:00 AM"
"12104","10808","11/4/2013 12:00:00 AM"
"12105","18520","3/9/2012 12:00:00 AM"
"12106","6850","2/5/2014 12:00:00 AM"
"12107","2758","11/2/2013 12:00:00 AM"
"12108","4670","3/22/2014 12:00:00 AM"
"12109","4348","4/9/2014 12:00:00 AM"
"12110","6595","11/1/2012 12:00:00 AM"
"12111","4898","5/10/2014 12:00:00 AM"
"12112","7952","10/8/2011 12:00:00 AM"
"12113","8535","1/11/2012 12:00:00 AM"
"12114","3385","6/25/2012 12:00:00 AM"
"12115","1295","4/30/2013 12:00:00 AM"
"12116","17758","7/24/2011 12:00:00 AM"
"12117","1922","2/2/2014 12:00:00 AM"
"12118","6349","3/28/2014 12:00:00 AM"
"12119","16458","4/19/2012 12:00:00 AM"
"12120","13996","9/28/2013 12:00:00 AM"
"12121","9632","4/7/2014 12:00:00 AM"
"12122","12676","12/20/2013 12:00:00 AM"
"12123","2479","2/24/2014 12:00:00 AM"
"12124","14627","7/31/2013 12:00:00 AM"
"12125","6475","10/31/2013 12:00:00 AM"
"12126","1086","5/9/2014 12:00:00 AM"
"12127","16728","6/4/2013 12:00:00 AM"
"12128","7360","11/26/2012 12:00:00 AM"
"12129","14635","4/30/2014 12:00:00 AM"
"12130","35","8/5/2012 12:00:00 AM"
"12131","18262","11/11/2013 12:00:00 AM"
"12132","17095","5/10/2014 12:00:00 AM"
"12133","3899","2/4/2014 12:00:00 AM"
"12134","13263","9/9/2013 12:00:00 AM"
"12135","1278","8/6/2011 12:00:00 AM"
"12136","15204","3/7/2014 12:00:00 AM"
"12137","17965","3/12/2014 12:00:00 AM"
"12138","16025","8/5/2013 12:00:00 AM"
"12139","4007","2/21/2014 12:00:00 AM"
"12140","3738","12/20/2013 12:00:00 AM"
"12141","4142","12/6/2011 12:00:00 AM"
"12142","15285","11/14/2012 12:00:00 AM"
"12143","4205","12/12/2013 12:00:00 AM"
"12144","18714","2/28/2013 12:00:00 AM"
"12145","14355","4/18/2012 12:00:00 AM"
"12146","9170","12/6/2011 12:00:00 AM"
"12147","2643","1/18/2014 12:00:00 AM"
"12148","3907","6/1/2014 12:00:00 AM"
"12149","8612","12/20/2012 12:00:00 AM"
"12150","16689","8/31/2013 12:00:00 AM"
"12151","3113","7/6/2013 12:00:00 AM"
"12152","12050","5/18/2013 12:00:00 AM"
"12153","10752","6/10/2014 12:00:00 AM"
"12154","13001","7/23/2013 12:00:00 AM"
"12155","18522","2/29/2012 12:00:00 AM"
"12156","6650","2/13/2014 12:00:00 AM"
"12157","10436","1/29/2014 12:00:00 AM"
"12158","875","3/10/2014 12:00:00 AM"
"12159","13364","3/26/2014 12:00:00 AM"
"12160","13604","3/19/2012 12:00:00 AM"
"12161","17900","4/15/2012 12:00:00 AM"
"12162","2279","5/11/2014 12:00:00 AM"
"12163","17683","1/27/2014 12:00:00 AM"
"12164","8084","2/10/2014 12:00:00 AM"
"12165","5530","4/8/2014 12:00:00 AM"
"12166","18749","2/25/2012 12:00:00 AM"
"12167","7553","7/13/2012 12:00:00 AM"
"12168","10514","6/16/2014 12:00:00 AM"
"12169","12937","10/14/2013 12:00:00 AM"
"12170","12190","11/11/2013 12:00:00 AM"
"12171","19113","4/20/2014 12:00:00 AM"
"12172","8781","5/30/2013 12:00:00 AM"
"12173","6193","9/9/2013 12:00:00 AM"
"12174","10385","9/18/2011 12:00:00 AM"
"12175","4144","9/24/2013 12:00:00 AM"
"12176","2721","12/12/2013 12:00:00 AM"
"12177","13318","5/30/2014 12:00:00 AM"
"12178","5136","4/24/2014 12:00:00 AM"
"12179","3369","5/7/2014 12:00:00 AM"
"12180","16332","12/24/2012 12:00:00 AM"
"12181","5334","1/29/2014 12:00:00 AM"
"12182","3546","6/5/2014 12:00:00 AM"
"12183","15019","1/24/2014 12:00:00 AM"
"12184","6861","9/19/2013 12:00:00 AM"
"12185","7634","11/20/2012 12:00:00 AM"
"12186","2108","1/11/2014 12:00:00 AM"
"12187","12040","1/2/2014 12:00:00 AM"
"12188","10170","4/24/2014 12:00:00 AM"
"12189","11203","5/19/2014 12:00:00 AM"
"12190","18030","9/26/2013 12:00:00 AM"
"12191","283","1/28/2014 12:00:00 AM"
"12192","4147","4/8/2013 12:00:00 AM"
"12193","3822","9/3/2013 12:00:00 AM"
"12194","13387","3/26/2014 12:00:00 AM"
"12195","8820","2/11/2012 12:00:00 AM"
"12196","11426","1/2/2014 12:00:00 AM"
"12197","2746","11/9/2013 12:00:00 AM"
"12198","7636","4/9/2014 12:00:00 AM"
"12199","2632","4/2/2012 12:00:00 AM"
"12200","19196","2/27/2014 12:00:00 AM"
"12201","15385","5/2/2014 12:00:00 AM"
"12202","16880","4/17/2014 12:00:00 AM"
"12203","5378","1/29/2014 12:00:00 AM"
"12204","16366","11/27/2013 12:00:00 AM"
"12205","1705","12/4/2011 12:00:00 AM"
"12206","15988","7/8/2013 12:00:00 AM"
"12207","14211","6/26/2011 12:00:00 AM"
"12208","6953","10/17/2013 12:00:00 AM"
"12209","4699","6/2/2014 12:00:00 AM"
"12210","2588","11/6/2013 12:00:00 AM"
"12211","8421","4/1/2014 12:00:00 AM"
"12212","7692","8/12/2012 12:00:00 AM"
"12213","5880","2/18/2014 12:00:00 AM"
"12214","12224","12/29/2013 12:00:00 AM"
"12215","10460","8/3/2013 12:00:00 AM"
"12216","707","2/4/2014 12:00:00 AM"
"12217","4085","2/3/2012 12:00:00 AM"
"12218","13231","10/24/2013 12:00:00 AM"
"12219","13168","5/8/2014 12:00:00 AM"
"12220","6899","4/28/2014 12:00:00 AM"
"12221","1863","3/30/2014 12:00:00 AM"
"12222","12524","7/5/2011 12:00:00 AM"
"12223","4828","12/21/2013 12:00:00 AM"
"12224","17079","8/7/2013 12:00:00 AM"
"12225","11718","9/20/2013 12:00:00 AM"
"12226","10235","5/5/2014 12:00:00 AM"
"12227","6934","3/7/2014 12:00:00 AM"
"12228","5447","5/3/2014 12:00:00 AM"
"12229","8202","1/14/2013 12:00:00 AM"
"12230","9366","8/21/2011 12:00:00 AM"
"12231","8755","2/11/2014 12:00:00 AM"
"12232","16255","7/4/2013 12:00:00 AM"
"12233","6479","7/3/2013 12:00:00 AM"
"12234","19000","2/18/2014 12:00:00 AM"
"12235","3674","8/17/2012 12:00:00 AM"
"12236","7531","8/19/2013 12:00:00 AM"
"12237","7130","12/10/2011 12:00:00 AM"
"12238","18350","1/13/2014 12:00:00 AM"
"12239","853","8/10/2013 12:00:00 AM"
"12240","7934","11/11/2012 12:00:00 AM"
"12241","16690","3/31/2014 12:00:00 AM"
"12242","8108","3/28/2014 12:00:00 AM"
"12243","7951","6/9/2013 12:00:00 AM"
"12244","9774","3/19/2012 12:00:00 AM"
"12245","15071","1/18/2014 12:00:00 AM"
"12246","12561","9/28/2013 12:00:00 AM"
"12247","16892","9/22/2012 12:00:00 AM"
"12248","16222","10/29/2012 12:00:00 AM"
"12249","14237","12/6/2012 12:00:00 AM"
"12250","3671","11/29/2012 12:00:00 AM"
"12251","7435","2/5/2014 12:00:00 AM"
"12252","1871","2/7/2014 12:00:00 AM"
"12253","14288","7/22/2013 12:00:00 AM"
"12254","199","11/10/2013 12:00:00 AM"
"12255","15635","10/14/2013 12:00:00 AM"
"12256","12534","5/15/2013 12:00:00 AM"
"12257","2522","7/9/2013 12:00:00 AM"
"12258","2254","7/13/2013 12:00:00 AM"
"12259","2235","5/26/2013 12:00:00 AM"
"12260","18061","7/16/2012 12:00:00 AM"
"12261","17055","1/27/2014 12:00:00 AM"
"12262","17591","5/5/2014 12:00:00 AM"
"12263","2110","11/15/2013 12:00:00 AM"
"12264","4495","5/28/2013 12:00:00 AM"
"12265","15199","8/10/2013 12:00:00 AM"
"12266","8433","1/7/2014 12:00:00 AM"
"12267","10611","8/19/2013 12:00:00 AM"
"12268","6014","12/30/2013 12:00:00 AM"
"12269","3313","6/21/2014 12:00:00 AM"
"12270","17040","5/1/2014 12:00:00 AM"
"12271","16589","7/23/2012 12:00:00 AM"
"12272","11095","6/6/2014 12:00:00 AM"
"12273","11719","3/26/2014 12:00:00 AM"
"12274","7371","1/5/2014 12:00:00 AM"
"12275","8432","12/19/2013 12:00:00 AM"
"12276","8078","8/1/2013 12:00:00 AM"
"12277","14893","8/20/2013 12:00:00 AM"
"12278","13370","4/28/2014 12:00:00 AM"
"12279","10857","11/30/2013 12:00:00 AM"
"12280","17499","7/25/2012 12:00:00 AM"
"12281","11804","11/8/2013 12:00:00 AM"
"12282","4664","5/12/2014 12:00:00 AM"
"12283","14365","5/27/2013 12:00:00 AM"
"12284","14942","8/26/2013 12:00:00 AM"
"12285","17221","4/8/2014 12:00:00 AM"
"12286","18933","7/24/2013 12:00:00 AM"
"12287","1569","10/28/2013 12:00:00 AM"
"12288","16216","1/2/2014 12:00:00 AM"
"12289","7774","3/8/2014 12:00:00 AM"
"12290","12024","3/19/2012 12:00:00 AM"
"12291","3967","11/27/2013 12:00:00 AM"
"12292","16344","11/8/2012 12:00:00 AM"
"12293","16324","4/29/2013 12:00:00 AM"
"12294","6780","11/17/2013 12:00:00 AM"
"12295","17350","2/18/2012 12:00:00 AM"
"12296","7546","2/10/2014 12:00:00 AM"
"12297","17330","5/15/2012 12:00:00 AM"
"12298","18132","10/13/2011 12:00:00 AM"
"12299","9670","8/7/2013 12:00:00 AM"
"12300","9320","10/15/2013 12:00:00 AM"
"12301","5985","7/13/2013 12:00:00 AM"
"12302","433","4/25/2014 12:00:00 AM"
"12303","14621","7/12/2012 12:00:00 AM"
"12304","9969","11/12/2012 12:00:00 AM"
"12305","7915","2/23/2014 12:00:00 AM"
"12306","3610","7/13/2012 12:00:00 AM"
"12307","13203","8/25/2013 12:00:00 AM"
"12308","12892","4/10/2014 12:00:00 AM"
"12309","2936","12/17/2013 12:00:00 AM"
"12310","16277","8/19/2013 12:00:00 AM"
"12311","18564","11/28/2013 12:00:00 AM"
"12312","14013","3/7/2013 12:00:00 AM"
"12313","7017","9/3/2013 12:00:00 AM"
"12314","19080","5/18/2014 12:00:00 AM"
"12315","17489","3/3/2014 12:00:00 AM"
"12316","7500","4/14/2014 12:00:00 AM"
"12317","7796","5/3/2012 12:00:00 AM"
"12318","14561","4/16/2014 12:00:00 AM"
"12319","3147","10/12/2013 12:00:00 AM"
"12320","2031","6/13/2014 12:00:00 AM"
"12321","3647","8/5/2013 12:00:00 AM"
"12322","1633","1/19/2014 12:00:00 AM"
"12323","5801","1/12/2014 12:00:00 AM"
"12324","9270","3/29/2013 12:00:00 AM"
"12325","5225","3/5/2014 12:00:00 AM"
"12326","13802","7/28/2013 12:00:00 AM"
"12327","7664","12/7/2013 12:00:00 AM"
"12328","7592","1/3/2014 12:00:00 AM"
"12329","5123","7/4/2013 12:00:00 AM"
"12330","17209","5/2/2014 12:00:00 AM"
"12331","12062","9/13/2013 12:00:00 AM"
"12332","19208","11/19/2013 12:00:00 AM"
"12333","10631","7/11/2012 12:00:00 AM"
"12334","12160","12/11/2011 12:00:00 AM"
"12335","13222","7/8/2011 12:00:00 AM"
"12336","18367","4/2/2014 12:00:00 AM"
"12337","4413","7/3/2013 12:00:00 AM"
"12338","2862","4/23/2014 12:00:00 AM"
"12339","7824","9/10/2012 12:00:00 AM"
"12340","13201","3/24/2014 12:00:00 AM"
"12341","6341","12/11/2013 12:00:00 AM"
"12342","16029","2/14/2014 12:00:00 AM"
"12343","354","12/3/2013 12:00:00 AM"
"12344","4359","3/8/2014 12:00:00 AM"
"12345","1867","8/9/2012 12:00:00 AM"
"12346","5435","1/19/2013 12:00:00 AM"
"12347","7127","8/11/2013 12:00:00 AM"
"12348","11176","8/7/2013 12:00:00 AM"
"12349","10812","6/11/2014 12:00:00 AM"
"12350","7191","11/22/2013 12:00:00 AM"
"12351","18360","2/15/2014 12:00:00 AM"
"12352","7332","1/28/2013 12:00:00 AM"
"12353","4278","7/12/2013 12:00:00 AM"
"12354","10409","1/12/2013 12:00:00 AM"
"12355","11556","3/7/2013 12:00:00 AM"
"12356","8978","10/28/2013 12:00:00 AM"
"12357","15176","5/14/2014 12:00:00 AM"
"12358","6543","1/20/2014 12:00:00 AM"
"12359","9364","9/13/2011 12:00:00 AM"
"12360","12287","1/1/2013 12:00:00 AM"
"12361","7857","12/2/2013 12:00:00 AM"
"12362","17827","6/26/2014 12:00:00 AM"
"12363","3390","1/20/2014 12:00:00 AM"
"12364","10104","4/23/2014 12:00:00 AM"
"12365","6033","12/13/2011 12:00:00 AM"
"12366","4591","1/3/2014 12:00:00 AM"
"12367","12248","12/31/2013 12:00:00 AM"
"12368","152","7/12/2013 12:00:00 AM"
"12369","13363","11/8/2013 12:00:00 AM"
"12370","6167","9/7/2011 12:00:00 AM"
"12371","6651","12/22/2011 12:00:00 AM"
"12372","10591","1/27/2014 12:00:00 AM"
"12373","15181","1/21/2014 12:00:00 AM"
"12374","13241","8/2/2013 12:00:00 AM"
"12375","13773","5/28/2012 12:00:00 AM"
"12376","6421","6/19/2014 12:00:00 AM"
"12377","2501","9/18/2013 12:00:00 AM"
"12378","6444","5/10/2014 12:00:00 AM"
"12379","8469","10/23/2013 12:00:00 AM"
"12380","10387","7/18/2013 12:00:00 AM"
"12381","1066","12/23/2013 12:00:00 AM"
"12382","2909","1/9/2014 12:00:00 AM"
"12383","16203","1/23/2014 12:00:00 AM"
"12384","10656","3/6/2013 12:00:00 AM"
"12385","15775","5/9/2013 12:00:00 AM"
"12386","6041","9/26/2012 12:00:00 AM"
"12387","11376","9/24/2013 12:00:00 AM"
"12388","18314","12/24/2011 12:00:00 AM"
"12389","18062","10/3/2013 12:00:00 AM"
"12390","3769","6/19/2014 12:00:00 AM"
"12391","7444","4/25/2013 12:00:00 AM"
"12392","9929","7/19/2011 12:00:00 AM"
"12393","1618","4/25/2013 12:00:00 AM"
"12394","3339","8/31/2011 12:00:00 AM"
"12395","6582","4/6/2013 12:00:00 AM"
"12396","2771","2/12/2012 12:00:00 AM"
"12397","8118","7/7/2013 12:00:00 AM"
"12398","14420","9/10/2013 12:00:00 AM"
"12399","3415","11/22/2013 12:00:00 AM"
"12400","11564","8/16/2013 12:00:00 AM"
"12401","4159","4/1/2012 12:00:00 AM"
"12402","11563","3/16/2014 12:00:00 AM"
"12403","4494","8/22/2013 12:00:00 AM"
"12404","4987","2/25/2014 12:00:00 AM"
"12405","4763","5/4/2013 12:00:00 AM"
"12406","18720","12/6/2011 12:00:00 AM"
"12407","16234","9/16/2012 12:00:00 AM"
"12408","16816","3/5/2013 12:00:00 AM"
"12409","9681","4/26/2014 12:00:00 AM"
"12410","7711","1/8/2014 12:00:00 AM"
"12411","3569","3/31/2014 12:00:00 AM"
"12412","9515","3/27/2014 12:00:00 AM"
"12413","12387","5/18/2014 12:00:00 AM"
"12414","15248","8/2/2013 12:00:00 AM"
"12415","17913","2/26/2014 12:00:00 AM"
"12416","15106","9/29/2011 12:00:00 AM"
"12417","17860","12/31/2013 12:00:00 AM"
"12418","5664","3/16/2013 12:00:00 AM"
"12419","14214","4/9/2014 12:00:00 AM"
"12420","9550","5/30/2012 12:00:00 AM"
"12421","9090","4/2/2014 12:00:00 AM"
"12422","4070","12/12/2012 12:00:00 AM"
"12423","703","11/21/2012 12:00:00 AM"
"12424","11146","8/11/2013 12:00:00 AM"
"12425","10400","5/26/2012 12:00:00 AM"
"12426","4352","2/1/2014 12:00:00 AM"
"12427","6153","12/18/2013 12:00:00 AM"
"12428","14683","7/7/2013 12:00:00 AM"
"12429","17125","2/26/2012 12:00:00 AM"
"12430","10090","3/3/2014 12:00:00 AM"
"12431","4696","9/27/2013 12:00:00 AM"
"12432","12469","8/28/2013 12:00:00 AM"
"12433","4627","1/30/2014 12:00:00 AM"
"12434","6886","5/18/2012 12:00:00 AM"
"12435","16614","8/15/2013 12:00:00 AM"
"12436","19005","12/20/2013 12:00:00 AM"
"12437","2164","3/2/2012 12:00:00 AM"
"12438","5807","8/7/2013 12:00:00 AM"
"12439","16398","3/19/2014 12:00:00 AM"
"12440","8807","5/19/2014 12:00:00 AM"
"12441","12794","3/16/2014 12:00:00 AM"
"12442","3577","9/22/2013 12:00:00 AM"
"12443","8576","1/4/2014 12:00:00 AM"
"12444","8336","11/17/2011 12:00:00 AM"
"12445","8722","8/29/2013 12:00:00 AM"
"12446","11314","6/15/2011 12:00:00 AM"
"12447","11789","9/6/2013 12:00:00 AM"
"12448","9262","8/18/2013 12:00:00 AM"
"12449","12257","2/24/2014 12:00:00 AM"
"12450","840","5/6/2013 12:00:00 AM"
"12451","11047","1/4/2014 12:00:00 AM"
"12452","18975","7/27/2013 12:00:00 AM"
"12453","5741","10/1/2013 12:00:00 AM"
"12454","14974","10/20/2013 12:00:00 AM"
"12455","16316","3/2/2014 12:00:00 AM"
"12456","6802","9/10/2013 12:00:00 AM"
"12457","9880","10/23/2013 12:00:00 AM"
"12458","16515","5/6/2014 12:00:00 AM"
"12459","11898","11/4/2013 12:00:00 AM"
"12460","3275","8/6/2013 12:00:00 AM"
"12461","14084","3/21/2014 12:00:00 AM"
"12462","11690","11/19/2013 12:00:00 AM"
"12463","6900","9/20/2013 12:00:00 AM"
"12464","8363","5/30/2014 12:00:00 AM"
"12465","3550","1/18/2014 12:00:00 AM"
"12466","18334","4/5/2014 12:00:00 AM"
"12467","6938","8/2/2011 12:00:00 AM"
"12468","10943","12/2/2011 12:00:00 AM"
"12469","1507","4/3/2014 12:00:00 AM"
"12470","5013","5/2/2014 12:00:00 AM"
"12471","8600","11/4/2011 12:00:00 AM"
"12472","10934","1/11/2012 12:00:00 AM"
"12473","6332","4/4/2012 12:00:00 AM"
"12474","14475","8/2/2013 12:00:00 AM"
"12475","15134","3/18/2012 12:00:00 AM"
"12476","19209","10/23/2013 12:00:00 AM"
"12477","102","12/5/2013 12:00:00 AM"
"12478","13688","12/22/2011 12:00:00 AM"
"12479","11776","4/18/2014 12:00:00 AM"
"12480","6558","5/5/2014 12:00:00 AM"
"12481","15260","12/1/2013 12:00:00 AM"
"12482","1356","5/20/2012 12:00:00 AM"
"12483","2328","2/28/2012 12:00:00 AM"
"12484","19041","7/25/2012 12:00:00 AM"
"12485","10028","2/2/2014 12:00:00 AM"
"12486","2646","9/20/2013 12:00:00 AM"
"12487","7063","3/7/2013 12:00:00 AM"
"12488","14465","4/3/2013 12:00:00 AM"
"12489","14714","2/23/2014 12:00:00 AM"
"12490","6473","3/1/2014 12:00:00 AM"
"12491","16804","2/26/2014 12:00:00 AM"
"12492","4148","9/10/2013 12:00:00 AM"
"12493","914","10/31/2012 12:00:00 AM"
"12494","10740","10/22/2013 12:00:00 AM"
"12495","12758","12/15/2013 12:00:00 AM"
"12496","11808","7/29/2012 12:00:00 AM"
"12497","15550","11/16/2013 12:00:00 AM"
"12498","14704","3/4/2014 12:00:00 AM"
"12499","9651","1/13/2014 12:00:00 AM"
"12500","681","12/9/2013 12:00:00 AM"
"12501","6831","8/2/2013 12:00:00 AM"
"12502","13400","1/10/2013 12:00:00 AM"
"12503","18952","5/31/2014 12:00:00 AM"
"12504","13747","8/22/2012 12:00:00 AM"
"12505","11506","3/2/2014 12:00:00 AM"
"12506","10971","5/12/2014 12:00:00 AM"
"12507","12054","3/10/2013 12:00:00 AM"
"12508","89","4/18/2013 12:00:00 AM"
"12509","529","8/22/2011 12:00:00 AM"
"12510","5494","6/15/2012 12:00:00 AM"
"12511","2227","8/23/2013 12:00:00 AM"
"12512","14119","10/23/2012 12:00:00 AM"
"12513","12159","10/19/2013 12:00:00 AM"
"12514","5827","6/17/2014 12:00:00 AM"
"12515","18748","1/24/2013 12:00:00 AM"
"12516","16307","4/29/2013 12:00:00 AM"
"12517","5002","3/3/2014 12:00:00 AM"
"12518","8899","11/26/2012 12:00:00 AM"
"12519","712","11/26/2013 12:00:00 AM"
"12520","17587","2/28/2013 12:00:00 AM"
"12521","15913","9/11/2013 12:00:00 AM"
"12522","11353","7/19/2011 12:00:00 AM"
"12523","17328","3/4/2014 12:00:00 AM"
"12524","18664","3/30/2014 12:00:00 AM"
"12525","15270","12/3/2013 12:00:00 AM"
"12526","14162","7/10/2013 12:00:00 AM"
"12527","11288","12/26/2013 12:00:00 AM"
"12528","943","10/11/2013 12:00:00 AM"
"12529","13119","7/23/2013 12:00:00 AM"
"12530","3731","11/9/2013 12:00:00 AM"
"12531","19179","10/5/2013 12:00:00 AM"
"12532","16322","10/30/2012 12:00:00 AM"
"12533","17509","11/19/2013 12:00:00 AM"
"12534","9532","12/13/2013 12:00:00 AM"
"12535","629","3/26/2014 12:00:00 AM"
"12536","10031","3/23/2014 12:00:00 AM"
"12537","11882","1/9/2013 12:00:00 AM"
"12538","16399","3/10/2014 12:00:00 AM"
"12539","5457","10/9/2012 12:00:00 AM"
"12540","1839","8/21/2013 12:00:00 AM"
"12541","4488","10/21/2013 12:00:00 AM"
"12542","8631","9/1/2013 12:00:00 AM"
"12543","5676","8/20/2013 12:00:00 AM"
"12544","11343","10/6/2012 12:00:00 AM"
"12545","8626","3/29/2014 12:00:00 AM"
"12546","7947","9/11/2012 12:00:00 AM"
"12547","8773","4/6/2014 12:00:00 AM"
"12548","5081","3/5/2014 12:00:00 AM"
"12549","17680","7/4/2013 12:00:00 AM"
"12550","97","5/2/2014 12:00:00 AM"
"12551","3467","11/24/2013 12:00:00 AM"
"12552","8868","8/25/2013 12:00:00 AM"
"12553","6329","12/30/2013 12:00:00 AM"
"12554","5903","9/15/2013 12:00:00 AM"
"12555","13992","3/23/2014 12:00:00 AM"
"12556","18399","3/13/2014 12:00:00 AM"
"12557","16007","10/7/2011 12:00:00 AM"
"12558","501","12/24/2013 12:00:00 AM"
"12559","9001","9/6/2013 12:00:00 AM"
"12560","1511","8/9/2013 12:00:00 AM"
"12561","8675","2/15/2014 12:00:00 AM"
"12562","6049","3/12/2014 12:00:00 AM"
"12563","3168","12/22/2011 12:00:00 AM"
"12564","16935","9/22/2012 12:00:00 AM"
"12565","10882","6/8/2011 12:00:00 AM"
"12566","6270","12/22/2013 12:00:00 AM"
"12567","9189","1/1/2013 12:00:00 AM"
"12568","9106","5/27/2014 12:00:00 AM"
"12569","5475","7/24/2013 12:00:00 AM"
"12570","7310","2/18/2013 12:00:00 AM"
"12571","11350","1/2/2013 12:00:00 AM"
"12572","5590","2/23/2013 12:00:00 AM"
"12573","14944","12/20/2013 12:00:00 AM"
"12574","11194","9/5/2012 12:00:00 AM"
"12575","10862","4/9/2013 12:00:00 AM"
"12576","15941","3/23/2013 12:00:00 AM"
"12577","7986","4/1/2013 12:00:00 AM"
"12578","8629","8/12/2013 12:00:00 AM"
"12579","185","3/4/2014 12:00:00 AM"
"12580","276","11/21/2013 12:00:00 AM"
"12581","16584","1/27/2014 12:00:00 AM"
"12582","16759","12/26/2011 12:00:00 AM"
"12583","10260","9/14/2013 12:00:00 AM"
"12584","4344","10/24/2012 12:00:00 AM"
"12585","8361","5/2/2014 12:00:00 AM"
"12586","13750","5/13/2013 12:00:00 AM"
"12587","16934","6/18/2011 12:00:00 AM"
"12588","5395","4/11/2013 12:00:00 AM"
"12589","754","1/15/2014 12:00:00 AM"
"12590","16923","11/18/2013 12:00:00 AM"
"12591","2572","8/3/2013 12:00:00 AM"
"12592","5076","10/29/2013 12:00:00 AM"
"12593","18533","10/14/2013 12:00:00 AM"
"12594","11509","10/31/2013 12:00:00 AM"
"12595","12699","11/24/2013 12:00:00 AM"
"12596","4550","10/2/2013 12:00:00 AM"
"12597","5678","3/10/2012 12:00:00 AM"
"12598","4927","11/2/2011 12:00:00 AM"
"12599","10240","4/17/2012 12:00:00 AM"
"12600","441","11/14/2012 12:00:00 AM"
"12601","15411","1/5/2012 12:00:00 AM"
"12602","16496","7/6/2013 12:00:00 AM"
"12603","8601","12/25/2013 12:00:00 AM"
"12604","15750","2/10/2014 12:00:00 AM"
"12605","19081","10/17/2013 12:00:00 AM"
"12606","2291","5/14/2014 12:00:00 AM"
"12607","17026","11/7/2013 12:00:00 AM"
"12608","1998","3/20/2014 12:00:00 AM"
"12609","1769","3/5/2014 12:00:00 AM"
"12610","6385","5/31/2014 12:00:00 AM"
"12611","9018","12/10/2013 12:00:00 AM"
"12612","11018","4/15/2014 12:00:00 AM"
"12613","5593","6/28/2014 12:00:00 AM"
"12614","8754","3/12/2014 12:00:00 AM"
"12615","14165","3/3/2014 12:00:00 AM"
"12616","2536","5/22/2014 12:00:00 AM"
"12617","16931","3/3/2014 12:00:00 AM"
"12618","13995","4/15/2012 12:00:00 AM"
"12619","2918","12/7/2013 12:00:00 AM"
"12620","3421","5/19/2012 12:00:00 AM"
"12621","1251","10/9/2012 12:00:00 AM"
"12622","5264","9/28/2013 12:00:00 AM"
"12623","16762","7/25/2013 12:00:00 AM"
"12624","12608","9/29/2013 12:00:00 AM"
"12625","1585","11/4/2013 12:00:00 AM"
"12626","17795","8/16/2011 12:00:00 AM"
"12627","14770","2/12/2014 12:00:00 AM"
"12628","8174","5/29/2014 12:00:00 AM"
"12629","12612","2/21/2014 12:00:00 AM"
"12630","9776","9/18/2013 12:00:00 AM"
"12631","7637","9/21/2013 12:00:00 AM"
"12632","15978","12/27/2013 12:00:00 AM"
"12633","1467","12/7/2013 12:00:00 AM"
"12634","818","2/13/2014 12:00:00 AM"
"12635","16184","12/22/2012 12:00:00 AM"
"12636","16323","4/3/2012 12:00:00 AM"
"12637","11770","7/3/2013 12:00:00 AM"
"12638","18476","11/27/2013 12:00:00 AM"
"12639","7295","8/22/2011 12:00:00 AM"
"12640","2066","1/7/2013 12:00:00 AM"
"12641","6455","7/15/2013 12:00:00 AM"
"12642","4057","12/5/2013 12:00:00 AM"
"12643","12392","5/29/2012 12:00:00 AM"
"12644","5180","4/25/2014 12:00:00 AM"
"12645","12649","11/5/2013 12:00:00 AM"
"12646","266","6/14/2012 12:00:00 AM"
"12647","4919","2/19/2014 12:00:00 AM"
"12648","11177","3/25/2014 12:00:00 AM"
"12649","1008","11/10/2013 12:00:00 AM"
"12650","14404","1/20/2014 12:00:00 AM"
"12651","16882","3/25/2012 12:00:00 AM"
"12652","6877","5/17/2013 12:00:00 AM"
"12653","14994","4/16/2014 12:00:00 AM"
"12654","3616","8/24/2012 12:00:00 AM"
"12655","5201","12/21/2011 12:00:00 AM"
"12656","13275","8/19/2012 12:00:00 AM"
"12657","12454","1/18/2014 12:00:00 AM"
"12658","11648","9/30/2013 12:00:00 AM"
"12659","8183","2/3/2012 12:00:00 AM"
"12660","561","12/24/2011 12:00:00 AM"
"12661","1070","7/26/2013 12:00:00 AM"
"12662","16085","3/30/2012 12:00:00 AM"
"12663","18176","11/8/2011 12:00:00 AM"
"12664","234","9/29/2013 12:00:00 AM"
"12665","15489","7/17/2013 12:00:00 AM"
"12666","8093","5/24/2014 12:00:00 AM"
"12667","11644","6/21/2014 12:00:00 AM"
"12668","12377","12/30/2013 12:00:00 AM"
"12669","18053","12/31/2013 12:00:00 AM"
"12670","6478","12/2/2013 12:00:00 AM"
"12671","14703","3/5/2014 12:00:00 AM"
"12672","10533","12/26/2012 12:00:00 AM"
"12673","10718","5/1/2014 12:00:00 AM"
"12674","15279","10/9/2013 12:00:00 AM"
"12675","2511","2/14/2013 12:00:00 AM"
"12676","2723","6/14/2014 12:00:00 AM"
"12677","5166","11/21/2013 12:00:00 AM"
"12678","16697","2/28/2014 12:00:00 AM"
"12679","10030","11/13/2012 12:00:00 AM"
"12680","12832","12/25/2012 12:00:00 AM"
"12681","17931","5/26/2012 12:00:00 AM"
"12682","1950","10/31/2013 12:00:00 AM"
"12683","12109","4/6/2014 12:00:00 AM"
"12684","3877","4/1/2014 12:00:00 AM"
"12685","4130","8/30/2013 12:00:00 AM"
"12686","9520","5/11/2012 12:00:00 AM"
"12687","15903","11/15/2013 12:00:00 AM"
"12688","5449","8/10/2013 12:00:00 AM"
"12689","12557","10/8/2013 12:00:00 AM"
"12690","10793","10/19/2012 12:00:00 AM"
"12691","5512","2/4/2013 12:00:00 AM"
"12692","6648","11/26/2012 12:00:00 AM"
"12693","15040","5/26/2014 12:00:00 AM"
"12694","2799","5/7/2014 12:00:00 AM"
"12695","13441","2/10/2014 12:00:00 AM"
"12696","11643","1/27/2014 12:00:00 AM"
"12697","8691","8/23/2013 12:00:00 AM"
"12698","2750","5/6/2014 12:00:00 AM"
"12699","6870","4/3/2014 12:00:00 AM"
"12700","3609","3/16/2014 12:00:00 AM"
"12701","18691","7/10/2013 12:00:00 AM"
"12702","7076","7/30/2013 12:00:00 AM"
"12703","2826","7/30/2013 12:00:00 AM"
"12704","442","1/1/2013 12:00:00 AM"
"12705","18905","8/25/2013 12:00:00 AM"
"12706","2500","4/10/2014 12:00:00 AM"
"12707","14315","11/22/2013 12:00:00 AM"
"12708","10661","12/30/2011 12:00:00 AM"
"12709","12682","11/6/2012 12:00:00 AM"
"12710","1543","2/11/2014 12:00:00 AM"
"12711","7047","5/20/2014 12:00:00 AM"
"12712","11398","11/2/2011 12:00:00 AM"
"12713","12129","5/16/2014 12:00:00 AM"
"12714","7689","5/7/2013 12:00:00 AM"
"12715","14614","6/14/2011 12:00:00 AM"
"12716","7054","1/1/2014 12:00:00 AM"
"12717","2683","10/14/2013 12:00:00 AM"
"12718","17115","9/19/2013 12:00:00 AM"
"12719","6851","8/16/2013 12:00:00 AM"
"12720","6390","8/10/2013 12:00:00 AM"
"12721","10561","9/11/2013 12:00:00 AM"
"12722","10148","11/8/2013 12:00:00 AM"
"12723","8974","1/26/2012 12:00:00 AM"
"12724","14888","2/7/2014 12:00:00 AM"
"12725","8574","10/16/2013 12:00:00 AM"
"12726","9172","7/24/2013 12:00:00 AM"
"12727","11706","8/12/2013 12:00:00 AM"
"12728","18509","9/3/2013 12:00:00 AM"
"12729","5526","10/20/2013 12:00:00 AM"
"12730","1073","2/9/2014 12:00:00 AM"
"12731","14940","1/11/2014 12:00:00 AM"
"12732","13436","2/27/2014 12:00:00 AM"
"12733","14460","4/25/2012 12:00:00 AM"
"12734","14359","2/4/2014 12:00:00 AM"
"12735","9844","6/25/2012 12:00:00 AM"
"12736","9493","11/4/2012 12:00:00 AM"
"12737","6140","9/25/2013 12:00:00 AM"
"12738","1038","7/20/2013 12:00:00 AM"
"12739","16645","9/4/2013 12:00:00 AM"
"12740","7473","7/15/2012 12:00:00 AM"
"12741","1964","5/19/2014 12:00:00 AM"
"12742","14400","10/5/2013 12:00:00 AM"
"12743","10851","7/20/2012 12:00:00 AM"
"12744","7487","1/29/2014 12:00:00 AM"
"12745","9494","9/22/2013 12:00:00 AM"
"12746","17011","12/9/2013 12:00:00 AM"
"12747","8454","8/21/2013 12:00:00 AM"
"12748","3566","5/12/2013 12:00:00 AM"
"12749","2864","5/10/2014 12:00:00 AM"
"12750","6857","11/23/2013 12:00:00 AM"
"12751","16105","7/15/2011 12:00:00 AM"
"12752","14170","9/1/2013 12:00:00 AM"
"12753","16167","5/14/2014 12:00:00 AM"
"12754","18626","9/26/2011 12:00:00 AM"
"12755","8250","9/9/2013 12:00:00 AM"
"12756","17290","10/14/2013 12:00:00 AM"
"12757","16597","1/3/2013 12:00:00 AM"
"12758","11598","8/29/2013 12:00:00 AM"
"12759","8777","10/2/2012 12:00:00 AM"
"12760","15230","4/20/2013 12:00:00 AM"
"12761","3957","8/21/2011 12:00:00 AM"
"12762","4877","2/1/2013 12:00:00 AM"
"12763","7514","2/7/2014 12:00:00 AM"
"12764","18989","11/25/2013 12:00:00 AM"
"12765","9782","12/21/2013 12:00:00 AM"
"12766","18950","7/3/2013 12:00:00 AM"
"12767","2107","1/18/2014 12:00:00 AM"
"12768","18559","3/23/2013 12:00:00 AM"
"12769","5411","10/19/2013 12:00:00 AM"
"12770","7324","4/11/2014 12:00:00 AM"
"12771","16610","2/26/2013 12:00:00 AM"
"12772","13934","11/7/2011 12:00:00 AM"
"12773","10749","3/1/2014 12:00:00 AM"
"12774","7691","1/16/2014 12:00:00 AM"
"12775","4619","8/30/2011 12:00:00 AM"
"12776","14267","4/1/2013 12:00:00 AM"
"12777","14807","6/7/2014 12:00:00 AM"
"12778","8359","4/26/2014 12:00:00 AM"
"12779","14782","9/16/2013 12:00:00 AM"
"12780","5607","2/3/2014 12:00:00 AM"
"12781","8283","11/5/2013 12:00:00 AM"
"12782","16867","5/9/2014 12:00:00 AM"
"12783","963","3/7/2014 12:00:00 AM"
"12784","11088","5/20/2014 12:00:00 AM"
"12785","10503","8/20/2013 12:00:00 AM"
"12786","18105","10/28/2013 12:00:00 AM"
"12787","7401","11/20/2013 12:00:00 AM"
"12788","18706","5/7/2014 12:00:00 AM"
"12789","13028","4/17/2013 12:00:00 AM"
"12790","4475","8/14/2013 12:00:00 AM"
"12791","10327","1/22/2014 12:00:00 AM"
"12792","5432","9/6/2013 12:00:00 AM"
"12793","15878","9/16/2013 12:00:00 AM"
"12794","13111","3/15/2013 12:00:00 AM"
"12795","4388","6/11/2014 12:00:00 AM"
"12796","627","4/26/2013 12:00:00 AM"
"12797","6213","6/3/2011 12:00:00 AM"
"12798","8069","4/16/2012 12:00:00 AM"
"12799","9069","7/31/2013 12:00:00 AM"
"12800","10647","8/17/2013 12:00:00 AM"
"12801","2574","6/21/2011 12:00:00 AM"
"12802","460","11/11/2013 12:00:00 AM"
"12803","16392","7/3/2013 12:00:00 AM"
"12804","16335","1/8/2014 12:00:00 AM"
"12805","12884","1/11/2014 12:00:00 AM"
"12806","8339","11/12/2012 12:00:00 AM"
"12807","13690","10/4/2013 12:00:00 AM"
"12808","7464","11/2/2013 12:00:00 AM"
"12809","5095","12/13/2013 12:00:00 AM"
"12810","15543","5/11/2014 12:00:00 AM"
"12811","14721","2/19/2014 12:00:00 AM"
"12812","3909","8/16/2012 12:00:00 AM"
"12813","3119","12/28/2013 12:00:00 AM"
"12814","2246","4/23/2013 12:00:00 AM"
"12815","16258","1/3/2013 12:00:00 AM"
"12816","7554","11/12/2013 12:00:00 AM"
"12817","1725","5/13/2014 12:00:00 AM"
"12818","17166","10/8/2013 12:00:00 AM"
"12819","13426","8/1/2013 12:00:00 AM"
"12820","5284","7/11/2011 12:00:00 AM"
"12821","13555","8/31/2012 12:00:00 AM"
"12822","14314","8/16/2013 12:00:00 AM"
"12823","11427","12/25/2013 12:00:00 AM"
"12824","1480","10/7/2013 12:00:00 AM"
"12825","5737","8/10/2013 12:00:00 AM"
"12826","16146","2/15/2014 12:00:00 AM"
"12827","14734","2/26/2014 12:00:00 AM"
"12828","5856","3/29/2013 12:00:00 AM"
"12829","6351","5/3/2014 12:00:00 AM"
"12830","340","8/4/2013 12:00:00 AM"
"12831","10742","5/19/2014 12:00:00 AM"
"12832","14959","5/5/2014 12:00:00 AM"
"12833","16041","6/4/2012 12:00:00 AM"
"12834","12799","7/4/2013 12:00:00 AM"
"12835","3386","5/25/2012 12:00:00 AM"
"12836","11308","6/15/2014 12:00:00 AM"
"12837","2598","3/14/2012 12:00:00 AM"
"12838","1401","8/12/2012 12:00:00 AM"
"12839","18620","11/27/2013 12:00:00 AM"
"12840","10747","7/4/2013 12:00:00 AM"
"12841","13127","5/4/2012 12:00:00 AM"
"12842","3320","1/18/2014 12:00:00 AM"
"12843","6104","9/24/2013 12:00:00 AM"
"12844","8909","7/10/2013 12:00:00 AM"
"12845","3854","2/15/2012 12:00:00 AM"
"12846","3295","1/7/2012 12:00:00 AM"
"12847","2348","5/18/2014 12:00:00 AM"
"12848","1907","2/19/2012 12:00:00 AM"
"12849","7109","3/21/2014 12:00:00 AM"
"12850","2086","6/14/2012 12:00:00 AM"
"12851","10853","10/25/2013 12:00:00 AM"
"12852","3784","5/1/2014 12:00:00 AM"
"12853","5377","7/15/2013 12:00:00 AM"
"12854","15095","5/23/2012 12:00:00 AM"
"12855","2212","10/20/2013 12:00:00 AM"
"12856","9940","8/12/2013 12:00:00 AM"
"12857","18709","8/11/2013 12:00:00 AM"
"12858","16438","7/3/2013 12:00:00 AM"
"12859","8441","2/1/2013 12:00:00 AM"
"12860","11740","9/20/2013 12:00:00 AM"
"12861","10303","5/21/2012 12:00:00 AM"
"12862","19219","11/10/2013 12:00:00 AM"
"12863","877","4/13/2012 12:00:00 AM"
"12864","13811","3/7/2014 12:00:00 AM"
"12865","14686","4/17/2014 12:00:00 AM"
"12866","12737","8/22/2013 12:00:00 AM"
"12867","11035","9/4/2013 12:00:00 AM"
"12868","9709","1/11/2014 12:00:00 AM"
"12869","1085","6/26/2011 12:00:00 AM"
"12870","19230","1/26/2014 12:00:00 AM"
"12871","14611","12/10/2012 12:00:00 AM"
"12872","14796","11/19/2013 12:00:00 AM"
"12873","8375","2/4/2013 12:00:00 AM"
"12874","16679","2/25/2014 12:00:00 AM"
"12875","4229","3/16/2014 12:00:00 AM"
"12876","5187","9/24/2013 12:00:00 AM"
"12877","7920","9/9/2012 12:00:00 AM"
"12878","13737","6/29/2014 12:00:00 AM"
"12879","2949","12/7/2013 12:00:00 AM"
"12880","13143","6/21/2011 12:00:00 AM"
"12881","13479","9/20/2013 12:00:00 AM"
"12882","9848","11/10/2013 12:00:00 AM"
"12883","17872","10/27/2013 12:00:00 AM"
"12884","4223","12/9/2013 12:00:00 AM"
"12885","4876","9/2/2013 12:00:00 AM"
"12886","5859","10/30/2013 12:00:00 AM"
"12887","6013","12/14/2013 12:00:00 AM"
"12888","1801","11/16/2013 12:00:00 AM"
"12889","4840","1/12/2013 12:00:00 AM"
"12890","11439","11/11/2013 12:00:00 AM"
"12891","6481","2/16/2014 12:00:00 AM"
"12892","10130","4/3/2014 12:00:00 AM"
"12893","4328","8/22/2013 12:00:00 AM"
"12894","16561","5/8/2014 12:00:00 AM"
"12895","10288","1/30/2014 12:00:00 AM"
"12896","4425","2/15/2012 12:00:00 AM"
"12897","9767","10/16/2013 12:00:00 AM"
"12898","16327","4/19/2012 12:00:00 AM"
"12899","18752","7/24/2013 12:00:00 AM"
"12900","13100","10/11/2013 12:00:00 AM"
"12901","9665","8/16/2013 12:00:00 AM"
"12902","11570","2/12/2012 12:00:00 AM"
"12903","11800","11/1/2011 12:00:00 AM"
"12904","8739","9/21/2012 12:00:00 AM"
"12905","10251","8/27/2011 12:00:00 AM"
"12906","7841","4/3/2014 12:00:00 AM"
"12907","12485","1/30/2014 12:00:00 AM"
"12908","12119","9/7/2013 12:00:00 AM"
"12909","4293","4/9/2012 12:00:00 AM"
"12910","1461","4/29/2013 12:00:00 AM"
"12911","2284","3/17/2012 12:00:00 AM"
"12912","13459","8/29/2013 12:00:00 AM"
"12913","2732","9/9/2013 12:00:00 AM"
"12914","5433","11/7/2013 12:00:00 AM"
"12915","8602","9/6/2013 12:00:00 AM"
"12916","8109","7/7/2013 12:00:00 AM"
"12917","14571","3/8/2014 12:00:00 AM"
"12918","4155","5/6/2014 12:00:00 AM"
"12919","16020","4/1/2014 12:00:00 AM"
"12920","3625","6/25/2012 12:00:00 AM"
"12921","4308","9/7/2013 12:00:00 AM"
"12922","635","10/23/2013 12:00:00 AM"
"12923","8431","10/19/2012 12:00:00 AM"
"12924","7081","9/28/2012 12:00:00 AM"
"12925","16894","9/27/2012 12:00:00 AM"
"12926","11228","9/11/2012 12:00:00 AM"
"12927","12497","7/24/2013 12:00:00 AM"
"12928","8816","7/6/2011 12:00:00 AM"
"12929","5080","3/17/2013 12:00:00 AM"
"12930","15929","10/10/2013 12:00:00 AM"
"12931","12060","8/21/2011 12:00:00 AM"
"12932","8778","8/1/2013 12:00:00 AM"
"12933","651","10/26/2013 12:00:00 AM"
"12934","6716","3/27/2012 12:00:00 AM"
"12935","12480","8/14/2013 12:00:00 AM"
"12936","5257","6/3/2014 12:00:00 AM"
"12937","16102","9/28/2013 12:00:00 AM"
"12938","14745","5/8/2013 12:00:00 AM"
"12939","10194","12/6/2013 12:00:00 AM"
"12940","18890","10/7/2013 12:00:00 AM"
"12941","16785","12/22/2013 12:00:00 AM"
"12942","17789","9/9/2013 12:00:00 AM"
"12943","17402","3/14/2014 12:00:00 AM"
"12944","3445","2/21/2012 12:00:00 AM"
"12945","1409","11/11/2012 12:00:00 AM"
"12946","8764","7/7/2012 12:00:00 AM"
"12947","13053","10/23/2013 12:00:00 AM"
"12948","12958","8/25/2013 12:00:00 AM"
"12949","13648","3/10/2012 12:00:00 AM"
"12950","14985","6/7/2014 12:00:00 AM"
"12951","9451","6/15/2014 12:00:00 AM"
"12952","6553","4/4/2014 12:00:00 AM"
"12953","18106","4/18/2014 12:00:00 AM"
"12954","18085","7/11/2013 12:00:00 AM"
"12955","15464","4/21/2013 12:00:00 AM"
"12956","14766","2/11/2014 12:00:00 AM"
"12957","5730","6/5/2014 12:00:00 AM"
"12958","4906","2/5/2014 12:00:00 AM"
"12959","9786","11/8/2013 12:00:00 AM"
"12960","14180","6/16/2012 12:00:00 AM"
"12961","1555","3/25/2013 12:00:00 AM"
"12962","11092","4/17/2013 12:00:00 AM"
"12963","506","1/25/2014 12:00:00 AM"
"12964","18678","9/23/2013 12:00:00 AM"
"12965","17773","3/10/2013 12:00:00 AM"
"12966","8537","1/29/2013 12:00:00 AM"
"12967","16042","6/30/2012 12:00:00 AM"
"12968","6204","2/25/2014 12:00:00 AM"
"12969","4247","2/25/2014 12:00:00 AM"
"12970","15697","11/27/2012 12:00:00 AM"
"12971","12751","9/13/2012 12:00:00 AM"
"12972","7329","11/6/2013 12:00:00 AM"
"12973","428","1/1/2014 12:00:00 AM"
"12974","5534","1/18/2013 12:00:00 AM"
"12975","12349","3/18/2014 12:00:00 AM"
"12976","10231","7/7/2012 12:00:00 AM"
"12977","67","10/27/2013 12:00:00 AM"
"12978","4695","10/15/2013 12:00:00 AM"
"12979","12924","11/5/2012 12:00:00 AM"
"12980","128","5/25/2014 12:00:00 AM"
"12981","12462","5/22/2014 12:00:00 AM"
"12982","18212","7/23/2012 12:00:00 AM"
"12983","17967","1/8/2012 12:00:00 AM"
"12984","13249","2/26/2014 12:00:00 AM"
"12985","17422","11/1/2013 12:00:00 AM"
"12986","12366","10/15/2013 12:00:00 AM"
"12987","14584","11/24/2011 12:00:00 AM"
"12988","9226","1/19/2014 12:00:00 AM"
"12989","1715","3/4/2012 12:00:00 AM"
"12990","3912","3/15/2012 12:00:00 AM"
"12991","18739","4/18/2014 12:00:00 AM"
"12992","2719","1/14/2013 12:00:00 AM"
"12993","17418","6/15/2014 12:00:00 AM"
"12994","14492","11/11/2012 12:00:00 AM"
"12995","16846","10/30/2012 12:00:00 AM"
"12996","5987","9/5/2013 12:00:00 AM"
"12997","6485","3/16/2014 12:00:00 AM"
"12998","924","8/22/2012 12:00:00 AM"
"12999","14631","3/17/2014 12:00:00 AM"
"13000","14009","4/10/2014 12:00:00 AM"
"13001","573","8/3/2013 12:00:00 AM"
"13002","4582","8/9/2011 12:00:00 AM"
"13003","3331","7/20/2013 12:00:00 AM"
"13004","3865","5/28/2014 12:00:00 AM"
"13005","16903","1/30/2014 12:00:00 AM"
"13006","3189","9/13/2013 12:00:00 AM"
"13007","17475","9/28/2013 12:00:00 AM"
"13008","11864","11/30/2013 12:00:00 AM"
"13009","2673","4/26/2014 12:00:00 AM"
"13010","12477","3/24/2013 12:00:00 AM"
"13011","8262","3/11/2014 12:00:00 AM"
"13012","1391","11/28/2012 12:00:00 AM"
"13013","6420","10/6/2013 12:00:00 AM"
"13014","11723","12/17/2013 12:00:00 AM"
"13015","12802","11/22/2013 12:00:00 AM"
"13016","16162","5/5/2014 12:00:00 AM"
"13017","6243","9/8/2013 12:00:00 AM"
"13018","18163","12/17/2013 12:00:00 AM"
"13019","3474","2/26/2014 12:00:00 AM"
"13020","3443","3/18/2014 12:00:00 AM"
"13021","3346","3/22/2012 12:00:00 AM"
"13022","5744","8/16/2011 12:00:00 AM"
"13023","2778","7/9/2013 12:00:00 AM"
"13024","16664","4/7/2013 12:00:00 AM"
"13025","12702","11/20/2013 12:00:00 AM"
"13026","4836","5/3/2014 12:00:00 AM"
"13027","7296","6/6/2014 12:00:00 AM"
"13028","12652","10/5/2013 12:00:00 AM"
"13029","3796","2/16/2014 12:00:00 AM"
"13030","5402","11/9/2013 12:00:00 AM"
"13031","6320","10/22/2013 12:00:00 AM"
"13032","1591","9/8/2011 12:00:00 AM"
"13033","19020","1/3/2013 12:00:00 AM"
"13034","2120","12/23/2013 12:00:00 AM"
"13035","6125","5/9/2014 12:00:00 AM"
"13036","7537","9/2/2013 12:00:00 AM"
"13037","16077","4/21/2014 12:00:00 AM"
"13038","3221","12/24/2013 12:00:00 AM"
"13039","8207","8/29/2013 12:00:00 AM"
"13040","18001","2/17/2014 12:00:00 AM"
"13041","16831","5/17/2014 12:00:00 AM"
"13042","17494","7/15/2013 12:00:00 AM"
"13043","87","3/3/2012 12:00:00 AM"
"13044","7145","10/22/2013 12:00:00 AM"
"13045","10082","8/3/2013 12:00:00 AM"
"13046","13122","2/10/2014 12:00:00 AM"
"13047","9504","7/9/2013 12:00:00 AM"
"13048","5362","2/10/2013 12:00:00 AM"
"13049","9672","3/16/2014 12:00:00 AM"
"13050","1668","11/29/2012 12:00:00 AM"
"13051","6628","9/12/2012 12:00:00 AM"
"13052","10721","9/7/2013 12:00:00 AM"
"13053","6210","5/9/2013 12:00:00 AM"
"13054","10037","1/20/2012 12:00:00 AM"
"13055","9888","8/3/2013 12:00:00 AM"
"13056","1190","6/15/2012 12:00:00 AM"
"13057","17198","3/29/2014 12:00:00 AM"
"13058","1649","8/4/2013 12:00:00 AM"
"13059","18657","9/26/2013 12:00:00 AM"
"13060","17739","1/8/2014 12:00:00 AM"
"13061","6053","10/7/2013 12:00:00 AM"
"13062","8606","6/3/2014 12:00:00 AM"
"13063","6813","2/25/2014 12:00:00 AM"
"13064","9952","9/14/2013 12:00:00 AM"
"13065","16906","12/17/2011 12:00:00 AM"
"13066","13511","1/16/2014 12:00:00 AM"
"13067","15884","4/29/2014 12:00:00 AM"
"13068","8767","10/23/2013 12:00:00 AM"
"13069","5043","10/20/2013 12:00:00 AM"
"13070","5373","2/26/2014 12:00:00 AM"
"13071","10457","4/18/2014 12:00:00 AM"
"13072","18610","11/11/2013 12:00:00 AM"
"13073","14516","2/17/2014 12:00:00 AM"
"13074","17740","3/20/2014 12:00:00 AM"
"13075","9101","6/14/2013 12:00:00 AM"
"13076","11950","6/5/2011 12:00:00 AM"
"13077","9891","1/2/2014 12:00:00 AM"
"13078","9155","4/11/2014 12:00:00 AM"
"13079","10477","12/8/2013 12:00:00 AM"
"13080","338","5/5/2014 12:00:00 AM"
"13081","1718","5/10/2014 12:00:00 AM"
"13082","3847","8/14/2013 12:00:00 AM"
"13083","9905","3/28/2014 12:00:00 AM"
"13084","10827","12/14/2011 12:00:00 AM"
"13085","14835","4/10/2013 12:00:00 AM"
"13086","4977","9/9/2011 12:00:00 AM"
"13087","12726","2/21/2012 12:00:00 AM"
"13088","17458","10/11/2011 12:00:00 AM"
"13089","12542","10/20/2013 12:00:00 AM"
"13090","2446","12/31/2011 12:00:00 AM"
"13091","14587","9/7/2013 12:00:00 AM"
"13092","8994","4/27/2014 12:00:00 AM"
"13093","4452","11/4/2013 12:00:00 AM"
"13094","6189","9/7/2013 12:00:00 AM"
"13095","14059","11/12/2013 12:00:00 AM"
"13096","6203","2/10/2014 12:00:00 AM"
"13097","3163","3/11/2014 12:00:00 AM"
"13098","7336","7/3/2013 12:00:00 AM"
"13099","17496","11/2/2013 12:00:00 AM"
"13100","13643","10/6/2013 12:00:00 AM"
"13101","17086","4/14/2014 12:00:00 AM"
"13102","5917","11/18/2011 12:00:00 AM"
"13103","14671","9/24/2013 12:00:00 AM"
"13104","1739","11/29/2013 12:00:00 AM"
"13105","2372","6/3/2014 12:00:00 AM"
"13106","9317","4/23/2014 12:00:00 AM"
"13107","1510","8/17/2013 12:00:00 AM"
"13108","6844","7/31/2013 12:00:00 AM"
"13109","19106","2/1/2012 12:00:00 AM"
"13110","9307","1/19/2014 12:00:00 AM"
"13111","5421","12/21/2013 12:00:00 AM"
"13112","12710","2/20/2014 12:00:00 AM"
"13113","11352","2/12/2014 12:00:00 AM"
"13114","18488","9/28/2012 12:00:00 AM"
"13115","16269","9/9/2013 12:00:00 AM"
"13116","10506","4/9/2014 12:00:00 AM"
"13117","12641","3/23/2012 12:00:00 AM"
"13118","10076","5/1/2013 12:00:00 AM"
"13119","10965","5/25/2014 12:00:00 AM"
"13120","122","6/11/2014 12:00:00 AM"
"13121","4273","5/30/2014 12:00:00 AM"
"13122","9516","10/4/2013 12:00:00 AM"
"13123","2475","9/12/2012 12:00:00 AM"
"13124","9488","3/25/2013 12:00:00 AM"
"13125","13721","7/16/2013 12:00:00 AM"
"13126","9477","6/22/2014 12:00:00 AM"
"13127","2186","3/27/2014 12:00:00 AM"
"13128","13631","4/26/2012 12:00:00 AM"
"13129","2225","10/22/2013 12:00:00 AM"
"13130","15061","8/30/2012 12:00:00 AM"
"13131","8136","6/11/2012 12:00:00 AM"
"13132","7402","1/10/2014 12:00:00 AM"
"13133","2993","7/24/2013 12:00:00 AM"
"13134","8794","4/1/2014 12:00:00 AM"
"13135","6445","6/18/2014 12:00:00 AM"
"13136","9590","1/10/2014 12:00:00 AM"
"13137","18185","8/27/2013 12:00:00 AM"
"13138","4399","2/5/2012 12:00:00 AM"
"13139","13050","4/12/2014 12:00:00 AM"
"13140","5103","4/28/2014 12:00:00 AM"
"13141","2444","4/20/2014 12:00:00 AM"
"13142","4821","11/18/2012 12:00:00 AM"
"13143","3979","9/15/2011 12:00:00 AM"
"13144","16440","11/6/2011 12:00:00 AM"
"13145","10667","10/23/2013 12:00:00 AM"
"13146","15478","12/19/2011 12:00:00 AM"
"13147","12209","1/27/2014 12:00:00 AM"
"13148","4594","11/20/2013 12:00:00 AM"
"13149","18006","12/15/2013 12:00:00 AM"
"13150","1420","8/18/2013 12:00:00 AM"
"13151","5961","11/1/2013 12:00:00 AM"
"13152","3825","4/19/2014 12:00:00 AM"
"13153","17234","9/9/2013 12:00:00 AM"
"13154","18340","7/24/2011 12:00:00 AM"
"13155","11778","4/29/2014 12:00:00 AM"
"13156","14218","2/14/2013 12:00:00 AM"
"13157","634","4/22/2014 12:00:00 AM"
"13158","10581","4/28/2014 12:00:00 AM"
"13159","4005","3/12/2014 12:00:00 AM"
"13160","9077","11/30/2013 12:00:00 AM"
"13161","418","12/29/2011 12:00:00 AM"
"13162","17700","10/10/2013 12:00:00 AM"
"13163","11281","12/15/2013 12:00:00 AM"
"13164","4485","7/8/2013 12:00:00 AM"
"13165","3732","9/21/2012 12:00:00 AM"
"13166","9530","6/27/2014 12:00:00 AM"
"13167","12547","10/21/2013 12:00:00 AM"
"13168","12548","9/4/2013 12:00:00 AM"
"13169","10096","1/7/2013 12:00:00 AM"
"13170","10088","4/14/2014 12:00:00 AM"
"13171","3310","9/23/2013 12:00:00 AM"
"13172","17862","5/21/2014 12:00:00 AM"
"13173","8371","2/6/2012 12:00:00 AM"
"13174","838","3/23/2014 12:00:00 AM"
"13175","2065","11/13/2012 12:00:00 AM"
"13176","11838","8/8/2011 12:00:00 AM"
"13177","12552","1/29/2013 12:00:00 AM"
"13178","12341","3/28/2013 12:00:00 AM"
"13179","16460","8/15/2013 12:00:00 AM"
"13180","16901","12/13/2013 12:00:00 AM"
"13181","1856","8/30/2013 12:00:00 AM"
"13182","4845","7/10/2013 12:00:00 AM"
"13183","10218","4/21/2012 12:00:00 AM"
"13184","16036","6/29/2014 12:00:00 AM"
"13185","13702","5/7/2014 12:00:00 AM"
"13186","14642","6/14/2014 12:00:00 AM"
"13187","16164","1/16/2014 12:00:00 AM"
"13188","8933","3/24/2013 12:00:00 AM"
"13189","13421","4/5/2014 12:00:00 AM"
"13190","12247","9/5/2013 12:00:00 AM"
"13191","15152","8/24/2013 12:00:00 AM"
"13192","18079","3/18/2013 12:00:00 AM"
"13193","14549","1/5/2013 12:00:00 AM"
"13194","9165","9/16/2013 12:00:00 AM"
"13195","9687","10/11/2013 12:00:00 AM"
"13196","7258","10/13/2013 12:00:00 AM"
"13197","6633","10/13/2013 12:00:00 AM"
"13198","7703","2/24/2014 12:00:00 AM"
"13199","70","2/7/2014 12:00:00 AM"
"13200","4601","6/26/2014 12:00:00 AM"
"13201","6023","6/12/2012 12:00:00 AM"
"13202","13440","3/21/2014 12:00:00 AM"
"13203","3484","5/8/2013 12:00:00 AM"
"13204","11022","9/22/2011 12:00:00 AM"
"13205","7265","9/4/2011 12:00:00 AM"
"13206","1332","3/23/2012 12:00:00 AM"
"13207","26","8/27/2013 12:00:00 AM"
"13208","7344","2/16/2013 12:00:00 AM"
"13209","13151","9/7/2013 12:00:00 AM"
"13210","983","3/21/2012 12:00:00 AM"
"13211","7545","8/7/2013 12:00:00 AM"
"13212","7061","5/19/2012 12:00:00 AM"
"13213","12483","3/25/2014 12:00:00 AM"
"13214","6422","9/14/2012 12:00:00 AM"
"13215","1090","7/6/2013 12:00:00 AM"
"13216","13510","11/7/2013 12:00:00 AM"
"13217","16270","9/24/2012 12:00:00 AM"
"13218","18050","6/12/2012 12:00:00 AM"
"13219","8040","1/9/2014 12:00:00 AM"
"13220","11255","3/3/2014 12:00:00 AM"
"13221","4937","5/26/2013 12:00:00 AM"
"13222","2","12/5/2013 12:00:00 AM"
"13223","7886","5/15/2013 12:00:00 AM"
"13224","4408","10/2/2013 12:00:00 AM"
"13225","3528","7/5/2013 12:00:00 AM"
"13226","357","2/12/2014 12:00:00 AM"
"13227","3054","6/25/2014 12:00:00 AM"
"13228","471","10/31/2013 12:00:00 AM"
"13229","209","6/11/2014 12:00:00 AM"
"13230","11855","11/9/2013 12:00:00 AM"
"13231","10871","8/7/2013 12:00:00 AM"
"13232","2634","10/8/2011 12:00:00 AM"
"13233","13158","11/15/2013 12:00:00 AM"
"13234","10495","6/21/2013 12:00:00 AM"
"13235","8185","5/31/2014 12:00:00 AM"
"13236","404","9/17/2013 12:00:00 AM"
"13237","9724","8/31/2012 12:00:00 AM"
"13238","15345","2/20/2014 12:00:00 AM"
"13239","16776","4/14/2013 12:00:00 AM"
"13240","7994","5/15/2014 12:00:00 AM"
"13241","6238","8/30/2013 12:00:00 AM"
"13242","16777","1/17/2012 12:00:00 AM"
"13243","2960","6/17/2012 12:00:00 AM"
"13244","3818","10/3/2013 12:00:00 AM"
"13245","6252","5/3/2014 12:00:00 AM"
"13246","17083","9/22/2013 12:00:00 AM"
"13247","18781","9/10/2011 12:00:00 AM"
"13248","3501","1/30/2012 12:00:00 AM"
"13249","2482","9/13/2013 12:00:00 AM"
"13250","5094","8/17/2013 12:00:00 AM"
"13251","6788","6/19/2014 12:00:00 AM"
"13252","11220","2/21/2014 12:00:00 AM"
"13253","15768","3/28/2014 12:00:00 AM"
"13254","12408","4/13/2014 12:00:00 AM"
"13255","13092","6/24/2014 12:00:00 AM"
"13256","15361","12/24/2013 12:00:00 AM"
"13257","2954","9/16/2013 12:00:00 AM"
"13258","11926","3/9/2013 12:00:00 AM"
"13259","17912","12/2/2013 12:00:00 AM"
"13260","7283","1/5/2014 12:00:00 AM"
"13261","7057","9/3/2013 12:00:00 AM"
"13262","15609","8/7/2013 12:00:00 AM"
"13263","4658","7/3/2013 12:00:00 AM"
"13264","7503","10/25/2013 12:00:00 AM"
"13265","1370","1/28/2014 12:00:00 AM"
"13266","3808","9/28/2013 12:00:00 AM"
"13267","17605","1/17/2014 12:00:00 AM"
"13268","2184","9/21/2013 12:00:00 AM"
"13269","15607","7/28/2013 12:00:00 AM"
"13270","4228","3/30/2014 12:00:00 AM"
"13271","6892","10/10/2013 12:00:00 AM"
"13272","13659","4/26/2014 12:00:00 AM"
"13273","10505","10/3/2013 12:00:00 AM"
"13274","5098","6/10/2014 12:00:00 AM"
"13275","17163","3/15/2014 12:00:00 AM"
"13276","16183","4/13/2014 12:00:00 AM"
"13277","3948","7/4/2013 12:00:00 AM"
"13278","11378","4/6/2013 12:00:00 AM"
"13279","12991","6/23/2014 12:00:00 AM"
"13280","17842","11/4/2013 12:00:00 AM"
"13281","5209","3/19/2014 12:00:00 AM"
"13282","1161","1/6/2013 12:00:00 AM"
"13283","13596","6/4/2014 12:00:00 AM"
"13284","12244","5/14/2014 12:00:00 AM"
"13285","2708","4/29/2013 12:00:00 AM"
"13286","11430","7/30/2013 12:00:00 AM"
"13287","8847","4/1/2014 12:00:00 AM"
"13288","3130","7/16/2012 12:00:00 AM"
"13289","15898","7/5/2013 12:00:00 AM"
"13290","18127","5/1/2014 12:00:00 AM"
"13291","13075","1/21/2014 12:00:00 AM"
"13292","14430","11/18/2013 12:00:00 AM"
"13293","16495","11/5/2013 12:00:00 AM"
"13294","11709","7/19/2013 12:00:00 AM"
"13295","10085","8/27/2013 12:00:00 AM"
"13296","845","3/14/2014 12:00:00 AM"
"13297","11341","6/6/2014 12:00:00 AM"
"13298","12955","9/20/2013 12:00:00 AM"
"13299","11779","12/7/2013 12:00:00 AM"
"13300","3689","3/23/2012 12:00:00 AM"
"13301","8287","9/18/2013 12:00:00 AM"
"13302","11822","2/3/2014 12:00:00 AM"
"13303","13184","4/20/2014 12:00:00 AM"
"13304","17950","5/24/2014 12:00:00 AM"
"13305","3748","3/9/2014 12:00:00 AM"
"13306","753","5/4/2014 12:00:00 AM"
"13307","10926","7/19/2013 12:00:00 AM"
"13308","5843","5/21/2014 12:00:00 AM"
"13309","12867","3/3/2014 12:00:00 AM"
"13310","18303","12/4/2013 12:00:00 AM"
"13311","5398","1/22/2014 12:00:00 AM"
"13312","7627","4/3/2013 12:00:00 AM"
"13313","4791","3/24/2012 12:00:00 AM"
"13314","10431","11/22/2011 12:00:00 AM"
"13315","4011","4/29/2013 12:00:00 AM"
"13316","11493","11/16/2013 12:00:00 AM"
"13317","14619","3/18/2014 12:00:00 AM"
"13318","12429","11/4/2013 12:00:00 AM"
"13319","19103","4/11/2013 12:00:00 AM"
"13320","11658","2/14/2014 12:00:00 AM"
"13321","13437","7/28/2013 12:00:00 AM"
"13322","12029","8/6/2013 12:00:00 AM"
"13323","17114","11/8/2011 12:00:00 AM"
"13324","3867","5/28/2012 12:00:00 AM"
"13325","7872","2/27/2013 12:00:00 AM"
"13326","14417","1/12/2014 12:00:00 AM"
"13327","13214","10/30/2013 12:00:00 AM"
"13328","11330","5/1/2014 12:00:00 AM"
"13329","17276","6/17/2013 12:00:00 AM"
"13330","4653","5/4/2014 12:00:00 AM"
"13331","6271","5/7/2012 12:00:00 AM"
"13332","14978","9/12/2013 12:00:00 AM"
"13333","6769","9/2/2013 12:00:00 AM"
"13334","8179","8/9/2012 12:00:00 AM"
"13335","243","2/23/2014 12:00:00 AM"
"13336","5147","9/30/2013 12:00:00 AM"
"13337","11681","12/30/2013 12:00:00 AM"
"13338","4692","1/27/2014 12:00:00 AM"
"13339","7944","9/4/2013 12:00:00 AM"
"13340","9740","12/11/2013 12:00:00 AM"
"13341","5090","11/15/2013 12:00:00 AM"
"13342","1747","1/26/2014 12:00:00 AM"
"13343","10471","1/4/2012 12:00:00 AM"
"13344","10593","5/15/2014 12:00:00 AM"
"13345","1810","5/2/2014 12:00:00 AM"
"13346","2276","2/17/2014 12:00:00 AM"
"13347","15243","1/19/2014 12:00:00 AM"
"13348","7854","8/26/2011 12:00:00 AM"
"13349","7759","8/23/2013 12:00:00 AM"
"13350","16995","8/29/2013 12:00:00 AM"
"13351","5662","3/6/2013 12:00:00 AM"
"13352","9607","6/4/2012 12:00:00 AM"
"13353","6308","6/7/2013 12:00:00 AM"
"13354","7508","2/12/2014 12:00:00 AM"
"13355","11125","9/10/2011 12:00:00 AM"
"13356","7756","8/8/2012 12:00:00 AM"
"13357","1398","2/14/2013 12:00:00 AM"
"13358","2986","7/27/2012 12:00:00 AM"
"13359","5834","1/30/2014 12:00:00 AM"
"13360","6789","11/14/2013 12:00:00 AM"
"13361","5557","11/12/2013 12:00:00 AM"
"13362","16737","4/19/2014 12:00:00 AM"
"13363","5649","5/4/2014 12:00:00 AM"
"13364","4119","3/5/2014 12:00:00 AM"
"13365","14558","8/19/2013 12:00:00 AM"
"13366","5762","2/15/2014 12:00:00 AM"
"13367","15313","2/3/2014 12:00:00 AM"
"13368","792","5/23/2014 12:00:00 AM"
"13369","15585","6/23/2012 12:00:00 AM"
"13370","12882","12/20/2013 12:00:00 AM"
"13371","1273","3/20/2013 12:00:00 AM"
"13372","11701","8/4/2011 12:00:00 AM"
"13373","2252","9/10/2013 12:00:00 AM"
"13374","16303","1/29/2014 12:00:00 AM"
"13375","9842","12/3/2011 12:00:00 AM"
"13376","2021","11/27/2013 12:00:00 AM"
"13377","4617","4/13/2014 12:00:00 AM"
"13378","18811","3/31/2014 12:00:00 AM"
"13379","8019","2/8/2014 12:00:00 AM"
"13380","9472","5/12/2012 12:00:00 AM"
"13381","6760","10/13/2013 12:00:00 AM"
"13382","1908","11/24/2012 12:00:00 AM"
"13383","16899","1/2/2013 12:00:00 AM"
"13384","604","6/19/2014 12:00:00 AM"
"13385","8016","5/8/2014 12:00:00 AM"
"13386","16872","12/3/2012 12:00:00 AM"
"13387","16741","7/8/2013 12:00:00 AM"
"13388","17295","10/10/2013 12:00:00 AM"
"13389","1468","11/1/2013 12:00:00 AM"
"13390","11992","10/21/2013 12:00:00 AM"
"13391","17228","11/13/2013 12:00:00 AM"
"13392","15753","9/5/2013 12:00:00 AM"
"13393","17336","1/29/2014 12:00:00 AM"
"13394","4804","1/29/2014 12:00:00 AM"
"13395","8900","7/8/2013 12:00:00 AM"
"13396","12946","11/5/2012 12:00:00 AM"
"13397","10963","9/5/2013 12:00:00 AM"
"13398","9545","4/28/2013 12:00:00 AM"
"13399","12500","10/31/2013 12:00:00 AM"
"13400","14538","9/4/2013 12:00:00 AM"
"13401","4538","5/4/2014 12:00:00 AM"
"13402","12506","5/8/2013 12:00:00 AM"
"13403","12246","10/19/2013 12:00:00 AM"
"13404","11579","5/16/2014 12:00:00 AM"
"13405","16015","11/9/2013 12:00:00 AM"
"13406","19116","11/23/2012 12:00:00 AM"
"13407","14100","10/2/2013 12:00:00 AM"
"13408","2627","4/19/2013 12:00:00 AM"
"13409","1076","2/9/2013 12:00:00 AM"
"13410","14692","12/17/2011 12:00:00 AM"
"13411","13770","3/20/2014 12:00:00 AM"
"13412","3452","11/24/2013 12:00:00 AM"
"13413","2368","11/14/2013 12:00:00 AM"
"13414","9656","8/22/2013 12:00:00 AM"
"13415","4602","3/27/2014 12:00:00 AM"
"13416","434","3/22/2014 12:00:00 AM"
"13417","15127","9/28/2011 12:00:00 AM"
"13418","18870","11/11/2013 12:00:00 AM"
"13419","1465","4/14/2012 12:00:00 AM"
"13420","2367","6/21/2014 12:00:00 AM"
"13421","3669","8/8/2012 12:00:00 AM"
"13422","4654","11/3/2013 12:00:00 AM"
"13423","14743","7/16/2013 12:00:00 AM"
"13424","18556","10/4/2013 12:00:00 AM"
"13425","1984","11/11/2013 12:00:00 AM"
"13426","4028","4/4/2012 12:00:00 AM"
"13427","15732","10/21/2013 12:00:00 AM"
"13428","3378","12/10/2013 12:00:00 AM"
"13429","14623","3/1/2014 12:00:00 AM"
"13430","2958","4/21/2012 12:00:00 AM"
"13431","12513","7/19/2012 12:00:00 AM"
"13432","6992","10/9/2013 12:00:00 AM"
"13433","15269","1/19/2014 12:00:00 AM"
"13434","15444","9/13/2013 12:00:00 AM"
"13435","8319","2/26/2013 12:00:00 AM"
"13436","2655","7/26/2013 12:00:00 AM"
"13437","9906","12/30/2011 12:00:00 AM"
"13438","5799","4/6/2014 12:00:00 AM"
"13439","9668","3/31/2014 12:00:00 AM"
"13440","11521","2/14/2013 12:00:00 AM"
"13441","7523","11/19/2013 12:00:00 AM"
"13442","16009","3/6/2013 12:00:00 AM"
"13443","13549","4/11/2014 12:00:00 AM"
"13444","9717","4/28/2014 12:00:00 AM"
"13445","4909","10/30/2012 12:00:00 AM"
"13446","14702","4/17/2014 12:00:00 AM"
"13447","15544","7/26/2013 12:00:00 AM"
"13448","3451","8/27/2013 12:00:00 AM"
"13449","15707","5/14/2013 12:00:00 AM"
"13450","14375","4/21/2014 12:00:00 AM"
"13451","8712","9/11/2013 12:00:00 AM"
"13452","2859","6/26/2014 12:00:00 AM"
"13453","15639","8/3/2013 12:00:00 AM"
"13454","11172","8/25/2013 12:00:00 AM"
"13455","11621","12/14/2012 12:00:00 AM"
"13456","12754","2/1/2014 12:00:00 AM"
"13457","10613","2/16/2014 12:00:00 AM"
"13458","13002","3/26/2014 12:00:00 AM"
"13459","8736","7/17/2013 12:00:00 AM"
"13460","14126","10/30/2013 12:00:00 AM"
"13461","8137","3/23/2014 12:00:00 AM"
"13462","1010","10/29/2013 12:00:00 AM"
"13463","200","4/28/2014 12:00:00 AM"
"13464","17106","2/14/2013 12:00:00 AM"
"13465","3622","9/8/2013 12:00:00 AM"
"13466","1563","5/31/2014 12:00:00 AM"
"13467","1983","9/21/2013 12:00:00 AM"
"13468","4451","10/17/2013 12:00:00 AM"
"13469","8595","10/22/2013 12:00:00 AM"
"13470","3882","5/24/2014 12:00:00 AM"
"13471","5390","8/19/2012 12:00:00 AM"
"13472","1100","12/22/2012 12:00:00 AM"
"13473","10894","5/3/2014 12:00:00 AM"
"13474","9739","1/30/2014 12:00:00 AM"
"13475","6451","10/7/2013 12:00:00 AM"
"13476","15227","4/24/2014 12:00:00 AM"
"13477","3779","8/19/2013 12:00:00 AM"
"13478","160","3/11/2014 12:00:00 AM"
"13479","6695","8/25/2013 12:00:00 AM"
"13480","12333","12/25/2013 12:00:00 AM"
"13481","4282","7/26/2012 12:00:00 AM"
"13482","2979","4/3/2014 12:00:00 AM"
"13483","9631","11/24/2013 12:00:00 AM"
"13484","13581","2/13/2013 12:00:00 AM"
"13485","2834","4/28/2014 12:00:00 AM"
"13486","4701","3/21/2014 12:00:00 AM"
"13487","5602","9/20/2012 12:00:00 AM"
"13488","6395","8/24/2013 12:00:00 AM"
"13489","6909","3/1/2014 12:00:00 AM"
"13490","6019","8/30/2013 12:00:00 AM"
"13491","17709","12/4/2013 12:00:00 AM"
"13492","7225","2/22/2014 12:00:00 AM"
"13493","224","4/27/2013 12:00:00 AM"
"13494","9024","9/18/2013 12:00:00 AM"
"13495","14198","3/22/2012 12:00:00 AM"
"13496","6261","1/28/2014 12:00:00 AM"
"13497","15571","10/9/2013 12:00:00 AM"
"13498","2445","11/22/2013 12:00:00 AM"
"13499","5151","5/17/2014 12:00:00 AM"
"13500","5473","4/18/2014 12:00:00 AM"
"13501","3144","2/4/2013 12:00:00 AM"
"13502","2151","3/23/2014 12:00:00 AM"
"13503","19216","7/26/2013 12:00:00 AM"
"13504","4896","3/14/2014 12:00:00 AM"
"13505","3267","11/26/2013 12:00:00 AM"
"13506","796","10/20/2013 12:00:00 AM"
"13507","11974","12/3/2011 12:00:00 AM"
"13508","17446","11/17/2012 12:00:00 AM"
"13509","13897","6/7/2014 12:00:00 AM"
"13510","18766","10/27/2013 12:00:00 AM"
"13511","3928","1/15/2014 12:00:00 AM"
"13512","5722","7/3/2013 12:00:00 AM"
"13513","17271","7/13/2011 12:00:00 AM"
"13514","8087","6/1/2011 12:00:00 AM"
"13515","10564","4/25/2014 12:00:00 AM"
"13516","4136","1/11/2014 12:00:00 AM"
"13517","11900","8/27/2013 12:00:00 AM"
"13518","3943","10/1/2013 12:00:00 AM"
"13519","3188","2/9/2014 12:00:00 AM"
"13520","3449","10/18/2013 12:00:00 AM"
"13521","2101","3/5/2014 12:00:00 AM"
"13522","18077","9/28/2012 12:00:00 AM"
"13523","1343","12/12/2013 12:00:00 AM"
"13524","8485","5/16/2014 12:00:00 AM"
"13525","18998","11/10/2013 12:00:00 AM"
"13526","1407","3/24/2013 12:00:00 AM"
"13527","12938","11/10/2013 12:00:00 AM"
"13528","18402","3/28/2014 12:00:00 AM"
"13529","3642","4/18/2014 12:00:00 AM"
"13530","13202","5/22/2014 12:00:00 AM"
"13531","11981","6/21/2011 12:00:00 AM"
"13532","10786","3/21/2014 12:00:00 AM"
"13533","12813","3/30/2013 12:00:00 AM"
"13534","1599","7/3/2012 12:00:00 AM"
"13535","2561","4/14/2014 12:00:00 AM"
"13536","1395","8/18/2013 12:00:00 AM"
"13537","5923","3/27/2014 12:00:00 AM"
"13538","9139","7/6/2013 12:00:00 AM"
"13539","4315","3/28/2014 12:00:00 AM"
"13540","3124","10/1/2012 12:00:00 AM"
"13541","16220","5/28/2014 12:00:00 AM"
"13542","14054","8/19/2011 12:00:00 AM"
"13543","12590","8/13/2013 12:00:00 AM"
"13544","9031","2/11/2012 12:00:00 AM"
"13545","16221","9/29/2013 12:00:00 AM"
"13546","16973","9/21/2013 12:00:00 AM"
"13547","4891","8/19/2011 12:00:00 AM"
"13548","5918","7/6/2013 12:00:00 AM"
"13549","3362","3/24/2013 12:00:00 AM"
"13550","12195","3/2/2014 12:00:00 AM"
"13551","15022","2/25/2014 12:00:00 AM"
"13552","8760","5/21/2014 12:00:00 AM"
"13553","5420","6/19/2014 12:00:00 AM"
"13554","10211","11/4/2013 12:00:00 AM"
"13555","30","1/13/2014 12:00:00 AM"
"13556","18290","2/15/2014 12:00:00 AM"
"13557","14311","1/17/2014 12:00:00 AM"
"13558","3939","10/28/2013 12:00:00 AM"
"13559","2017","12/17/2011 12:00:00 AM"
"13560","13879","9/18/2013 12:00:00 AM"
"13561","4300","3/31/2014 12:00:00 AM"
"13562","11290","10/30/2012 12:00:00 AM"
"13563","17010","2/8/2014 12:00:00 AM"
"13564","12186","2/3/2013 12:00:00 AM"
"13565","6826","2/22/2014 12:00:00 AM"
"13566","3499","1/12/2014 12:00:00 AM"
"13567","13281","3/7/2014 12:00:00 AM"
"13568","15535","3/21/2014 12:00:00 AM"
"13569","10794","7/17/2013 12:00:00 AM"
"13570","14747","1/5/2014 12:00:00 AM"
"13571","14056","8/31/2013 12:00:00 AM"
"13572","9","9/23/2013 12:00:00 AM"
"13573","10550","1/23/2014 12:00:00 AM"
"13574","3643","2/17/2013 12:00:00 AM"
"13575","18669","10/29/2012 12:00:00 AM"
"13576","16552","10/8/2013 12:00:00 AM"
"13577","12967","4/23/2014 12:00:00 AM"
"13578","5774","7/5/2013 12:00:00 AM"
"13579","6237","2/13/2014 12:00:00 AM"
"13580","10939","7/26/2013 12:00:00 AM"
"13581","10474","1/13/2014 12:00:00 AM"
"13582","16876","4/1/2013 12:00:00 AM"
"13583","4008","12/27/2012 12:00:00 AM"
"13584","17782","4/1/2014 12:00:00 AM"
"13585","1808","7/17/2012 12:00:00 AM"
"13586","7270","4/30/2014 12:00:00 AM"
"13587","7581","4/20/2014 12:00:00 AM"
"13588","492","2/12/2012 12:00:00 AM"
"13589","8952","4/9/2014 12:00:00 AM"
"13590","15617","1/25/2014 12:00:00 AM"
"13591","4087","4/8/2012 12:00:00 AM"
"13592","8042","1/26/2013 12:00:00 AM"
"13593","15513","3/26/2014 12:00:00 AM"
"13594","919","2/22/2014 12:00:00 AM"
"13595","7262","10/10/2013 12:00:00 AM"
"13596","8247","5/9/2014 12:00:00 AM"
"13597","12498","12/28/2013 12:00:00 AM"
"13598","9630","8/18/2013 12:00:00 AM"
"13599","6721","6/5/2012 12:00:00 AM"
"13600","6028","6/1/2014 12:00:00 AM"
"13601","5202","7/26/2013 12:00:00 AM"
"13602","425","10/18/2013 12:00:00 AM"
"13603","7731","4/8/2014 12:00:00 AM"
"13604","9065","10/11/2013 12:00:00 AM"
"13605","9817","1/3/2014 12:00:00 AM"
"13606","10067","6/23/2011 12:00:00 AM"
"13607","17846","7/26/2013 12:00:00 AM"
"13608","2885","8/29/2013 12:00:00 AM"
"13609","8197","10/9/2012 12:00:00 AM"
"13610","2077","1/31/2014 12:00:00 AM"
"13611","15488","7/7/2012 12:00:00 AM"
"13612","11780","1/8/2013 12:00:00 AM"
"13613","7761","12/29/2013 12:00:00 AM"
"13614","3737","9/29/2011 12:00:00 AM"
"13615","120","5/27/2013 12:00:00 AM"
"13616","12423","10/30/2012 12:00:00 AM"
"13617","12528","9/21/2013 12:00:00 AM"
"13618","15673","1/19/2014 12:00:00 AM"
"13619","5408","11/27/2013 12:00:00 AM"
"13620","165","10/7/2013 12:00:00 AM"
"13621","8642","11/22/2011 12:00:00 AM"
"13622","14723","5/29/2013 12:00:00 AM"
"13623","1611","8/19/2013 12:00:00 AM"
"13624","13326","5/31/2013 12:00:00 AM"
"13625","17996","4/6/2013 12:00:00 AM"
"13626","9279","3/29/2014 12:00:00 AM"
"13627","11174","6/12/2013 12:00:00 AM"
"13628","14638","10/6/2013 12:00:00 AM"
"13629","474","4/27/2014 12:00:00 AM"
"13630","865","7/21/2012 12:00:00 AM"
"13631","7803","3/16/2014 12:00:00 AM"
"13632","11331","8/22/2013 12:00:00 AM"
"13633","8518","5/3/2014 12:00:00 AM"
"13634","7372","1/8/2013 12:00:00 AM"
"13635","614","12/9/2013 12:00:00 AM"
"13636","5726","11/27/2013 12:00:00 AM"
"13637","3046","9/26/2013 12:00:00 AM"
"13638","14902","2/3/2014 12:00:00 AM"
"13639","11925","3/9/2014 12:00:00 AM"
"13640","2637","10/11/2013 12:00:00 AM"
"13641","15340","4/23/2014 12:00:00 AM"
"13642","1564","4/4/2013 12:00:00 AM"
"13643","7522","7/27/2013 12:00:00 AM"
"13644","8744","4/5/2013 12:00:00 AM"
"13645","5699","9/23/2013 12:00:00 AM"
"13646","4878","4/12/2012 12:00:00 AM"
"13647","2639","2/24/2014 12:00:00 AM"
"13648","6200","12/3/2012 12:00:00 AM"
"13649","2356","3/29/2014 12:00:00 AM"
"13650","7750","4/11/2012 12:00:00 AM"
"13651","14116","2/1/2014 12:00:00 AM"
"13652","5072","3/3/2014 12:00:00 AM"
"13653","9501","7/26/2013 12:00:00 AM"
"13654","18805","3/25/2014 12:00:00 AM"
"13655","476","1/9/2014 12:00:00 AM"
"13656","1201","11/4/2013 12:00:00 AM"
"13657","16585","2/25/2014 12:00:00 AM"
"13658","12610","1/19/2014 12:00:00 AM"
"13659","17439","6/16/2014 12:00:00 AM"
"13660","14892","1/29/2014 12:00:00 AM"
"13661","13447","8/22/2013 12:00:00 AM"
"13662","11596","7/17/2013 12:00:00 AM"
"13663","19035","10/21/2013 12:00:00 AM"
"13664","8639","12/28/2013 12:00:00 AM"
"13665","773","5/26/2014 12:00:00 AM"
"13666","18060","8/24/2013 12:00:00 AM"
"13667","10867","3/11/2014 12:00:00 AM"
"13668","3225","7/26/2013 12:00:00 AM"
"13669","10584","10/13/2012 12:00:00 AM"
"13670","5177","4/2/2013 12:00:00 AM"
"13671","9713","10/15/2013 12:00:00 AM"
"13672","5988","4/19/2014 12:00:00 AM"
"13673","13354","7/28/2013 12:00:00 AM"
"13674","15072","12/23/2013 12:00:00 AM"
"13675","19088","5/6/2014 12:00:00 AM"
"13676","2014","2/23/2014 12:00:00 AM"
"13677","1173","11/10/2013 12:00:00 AM"
"13678","11171","5/6/2014 12:00:00 AM"
"13679","15850","11/13/2013 12:00:00 AM"
"13680","4368","8/1/2013 12:00:00 AM"
"13681","5340","12/18/2013 12:00:00 AM"
"13682","6569","10/21/2013 12:00:00 AM"
"13683","763","1/17/2014 12:00:00 AM"
"13684","2839","5/14/2012 12:00:00 AM"
"13685","11964","9/2/2013 12:00:00 AM"
"13686","5069","12/10/2012 12:00:00 AM"
"13687","16008","4/10/2014 12:00:00 AM"
"13688","2582","5/14/2014 12:00:00 AM"
"13689","10558","11/2/2013 12:00:00 AM"
"13690","7305","3/16/2014 12:00:00 AM"
"13691","11997","11/13/2013 12:00:00 AM"
"13692","11562","4/4/2014 12:00:00 AM"
"13693","4072","3/24/2014 12:00:00 AM"
"13694","14934","1/25/2014 12:00:00 AM"
"13695","13301","9/2/2011 12:00:00 AM"
"13696","13325","3/30/2012 12:00:00 AM"
"13697","1524","3/15/2012 12:00:00 AM"
"13698","11380","3/2/2012 12:00:00 AM"
"13699","660","1/1/2014 12:00:00 AM"
"13700","1030","4/30/2014 12:00:00 AM"
"13701","8661","5/11/2012 12:00:00 AM"
"13702","8995","8/17/2013 12:00:00 AM"
"13703","12211","9/24/2013 12:00:00 AM"
"13704","19153","7/21/2013 12:00:00 AM"
"13705","10801","5/28/2014 12:00:00 AM"
"13706","9819","12/24/2013 12:00:00 AM"
"13707","2599","10/13/2013 12:00:00 AM"
"13708","18272","4/29/2014 12:00:00 AM"
"13709","4641","7/15/2013 12:00:00 AM"
"13710","4844","12/7/2013 12:00:00 AM"
"13711","5508","5/14/2014 12:00:00 AM"
"13712","3590","7/24/2011 12:00:00 AM"
"13713","14708","11/17/2013 12:00:00 AM"
"13714","8733","4/8/2012 12:00:00 AM"
"13715","8011","1/23/2012 12:00:00 AM"
"13716","8718","4/13/2014 12:00:00 AM"
"13717","13910","12/31/2013 12:00:00 AM"
"13718","6354","5/20/2014 12:00:00 AM"
"13719","1357","8/31/2013 12:00:00 AM"
"13720","17644","10/25/2013 12:00:00 AM"
"13721","5886","3/11/2012 12:00:00 AM"
"13722","8938","6/6/2014 12:00:00 AM"
"13723","5546","10/3/2013 12:00:00 AM"
"13724","5368","4/15/2014 12:00:00 AM"
"13725","15846","2/18/2014 12:00:00 AM"
"13726","17283","9/25/2012 12:00:00 AM"
"13727","18848","1/7/2014 12:00:00 AM"
"13728","7440","11/30/2011 12:00:00 AM"
"13729","7961","6/22/2014 12:00:00 AM"
"13730","17973","4/9/2013 12:00:00 AM"
"13731","18459","12/30/2013 12:00:00 AM"
"13732","17178","7/13/2013 12:00:00 AM"
"13733","7165","3/9/2014 12:00:00 AM"
"13734","15854","11/6/2013 12:00:00 AM"
"13735","63","12/6/2013 12:00:00 AM"
"13736","17554","11/15/2013 12:00:00 AM"
"13737","11729","9/18/2013 12:00:00 AM"
"13738","3262","7/10/2011 12:00:00 AM"
"13739","7123","5/11/2014 12:00:00 AM"
"13740","2897","1/23/2014 12:00:00 AM"
"13741","14765","8/25/2012 12:00:00 AM"
"13742","3510","7/16/2013 12:00:00 AM"
"13743","10458","10/28/2013 12:00:00 AM"
"13744","17264","10/12/2013 12:00:00 AM"
"13745","16926","2/19/2013 12:00:00 AM"
"13746","17747","3/20/2014 12:00:00 AM"
"13747","1460","9/9/2013 12:00:00 AM"
"13748","16878","3/24/2013 12:00:00 AM"
"13749","3282","10/3/2013 12:00:00 AM"
"13750","17232","2/22/2012 12:00:00 AM"
"13751","16948","10/4/2013 12:00:00 AM"
"13752","674","4/10/2014 12:00:00 AM"
"13753","12917","2/21/2012 12:00:00 AM"
"13754","15713","2/12/2014 12:00:00 AM"
"13755","5042","1/24/2013 12:00:00 AM"
"13756","3594","6/30/2013 12:00:00 AM"
"13757","9121","4/21/2012 12:00:00 AM"
"13758","11927","6/20/2014 12:00:00 AM"
"13759","7426","10/5/2012 12:00:00 AM"
"13760","16408","7/18/2013 12:00:00 AM"
"13761","4378","12/4/2012 12:00:00 AM"
"13762","16206","9/16/2012 12:00:00 AM"
"13763","17045","11/29/2013 12:00:00 AM"
"13764","18344","2/12/2013 12:00:00 AM"
"13765","11206","8/29/2013 12:00:00 AM"
"13766","6689","11/16/2013 12:00:00 AM"
"13767","4221","9/27/2013 12:00:00 AM"
"13768","10835","3/22/2014 12:00:00 AM"
"13769","5881","4/18/2013 12:00:00 AM"
"13770","5058","12/15/2013 12:00:00 AM"
"13771","12810","10/5/2013 12:00:00 AM"
"13772","12276","2/18/2014 12:00:00 AM"
"13773","16688","8/13/2012 12:00:00 AM"
"13774","17711","7/21/2012 12:00:00 AM"
"13775","1677","5/12/2013 12:00:00 AM"
"13776","3693","9/24/2013 12:00:00 AM"
"13777","5438","7/29/2013 12:00:00 AM"
"13778","2603","9/5/2013 12:00:00 AM"
"13779","13841","4/24/2013 12:00:00 AM"
"13780","5657","11/1/2013 12:00:00 AM"
"13781","12666","12/10/2013 12:00:00 AM"
"13782","2645","3/15/2014 12:00:00 AM"
"13783","16447","1/3/2013 12:00:00 AM"
"13784","10021","3/1/2014 12:00:00 AM"
"13785","16837","5/1/2014 12:00:00 AM"
"13786","13502","8/30/2013 12:00:00 AM"
"13787","5269","6/20/2011 12:00:00 AM"
"13788","7855","12/8/2012 12:00:00 AM"
"13789","15091","9/28/2013 12:00:00 AM"
"13790","14670","3/12/2013 12:00:00 AM"
"13791","3393","3/12/2013 12:00:00 AM"
"13792","4098","4/6/2014 12:00:00 AM"
"13793","10467","2/14/2014 12:00:00 AM"
"13794","6037","4/2/2014 12:00:00 AM"
"13795","14455","2/20/2013 12:00:00 AM"
"13796","2791","5/30/2012 12:00:00 AM"
"13797","17224","11/20/2013 12:00:00 AM"
"13798","17926","1/3/2014 12:00:00 AM"
"13799","16416","12/16/2012 12:00:00 AM"
"13800","1147","3/15/2013 12:00:00 AM"
"13801","9910","12/31/2012 12:00:00 AM"
"13802","1833","11/29/2013 12:00:00 AM"
"13803","1726","9/10/2011 12:00:00 AM"
"13804","2710","12/12/2013 12:00:00 AM"
"13805","1068","2/21/2014 12:00:00 AM"
"13806","4952","12/29/2012 12:00:00 AM"
"13807","12486","12/9/2012 12:00:00 AM"
"13808","11702","1/16/2014 12:00:00 AM"
"13809","658","11/24/2013 12:00:00 AM"
"13810","12804","6/25/2013 12:00:00 AM"
"13811","4788","9/7/2013 12:00:00 AM"
"13812","417","5/17/2014 12:00:00 AM"
"13813","1936","4/24/2014 12:00:00 AM"
"13814","7725","3/30/2013 12:00:00 AM"
"13815","15312","5/14/2014 12:00:00 AM"
"13816","18562","2/8/2014 12:00:00 AM"
"13817","6409","10/31/2012 12:00:00 AM"
"13818","8184","2/16/2014 12:00:00 AM"
"13819","13660","10/10/2013 12:00:00 AM"
"13820","16404","9/13/2013 12:00:00 AM"
"13821","13271","7/15/2012 12:00:00 AM"
"13822","17752","12/26/2013 12:00:00 AM"
"13823","18464","6/4/2012 12:00:00 AM"
"13824","4000","10/10/2013 12:00:00 AM"
"13825","7031","5/16/2014 12:00:00 AM"
"13826","7781","11/9/2012 12:00:00 AM"
"13827","3016","8/1/2013 12:00:00 AM"
"13828","236","7/27/2013 12:00:00 AM"
"13829","4335","2/10/2014 12:00:00 AM"
"13830","4299","1/29/2014 12:00:00 AM"
"13831","3612","4/20/2014 12:00:00 AM"
"13832","6250","1/8/2013 12:00:00 AM"
"13833","9522","2/19/2014 12:00:00 AM"
"13834","8523","2/28/2014 12:00:00 AM"
"13835","8491","8/20/2013 12:00:00 AM"
"13836","5332","1/23/2014 12:00:00 AM"
"13837","13582","10/6/2013 12:00:00 AM"
"13838","1058","12/28/2011 12:00:00 AM"
"13839","14530","5/1/2014 12:00:00 AM"
"13840","11452","2/10/2014 12:00:00 AM"
"13841","11626","9/12/2013 12:00:00 AM"
"13842","8647","1/15/2014 12:00:00 AM"
"13843","8426","3/9/2014 12:00:00 AM"
"13844","16842","4/13/2014 12:00:00 AM"
"13845","7181","6/19/2014 12:00:00 AM"
"13846","4403","3/10/2014 12:00:00 AM"
"13847","14889","3/9/2014 12:00:00 AM"
"13848","15810","4/14/2014 12:00:00 AM"
"13849","15189","11/4/2013 12:00:00 AM"
"13850","758","2/13/2014 12:00:00 AM"
"13851","18273","2/20/2014 12:00:00 AM"
"13852","14186","5/18/2014 12:00:00 AM"
"13853","6260","2/3/2014 12:00:00 AM"
"13854","9138","12/7/2012 12:00:00 AM"
"13855","7339","7/14/2013 12:00:00 AM"
"13856","13993","9/3/2012 12:00:00 AM"
"13857","3567","4/6/2012 12:00:00 AM"
"13858","8151","4/15/2014 12:00:00 AM"
"13859","16657","2/4/2014 12:00:00 AM"
"13860","556","9/19/2013 12:00:00 AM"
"13861","17520","5/21/2012 12:00:00 AM"
"13862","11375","10/17/2012 12:00:00 AM"
"13863","689","6/29/2012 12:00:00 AM"
"13864","6946","7/1/2012 12:00:00 AM"
"13865","7256","11/4/2013 12:00:00 AM"
"13866","3375","9/18/2011 12:00:00 AM"
"13867","14931","1/11/2014 12:00:00 AM"
"13868","9662","9/3/2013 12:00:00 AM"
"13869","1913","12/8/2011 12:00:00 AM"
"13870","2964","12/27/2013 12:00:00 AM"
"13871","8148","5/22/2014 12:00:00 AM"
"13872","212","3/14/2014 12:00:00 AM"
"13873","17345","9/13/2013 12:00:00 AM"
"13874","3552","4/20/2014 12:00:00 AM"
"13875","3857","3/10/2014 12:00:00 AM"
"13876","17090","11/17/2013 12:00:00 AM"
"13877","4674","7/13/2013 12:00:00 AM"
"13878","15094","3/27/2012 12:00:00 AM"
"13879","13377","10/27/2013 12:00:00 AM"
"13880","664","3/31/2014 12:00:00 AM"
"13881","17442","1/14/2014 12:00:00 AM"
"13882","18653","12/7/2012 12:00:00 AM"
"13883","5349","6/27/2012 12:00:00 AM"
"13884","2003","5/28/2012 12:00:00 AM"
"13885","14300","2/10/2013 12:00:00 AM"
"13886","494","10/5/2012 12:00:00 AM"
"13887","3103","4/20/2014 12:00:00 AM"
"13888","13044","5/17/2014 12:00:00 AM"
"13889","961","3/14/2014 12:00:00 AM"
"13890","2334","10/13/2011 12:00:00 AM"
"13891","7019","6/23/2013 12:00:00 AM"
"13892","3473","2/7/2014 12:00:00 AM"
"13893","3903","5/27/2014 12:00:00 AM"
"13894","18475","10/22/2013 12:00:00 AM"
"13895","3216","12/13/2012 12:00:00 AM"
"13896","8917","10/29/2013 12:00:00 AM"
"13897","11385","9/29/2013 12:00:00 AM"
"13898","3218","5/16/2012 12:00:00 AM"
"13899","8587","7/12/2012 12:00:00 AM"
"13900","9453","7/6/2013 12:00:00 AM"
"13901","19051","4/20/2014 12:00:00 AM"
"13902","15081","1/26/2014 12:00:00 AM"
"13903","6323","11/27/2011 12:00:00 AM"
"13904","8095","6/28/2012 12:00:00 AM"
"13905","13425","12/18/2011 12:00:00 AM"
"13906","13586","9/10/2013 12:00:00 AM"
"13907","7052","10/28/2011 12:00:00 AM"
"13908","3500","11/24/2013 12:00:00 AM"
"13909","5605","6/23/2014 12:00:00 AM"
"13910","13848","9/13/2013 12:00:00 AM"
"13911","14021","10/10/2012 12:00:00 AM"
"13912","18467","10/19/2013 12:00:00 AM"
"13913","7150","9/11/2013 12:00:00 AM"
"13914","18899","7/9/2013 12:00:00 AM"
"13915","130","8/6/2013 12:00:00 AM"
"13916","14255","8/25/2012 12:00:00 AM"
"13917","18382","7/4/2011 12:00:00 AM"
"13918","15548","1/17/2014 12:00:00 AM"
"13919","1969","9/1/2013 12:00:00 AM"
"13920","3773","1/23/2014 12:00:00 AM"
"13921","65","10/13/2013 12:00:00 AM"
"13922","11474","9/9/2013 12:00:00 AM"
"13923","16242","4/1/2014 12:00:00 AM"
"13924","7864","9/29/2013 12:00:00 AM"
"13925","9354","12/9/2012 12:00:00 AM"
"13926","7630","4/23/2012 12:00:00 AM"
"13927","17287","10/22/2013 12:00:00 AM"
"13928","7179","4/23/2014 12:00:00 AM"
"13929","15289","9/17/2011 12:00:00 AM"
"13930","8343","10/25/2012 12:00:00 AM"
"13931","12145","11/7/2013 12:00:00 AM"
"13932","1522","11/26/2012 12:00:00 AM"
"13933","17323","3/11/2014 12:00:00 AM"
"13934","8561","3/18/2014 12:00:00 AM"
"13935","9945","11/7/2013 12:00:00 AM"
"13936","6256","10/28/2013 12:00:00 AM"
"13937","10692","9/15/2013 12:00:00 AM"
"13938","9046","11/7/2011 12:00:00 AM"
"13939","14555","10/8/2013 12:00:00 AM"
"13940","2594","5/18/2014 12:00:00 AM"
"13941","12743","3/30/2014 12:00:00 AM"
"13942","18775","3/6/2014 12:00:00 AM"
"13943","16707","1/24/2014 12:00:00 AM"
"13944","10868","4/12/2014 12:00:00 AM"
"13945","16722","12/8/2013 12:00:00 AM"
"13946","18306","5/3/2012 12:00:00 AM"
"13947","5723","10/20/2011 12:00:00 AM"
"13948","9071","7/9/2011 12:00:00 AM"
"13949","9903","11/25/2013 12:00:00 AM"
"13950","401","1/12/2014 12:00:00 AM"
"13951","9184","8/30/2013 12:00:00 AM"
"13952","7949","4/22/2014 12:00:00 AM"
"13953","10616","8/10/2013 12:00:00 AM"
"13954","2015","7/6/2013 12:00:00 AM"
"13955","15191","3/14/2014 12:00:00 AM"
"13956","5879","12/14/2013 12:00:00 AM"
"13957","13322","8/30/2011 12:00:00 AM"
"13958","10972","9/14/2013 12:00:00 AM"
"13959","10071","10/2/2013 12:00:00 AM"
"13960","16048","3/28/2012 12:00:00 AM"
"13961","786","12/17/2011 12:00:00 AM"
"13962","17017","12/29/2013 12:00:00 AM"
"13963","18346","8/5/2013 12:00:00 AM"
"13964","13123","10/16/2013 12:00:00 AM"
"13965","6079","8/7/2013 12:00:00 AM"
"13966","7386","11/30/2012 12:00:00 AM"
"13967","6785","11/18/2012 12:00:00 AM"
"13968","6281","3/5/2014 12:00:00 AM"
"13969","8318","1/27/2014 12:00:00 AM"
"13970","4132","6/19/2012 12:00:00 AM"
"13971","431","10/26/2013 12:00:00 AM"
"13972","13666","1/27/2014 12:00:00 AM"
"13973","11561","5/6/2014 12:00:00 AM"
"13974","12106","2/21/2014 12:00:00 AM"
"13975","12626","7/12/2012 12:00:00 AM"
"13976","1752","6/28/2014 12:00:00 AM"
"13977","108","5/23/2014 12:00:00 AM"
"13978","5860","1/16/2014 12:00:00 AM"
"13979","10815","11/21/2012 12:00:00 AM"
"13980","6841","4/29/2014 12:00:00 AM"
"13981","17387","10/13/2013 12:00:00 AM"
"13982","12254","9/5/2013 12:00:00 AM"
"13983","14977","9/17/2013 12:00:00 AM"
"13984","11066","11/14/2013 12:00:00 AM"
"13985","14906","1/16/2014 12:00:00 AM"
"13986","11128","3/31/2014 12:00:00 AM"
"13987","2434","8/7/2013 12:00:00 AM"
"13988","714","4/22/2014 12:00:00 AM"
"13989","9199","4/12/2013 12:00:00 AM"
"13990","661","8/11/2013 12:00:00 AM"
"13991","15756","4/14/2012 12:00:00 AM"
"13992","4246","1/20/2014 12:00:00 AM"
"13993","3774","12/31/2013 12:00:00 AM"
"13994","7884","1/19/2013 12:00:00 AM"
"13995","7199","3/3/2014 12:00:00 AM"
"13996","6895","1/31/2013 12:00:00 AM"
"13997","11349","5/26/2014 12:00:00 AM"
"13998","17447","1/11/2014 12:00:00 AM"
"13999","942","12/27/2013 12:00:00 AM"
"14000","1606","5/23/2014 12:00:00 AM"
"14001","16419","6/17/2014 12:00:00 AM"
"14002","1138","8/7/2013 12:00:00 AM"
"14003","15553","9/24/2013 12:00:00 AM"
"14004","1892","5/14/2014 12:00:00 AM"
"14005","18311","2/16/2014 12:00:00 AM"
"14006","17620","9/21/2011 12:00:00 AM"
"14007","8058","11/4/2013 12:00:00 AM"
"14008","2131","10/24/2011 12:00:00 AM"
"14009","9696","1/24/2012 12:00:00 AM"
"14010","1759","10/13/2011 12:00:00 AM"
"14011","1578","8/27/2011 12:00:00 AM"
"14012","10796","3/20/2012 12:00:00 AM"
"14013","19017","10/14/2013 12:00:00 AM"
"14014","9115","10/19/2013 12:00:00 AM"
"14015","8874","8/14/2012 12:00:00 AM"
"14016","4502","6/20/2014 12:00:00 AM"
"14017","12888","2/14/2014 12:00:00 AM"
"14018","12536","3/31/2014 12:00:00 AM"
"14019","11332","1/11/2013 12:00:00 AM"
"14020","7642","4/20/2014 12:00:00 AM"
"14021","14787","11/24/2013 12:00:00 AM"
"14022","16325","7/5/2013 12:00:00 AM"
"14023","6273","5/19/2014 12:00:00 AM"
"14024","12449","5/6/2014 12:00:00 AM"
"14025","15619","11/16/2013 12:00:00 AM"
"14026","6931","10/11/2013 12:00:00 AM"
"14027","15107","6/24/2014 12:00:00 AM"
"14028","14044","11/9/2013 12:00:00 AM"
"14029","15065","12/12/2012 12:00:00 AM"
"14030","14901","8/23/2013 12:00:00 AM"
"14031","7135","6/15/2014 12:00:00 AM"
"14032","4521","10/16/2013 12:00:00 AM"
"14033","18969","6/5/2014 12:00:00 AM"
"14034","1532","4/22/2013 12:00:00 AM"
"14035","7856","8/16/2013 12:00:00 AM"
"14036","2644","10/13/2013 12:00:00 AM"
"14037","11112","1/11/2013 12:00:00 AM"
"14038","14836","2/24/2014 12:00:00 AM"
"14039","2492","9/9/2013 12:00:00 AM"
"14040","640","7/10/2013 12:00:00 AM"
"14041","6814","1/10/2013 12:00:00 AM"
"14042","15857","5/14/2014 12:00:00 AM"
"14043","6630","5/7/2013 12:00:00 AM"
"14044","3013","10/9/2013 12:00:00 AM"
"14045","13047","11/10/2013 12:00:00 AM"
"14046","16280","10/24/2013 12:00:00 AM"
"14047","3555","9/6/2013 12:00:00 AM"
"14048","5027","4/22/2014 12:00:00 AM"
"14049","15045","2/19/2014 12:00:00 AM"
"14050","15100","8/18/2013 12:00:00 AM"
"14051","17990","9/3/2013 12:00:00 AM"
"14052","3191","3/13/2014 12:00:00 AM"
"14053","16493","7/12/2012 12:00:00 AM"
"14054","10138","12/7/2013 12:00:00 AM"
"14055","1914","10/23/2013 12:00:00 AM"
"14056","5829","4/24/2013 12:00:00 AM"
"14057","17486","6/14/2014 12:00:00 AM"
"14058","500","9/16/2013 12:00:00 AM"
"14059","10362","11/29/2013 12:00:00 AM"
"14060","9735","7/16/2013 12:00:00 AM"
"14061","15412","6/13/2012 12:00:00 AM"
"14062","1513","5/21/2014 12:00:00 AM"
"14063","11328","11/15/2013 12:00:00 AM"
"14064","16053","10/3/2013 12:00:00 AM"
"14065","10389","12/31/2011 12:00:00 AM"
"14066","7033","2/13/2014 12:00:00 AM"
"14067","17316","11/25/2011 12:00:00 AM"
"14068","10883","1/9/2013 12:00:00 AM"
"14069","13194","6/20/2013 12:00:00 AM"
"14070","6937","1/17/2013 12:00:00 AM"
"14071","18994","2/9/2012 12:00:00 AM"
"14072","5245","5/14/2014 12:00:00 AM"
"14073","7354","2/27/2013 12:00:00 AM"
"14074","4655","5/16/2012 12:00:00 AM"
"14075","17514","11/29/2012 12:00:00 AM"
"14076","13204","10/15/2011 12:00:00 AM"
"14077","8483","12/6/2013 12:00:00 AM"
"14078","4319","5/31/2011 12:00:00 AM"
"14079","10048","7/31/2013 12:00:00 AM"
"14080","2089","7/22/2012 12:00:00 AM"
"14081","772","1/5/2014 12:00:00 AM"
"14082","5124","10/8/2013 12:00:00 AM"
"14083","15016","1/25/2013 12:00:00 AM"
"14084","17135","8/9/2013 12:00:00 AM"
"14085","407","2/23/2014 12:00:00 AM"
"14086","911","4/4/2013 12:00:00 AM"
"14087","3587","4/20/2014 12:00:00 AM"
"14088","16916","3/12/2013 12:00:00 AM"
"14089","6327","8/17/2013 12:00:00 AM"
"14090","6466","3/8/2014 12:00:00 AM"
"14091","3524","4/8/2014 12:00:00 AM"
"14092","9777","3/30/2014 12:00:00 AM"
"14093","10262","2/3/2014 12:00:00 AM"
"14094","18904","7/7/2013 12:00:00 AM"
"14095","8466","9/13/2013 12:00:00 AM"
"14096","11603","8/20/2013 12:00:00 AM"
"14097","12570","1/2/2013 12:00:00 AM"
"14098","6458","10/16/2013 12:00:00 AM"
"14099","9034","1/30/2014 12:00:00 AM"
"14100","17718","7/20/2013 12:00:00 AM"
"14101","14120","4/13/2013 12:00:00 AM"
"14102","1942","4/13/2014 12:00:00 AM"
"14103","15545","7/23/2013 12:00:00 AM"
"14104","17646","8/31/2013 12:00:00 AM"
"14105","10307","1/8/2014 12:00:00 AM"
"14106","16856","1/31/2014 12:00:00 AM"
"14107","12634","6/11/2012 12:00:00 AM"
"14108","11111","6/2/2013 12:00:00 AM"
"14109","13675","1/26/2014 12:00:00 AM"
"14110","7213","3/11/2014 12:00:00 AM"
"14111","5681","1/17/2013 12:00:00 AM"
"14112","4382","5/7/2014 12:00:00 AM"
"14113","12187","12/1/2013 12:00:00 AM"
"14114","2175","4/8/2014 12:00:00 AM"
"14115","13150","2/12/2014 12:00:00 AM"
"14116","8660","1/21/2014 12:00:00 AM"
"14117","17349","2/23/2013 12:00:00 AM"
"14118","3126","5/24/2014 12:00:00 AM"
"14119","16565","2/3/2012 12:00:00 AM"
"14120","13924","3/4/2014 12:00:00 AM"
"14121","1368","12/18/2013 12:00:00 AM"
"14122","613","11/21/2013 12:00:00 AM"
"14123","14285","2/10/2012 12:00:00 AM"
"14124","14537","3/18/2014 12:00:00 AM"
"14125","11935","1/5/2014 12:00:00 AM"
"14126","18193","1/10/2014 12:00:00 AM"
"14127","11757","7/29/2011 12:00:00 AM"
"14128","11930","3/31/2014 12:00:00 AM"
"14129","6242","11/30/2013 12:00:00 AM"
"14130","42","7/1/2013 12:00:00 AM"
"14131","8300","8/11/2013 12:00:00 AM"
"14132","13023","2/3/2014 12:00:00 AM"
"14133","17649","5/28/2014 12:00:00 AM"
"14134","10268","2/24/2013 12:00:00 AM"
"14135","16845","3/6/2014 12:00:00 AM"
"14136","13865","4/2/2012 12:00:00 AM"
"14137","12018","10/1/2013 12:00:00 AM"
"14138","12791","1/26/2014 12:00:00 AM"
"14139","193","4/30/2013 12:00:00 AM"
"14140","6377","11/24/2013 12:00:00 AM"
"14141","11024","3/22/2012 12:00:00 AM"
"14142","2045","2/11/2014 12:00:00 AM"
"14143","3668","2/7/2014 12:00:00 AM"
"14144","15284","11/24/2013 12:00:00 AM"
"14145","4960","5/27/2014 12:00:00 AM"
"14146","1482","11/11/2013 12:00:00 AM"
"14147","150","6/29/2013 12:00:00 AM"
"14148","12616","9/12/2012 12:00:00 AM"
"14149","5499","9/21/2013 12:00:00 AM"
"14150","6188","6/9/2014 12:00:00 AM"
"14151","7005","9/27/2013 12:00:00 AM"
"14152","2932","11/20/2013 12:00:00 AM"
"14153","3154","8/18/2012 12:00:00 AM"
"14154","15365","6/9/2011 12:00:00 AM"
"14155","7209","3/25/2014 12:00:00 AM"
"14156","6524","11/2/2013 12:00:00 AM"
"14157","17466","1/16/2014 12:00:00 AM"
"14158","6585","10/12/2013 12:00:00 AM"
"14159","5214","1/28/2014 12:00:00 AM"
"14160","15060","2/26/2014 12:00:00 AM"
"14161","18285","10/20/2013 12:00:00 AM"
"14162","9110","9/19/2013 12:00:00 AM"
"14163","16549","6/30/2013 12:00:00 AM"
"14164","14548","3/14/2013 12:00:00 AM"
"14165","18986","6/10/2012 12:00:00 AM"
"14166","6038","7/30/2013 12:00:00 AM"
"14167","19226","2/3/2014 12:00:00 AM"
"14168","922","8/15/2013 12:00:00 AM"
"14169","17784","4/25/2014 12:00:00 AM"
"14170","9754","9/17/2013 12:00:00 AM"
"14171","8872","4/15/2014 12:00:00 AM"
"14172","3864","2/27/2014 12:00:00 AM"
"14173","4156","10/31/2013 12:00:00 AM"
"14174","5887","12/17/2013 12:00:00 AM"
"14175","10282","3/3/2014 12:00:00 AM"
"14176","2496","11/24/2011 12:00:00 AM"
"14177","5818","8/2/2013 12:00:00 AM"
"14178","10873","2/21/2013 12:00:00 AM"
"14179","12859","4/20/2012 12:00:00 AM"
"14180","18036","3/14/2014 12:00:00 AM"
"14181","5008","3/17/2014 12:00:00 AM"
"14182","18195","9/23/2013 12:00:00 AM"
"14183","11534","8/3/2013 12:00:00 AM"
"14184","17597","11/8/2013 12:00:00 AM"
"14185","18462","3/26/2012 12:00:00 AM"
"14186","17819","5/6/2012 12:00:00 AM"
"14187","1125","1/1/2014 12:00:00 AM"
"14188","10525","8/12/2012 12:00:00 AM"
"14189","13847","11/30/2013 12:00:00 AM"
"14190","4599","1/9/2014 12:00:00 AM"
"14191","7907","4/14/2014 12:00:00 AM"
"14192","7732","4/14/2014 12:00:00 AM"
"14193","14340","5/17/2014 12:00:00 AM"
"14194","17698","1/25/2012 12:00:00 AM"
"14195","10209","5/8/2012 12:00:00 AM"
"14196","4176","2/25/2013 12:00:00 AM"
"14197","18220","3/31/2012 12:00:00 AM"
"14198","13619","4/15/2012 12:00:00 AM"
"14199","9503","1/17/2012 12:00:00 AM"
"14200","12165","8/22/2013 12:00:00 AM"
"14201","8825","1/13/2014 12:00:00 AM"
"14202","15023","10/27/2012 12:00:00 AM"
"14203","4356","9/14/2013 12:00:00 AM"
"14204","15992","5/5/2014 12:00:00 AM"
"14205","4593","3/24/2014 12:00:00 AM"
"14206","9398","12/25/2012 12:00:00 AM"
"14207","7962","8/22/2013 12:00:00 AM"
"14208","11372","12/24/2013 12:00:00 AM"
"14209","13822","3/26/2013 12:00:00 AM"
"14210","7268","11/6/2013 12:00:00 AM"
"14211","9971","11/1/2013 12:00:00 AM"
"14212","18665","4/4/2014 12:00:00 AM"
"14213","10424","6/28/2013 12:00:00 AM"
"14214","5956","3/27/2013 12:00:00 AM"
"14215","10040","6/30/2013 12:00:00 AM"
"14216","7034","8/16/2013 12:00:00 AM"
"14217","6168","7/10/2011 12:00:00 AM"
"14218","9438","4/12/2014 12:00:00 AM"
"14219","10872","10/20/2013 12:00:00 AM"
"14220","5727","11/18/2013 12:00:00 AM"
"14221","1834","4/10/2012 12:00:00 AM"
"14222","2679","9/12/2013 12:00:00 AM"
"14223","6540","11/9/2013 12:00:00 AM"
"14224","8403","4/5/2014 12:00:00 AM"
"14225","9546","1/27/2014 12:00:00 AM"
"14226","11246","11/9/2012 12:00:00 AM"
"14227","17216","3/6/2014 12:00:00 AM"
"14228","12525","4/3/2014 12:00:00 AM"
"14229","15778","12/23/2012 12:00:00 AM"
"14230","13306","2/20/2014 12:00:00 AM"
"14231","14929","9/18/2013 12:00:00 AM"
"14232","13267","10/12/2013 12:00:00 AM"
"14233","17199","9/19/2013 12:00:00 AM"
"14234","13638","12/5/2013 12:00:00 AM"
"14235","8613","3/8/2014 12:00:00 AM"
"14236","12034","12/10/2013 12:00:00 AM"
"14237","6806","12/7/2013 12:00:00 AM"
"14238","4875","10/23/2013 12:00:00 AM"
"14239","2324","11/24/2013 12:00:00 AM"
"14240","16360","9/17/2013 12:00:00 AM"
"14241","74","6/26/2014 12:00:00 AM"
"14242","9667","10/21/2013 12:00:00 AM"
"14243","2990","3/24/2014 12:00:00 AM"
"14244","14793","4/21/2014 12:00:00 AM"
"14245","5745","2/6/2014 12:00:00 AM"
"14246","17156","4/9/2014 12:00:00 AM"
"14247","18400","11/18/2012 12:00:00 AM"
"14248","4397","7/22/2013 12:00:00 AM"
"14249","17942","5/22/2014 12:00:00 AM"
"14250","10777","12/14/2013 12:00:00 AM"
"14251","9273","7/27/2013 12:00:00 AM"
"14252","6262","4/25/2014 12:00:00 AM"
"14253","7917","12/1/2013 12:00:00 AM"
"14254","17813","8/18/2012 12:00:00 AM"
"14255","9448","2/1/2014 12:00:00 AM"
"14256","11484","3/25/2013 12:00:00 AM"
"14257","6652","7/14/2013 12:00:00 AM"
"14258","16232","3/12/2014 12:00:00 AM"
"14259","4531","10/22/2011 12:00:00 AM"
"14260","11270","5/2/2014 12:00:00 AM"
"14261","13829","5/14/2014 12:00:00 AM"
"14262","16608","9/19/2013 12:00:00 AM"
"14263","7858","5/9/2012 12:00:00 AM"
"14264","5338","5/25/2014 12:00:00 AM"
"14265","15082","12/16/2013 12:00:00 AM"
"14266","14797","10/9/2013 12:00:00 AM"
"14267","3176","9/28/2011 12:00:00 AM"
"14268","8026","9/10/2011 12:00:00 AM"
"14269","13740","10/5/2013 12:00:00 AM"
"14270","7738","9/16/2012 12:00:00 AM"
"14271","10574","2/8/2014 12:00:00 AM"
"14272","17421","8/10/2013 12:00:00 AM"
"14273","10390","12/1/2013 12:00:00 AM"
"14274","10269","9/30/2013 12:00:00 AM"
"14275","17352","8/21/2013 12:00:00 AM"
"14276","2163","9/8/2013 12:00:00 AM"
"14277","6509","1/7/2014 12:00:00 AM"
"14278","8806","8/10/2013 12:00:00 AM"
"14279","7492","6/29/2014 12:00:00 AM"
"14280","3627","7/23/2013 12:00:00 AM"
"14281","2965","9/8/2013 12:00:00 AM"
"14282","3942","4/23/2014 12:00:00 AM"
"14283","8990","11/28/2013 12:00:00 AM"
"14284","17904","12/23/2013 12:00:00 AM"
"14285","13266","5/19/2014 12:00:00 AM"
"14286","2126","9/13/2013 12:00:00 AM"
"14287","4732","1/4/2014 12:00:00 AM"
"14288","6391","4/1/2014 12:00:00 AM"
"14289","17994","10/2/2013 12:00:00 AM"
"14290","14808","4/25/2014 12:00:00 AM"
"14291","6530","11/29/2011 12:00:00 AM"
"14292","1756","1/8/2014 12:00:00 AM"
"14293","989","3/7/2014 12:00:00 AM"
"14294","8141","11/29/2013 12:00:00 AM"
"14295","2118","1/12/2013 12:00:00 AM"
"14296","2552","1/8/2014 12:00:00 AM"
"14297","17319","4/9/2013 12:00:00 AM"
"14298","12889","8/25/2013 12:00:00 AM"
"14299","10588","2/9/2014 12:00:00 AM"
"14300","11204","11/18/2013 12:00:00 AM"
"14301","17875","6/28/2014 12:00:00 AM"
"14302","18516","5/16/2013 12:00:00 AM"
"14303","3350","6/27/2014 12:00:00 AM"
"14304","6964","7/25/2013 12:00:00 AM"
"14305","16244","9/19/2013 12:00:00 AM"
"14306","10696","5/16/2014 12:00:00 AM"
"14307","18713","10/30/2013 12:00:00 AM"
"14308","11944","12/6/2011 12:00:00 AM"
"14309","4351","5/3/2014 12:00:00 AM"
"14310","3264","4/28/2013 12:00:00 AM"
"14311","1847","12/30/2013 12:00:00 AM"
"14312","15699","11/14/2013 12:00:00 AM"
"14313","8140","5/22/2014 12:00:00 AM"
"14314","6408","10/3/2013 12:00:00 AM"
"14315","17327","3/2/2012 12:00:00 AM"
"14316","671","3/1/2014 12:00:00 AM"
"14317","8910","10/29/2011 12:00:00 AM"
"14318","15085","12/30/2013 12:00:00 AM"
"14319","16116","6/22/2014 12:00:00 AM"
"14320","4093","4/4/2013 12:00:00 AM"
"14321","7978","4/19/2014 12:00:00 AM"
"14322","7925","7/29/2013 12:00:00 AM"
"14323","1478","7/7/2013 12:00:00 AM"
"14324","10438","5/8/2014 12:00:00 AM"
"14325","1051","10/1/2013 12:00:00 AM"
"14326","10762","10/1/2012 12:00:00 AM"
"14327","5384","4/8/2014 12:00:00 AM"
"14328","9132","8/4/2013 12:00:00 AM"
"14329","6034","5/21/2014 12:00:00 AM"
"14330","3849","7/14/2013 12:00:00 AM"
"14331","10421","3/24/2014 12:00:00 AM"
"14332","15062","5/1/2012 12:00:00 AM"
"14333","12441","9/21/2012 12:00:00 AM"
"14334","4926","12/30/2012 12:00:00 AM"
"14335","3305","4/14/2014 12:00:00 AM"
"14336","19098","5/16/2014 12:00:00 AM"
"14337","13528","9/20/2013 12:00:00 AM"
"14338","19082","2/7/2014 12:00:00 AM"
"14339","362","6/5/2014 12:00:00 AM"
"14340","14199","9/16/2013 12:00:00 AM"
"14341","5143","11/18/2013 12:00:00 AM"
"14342","18223","7/28/2013 12:00:00 AM"
"14343","7629","9/12/2012 12:00:00 AM"
"14344","13048","1/30/2012 12:00:00 AM"
"14345","2620","8/1/2013 12:00:00 AM"
"14346","4982","8/24/2013 12:00:00 AM"
"14347","5087","6/30/2013 12:00:00 AM"
"14348","3411","5/25/2012 12:00:00 AM"
"14349","3493","3/27/2014 12:00:00 AM"
"14350","5969","1/1/2014 12:00:00 AM"
"14351","4099","5/11/2014 12:00:00 AM"
"14352","11135","8/24/2013 12:00:00 AM"
"14353","3989","1/3/2013 12:00:00 AM"
"14354","3880","1/27/2014 12:00:00 AM"
"14355","13175","9/10/2013 12:00:00 AM"
"14356","2983","7/10/2013 12:00:00 AM"
"14357","12502","2/10/2014 12:00:00 AM"
"14358","7394","9/12/2013 12:00:00 AM"
"14359","4428","7/30/2011 12:00:00 AM"
"14360","2527","7/14/2013 12:00:00 AM"
"14361","12370","10/17/2013 12:00:00 AM"
"14362","10155","3/5/2014 12:00:00 AM"
"14363","16229","9/6/2013 12:00:00 AM"
"14364","11234","10/13/2013 12:00:00 AM"
"14365","13501","9/12/2013 12:00:00 AM"
"14366","3607","9/12/2013 12:00:00 AM"
"14367","8889","8/12/2012 12:00:00 AM"
"14368","17423","3/2/2014 12:00:00 AM"
"14369","14825","7/16/2013 12:00:00 AM"
"14370","8214","5/9/2014 12:00:00 AM"
"14371","2339","12/4/2013 12:00:00 AM"
"14372","19237","6/20/2014 12:00:00 AM"
"14373","13814","1/10/2014 12:00:00 AM"
"14374","6640","6/7/2011 12:00:00 AM"
"14375","7233","1/23/2014 12:00:00 AM"
"14376","5975","4/26/2013 12:00:00 AM"
"14377","17027","11/15/2012 12:00:00 AM"
"14378","5586","5/9/2013 12:00:00 AM"
"14379","5394","6/29/2012 12:00:00 AM"
"14380","15410","8/28/2013 12:00:00 AM"
"14381","1148","5/22/2014 12:00:00 AM"
"14382","17245","3/17/2013 12:00:00 AM"
"14383","7640","11/9/2013 12:00:00 AM"
"14384","4390","11/12/2011 12:00:00 AM"
"14385","11993","10/24/2013 12:00:00 AM"
"14386","4923","8/21/2013 12:00:00 AM"
"14387","8853","11/3/2012 12:00:00 AM"
"14388","1389","6/7/2014 12:00:00 AM"
"14389","16446","6/9/2014 12:00:00 AM"
"14390","6833","5/25/2014 12:00:00 AM"
"14391","16623","10/22/2013 12:00:00 AM"
"14392","17437","11/10/2012 12:00:00 AM"
"14393","11528","8/5/2011 12:00:00 AM"
"14394","6871","9/19/2012 12:00:00 AM"
"14395","6699","12/24/2013 12:00:00 AM"
"14396","14943","12/17/2013 12:00:00 AM"
"14397","292","11/8/2012 12:00:00 AM"
"14398","16211","12/16/2013 12:00:00 AM"
"14399","3083","3/15/2014 12:00:00 AM"
"14400","16100","8/9/2013 12:00:00 AM"
"14401","2344","8/6/2013 12:00:00 AM"
"14402","15806","5/13/2012 12:00:00 AM"
"14403","6821","8/4/2013 12:00:00 AM"
"14404","8841","4/25/2014 12:00:00 AM"
"14405","8443","1/27/2014 12:00:00 AM"
"14406","11557","4/19/2014 12:00:00 AM"
"14407","9407","4/6/2014 12:00:00 AM"
"14408","13279","6/27/2014 12:00:00 AM"
"14409","11566","9/17/2013 12:00:00 AM"
"14410","15033","5/10/2014 12:00:00 AM"
"14411","4492","3/27/2014 12:00:00 AM"
"14412","18213","5/29/2014 12:00:00 AM"
"14413","18140","5/9/2013 12:00:00 AM"
"14414","8239","5/20/2014 12:00:00 AM"
"14415","3141","6/12/2014 12:00:00 AM"
"14416","7665","11/17/2011 12:00:00 AM"
"14417","8034","7/17/2013 12:00:00 AM"
"14418","18673","5/17/2014 12:00:00 AM"
"14419","15438","7/15/2011 12:00:00 AM"
"14420","7681","12/8/2013 12:00:00 AM"
"14421","4032","5/6/2014 12:00:00 AM"
"14422","17379","8/2/2013 12:00:00 AM"
"14423","5084","12/23/2013 12:00:00 AM"
"14424","7345","10/29/2013 12:00:00 AM"
"14425","1806","10/7/2012 12:00:00 AM"
"14426","7737","4/20/2014 12:00:00 AM"
"14427","7032","12/23/2012 12:00:00 AM"
"14428","550","5/21/2014 12:00:00 AM"
"14429","14659","4/2/2014 12:00:00 AM"
"14430","15158","3/10/2014 12:00:00 AM"
"14431","11523","7/2/2013 12:00:00 AM"
"14432","999","12/31/2013 12:00:00 AM"
"14433","12088","4/27/2014 12:00:00 AM"
"14434","13583","5/19/2014 12:00:00 AM"
"14435","7247","10/20/2012 12:00:00 AM"
"14436","8286","7/16/2013 12:00:00 AM"
"14437","16766","9/5/2013 12:00:00 AM"
"14438","4186","1/25/2014 12:00:00 AM"
"14439","9145","3/12/2014 12:00:00 AM"
"14440","14249","10/4/2013 12:00:00 AM"
"14441","10866","5/15/2014 12:00:00 AM"
"14442","3793","1/24/2014 12:00:00 AM"
"14443","19062","11/24/2011 12:00:00 AM"
"14444","11544","11/24/2013 12:00:00 AM"
"14445","5001","4/26/2014 12:00:00 AM"
"14446","1301","7/6/2011 12:00:00 AM"
"14447","12773","6/16/2013 12:00:00 AM"
"14448","11344","9/1/2013 12:00:00 AM"
"14449","17471","9/10/2013 12:00:00 AM"
"14450","11851","11/29/2013 12:00:00 AM"
"14451","15562","1/23/2012 12:00:00 AM"
"14452","4350","7/31/2013 12:00:00 AM"
"14453","10705","4/22/2014 12:00:00 AM"
"14454","18216","11/5/2012 12:00:00 AM"
"14455","8471","5/8/2014 12:00:00 AM"
"14456","17616","9/9/2013 12:00:00 AM"
"14457","7415","3/5/2014 12:00:00 AM"
"14458","12260","7/24/2013 12:00:00 AM"
"14459","6500","1/26/2012 12:00:00 AM"
"14460","1594","9/12/2013 12:00:00 AM"
"14461","7685","5/2/2014 12:00:00 AM"
"14462","11356","7/20/2013 12:00:00 AM"
"14463","8265","8/6/2013 12:00:00 AM"
"14464","5273","7/19/2013 12:00:00 AM"
"14465","1355","12/9/2013 12:00:00 AM"
"14466","13091","7/8/2012 12:00:00 AM"
"14467","2240","1/24/2013 12:00:00 AM"
"14468","10464","3/18/2014 12:00:00 AM"
"14469","15418","4/29/2014 12:00:00 AM"
"14470","1377","1/27/2014 12:00:00 AM"
"14471","5450","11/19/2013 12:00:00 AM"
"14472","4975","9/8/2013 12:00:00 AM"
"14473","6121","1/1/2014 12:00:00 AM"
"14474","3021","11/27/2011 12:00:00 AM"
"14475","17565","6/6/2012 12:00:00 AM"
"14476","17619","12/6/2013 12:00:00 AM"
"14477","8190","8/8/2013 12:00:00 AM"
"14478","14029","9/5/2013 12:00:00 AM"
"14479","6230","4/30/2014 12:00:00 AM"
"14480","10276","7/17/2013 12:00:00 AM"
"14481","3646","1/22/2014 12:00:00 AM"
"14482","16057","11/11/2013 12:00:00 AM"
"14483","12286","10/4/2013 12:00:00 AM"
"14484","9251","3/24/2014 12:00:00 AM"
"14485","169","6/14/2012 12:00:00 AM"
"14486","4120","12/8/2011 12:00:00 AM"
"14487","5873","6/4/2011 12:00:00 AM"
"14488","6491","12/3/2012 12:00:00 AM"
"14489","14658","6/25/2014 12:00:00 AM"
"14490","17225","5/12/2014 12:00:00 AM"
"14491","15421","2/8/2013 12:00:00 AM"
"14492","17577","6/28/2013 12:00:00 AM"
"14493","11527","1/1/2014 12:00:00 AM"
"14494","11251","5/6/2014 12:00:00 AM"
"14495","2578","3/22/2012 12:00:00 AM"
"14496","17009","5/17/2014 12:00:00 AM"
"14497","1749","9/3/2013 12:00:00 AM"
"14498","18198","8/27/2013 12:00:00 AM"
"14499","18057","9/8/2013 12:00:00 AM"
"14500","13096","2/16/2014 12:00:00 AM"
"14501","14117","1/5/2014 12:00:00 AM"
"14502","14717","1/3/2014 12:00:00 AM"
"14503","13594","6/27/2014 12:00:00 AM"
"14504","2298","7/24/2012 12:00:00 AM"
"14505","93","9/25/2013 12:00:00 AM"
"14506","4561","3/14/2014 12:00:00 AM"
"14507","6089","11/14/2013 12:00:00 AM"
"14508","14342","6/28/2014 12:00:00 AM"
"14509","302","5/2/2013 12:00:00 AM"
"14510","11595","9/11/2013 12:00:00 AM"
"14511","17172","7/10/2013 12:00:00 AM"
"14512","8367","8/10/2013 12:00:00 AM"
"14513","11802","3/19/2013 12:00:00 AM"
"14514","2295","10/15/2013 12:00:00 AM"
"14515","6557","10/24/2013 12:00:00 AM"
"14516","13813","3/12/2014 12:00:00 AM"
"14517","12323","4/3/2012 12:00:00 AM"
"14518","4209","12/9/2013 12:00:00 AM"
"14519","18577","7/28/2013 12:00:00 AM"
"14520","9341","7/27/2013 12:00:00 AM"
"14521","7620","3/15/2014 12:00:00 AM"
"14522","16088","11/14/2013 12:00:00 AM"
"14523","9592","10/19/2011 12:00:00 AM"
"14524","12200","1/27/2014 12:00:00 AM"
"14525","64","10/13/2013 12:00:00 AM"
"14526","6921","12/27/2012 12:00:00 AM"
"14527","17816","1/24/2014 12:00:00 AM"
"14528","16802","1/21/2014 12:00:00 AM"
"14529","15612","6/18/2012 12:00:00 AM"
"14530","3733","12/23/2013 12:00:00 AM"
"14531","9466","12/14/2011 12:00:00 AM"
"14532","4715","4/7/2013 12:00:00 AM"
"14533","9542","1/29/2012 12:00:00 AM"
"14534","11835","2/12/2014 12:00:00 AM"
"14535","17776","5/25/2013 12:00:00 AM"
"14536","1985","2/19/2014 12:00:00 AM"
"14537","9985","12/8/2013 12:00:00 AM"
"14538","1265","2/1/2013 12:00:00 AM"
"14539","14565","8/8/2013 12:00:00 AM"
"14540","16897","2/17/2014 12:00:00 AM"
"14541","7794","9/12/2013 12:00:00 AM"
"14542","1852","11/13/2013 12:00:00 AM"
"14543","18055","8/7/2013 12:00:00 AM"
"14544","14052","2/7/2014 12:00:00 AM"
"14545","18409","8/31/2013 12:00:00 AM"
"14546","6926","11/19/2013 12:00:00 AM"
"14547","10618","10/13/2011 12:00:00 AM"
"14548","1680","9/10/2013 12:00:00 AM"
"14549","16302","7/1/2013 12:00:00 AM"
"14550","104","7/12/2013 12:00:00 AM"
"14551","7085","5/31/2012 12:00:00 AM"
"14552","4989","3/14/2012 12:00:00 AM"
"14553","12010","4/1/2014 12:00:00 AM"
"14554","4752","4/28/2014 12:00:00 AM"
"14555","5643","10/13/2013 12:00:00 AM"
"14556","1551","1/23/2014 12:00:00 AM"
"14557","2638","4/22/2013 12:00:00 AM"
"14558","5687","4/1/2014 12:00:00 AM"
"14559","14960","8/23/2013 12:00:00 AM"
"14560","7490","7/4/2013 12:00:00 AM"
"14561","12864","12/14/2012 12:00:00 AM"
"14562","15250","2/3/2014 12:00:00 AM"
"14563","3373","8/17/2013 12:00:00 AM"
"14564","7237","2/3/2014 12:00:00 AM"
"14565","7433","6/19/2014 12:00:00 AM"
"14566","8030","11/3/2013 12:00:00 AM"
"14567","9809","3/29/2014 12:00:00 AM"
"14568","14103","3/31/2012 12:00:00 AM"
"14569","256","5/16/2014 12:00:00 AM"
"14570","1448","8/21/2013 12:00:00 AM"
"14571","11107","12/27/2013 12:00:00 AM"
"14572","5175","11/15/2013 12:00:00 AM"
"14573","3860","4/22/2013 12:00:00 AM"
"14574","16538","8/1/2013 12:00:00 AM"
"14575","580","10/11/2013 12:00:00 AM"
"14576","5934","8/7/2013 12:00:00 AM"
"14577","12575","3/19/2014 12:00:00 AM"
"14578","15558","1/19/2013 12:00:00 AM"
"14579","1458","8/10/2012 12:00:00 AM"
"14580","11862","3/21/2013 12:00:00 AM"
"14581","14043","5/29/2014 12:00:00 AM"
"14582","11324","11/28/2013 12:00:00 AM"
"14583","861","4/10/2014 12:00:00 AM"
"14584","18098","7/16/2012 12:00:00 AM"
"14585","16616","8/25/2012 12:00:00 AM"
"14586","11937","12/19/2013 12:00:00 AM"
"14587","10924","12/31/2013 12:00:00 AM"
"14588","9343","9/17/2011 12:00:00 AM"
"14589","2498","7/4/2013 12:00:00 AM"
"14590","2275","4/4/2014 12:00:00 AM"
"14591","18348","1/21/2014 12:00:00 AM"
"14592","12290","7/4/2013 12:00:00 AM"
"14593","6467","4/25/2014 12:00:00 AM"
"14594","7752","9/22/2013 12:00:00 AM"
"14595","9311","7/6/2013 12:00:00 AM"
"14596","438","3/15/2014 12:00:00 AM"
"14597","14203","11/23/2013 12:00:00 AM"
"14598","17879","8/8/2013 12:00:00 AM"
"14599","18945","10/12/2013 12:00:00 AM"
"14600","16492","7/1/2013 12:00:00 AM"
"14601","14871","12/22/2013 12:00:00 AM"
"14602","15451","9/26/2011 12:00:00 AM"
"14603","8782","1/19/2013 12:00:00 AM"
"14604","10720","7/31/2013 12:00:00 AM"
"14605","6229","9/12/2013 12:00:00 AM"
"14606","1154","1/3/2013 12:00:00 AM"
"14607","15661","7/23/2013 12:00:00 AM"
"14608","9960","6/21/2014 12:00:00 AM"
"14609","16528","3/2/2014 12:00:00 AM"
"14610","6847","7/10/2012 12:00:00 AM"
"14611","13838","3/2/2014 12:00:00 AM"
"14612","14749","10/27/2013 12:00:00 AM"
"14613","12315","6/21/2011 12:00:00 AM"
"14614","6278","10/24/2013 12:00:00 AM"
"14615","18421","2/14/2012 12:00:00 AM"
"14616","213","12/30/2011 12:00:00 AM"
"14617","14307","3/18/2014 12:00:00 AM"
"14618","14496","8/30/2011 12:00:00 AM"
"14619","1117","7/29/2013 12:00:00 AM"
"14620","17974","6/23/2013 12:00:00 AM"
"14621","11079","5/7/2014 12:00:00 AM"
"14622","9638","3/15/2014 12:00:00 AM"
"14623","4542","1/17/2014 12:00:00 AM"
"14624","2189","9/14/2013 12:00:00 AM"
"14625","1464","6/15/2012 12:00:00 AM"
"14626","12778","3/12/2013 12:00:00 AM"
"14627","15881","3/14/2014 12:00:00 AM"
"14628","6218","6/24/2012 12:00:00 AM"
"14629","18788","8/12/2013 12:00:00 AM"
"14630","18092","1/6/2014 12:00:00 AM"
"14631","14663","9/2/2013 12:00:00 AM"
"14632","13623","6/25/2014 12:00:00 AM"
"14633","315","5/7/2012 12:00:00 AM"
"14634","2346","9/22/2011 12:00:00 AM"
"14635","1328","4/29/2013 12:00:00 AM"
"14636","15582","5/25/2014 12:00:00 AM"
"14637","17145","5/18/2013 12:00:00 AM"
"14638","12359","8/15/2013 12:00:00 AM"
"14639","17622","9/5/2013 12:00:00 AM"
"14640","12848","2/8/2014 12:00:00 AM"
"14641","6837","5/7/2014 12:00:00 AM"
"14642","5194","7/10/2013 12:00:00 AM"
"14643","1366","7/12/2013 12:00:00 AM"
"14644","17089","3/10/2014 12:00:00 AM"
"14645","2725","8/10/2013 12:00:00 AM"
"14646","1728","6/29/2013 12:00:00 AM"
"14647","10116","11/4/2012 12:00:00 AM"
"14648","15067","4/21/2014 12:00:00 AM"
"14649","1453","11/13/2013 12:00:00 AM"
"14650","3930","6/26/2014 12:00:00 AM"
"14651","11763","11/6/2013 12:00:00 AM"
"14652","9602","10/3/2013 12:00:00 AM"
"14653","6222","4/6/2012 12:00:00 AM"
"14654","4884","1/23/2014 12:00:00 AM"
"14655","11634","10/5/2013 12:00:00 AM"
"14656","1289","10/2/2013 12:00:00 AM"
"14657","2801","10/4/2011 12:00:00 AM"
"14658","8352","1/5/2014 12:00:00 AM"
"14659","11583","11/2/2013 12:00:00 AM"
"14660","12431","12/29/2013 12:00:00 AM"
"14661","8113","9/13/2013 12:00:00 AM"
"14662","8045","3/30/2014 12:00:00 AM"
"14663","13323","6/8/2011 12:00:00 AM"
"14664","8233","12/1/2012 12:00:00 AM"
"14665","13129","5/19/2014 12:00:00 AM"
"14666","2600","3/24/2013 12:00:00 AM"
"14667","3348","5/17/2012 12:00:00 AM"
"14668","17275","4/16/2014 12:00:00 AM"
"14669","18009","5/11/2013 12:00:00 AM"
"14670","14962","12/20/2013 12:00:00 AM"
"14671","14879","2/27/2014 12:00:00 AM"
"14672","14646","2/11/2014 12:00:00 AM"
"14673","13554","6/27/2011 12:00:00 AM"
"14674","12593","7/24/2013 12:00:00 AM"
"14675","10122","6/11/2014 12:00:00 AM"
"14676","5763","11/5/2012 12:00:00 AM"
"14677","421","11/28/2013 12:00:00 AM"
"14678","8060","3/30/2014 12:00:00 AM"
"14679","12471","8/15/2013 12:00:00 AM"
"14680","2654","2/28/2014 12:00:00 AM"
"14681","2430","11/25/2012 12:00:00 AM"
"14682","5506","2/16/2014 12:00:00 AM"
"14683","9097","1/22/2014 12:00:00 AM"
"14684","486","5/23/2012 12:00:00 AM"
"14685","11269","3/10/2013 12:00:00 AM"
"14686","9163","3/17/2014 12:00:00 AM"
"14687","3676","10/18/2013 12:00:00 AM"
"14688","15382","4/20/2014 12:00:00 AM"
"14689","13761","3/24/2014 12:00:00 AM"
"14690","2630","8/26/2011 12:00:00 AM"
"14691","12116","2/15/2013 12:00:00 AM"
"14692","5732","7/4/2013 12:00:00 AM"
"14693","3233","4/6/2013 12:00:00 AM"
"14694","15743","3/12/2013 12:00:00 AM"
"14695","13109","1/11/2014 12:00:00 AM"
"14696","12345","5/8/2014 12:00:00 AM"
"14697","3011","11/3/2013 12:00:00 AM"
"14698","4827","11/10/2013 12:00:00 AM"
"14699","5039","9/27/2013 12:00:00 AM"
"14700","18362","12/29/2012 12:00:00 AM"
"14701","10291","1/10/2014 12:00:00 AM"
"14702","14914","6/14/2014 12:00:00 AM"
"14703","7705","4/6/2014 12:00:00 AM"
"14704","12685","7/12/2013 12:00:00 AM"
"14705","15905","9/4/2011 12:00:00 AM"
"14706","18026","5/21/2014 12:00:00 AM"
"14707","5485","2/3/2014 12:00:00 AM"
"14708","296","10/16/2013 12:00:00 AM"
"14709","15156","6/6/2012 12:00:00 AM"
"14710","17003","4/14/2014 12:00:00 AM"
"14711","7602","9/14/2013 12:00:00 AM"
"14712","5367","12/5/2013 12:00:00 AM"
"14713","15533","10/26/2013 12:00:00 AM"
"14714","8644","2/24/2013 12:00:00 AM"
"14715","6605","9/6/2013 12:00:00 AM"
"14716","6522","7/5/2013 12:00:00 AM"
"14717","3585","10/5/2013 12:00:00 AM"
"14718","10974","7/20/2013 12:00:00 AM"
"14719","6165","2/23/2014 12:00:00 AM"
"14720","3077","10/23/2012 12:00:00 AM"
"14721","18020","7/10/2013 12:00:00 AM"
"14722","6580","12/2/2012 12:00:00 AM"
"14723","16789","1/11/2012 12:00:00 AM"
"14724","11586","4/4/2014 12:00:00 AM"
"14725","15254","9/10/2012 12:00:00 AM"
"14726","9840","2/23/2012 12:00:00 AM"
"14727","15357","11/22/2012 12:00:00 AM"
"14728","14967","3/24/2014 12:00:00 AM"
"14729","10710","10/3/2013 12:00:00 AM"
"14730","14812","11/10/2013 12:00:00 AM"
"14731","13730","5/11/2013 12:00:00 AM"
"14732","13062","6/30/2012 12:00:00 AM"
"14733","13890","9/29/2013 12:00:00 AM"
"14734","18869","5/20/2014 12:00:00 AM"
"14735","4852","11/3/2011 12:00:00 AM"
"14736","9267","8/22/2013 12:00:00 AM"
"14737","5038","10/21/2013 12:00:00 AM"
"14738","18080","8/2/2013 12:00:00 AM"
"14739","6317","2/28/2014 12:00:00 AM"
"14740","18750","6/8/2012 12:00:00 AM"
"14741","14488","5/22/2013 12:00:00 AM"
"14742","8968","4/20/2014 12:00:00 AM"
"14743","10936","6/22/2011 12:00:00 AM"
"14744","10470","1/28/2014 12:00:00 AM"
"14745","1836","12/23/2013 12:00:00 AM"
"14746","15708","8/20/2013 12:00:00 AM"
"14747","1254","11/5/2013 12:00:00 AM"
"14748","1974","5/23/2013 12:00:00 AM"
"14749","18510","1/13/2012 12:00:00 AM"
"14750","8173","8/28/2011 12:00:00 AM"
"14751","10293","9/11/2012 12:00:00 AM"
"14752","13786","2/14/2014 12:00:00 AM"
"14753","11818","2/9/2014 12:00:00 AM"
"14754","1456","1/25/2014 12:00:00 AM"
"14755","12879","10/9/2011 12:00:00 AM"
"14756","17580","5/5/2014 12:00:00 AM"
"14757","3110","7/5/2013 12:00:00 AM"
"14758","986","2/11/2014 12:00:00 AM"
"14759","8727","3/15/2014 12:00:00 AM"
"14760","18785","5/22/2012 12:00:00 AM"
"14761","16958","2/4/2013 12:00:00 AM"
"14762","2776","12/17/2013 12:00:00 AM"
"14763","17804","4/5/2014 12:00:00 AM"
"14764","6497","4/26/2014 12:00:00 AM"
"14765","11140","5/20/2014 12:00:00 AM"
"14766","8546","1/6/2014 12:00:00 AM"
"14767","10429","6/28/2011 12:00:00 AM"
"14768","8293","3/30/2013 12:00:00 AM"
"14769","3495","7/8/2012 12:00:00 AM"
"14770","6989","10/17/2013 12:00:00 AM"
"14771","17719","2/6/2014 12:00:00 AM"
"14772","5601","4/20/2013 12:00:00 AM"
"14773","9794","5/1/2013 12:00:00 AM"
"14774","842","12/3/2012 12:00:00 AM"
"14775","12494","9/12/2013 12:00:00 AM"
"14776","1432","4/30/2012 12:00:00 AM"
"14777","2469","12/5/2013 12:00:00 AM"
"14778","18595","3/23/2014 12:00:00 AM"
"14779","10626","4/15/2014 12:00:00 AM"
"14780","2717","9/27/2011 12:00:00 AM"
"14781","18075","9/4/2013 12:00:00 AM"
"14782","15579","1/31/2012 12:00:00 AM"
"14783","16506","5/10/2014 12:00:00 AM"
"14784","6693","3/25/2014 12:00:00 AM"
"14785","12156","4/4/2013 12:00:00 AM"
"14786","2843","11/12/2013 12:00:00 AM"
"14787","5854","4/4/2013 12:00:00 AM"
"14788","16456","4/13/2014 12:00:00 AM"
"14789","9040","10/7/2012 12:00:00 AM"
"14790","11015","8/15/2013 12:00:00 AM"
"14791","14884","4/20/2014 12:00:00 AM"
"14792","15718","7/21/2013 12:00:00 AM"
"14793","13868","9/27/2013 12:00:00 AM"
"14794","18236","12/27/2013 12:00:00 AM"
"14795","13165","5/8/2014 12:00:00 AM"
"14796","7399","8/17/2013 12:00:00 AM"
"14797","9437","7/28/2013 12:00:00 AM"
"14798","1661","3/31/2013 12:00:00 AM"
"14799","12055","8/3/2013 12:00:00 AM"
"14800","9693","6/1/2012 12:00:00 AM"
"14801","1290","5/9/2013 12:00:00 AM"
"14802","2087","7/10/2013 12:00:00 AM"
"14803","13069","3/6/2014 12:00:00 AM"
"14804","15837","4/7/2014 12:00:00 AM"
"14805","14806","2/4/2014 12:00:00 AM"
"14806","6898","4/13/2014 12:00:00 AM"
"14807","4556","10/5/2013 12:00:00 AM"
"14808","6634","3/8/2014 12:00:00 AM"
"14809","14598","11/18/2013 12:00:00 AM"
"14810","18648","9/1/2013 12:00:00 AM"
"14811","7049","1/9/2014 12:00:00 AM"
"14812","9319","5/30/2014 12:00:00 AM"
"14813","6447","2/26/2014 12:00:00 AM"
"14814","9293","5/30/2014 12:00:00 AM"
"14815","3471","11/27/2012 12:00:00 AM"
"14816","13020","3/22/2013 12:00:00 AM"
"14817","10601","1/12/2013 12:00:00 AM"
"14818","9255","10/2/2013 12:00:00 AM"
"14819","9682","7/26/2012 12:00:00 AM"
"14820","16109","1/24/2013 12:00:00 AM"
"14821","14557","9/12/2013 12:00:00 AM"
"14822","5688","3/15/2014 12:00:00 AM"
"14823","3329","10/29/2013 12:00:00 AM"
"14824","1222","12/27/2013 12:00:00 AM"
"14825","5545","3/1/2014 12:00:00 AM"
"14826","7793","2/13/2014 12:00:00 AM"
"14827","14679","7/18/2013 12:00:00 AM"
"14828","6026","9/15/2013 12:00:00 AM"
"14829","18219","8/14/2012 12:00:00 AM"
"14830","1277","2/7/2014 12:00:00 AM"
"14831","8438","10/24/2012 12:00:00 AM"
"14832","4202","1/27/2012 12:00:00 AM"
"14833","8813","12/17/2013 12:00:00 AM"
"14834","9511","8/13/2013 12:00:00 AM"
"14835","14965","3/19/2014 12:00:00 AM"
"14836","12963","3/6/2013 12:00:00 AM"
"14837","6945","11/16/2013 12:00:00 AM"
"14838","3527","2/23/2014 12:00:00 AM"
"14839","2013","8/28/2011 12:00:00 AM"
"14840","11420","11/20/2011 12:00:00 AM"
"14841","4770","10/23/2013 12:00:00 AM"
"14842","10927","6/16/2014 12:00:00 AM"
"14843","12956","11/23/2013 12:00:00 AM"
"14844","1267","11/21/2013 12:00:00 AM"
"14845","8082","12/31/2012 12:00:00 AM"
"14846","14194","1/19/2014 12:00:00 AM"
"14847","1824","8/18/2013 12:00:00 AM"
"14848","713","3/21/2014 12:00:00 AM"
"14849","5130","11/15/2011 12:00:00 AM"
"14850","12744","2/7/2014 12:00:00 AM"
"14851","14855","12/15/2012 12:00:00 AM"
"14852","3436","9/26/2013 12:00:00 AM"
"14853","3081","4/17/2014 12:00:00 AM"
"14854","4719","2/4/2014 12:00:00 AM"
"14855","7108","10/10/2013 12:00:00 AM"
"14856","17214","11/12/2013 12:00:00 AM"
"14857","8384","9/10/2012 12:00:00 AM"
"14858","8598","6/1/2014 12:00:00 AM"
"14859","18663","1/19/2014 12:00:00 AM"
"14860","2690","8/21/2013 12:00:00 AM"
"14861","11971","9/15/2013 12:00:00 AM"
"14862","643","2/20/2012 12:00:00 AM"
"14863","7728","8/17/2013 12:00:00 AM"
"14864","7297","3/17/2014 12:00:00 AM"
"14865","18469","5/2/2014 12:00:00 AM"
"14866","9076","5/4/2013 12:00:00 AM"
"14867","14481","9/10/2013 12:00:00 AM"
"14868","18896","3/26/2014 12:00:00 AM"
"14869","11296","6/24/2014 12:00:00 AM"
"14870","9235","1/7/2014 12:00:00 AM"
"14871","9185","8/15/2013 12:00:00 AM"
"14872","12604","12/25/2013 12:00:00 AM"
"14873","8771","7/4/2012 12:00:00 AM"
"14874","5771","8/25/2013 12:00:00 AM"
"14875","10844","3/31/2014 12:00:00 AM"
"14876","3762","10/22/2012 12:00:00 AM"
"14877","984","11/15/2012 12:00:00 AM"
"14878","2506","11/11/2013 12:00:00 AM"
"14879","13211","5/17/2014 12:00:00 AM"
"14880","3558","3/2/2013 12:00:00 AM"
"14881","7200","11/18/2012 12:00:00 AM"
"14882","5521","10/4/2011 12:00:00 AM"
"14883","555","6/4/2012 12:00:00 AM"
"14884","499","5/8/2014 12:00:00 AM"
"14885","3418","2/12/2013 12:00:00 AM"
"14886","14284","10/13/2013 12:00:00 AM"
"14887","18191","1/31/2014 12:00:00 AM"
"14888","4865","10/15/2011 12:00:00 AM"
"14889","6864","4/21/2014 12:00:00 AM"
"14890","6426","2/21/2014 12:00:00 AM"
"14891","5413","10/31/2011 12:00:00 AM"
"14892","6924","11/16/2013 12:00:00 AM"
"14893","10285","8/19/2013 12:00:00 AM"
"14894","9549","12/19/2013 12:00:00 AM"
"14895","3971","6/3/2013 12:00:00 AM"
"14896","10015","12/31/2012 12:00:00 AM"
"14897","9497","6/1/2011 12:00:00 AM"
"14898","12122","4/15/2014 12:00:00 AM"
"14899","18884","4/24/2014 12:00:00 AM"
"14900","12151","11/8/2012 12:00:00 AM"
"14901","13089","4/7/2014 12:00:00 AM"
"14902","10620","11/29/2013 12:00:00 AM"
"14903","11569","10/1/2013 12:00:00 AM"
"14904","5696","8/29/2013 12:00:00 AM"
"14905","13618","3/3/2014 12:00:00 AM"
"14906","13146","8/5/2013 12:00:00 AM"
"14907","16696","8/17/2011 12:00:00 AM"
"14908","4967","5/14/2014 12:00:00 AM"
"14909","5549","11/27/2013 12:00:00 AM"
"14910","16886","4/7/2014 12:00:00 AM"
"14911","18207","7/1/2012 12:00:00 AM"
"14912","17670","12/11/2013 12:00:00 AM"
"14913","16291","7/5/2013 12:00:00 AM"
"14914","18234","3/3/2013 12:00:00 AM"
"14915","4092","10/3/2013 12:00:00 AM"
"14916","14783","1/17/2014 12:00:00 AM"
"14917","15568","9/7/2011 12:00:00 AM"
"14918","10372","5/7/2013 12:00:00 AM"
"14919","12123","1/16/2014 12:00:00 AM"
"14920","12191","6/6/2011 12:00:00 AM"
"14921","12856","9/13/2013 12:00:00 AM"
"14922","13976","5/20/2014 12:00:00 AM"
"14923","6449","4/1/2014 12:00:00 AM"
"14924","9066","11/29/2013 12:00:00 AM"
"14925","7896","11/4/2013 12:00:00 AM"
"14926","2926","5/14/2014 12:00:00 AM"
"14927","17142","6/29/2014 12:00:00 AM"
"14928","3740","4/27/2014 12:00:00 AM"
"14929","14243","6/30/2014 12:00:00 AM"
"14930","2696","10/6/2013 12:00:00 AM"
"14931","8988","11/26/2013 12:00:00 AM"
"14932","15430","1/20/2012 12:00:00 AM"
"14933","1155","5/5/2014 12:00:00 AM"
"14934","12660","12/19/2013 12:00:00 AM"
"14935","1492","4/12/2014 12:00:00 AM"
"14936","14678","10/2/2013 12:00:00 AM"
"14937","18761","1/7/2012 12:00:00 AM"
"14938","12022","9/10/2013 12:00:00 AM"
"14939","11805","8/18/2013 12:00:00 AM"
"14940","14147","1/7/2012 12:00:00 AM"
"14941","5029","2/1/2014 12:00:00 AM"
"14942","6711","11/7/2013 12:00:00 AM"
"14943","9936","11/5/2013 12:00:00 AM"
"14944","4998","8/1/2013 12:00:00 AM"
"14945","9197","5/29/2014 12:00:00 AM"
"14946","10848","7/19/2013 12:00:00 AM"
"14947","9026","8/21/2013 12:00:00 AM"
"14948","2760","1/3/2014 12:00:00 AM"
"14949","18736","8/17/2013 12:00:00 AM"
"14950","11530","8/24/2013 12:00:00 AM"
"14951","8134","7/31/2013 12:00:00 AM"
"14952","9176","3/9/2014 12:00:00 AM"
"14953","10120","2/22/2013 12:00:00 AM"
"14954","14735","3/1/2014 12:00:00 AM"
"14955","111","11/14/2013 12:00:00 AM"
"14956","9384","6/16/2014 12:00:00 AM"
"14957","16120","3/17/2014 12:00:00 AM"
"14958","18206","1/11/2014 12:00:00 AM"
"14959","8166","2/7/2014 12:00:00 AM"
"14960","2049","5/19/2014 12:00:00 AM"
"14961","10311","4/7/2014 12:00:00 AM"
"14962","12113","12/21/2012 12:00:00 AM"
"14963","10026","8/21/2013 12:00:00 AM"
"14964","16249","9/20/2013 12:00:00 AM"
"14965","12919","12/8/2013 12:00:00 AM"
"14966","14312","8/5/2013 12:00:00 AM"
"14967","6917","2/8/2013 12:00:00 AM"
"14968","15851","8/29/2013 12:00:00 AM"
"14969","17920","5/17/2014 12:00:00 AM"
"14970","4563","4/28/2013 12:00:00 AM"
"14971","15316","5/20/2014 12:00:00 AM"
"14972","14337","1/1/2014 12:00:00 AM"
"14973","12219","7/20/2013 12:00:00 AM"
"14974","8038","7/24/2011 12:00:00 AM"
"14975","7802","1/14/2014 12:00:00 AM"
"14976","15634","9/11/2013 12:00:00 AM"
"14977","11755","9/26/2013 12:00:00 AM"
"14978","3420","1/18/2014 12:00:00 AM"
"14979","14049","9/18/2012 12:00:00 AM"
"14980","6581","4/26/2014 12:00:00 AM"
"14981","9826","5/31/2013 12:00:00 AM"
"14982","9755","8/7/2012 12:00:00 AM"
"14983","9873","11/13/2011 12:00:00 AM"
"14984","13063","9/11/2013 12:00:00 AM"
"14985","18566","10/26/2013 12:00:00 AM"
"14986","18677","10/24/2013 12:00:00 AM"
"14987","14144","8/27/2011 12:00:00 AM"
"14988","4365","8/21/2013 12:00:00 AM"
"14989","3145","1/23/2013 12:00:00 AM"
"14990","4607","11/23/2013 12:00:00 AM"
"14991","18485","1/19/2014 12:00:00 AM"
"14992","2061","5/13/2013 12:00:00 AM"
"14993","2325","9/25/2011 12:00:00 AM"
"14994","9052","7/16/2012 12:00:00 AM"
"14995","8198","10/17/2012 12:00:00 AM"
"14996","18573","10/26/2013 12:00:00 AM"
"14997","13936","8/17/2013 12:00:00 AM"
"14998","14462","11/24/2013 12:00:00 AM"
"14999","12720","1/21/2013 12:00:00 AM"
"15000","12511","4/9/2014 12:00:00 AM"
"15001","18887","11/13/2011 12:00:00 AM"
"15002","14051","5/14/2014 12:00:00 AM"
"15003","218","2/25/2014 12:00:00 AM"
"15004","15221","3/16/2013 12:00:00 AM"
"15005","17229","3/9/2012 12:00:00 AM"
"15006","5559","9/1/2013 12:00:00 AM"
"15007","5213","7/7/2011 12:00:00 AM"
"15008","1968","12/2/2013 12:00:00 AM"
"15009","10344","5/19/2013 12:00:00 AM"
"15010","1167","7/13/2013 12:00:00 AM"
"15011","12096","6/24/2014 12:00:00 AM"
"15012","12373","2/9/2013 12:00:00 AM"
"15013","18117","2/3/2014 12:00:00 AM"
"15014","7707","4/1/2013 12:00:00 AM"
"15015","502","4/12/2014 12:00:00 AM"
"15016","9757","11/28/2013 12:00:00 AM"
"15017","9373","9/28/2011 12:00:00 AM"
"15018","19018","5/7/2014 12:00:00 AM"
"15019","16098","1/16/2014 12:00:00 AM"
"15020","19163","2/8/2014 12:00:00 AM"
"15021","17461","12/24/2013 12:00:00 AM"
"15022","18091","5/19/2014 12:00:00 AM"
"15023","1287","5/22/2013 12:00:00 AM"
"15024","5757","4/17/2014 12:00:00 AM"
"15025","14444","7/2/2013 12:00:00 AM"
"15026","17583","4/19/2014 12:00:00 AM"
"15027","11457","1/25/2014 12:00:00 AM"
"15028","17604","3/7/2013 12:00:00 AM"
"15029","8993","9/4/2012 12:00:00 AM"
"15030","18034","12/2/2013 12:00:00 AM"
"15031","7695","1/5/2013 12:00:00 AM"
"15032","7903","12/19/2013 12:00:00 AM"
"15033","820","12/1/2013 12:00:00 AM"
"15034","17397","7/7/2013 12:00:00 AM"
"15035","17359","8/26/2013 12:00:00 AM"
"15036","12535","3/31/2014 12:00:00 AM"
"15037","9890","10/17/2013 12:00:00 AM"
"15038","4472","10/26/2013 12:00:00 AM"
"15039","18642","7/18/2013 12:00:00 AM"
"15040","15359","10/26/2012 12:00:00 AM"
"15041","3270","8/26/2013 12:00:00 AM"
"15042","1214","2/17/2014 12:00:00 AM"
"15043","9348","11/25/2013 12:00:00 AM"
"15044","14377","12/31/2012 12:00:00 AM"
"15045","4145","4/29/2013 12:00:00 AM"
"15046","5588","9/11/2013 12:00:00 AM"
"15047","4758","7/31/2011 12:00:00 AM"
"15048","12983","3/12/2014 12:00:00 AM"
"15049","5009","3/5/2014 12:00:00 AM"
"15050","11277","1/14/2012 12:00:00 AM"
"15051","1558","8/2/2013 12:00:00 AM"
"15052","13302","10/1/2013 12:00:00 AM"
"15053","14976","1/29/2013 12:00:00 AM"
"15054","12861","4/9/2014 12:00:00 AM"
"15055","16266","2/21/2014 12:00:00 AM"
"15056","17165","2/20/2014 12:00:00 AM"
"15057","9263","3/26/2013 12:00:00 AM"
"15058","1554","9/2/2011 12:00:00 AM"
"15059","313","10/28/2013 12:00:00 AM"
"15060","3770","3/3/2012 12:00:00 AM"
"15061","15785","11/28/2012 12:00:00 AM"
"15062","9920","3/1/2013 12:00:00 AM"
"15063","1864","11/13/2013 12:00:00 AM"
"15064","5510","2/16/2014 12:00:00 AM"
"15065","6450","7/25/2013 12:00:00 AM"
"15066","3166","7/13/2013 12:00:00 AM"
"15067","2720","10/15/2013 12:00:00 AM"
"15068","6566","12/18/2013 12:00:00 AM"
"15069","14662","10/2/2011 12:00:00 AM"
"15070","9210","5/9/2014 12:00:00 AM"
"15071","9023","5/29/2014 12:00:00 AM"
"15072","10748","5/28/2014 12:00:00 AM"
"15073","8195","6/23/2014 12:00:00 AM"
"15074","4204","7/4/2012 12:00:00 AM"
"15075","4375","12/11/2011 12:00:00 AM"
"15076","10554","12/30/2011 12:00:00 AM"
"15077","929","10/10/2013 12:00:00 AM"
"15078","14025","2/9/2014 12:00:00 AM"
"15079","13505","9/4/2013 12:00:00 AM"
"15080","628","9/3/2013 12:00:00 AM"
"15081","16981","11/12/2012 12:00:00 AM"
"15082","702","8/11/2013 12:00:00 AM"
"15083","9358","5/2/2013 12:00:00 AM"
"15084","11167","2/23/2014 12:00:00 AM"
"15085","17674","1/17/2013 12:00:00 AM"
"15086","5655","12/24/2012 12:00:00 AM"
"15087","10258","10/3/2013 12:00:00 AM"
"15088","3749","6/28/2011 12:00:00 AM"
"15089","3095","11/26/2013 12:00:00 AM"
"15090","18173","4/30/2012 12:00:00 AM"
"15091","5193","7/2/2013 12:00:00 AM"
"15092","10774","2/5/2013 12:00:00 AM"
"15093","12870","9/15/2013 12:00:00 AM"
"15094","17506","10/19/2013 12:00:00 AM"
"15095","2358","12/7/2013 12:00:00 AM"
"15096","13724","7/10/2012 12:00:00 AM"
"15097","10063","1/22/2014 12:00:00 AM"
"15098","11010","5/22/2012 12:00:00 AM"
"15099","3142","12/11/2013 12:00:00 AM"
"15100","15684","9/22/2013 12:00:00 AM"
"15101","5096","7/2/2013 12:00:00 AM"
"15102","6330","11/5/2013 12:00:00 AM"
"15103","17344","7/3/2012 12:00:00 AM"
"15104","10369","1/12/2012 12:00:00 AM"
"15105","6333","10/15/2013 12:00:00 AM"
"15106","6480","8/24/2013 12:00:00 AM"
"15107","12644","11/17/2011 12:00:00 AM"
"15108","15788","11/10/2013 12:00:00 AM"
"15109","11424","2/3/2013 12:00:00 AM"
"15110","16774","2/16/2014 12:00:00 AM"
"15111","18292","1/25/2013 12:00:00 AM"
"15112","15003","8/11/2012 12:00:00 AM"
"15113","4354","5/18/2014 12:00:00 AM"
"15114","9788","1/16/2013 12:00:00 AM"
"15115","18962","6/4/2014 12:00:00 AM"
"15116","18517","6/28/2012 12:00:00 AM"
"15117","17435","9/12/2013 12:00:00 AM"
"15118","18560","2/11/2014 12:00:00 AM"
"15119","9187","4/20/2014 12:00:00 AM"
"15120","5429","3/24/2012 12:00:00 AM"
"15121","5272","11/7/2011 12:00:00 AM"
"15122","12962","9/21/2013 12:00:00 AM"
"15123","16849","5/31/2014 12:00:00 AM"
"15124","13418","12/21/2012 12:00:00 AM"
"15125","2182","1/29/2012 12:00:00 AM"
"15126","8369","11/30/2011 12:00:00 AM"
"15127","6415","10/20/2013 12:00:00 AM"
"15128","9058","7/16/2012 12:00:00 AM"
"15129","8555","5/6/2014 12:00:00 AM"
"15130","12947","6/27/2011 12:00:00 AM"
"15131","6123","2/5/2014 12:00:00 AM"
"15132","5323","11/12/2013 12:00:00 AM"
"15133","9369","9/17/2012 12:00:00 AM"
"15134","3183","10/17/2013 12:00:00 AM"
"15135","8827","10/21/2011 12:00:00 AM"
"15136","9642","11/21/2013 12:00:00 AM"
"15137","3750","4/22/2013 12:00:00 AM"
"15138","7509","1/15/2014 12:00:00 AM"
"15139","18040","6/18/2011 12:00:00 AM"
"15140","8809","7/9/2013 12:00:00 AM"
"15141","12739","10/26/2013 12:00:00 AM"
"15142","274","1/19/2013 12:00:00 AM"
"15143","8628","12/14/2013 12:00:00 AM"
"15144","16038","3/12/2014 12:00:00 AM"
"15145","3657","8/5/2012 12:00:00 AM"
"15146","11796","4/6/2014 12:00:00 AM"
"15147","14682","8/16/2013 12:00:00 AM"
"15148","16058","5/3/2014 12:00:00 AM"
"15149","3695","6/1/2013 12:00:00 AM"
"15150","9995","6/18/2014 12:00:00 AM"
"15151","8357","8/19/2013 12:00:00 AM"
"15152","7795","9/22/2012 12:00:00 AM"
"15153","8450","3/5/2014 12:00:00 AM"
"15154","4533","3/7/2014 12:00:00 AM"
"15155","5579","1/6/2014 12:00:00 AM"
"15156","10329","5/14/2014 12:00:00 AM"
"15157","1744","3/29/2014 12:00:00 AM"
"15158","1731","1/13/2014 12:00:00 AM"
"15159","9792","8/18/2012 12:00:00 AM"
"15160","2155","12/13/2013 12:00:00 AM"
"15161","4824","11/21/2013 12:00:00 AM"
"15162","1580","6/17/2012 12:00:00 AM"
"15163","3556","11/13/2013 12:00:00 AM"
"15164","2924","5/12/2014 12:00:00 AM"
"15165","9881","8/26/2013 12:00:00 AM"
"15166","7513","3/3/2014 12:00:00 AM"
"15167","1232","4/20/2014 12:00:00 AM"
"15168","58","2/7/2014 12:00:00 AM"
"15169","17527","4/15/2014 12:00:00 AM"
"15170","1973","5/26/2014 12:00:00 AM"
"15171","5567","3/3/2014 12:00:00 AM"
"15172","6764","8/22/2013 12:00:00 AM"
"15173","14011","12/6/2012 12:00:00 AM"
"15174","7966","8/16/2013 12:00:00 AM"
"15175","3460","7/5/2011 12:00:00 AM"
"15176","9426","7/30/2011 12:00:00 AM"
"15177","13055","10/4/2013 12:00:00 AM"
"15178","3895","7/2/2013 12:00:00 AM"
"15179","9471","7/11/2013 12:00:00 AM"
"15180","18141","11/16/2013 12:00:00 AM"
"15181","7097","10/27/2013 12:00:00 AM"
"15182","15484","12/9/2013 12:00:00 AM"
"15183","9562","3/18/2013 12:00:00 AM"
"15184","17431","11/29/2013 12:00:00 AM"
"15185","9186","9/14/2011 12:00:00 AM"
"15186","14715","11/27/2012 12:00:00 AM"
"15187","11567","11/1/2012 12:00:00 AM"
"15188","1601","12/30/2013 12:00:00 AM"
"15189","2084","3/26/2014 12:00:00 AM"
"15190","18345","4/14/2014 12:00:00 AM"
"15191","8481","4/22/2013 12:00:00 AM"
"15192","9893","3/19/2014 12:00:00 AM"
"15193","13849","7/26/2012 12:00:00 AM"
"15194","19054","11/30/2013 12:00:00 AM"
"15195","9594","2/20/2014 12:00:00 AM"
"15196","15783","2/18/2013 12:00:00 AM"
"15197","396","6/28/2014 12:00:00 AM"
"15198","262","5/28/2014 12:00:00 AM"
"15199","12251","8/31/2013 12:00:00 AM"
"15200","14350","9/29/2013 12:00:00 AM"
"15201","11433","7/5/2013 12:00:00 AM"
"15202","2869","12/31/2011 12:00:00 AM"
"15203","11161","4/5/2014 12:00:00 AM"
"15204","1022","12/31/2013 12:00:00 AM"
"15205","11153","12/30/2013 12:00:00 AM"
"15206","9336","2/15/2012 12:00:00 AM"
"15207","16143","4/10/2013 12:00:00 AM"
"15208","5228","4/30/2014 12:00:00 AM"
"15209","8575","1/25/2014 12:00:00 AM"
"15210","10826","1/8/2013 12:00:00 AM"
"15211","13723","5/23/2014 12:00:00 AM"
"15212","10781","1/13/2014 12:00:00 AM"
"15213","7227","8/6/2013 12:00:00 AM"
"15214","18693","6/24/2014 12:00:00 AM"
"15215","6649","11/9/2012 12:00:00 AM"
"15216","9999","3/11/2012 12:00:00 AM"
"15217","16530","12/25/2012 12:00:00 AM"
"15218","11955","11/20/2013 12:00:00 AM"
"15219","1009","4/6/2014 12:00:00 AM"
"15220","6120","4/19/2013 12:00:00 AM"
"15221","5552","7/24/2011 12:00:00 AM"
"15222","5993","7/17/2013 12:00:00 AM"
"15223","7859","12/16/2011 12:00:00 AM"
"15224","78","1/25/2014 12:00:00 AM"
"15225","10065","5/7/2013 12:00:00 AM"
"15226","8465","8/19/2013 12:00:00 AM"
"15227","9490","1/9/2014 12:00:00 AM"
"15228","2970","1/28/2014 12:00:00 AM"
"15229","8448","9/7/2013 12:00:00 AM"
"15230","15346","12/14/2013 12:00:00 AM"
"15231","15239","7/29/2013 12:00:00 AM"
"15232","18033","2/17/2014 12:00:00 AM"
"15233","18390","5/31/2012 12:00:00 AM"
"15234","16390","5/15/2014 12:00:00 AM"
"15235","9835","9/3/2013 12:00:00 AM"
"15236","9383","4/27/2014 12:00:00 AM"
"15237","1556","3/1/2014 12:00:00 AM"
"15238","5274","5/20/2014 12:00:00 AM"
"15239","6968","2/1/2013 12:00:00 AM"
"15240","16051","4/9/2014 12:00:00 AM"
"15241","3525","7/14/2013 12:00:00 AM"
"15242","655","7/20/2012 12:00:00 AM"
"15243","373","1/26/2012 12:00:00 AM"
"15244","3217","7/11/2013 12:00:00 AM"
"15245","11854","9/6/2013 12:00:00 AM"
"15246","12558","11/18/2011 12:00:00 AM"
"15247","14240","1/24/2013 12:00:00 AM"
"15248","16851","5/22/2012 12:00:00 AM"
"15249","13818","5/7/2014 12:00:00 AM"
"15250","8637","11/13/2013 12:00:00 AM"
"15251","12510","4/8/2014 12:00:00 AM"
"15252","6435","12/26/2013 12:00:00 AM"
"15253","826","1/18/2013 12:00:00 AM"
"15254","11790","8/27/2011 12:00:00 AM"
"15255","15563","4/27/2014 12:00:00 AM"
"15256","17150","5/24/2014 12:00:00 AM"
"15257","9362","7/28/2013 12:00:00 AM"
"15258","8550","9/29/2013 12:00:00 AM"
"15259","8120","8/18/2012 12:00:00 AM"
"15260","13821","3/19/2014 12:00:00 AM"
"15261","3283","3/24/2012 12:00:00 AM"
"15262","6151","6/9/2014 12:00:00 AM"
"15263","12703","9/10/2013 12:00:00 AM"
"15264","11465","2/4/2014 12:00:00 AM"
"15265","1621","8/8/2012 12:00:00 AM"
"15266","12334","10/25/2013 12:00:00 AM"
"15267","6798","1/15/2014 12:00:00 AM"
"15268","766","2/1/2013 12:00:00 AM"
"15269","6198","4/1/2013 12:00:00 AM"
"15270","11436","4/10/2014 12:00:00 AM"
"15271","16525","6/13/2014 12:00:00 AM"
"15272","15070","9/15/2013 12:00:00 AM"
"15273","12895","3/19/2014 12:00:00 AM"
"15274","2772","10/4/2012 12:00:00 AM"
"15275","1940","10/7/2013 12:00:00 AM"
"15276","15531","7/20/2011 12:00:00 AM"
"15277","4608","12/6/2013 12:00:00 AM"
"15278","1679","12/27/2013 12:00:00 AM"
"15279","16651","11/23/2012 12:00:00 AM"
"15280","2481","3/12/2013 12:00:00 AM"
"15281","411","1/30/2014 12:00:00 AM"
"15282","1924","4/2/2014 12:00:00 AM"
"15283","8301","2/22/2014 12:00:00 AM"
"15284","14719","2/28/2013 12:00:00 AM"
"15285","15241","2/6/2012 12:00:00 AM"
"15286","13376","1/21/2013 12:00:00 AM"
"15287","4079","5/6/2014 12:00:00 AM"
"15288","15447","1/25/2014 12:00:00 AM"
"15289","2007","5/7/2014 12:00:00 AM"
"15290","14323","5/7/2013 12:00:00 AM"
"15291","7558","3/9/2013 12:00:00 AM"
"15292","15069","8/10/2013 12:00:00 AM"
"15293","13556","10/31/2013 12:00:00 AM"
"15294","13679","12/27/2013 12:00:00 AM"
"15295","7603","8/29/2013 12:00:00 AM"
"15296","8473","11/20/2011 12:00:00 AM"
"15297","15400","1/3/2014 12:00:00 AM"
"15298","8457","1/2/2013 12:00:00 AM"
"15299","11707","1/19/2014 12:00:00 AM"
"15300","9816","10/23/2013 12:00:00 AM"
"15301","1049","4/17/2014 12:00:00 AM"
"15302","14354","5/12/2014 12:00:00 AM"
"15303","11809","1/17/2014 12:00:00 AM"
"15304","14867","10/4/2012 12:00:00 AM"
"15305","2125","1/23/2014 12:00:00 AM"
"15306","631","11/7/2013 12:00:00 AM"
"15307","1870","8/12/2013 12:00:00 AM"
"15308","17246","2/23/2014 12:00:00 AM"
"15309","7014","3/28/2014 12:00:00 AM"
"15310","6830","4/18/2013 12:00:00 AM"
"15311","16751","7/18/2013 12:00:00 AM"
"15312","3545","1/29/2014 12:00:00 AM"
"15313","3670","1/12/2014 12:00:00 AM"
"15314","2789","11/11/2013 12:00:00 AM"
"15315","12110","1/12/2014 12:00:00 AM"
"15316","3239","12/31/2013 12:00:00 AM"
"15317","16066","7/31/2013 12:00:00 AM"
"15318","15129","5/13/2014 12:00:00 AM"
"15319","10068","1/6/2012 12:00:00 AM"
"15320","7570","7/21/2013 12:00:00 AM"
"15321","14357","11/9/2013 12:00:00 AM"
"15322","6355","3/4/2014 12:00:00 AM"
"15323","12880","10/5/2013 12:00:00 AM"
"15324","4964","7/12/2011 12:00:00 AM"
"15325","18948","12/20/2013 12:00:00 AM"
"15326","13530","10/14/2013 12:00:00 AM"
"15327","9895","1/17/2014 12:00:00 AM"
"15328","8812","1/17/2013 12:00:00 AM"
"15329","18615","3/31/2013 12:00:00 AM"
"15330","13676","9/18/2013 12:00:00 AM"
"15331","10764","2/18/2014 12:00:00 AM"
"15332","3401","6/5/2014 12:00:00 AM"
"15333","18796","6/30/2013 12:00:00 AM"
"15334","4457","9/8/2013 12:00:00 AM"
"15335","15655","8/5/2013 12:00:00 AM"
"15336","12006","7/7/2013 12:00:00 AM"
"15337","13225","12/22/2013 12:00:00 AM"
"15338","2319","4/24/2013 12:00:00 AM"
"15339","17988","7/14/2011 12:00:00 AM"
"15340","12599","4/3/2014 12:00:00 AM"
"15341","14185","7/15/2013 12:00:00 AM"
"15342","13243","9/17/2013 12:00:00 AM"
"15343","7214","4/5/2014 12:00:00 AM"
"15344","17454","12/14/2013 12:00:00 AM"
"15345","3533","12/28/2013 12:00:00 AM"
"15346","6868","7/25/2013 12:00:00 AM"
"15347","4548","8/13/2012 12:00:00 AM"
"15348","14461","11/21/2013 12:00:00 AM"
"15349","13673","4/25/2013 12:00:00 AM"
"15350","12242","12/2/2012 12:00:00 AM"
"15351","16463","6/5/2012 12:00:00 AM"
"15352","54","9/4/2013 12:00:00 AM"
"15353","12687","7/10/2013 12:00:00 AM"
"15354","6554","2/24/2014 12:00:00 AM"
"15355","3617","3/4/2014 12:00:00 AM"
"15356","1272","1/16/2014 12:00:00 AM"
"15357","16764","2/27/2014 12:00:00 AM"
"15358","244","2/5/2014 12:00:00 AM"
"15359","7982","12/1/2012 12:00:00 AM"
"15360","15098","9/11/2013 12:00:00 AM"
"15361","11618","5/27/2014 12:00:00 AM"
"15362","12977","2/7/2014 12:00:00 AM"
"15363","4140","5/2/2012 12:00:00 AM"
"15364","2219","9/25/2013 12:00:00 AM"
"15365","18681","4/15/2014 12:00:00 AM"
"15366","9209","1/21/2014 12:00:00 AM"
"15367","3051","4/15/2014 12:00:00 AM"
"15368","3902","12/20/2013 12:00:00 AM"
"15369","11664","4/12/2014 12:00:00 AM"
"15370","15597","5/12/2014 12:00:00 AM"
"15371","16163","4/3/2014 12:00:00 AM"
"15372","1104","6/30/2013 12:00:00 AM"
"15373","4971","2/19/2014 12:00:00 AM"
"15374","9215","4/21/2014 12:00:00 AM"
"15375","9280","9/13/2013 12:00:00 AM"
"15376","12585","7/2/2013 12:00:00 AM"
"15377","11678","6/15/2011 12:00:00 AM"
"15378","586","1/6/2014 12:00:00 AM"
"15379","16191","12/12/2013 12:00:00 AM"
"15380","17196","10/26/2013 12:00:00 AM"
"15381","17905","10/26/2012 12:00:00 AM"
"15382","312","6/8/2014 12:00:00 AM"
"15383","6307","8/16/2013 12:00:00 AM"
"15384","17537","2/22/2014 12:00:00 AM"
"15385","11409","12/11/2013 12:00:00 AM"
"15386","11448","6/8/2014 12:00:00 AM"
"15387","6460","10/8/2012 12:00:00 AM"
"15388","5291","8/25/2012 12:00:00 AM"
"15389","14771","11/23/2013 12:00:00 AM"
"15390","16621","9/17/2013 12:00:00 AM"
"15391","10556","1/28/2013 12:00:00 AM"
"15392","12053","2/4/2012 12:00:00 AM"
"15393","11397","11/12/2013 12:00:00 AM"
"15394","3050","7/16/2013 12:00:00 AM"
"15395","12572","12/24/2013 12:00:00 AM"
"15396","16509","2/7/2014 12:00:00 AM"
"15397","12573","5/9/2013 12:00:00 AM"
"15398","16798","12/16/2013 12:00:00 AM"
"15399","14552","6/30/2014 12:00:00 AM"
"15400","17127","4/7/2014 12:00:00 AM"
"15401","3937","4/29/2014 12:00:00 AM"
"15402","16813","7/14/2012 12:00:00 AM"
"15403","928","10/26/2013 12:00:00 AM"
"15404","13825","5/29/2014 12:00:00 AM"
"15405","638","8/31/2011 12:00:00 AM"
"15406","17742","6/22/2013 12:00:00 AM"
"15407","18636","8/11/2013 12:00:00 AM"
"15408","4313","7/7/2013 12:00:00 AM"
"15409","17895","7/5/2012 12:00:00 AM"
"15410","18332","10/7/2013 12:00:00 AM"
"15411","18980","1/7/2013 12:00:00 AM"
"15412","18196","9/2/2013 12:00:00 AM"
"15413","3140","10/21/2012 12:00:00 AM"
"15414","17297","8/26/2013 12:00:00 AM"
"15415","3602","6/28/2012 12:00:00 AM"
"15416","13562","4/15/2014 12:00:00 AM"
"15417","19191","11/22/2013 12:00:00 AM"
"15418","3151","11/14/2013 12:00:00 AM"
"15419","18735","6/10/2013 12:00:00 AM"
"15420","1020","7/13/2012 12:00:00 AM"
"15421","1371","11/19/2013 12:00:00 AM"
"15422","497","1/25/2014 12:00:00 AM"
"15423","6343","1/31/2014 12:00:00 AM"
"15424","12270","2/19/2012 12:00:00 AM"
"15425","3781","1/14/2014 12:00:00 AM"
"15426","14691","11/28/2013 12:00:00 AM"
"15427","15953","5/1/2013 12:00:00 AM"
"15428","222","8/14/2013 12:00:00 AM"
"15429","3514","4/21/2013 12:00:00 AM"
"15430","18919","10/14/2011 12:00:00 AM"
"15431","8275","5/20/2014 12:00:00 AM"
"15432","18296","5/26/2013 12:00:00 AM"
"15433","19225","7/12/2013 12:00:00 AM"
"15434","13344","10/27/2013 12:00:00 AM"
"15435","870","1/26/2014 12:00:00 AM"
"15436","6548","6/27/2013 12:00:00 AM"
"15437","4726","8/10/2012 12:00:00 AM"
"15438","8408","12/13/2013 12:00:00 AM"
"15439","8932","5/12/2014 12:00:00 AM"
"15440","5325","8/28/2013 12:00:00 AM"
"15441","17085","9/6/2013 12:00:00 AM"
"15442","3405","4/4/2014 12:00:00 AM"
"15443","17286","2/2/2014 12:00:00 AM"
"15444","16226","1/16/2014 12:00:00 AM"
"15445","512","9/1/2013 12:00:00 AM"
"15446","6512","5/7/2014 12:00:00 AM"
"15447","1153","4/25/2013 12:00:00 AM"
"15448","1923","3/15/2014 12:00:00 AM"
"15449","1246","7/1/2013 12:00:00 AM"
"15450","13469","9/16/2013 12:00:00 AM"
"15451","9983","11/15/2012 12:00:00 AM"
"15452","4321","12/30/2013 12:00:00 AM"
"15453","4843","4/27/2013 12:00:00 AM"
"15454","12815","8/25/2013 12:00:00 AM"
"15455","11444","3/27/2012 12:00:00 AM"
"15456","1223","12/20/2013 12:00:00 AM"
"15457","18263","3/19/2014 12:00:00 AM"
"15458","8620","4/11/2014 12:00:00 AM"
"15459","18203","12/8/2013 12:00:00 AM"
"15460","9974","7/13/2013 12:00:00 AM"
"15461","17223","6/29/2012 12:00:00 AM"
"15462","8126","5/3/2014 12:00:00 AM"
"15463","17376","7/29/2011 12:00:00 AM"
"15464","18988","3/28/2014 12:00:00 AM"
"15465","18814","1/29/2014 12:00:00 AM"
"15466","16756","4/26/2013 12:00:00 AM"
"15467","13918","3/30/2013 12:00:00 AM"
"15468","257","10/10/2013 12:00:00 AM"
"15469","15046","8/24/2012 12:00:00 AM"
"15470","1218","10/23/2013 12:00:00 AM"
"15471","13186","7/22/2013 12:00:00 AM"
"15472","1474","3/1/2014 12:00:00 AM"
"15473","16397","1/1/2014 12:00:00 AM"
"15474","16","12/30/2013 12:00:00 AM"
"15475","15344","9/4/2011 12:00:00 AM"
"15476","3082","5/9/2014 12:00:00 AM"
"15477","115","8/28/2013 12:00:00 AM"
"15478","3200","12/29/2013 12:00:00 AM"
"15479","9295","3/3/2014 12:00:00 AM"
"15480","15396","10/4/2012 12:00:00 AM"
"15481","10011","5/15/2013 12:00:00 AM"
"15482","10978","10/5/2013 12:00:00 AM"
"15483","7356","5/3/2014 12:00:00 AM"
"15484","3575","1/9/2014 12:00:00 AM"
"15485","18283","10/5/2012 12:00:00 AM"
"15486","14950","1/26/2014 12:00:00 AM"
"15487","14827","5/8/2014 12:00:00 AM"
"15488","6027","1/11/2013 12:00:00 AM"
"15489","5554","12/1/2013 12:00:00 AM"
"15490","7048","11/1/2013 12:00:00 AM"
"15491","10609","10/16/2013 12:00:00 AM"
"15492","12927","8/15/2013 12:00:00 AM"
"15493","13791","7/26/2013 12:00:00 AM"
"15494","18258","3/28/2012 12:00:00 AM"
"15495","8924","3/12/2014 12:00:00 AM"
"15496","16950","11/7/2013 12:00:00 AM"
"15497","15592","9/13/2013 12:00:00 AM"
"15498","10600","6/8/2011 12:00:00 AM"
"15499","10374","8/30/2013 12:00:00 AM"
"15500","15836","4/14/2014 12:00:00 AM"
"15501","9294","12/23/2013 12:00:00 AM"
"15502","8811","8/1/2013 12:00:00 AM"
"15503","9722","6/9/2014 12:00:00 AM"
"15504","4630","4/18/2014 12:00:00 AM"
"15505","1182","12/3/2013 12:00:00 AM"
"15506","4214","2/2/2014 12:00:00 AM"
"15507","10706","9/26/2013 12:00:00 AM"
"15508","17383","12/2/2013 12:00:00 AM"
"15509","10976","2/5/2014 12:00:00 AM"
"15510","14097","4/7/2014 12:00:00 AM"
"15511","16188","8/27/2013 12:00:00 AM"
"15512","16130","10/28/2013 12:00:00 AM"
"15513","8146","12/30/2013 12:00:00 AM"
"15514","15297","12/23/2011 12:00:00 AM"
"15515","5637","4/3/2014 12:00:00 AM"
"15516","2525","2/17/2013 12:00:00 AM"
"15517","15137","8/16/2013 12:00:00 AM"
"15518","11824","1/23/2013 12:00:00 AM"
"15519","16625","5/31/2011 12:00:00 AM"
"15520","17452","7/25/2013 12:00:00 AM"
"15521","4058","3/20/2012 12:00:00 AM"
"15522","7436","8/15/2012 12:00:00 AM"
"15523","6015","12/11/2012 12:00:00 AM"
"15524","4129","9/30/2013 12:00:00 AM"
"15525","17853","4/27/2014 12:00:00 AM"
"15526","13154","8/29/2012 12:00:00 AM"
"15527","12087","1/15/2014 12:00:00 AM"
"15528","3008","5/25/2012 12:00:00 AM"
"15529","5659","8/23/2012 12:00:00 AM"
"15530","5520","1/10/2014 12:00:00 AM"
"15531","11045","3/31/2014 12:00:00 AM"
"15532","4460","8/11/2013 12:00:00 AM"
"15533","2933","10/23/2013 12:00:00 AM"
"15534","6541","5/28/2014 12:00:00 AM"
"15535","4481","7/19/2013 12:00:00 AM"
"15536","17377","4/3/2014 12:00:00 AM"
"15537","8728","10/2/2013 12:00:00 AM"
"15538","13314","6/8/2014 12:00:00 AM"
"15539","15409","3/13/2014 12:00:00 AM"
"15540","6613","4/11/2014 12:00:00 AM"
"15541","18441","3/6/2014 12:00:00 AM"
"15542","1187","3/8/2014 12:00:00 AM"
"15543","1694","3/30/2013 12:00:00 AM"
"15544","4324","5/26/2014 12:00:00 AM"
"15545","7989","10/27/2013 12:00:00 AM"
"15546","18187","5/14/2014 12:00:00 AM"
"15547","2766","9/8/2013 12:00:00 AM"
"15548","6584","4/30/2014 12:00:00 AM"
"15549","12831","10/20/2013 12:00:00 AM"
"15550","6503","9/24/2013 12:00:00 AM"
"15551","3009","12/24/2012 12:00:00 AM"
"15552","17533","1/14/2012 12:00:00 AM"
"15553","603","1/16/2014 12:00:00 AM"
"15554","2777","8/23/2013 12:00:00 AM"
"15555","17521","12/13/2013 12:00:00 AM"
"15556","12185","5/29/2014 12:00:00 AM"
"15557","14861","11/14/2011 12:00:00 AM"
"15558","6787","3/26/2013 12:00:00 AM"
"15559","13990","1/7/2014 12:00:00 AM"
"15560","15247","1/16/2014 12:00:00 AM"
"15561","6226","9/21/2013 12:00:00 AM"
"15562","12453","10/31/2013 12:00:00 AM"
"15563","18005","11/30/2011 12:00:00 AM"
"15564","13082","2/13/2014 12:00:00 AM"
"15565","18178","10/22/2012 12:00:00 AM"
"15566","2922","12/16/2012 12:00:00 AM"
"15567","16158","11/13/2013 12:00:00 AM"
"15568","6994","4/22/2013 12:00:00 AM"
"15569","12721","11/9/2012 12:00:00 AM"
"15570","6412","11/24/2013 12:00:00 AM"
"15571","12624","3/6/2014 12:00:00 AM"
"15572","511","7/11/2013 12:00:00 AM"
"15573","9116","12/27/2011 12:00:00 AM"
"15574","12723","3/28/2014 12:00:00 AM"
"15575","589","7/26/2012 12:00:00 AM"
"15576","18384","6/14/2014 12:00:00 AM"
"15577","3667","11/5/2011 12:00:00 AM"
"15578","188","9/13/2013 12:00:00 AM"
"15579","16437","2/6/2014 12:00:00 AM"
"15580","18526","5/9/2014 12:00:00 AM"
"15581","3101","3/24/2014 12:00:00 AM"
"15582","3540","6/16/2014 12:00:00 AM"
"15583","7159","12/30/2011 12:00:00 AM"
"15584","902","12/22/2011 12:00:00 AM"
"15585","2667","3/23/2014 12:00:00 AM"
"15586","14410","3/3/2013 12:00:00 AM"
"15587","5752","7/5/2013 12:00:00 AM"
"15588","15126","2/25/2014 12:00:00 AM"
"15589","6328","10/18/2013 12:00:00 AM"
"15590","3129","1/17/2013 12:00:00 AM"
"15591","8977","1/18/2014 12:00:00 AM"
"15592","9011","7/17/2012 12:00:00 AM"
"15593","3488","2/3/2013 12:00:00 AM"
"15594","13414","2/14/2012 12:00:00 AM"
"15595","11866","12/8/2013 12:00:00 AM"
"15596","13678","11/11/2012 12:00:00 AM"
"15597","4280","11/18/2012 12:00:00 AM"
"15598","11656","3/1/2013 12:00:00 AM"
"15599","13944","8/6/2013 12:00:00 AM"
"15600","8692","1/29/2014 12:00:00 AM"
"15601","6845","4/18/2014 12:00:00 AM"
"15602","8829","1/5/2014 12:00:00 AM"
"15603","3760","2/26/2012 12:00:00 AM"
"15604","9322","7/18/2013 12:00:00 AM"
"15605","13547","1/7/2014 12:00:00 AM"
"15606","9173","12/12/2013 12:00:00 AM"
"15607","7058","5/14/2014 12:00:00 AM"
"15608","6097","3/13/2014 12:00:00 AM"
"15609","11232","12/28/2013 12:00:00 AM"
"15610","14072","3/3/2014 12:00:00 AM"
"15611","6241","2/10/2014 12:00:00 AM"
"15612","12007","12/17/2013 12:00:00 AM"
"15613","17654","7/1/2013 12:00:00 AM"
"15614","18281","10/29/2011 12:00:00 AM"
"15615","5489","2/12/2014 12:00:00 AM"
"15616","18927","3/5/2014 12:00:00 AM"
"15617","5446","12/6/2013 12:00:00 AM"
"15618","11972","4/13/2014 12:00:00 AM"
"15619","10515","11/10/2013 12:00:00 AM"
"15620","17218","7/29/2013 12:00:00 AM"
"15621","18113","4/7/2014 12:00:00 AM"
"15622","12689","6/6/2014 12:00:00 AM"
"15623","17215","3/28/2014 12:00:00 AM"
"15624","14838","4/12/2013 12:00:00 AM"
"15625","15974","8/21/2013 12:00:00 AM"
"15626","14246","11/11/2013 12:00:00 AM"
"15627","6057","3/14/2014 12:00:00 AM"
"15628","8279","11/24/2013 12:00:00 AM"
"15629","1072","12/25/2013 12:00:00 AM"
"15630","9815","9/18/2013 12:00:00 AM"
"15631","8655","7/13/2013 12:00:00 AM"
"15632","18697","7/29/2013 12:00:00 AM"
"15633","16635","10/29/2013 12:00:00 AM"
"15634","1909","7/14/2013 12:00:00 AM"
"15635","17043","9/23/2013 12:00:00 AM"
"15636","2872","11/15/2011 12:00:00 AM"
"15637","7948","4/20/2013 12:00:00 AM"
"15638","103","6/21/2011 12:00:00 AM"
"15639","14474","1/9/2014 12:00:00 AM"
"15640","4963","4/24/2014 12:00:00 AM"
"15641","10512","4/16/2014 12:00:00 AM"
"15642","14945","8/9/2013 12:00:00 AM"
"15643","16659","1/22/2013 12:00:00 AM"
"15644","10690","7/19/2011 12:00:00 AM"
"15645","17318","11/17/2013 12:00:00 AM"
"15646","14108","5/24/2012 12:00:00 AM"
"15647","6227","6/21/2014 12:00:00 AM"
"15648","18406","3/12/2014 12:00:00 AM"
"15649","18792","9/1/2013 12:00:00 AM"
"15650","8404","12/19/2013 12:00:00 AM"
"15651","7618","7/22/2012 12:00:00 AM"
"15652","17472","8/16/2012 12:00:00 AM"
"15653","2648","4/4/2013 12:00:00 AM"
"15654","17237","1/2/2014 12:00:00 AM"
"15655","16718","11/19/2013 12:00:00 AM"
"15656","641","1/14/2014 12:00:00 AM"
"15657","101","6/29/2012 12:00:00 AM"
"15658","10821","8/25/2013 12:00:00 AM"
"15659","8983","10/6/2013 12:00:00 AM"
"15660","13118","6/24/2014 12:00:00 AM"
"15661","5392","12/12/2012 12:00:00 AM"
"15662","17957","5/16/2013 12:00:00 AM"
"15663","133","7/29/2013 12:00:00 AM"
"15664","6718","3/29/2014 12:00:00 AM"
"15665","6933","12/2/2013 12:00:00 AM"
"15666","1335","10/15/2013 12:00:00 AM"
"15667","9928","12/1/2013 12:00:00 AM"
"15668","16662","7/26/2013 12:00:00 AM"
"15669","5353","12/28/2013 12:00:00 AM"
"15670","9179","7/7/2013 12:00:00 AM"
"15671","16669","11/12/2013 12:00:00 AM"
"15672","14176","8/24/2012 12:00:00 AM"
"15673","3464","9/15/2013 12:00:00 AM"
"15674","13351","2/23/2014 12:00:00 AM"
"15675","15914","12/10/2013 12:00:00 AM"
"15676","11169","7/10/2011 12:00:00 AM"
"15677","3152","4/28/2012 12:00:00 AM"
"15678","6309","1/31/2014 12:00:00 AM"
"15679","715","12/1/2012 12:00:00 AM"
"15680","5974","12/27/2013 12:00:00 AM"
"15681","12527","8/9/2011 12:00:00 AM"
"15682","10571","4/21/2012 12:00:00 AM"
"15683","15730","1/6/2012 12:00:00 AM"
"15684","3254","9/22/2013 12:00:00 AM"
"15685","1877","1/9/2014 12:00:00 AM"
"15686","2201","5/5/2014 12:00:00 AM"
"15687","9889","2/10/2014 12:00:00 AM"
"15688","5790","7/23/2013 12:00:00 AM"
"15689","11761","9/16/2012 12:00:00 AM"
"15690","9292","12/22/2013 12:00:00 AM"
"15691","2028","6/4/2014 12:00:00 AM"
"15692","5798","7/23/2013 12:00:00 AM"
"15693","14317","11/2/2013 12:00:00 AM"
"15694","17032","7/30/2013 12:00:00 AM"
"15695","13790","9/30/2013 12:00:00 AM"
"15696","14109","7/24/2013 12:00:00 AM"
"15697","2009","4/21/2013 12:00:00 AM"
"15698","17662","9/16/2013 12:00:00 AM"
"15699","12306","8/8/2013 12:00:00 AM"
"15700","7805","12/27/2013 12:00:00 AM"
"15701","3742","6/28/2011 12:00:00 AM"
"15702","1996","6/22/2013 12:00:00 AM"
"15703","19032","2/12/2012 12:00:00 AM"
"15704","5893","12/14/2013 12:00:00 AM"
"15705","17962","6/14/2014 12:00:00 AM"
"15706","1469","5/2/2014 12:00:00 AM"
"15707","1087","1/9/2014 12:00:00 AM"
"15708","12083","6/17/2014 12:00:00 AM"
"15709","6407","10/14/2013 12:00:00 AM"
"15710","4962","4/13/2013 12:00:00 AM"
"15711","11446","9/15/2013 12:00:00 AM"
"15712","1894","10/15/2012 12:00:00 AM"
"15713","12686","3/27/2014 12:00:00 AM"
"15714","2030","1/23/2012 12:00:00 AM"
"15715","13628","10/15/2011 12:00:00 AM"
"15716","16738","12/9/2013 12:00:00 AM"
"15717","10482","7/17/2013 12:00:00 AM"
"15718","367","8/5/2012 12:00:00 AM"
"15719","12556","5/31/2014 12:00:00 AM"
"15720","9650","3/10/2013 12:00:00 AM"
"15721","5283","5/4/2014 12:00:00 AM"
"15722","18239","5/21/2014 12:00:00 AM"
"15723","192","11/23/2013 12:00:00 AM"
"15724","10596","10/4/2013 12:00:00 AM"
"15725","1869","7/13/2013 12:00:00 AM"
"15726","3598","7/7/2013 12:00:00 AM"
"15727","12678","11/24/2013 12:00:00 AM"
"15728","10448","2/7/2014 12:00:00 AM"
"15729","18385","11/19/2013 12:00:00 AM"
"15730","13948","9/12/2011 12:00:00 AM"
"15731","17529","1/27/2014 12:00:00 AM"
"15732","2542","9/19/2013 12:00:00 AM"
"15733","16975","1/21/2014 12:00:00 AM"
"15734","5531","3/4/2014 12:00:00 AM"
"15735","11655","8/7/2011 12:00:00 AM"
"15736","13661","5/6/2014 12:00:00 AM"
"15737","12080","7/13/2013 12:00:00 AM"
"15738","5462","8/8/2013 12:00:00 AM"
"15739","17169","5/11/2013 12:00:00 AM"
"15740","1144","9/9/2011 12:00:00 AM"
"15741","12639","12/26/2013 12:00:00 AM"
"15742","8493","8/11/2013 12:00:00 AM"
"15743","4486","8/3/2013 12:00:00 AM"
"15744","17015","4/22/2014 12:00:00 AM"
"15745","8759","8/26/2013 12:00:00 AM"
"15746","16093","12/1/2013 12:00:00 AM"
"15747","14356","9/7/2013 12:00:00 AM"
"15748","10822","7/26/2013 12:00:00 AM"
"15749","5738","1/12/2014 12:00:00 AM"
"15750","18093","9/1/2013 12:00:00 AM"
"15751","2768","11/16/2012 12:00:00 AM"
"15752","6495","6/26/2013 12:00:00 AM"
"15753","14464","8/10/2012 12:00:00 AM"
"15754","14628","4/25/2014 12:00:00 AM"
"15755","15219","2/28/2013 12:00:00 AM"
"15756","12765","7/20/2013 12:00:00 AM"
"15757","15262","5/1/2014 12:00:00 AM"
"15758","4657","11/18/2013 12:00:00 AM"
"15759","13801","4/11/2014 12:00:00 AM"
"15760","13273","12/6/2011 12:00:00 AM"
"15761","6912","6/27/2011 12:00:00 AM"
"15762","18776","12/9/2012 12:00:00 AM"
"15763","7378","12/28/2013 12:00:00 AM"
"15764","11104","12/27/2013 12:00:00 AM"
"15765","8459","2/20/2013 12:00:00 AM"
"15766","1275","4/21/2014 12:00:00 AM"
"15767","5459","11/13/2013 12:00:00 AM"
"15768","582","12/30/2013 12:00:00 AM"
"15769","13764","3/20/2014 12:00:00 AM"
"15770","6660","3/6/2014 12:00:00 AM"
"15771","3456","2/18/2014 12:00:00 AM"
"15772","1183","7/5/2013 12:00:00 AM"
"15773","9442","12/15/2013 12:00:00 AM"
"15774","9981","5/23/2014 12:00:00 AM"
"15775","12314","10/15/2013 12:00:00 AM"
"15776","17511","8/4/2011 12:00:00 AM"
"15777","5369","1/30/2014 12:00:00 AM"
"15778","11481","8/21/2013 12:00:00 AM"
"15779","15212","7/30/2013 12:00:00 AM"
"15780","11810","12/14/2013 12:00:00 AM"
"15781","12263","12/24/2013 12:00:00 AM"
"15782","733","1/24/2012 12:00:00 AM"
"15783","15089","7/17/2013 12:00:00 AM"
"15784","13188","5/6/2012 12:00:00 AM"
"15785","17867","2/10/2014 12:00:00 AM"
"15786","12417","8/6/2013 12:00:00 AM"
"15787","7162","1/5/2014 12:00:00 AM"
"15788","17984","9/26/2013 12:00:00 AM"
"15789","11435","8/18/2013 12:00:00 AM"
"15790","5518","7/5/2012 12:00:00 AM"
"15791","11221","12/30/2013 12:00:00 AM"
"15792","17080","2/26/2014 12:00:00 AM"
"15793","6160","11/29/2013 12:00:00 AM"
"15794","5742","4/22/2014 12:00:00 AM"
"15795","4166","4/26/2014 12:00:00 AM"
"15796","13488","3/27/2014 12:00:00 AM"
"15797","823","9/25/2013 12:00:00 AM"
"15798","1850","6/19/2011 12:00:00 AM"
"15799","3193","8/2/2013 12:00:00 AM"
"15800","14887","4/11/2013 12:00:00 AM"
"15801","682","4/7/2014 12:00:00 AM"
"15802","14078","12/4/2013 12:00:00 AM"
"15803","7535","7/19/2012 12:00:00 AM"
"15804","1902","11/9/2012 12:00:00 AM"
"15805","9938","12/2/2013 12:00:00 AM"
"15806","2728","10/23/2013 12:00:00 AM"
"15807","10212","10/15/2012 12:00:00 AM"
"15808","14438","1/4/2014 12:00:00 AM"
"15809","14768","8/28/2013 12:00:00 AM"
"15810","4773","2/7/2014 12:00:00 AM"
"15811","10542","1/7/2014 12:00:00 AM"
"15812","18058","3/7/2014 12:00:00 AM"
"15813","7396","1/6/2012 12:00:00 AM"
"15814","11310","12/23/2013 12:00:00 AM"
"15815","15384","5/6/2014 12:00:00 AM"
"15816","3190","6/30/2013 12:00:00 AM"
"15817","7654","7/15/2013 12:00:00 AM"
"15818","3952","12/25/2011 12:00:00 AM"
"15819","11057","7/20/2013 12:00:00 AM"
"15820","1861","2/28/2013 12:00:00 AM"
"15821","2402","5/29/2012 12:00:00 AM"
"15822","13074","3/24/2013 12:00:00 AM"
"15823","1304","10/19/2013 12:00:00 AM"
"15824","14939","5/3/2014 12:00:00 AM"
"15825","10700","5/30/2014 12:00:00 AM"
"15826","1031","9/19/2012 12:00:00 AM"
"15827","7151","5/7/2014 12:00:00 AM"
"15828","8383","11/19/2012 12:00:00 AM"
"15829","9440","8/27/2011 12:00:00 AM"
"15830","16142","11/12/2013 12:00:00 AM"
"15831","4045","3/30/2012 12:00:00 AM"
"15832","14114","7/30/2012 12:00:00 AM"
"15833","15175","11/13/2013 12:00:00 AM"
"15834","60","6/14/2012 12:00:00 AM"
"15835","5313","12/9/2013 12:00:00 AM"
"15836","13228","5/24/2014 12:00:00 AM"
"15837","9126","7/20/2011 12:00:00 AM"
"15838","14441","11/25/2013 12:00:00 AM"
"15839","19212","10/5/2013 12:00:00 AM"
"15840","16336","1/4/2014 12:00:00 AM"
"15841","3017","12/27/2013 12:00:00 AM"
"15842","5066","1/6/2013 12:00:00 AM"
"15843","7751","12/13/2013 12:00:00 AM"
"15844","15816","3/17/2014 12:00:00 AM"
"15845","6342","7/18/2012 12:00:00 AM"
"15846","12295","1/27/2014 12:00:00 AM"
"15847","9604","12/16/2013 12:00:00 AM"
"15848","8490","8/24/2013 12:00:00 AM"
"15849","7494","6/25/2012 12:00:00 AM"
"15850","4689","2/4/2014 12:00:00 AM"
"15851","739","8/14/2012 12:00:00 AM"
"15852","7016","2/25/2014 12:00:00 AM"
"15853","2763","1/23/2014 12:00:00 AM"
"15854","13361","12/23/2013 12:00:00 AM"
"15855","15671","2/7/2014 12:00:00 AM"
"15856","4318","6/30/2014 12:00:00 AM"
"15857","4750","5/26/2013 12:00:00 AM"
"15858","1319","2/12/2014 12:00:00 AM"
"15859","4439","7/24/2013 12:00:00 AM"
"15860","17070","9/14/2013 12:00:00 AM"
"15861","7455","6/30/2013 12:00:00 AM"
"15862","73","11/23/2013 12:00:00 AM"
"15863","16537","11/5/2013 12:00:00 AM"
"15864","10353","6/25/2011 12:00:00 AM"
"15865","9923","6/7/2014 12:00:00 AM"
"15866","12630","3/13/2013 12:00:00 AM"
"15867","4546","1/5/2012 12:00:00 AM"
"15868","7836","3/1/2014 12:00:00 AM"
"15869","18596","8/1/2011 12:00:00 AM"
"15870","9093","3/18/2014 12:00:00 AM"
"15871","2829","2/7/2013 12:00:00 AM"
"15872","17676","4/27/2014 12:00:00 AM"
"15873","16902","5/28/2013 12:00:00 AM"
"15874","2340","9/7/2011 12:00:00 AM"
"15875","18059","10/22/2011 12:00:00 AM"
"15876","7303","6/10/2014 12:00:00 AM"
"15877","1631","11/2/2012 12:00:00 AM"
"15878","4113","10/1/2013 12:00:00 AM"
"15879","6686","10/17/2013 12:00:00 AM"
"15880","5350","4/22/2014 12:00:00 AM"
"15881","19109","12/23/2012 12:00:00 AM"
"15882","11657","6/2/2012 12:00:00 AM"
"15883","12781","10/18/2013 12:00:00 AM"
"15884","10158","8/14/2013 12:00:00 AM"
"15885","15576","5/13/2012 12:00:00 AM"
"15886","4086","4/28/2013 12:00:00 AM"
"15887","12496","4/25/2014 12:00:00 AM"
"15888","16596","8/9/2013 12:00:00 AM"
"15889","139","11/3/2013 12:00:00 AM"
"15890","8364","3/5/2014 12:00:00 AM"
"15891","15868","12/13/2012 12:00:00 AM"
"15892","2187","9/25/2013 12:00:00 AM"
"15893","12984","12/25/2013 12:00:00 AM"
"15894","2473","10/31/2013 12:00:00 AM"
"15895","14352","10/19/2012 12:00:00 AM"
"15896","7977","7/5/2012 12:00:00 AM"
"15897","9180","4/7/2014 12:00:00 AM"
"15898","6957","11/13/2013 12:00:00 AM"
"15899","7834","8/3/2013 12:00:00 AM"
"15900","9883","5/28/2014 12:00:00 AM"
"15901","3804","2/8/2013 12:00:00 AM"
"15902","1445","2/17/2014 12:00:00 AM"
"15903","17284","8/8/2013 12:00:00 AM"
"15904","10133","1/30/2014 12:00:00 AM"
"15905","14248","5/24/2014 12:00:00 AM"
"15906","14754","9/7/2013 12:00:00 AM"
"15907","7999","8/21/2011 12:00:00 AM"
"15908","18330","11/21/2011 12:00:00 AM"
"15909","14018","8/22/2013 12:00:00 AM"
"15910","16536","4/2/2012 12:00:00 AM"
"15911","8796","1/7/2014 12:00:00 AM"
"15912","7646","2/13/2013 12:00:00 AM"
"15913","6487","5/19/2014 12:00:00 AM"
"15914","14037","5/23/2012 12:00:00 AM"
"15915","14287","7/7/2013 12:00:00 AM"
"15916","13885","4/29/2014 12:00:00 AM"
"15917","2268","12/12/2011 12:00:00 AM"
"15918","2289","1/7/2014 12:00:00 AM"
"15919","8858","4/19/2014 12:00:00 AM"
"15920","11844","7/8/2013 12:00:00 AM"
"15921","7515","5/22/2014 12:00:00 AM"
"15922","570","2/3/2013 12:00:00 AM"
"15923","15839","4/12/2014 12:00:00 AM"
"15924","13328","2/2/2014 12:00:00 AM"
"15925","1212","10/2/2013 12:00:00 AM"
"15926","16520","7/5/2012 12:00:00 AM"
"15927","9566","9/29/2013 12:00:00 AM"
"15928","9541","3/28/2013 12:00:00 AM"
"15929","18114","1/3/2014 12:00:00 AM"
"15930","1123","5/9/2014 12:00:00 AM"
"15931","15141","12/1/2013 12:00:00 AM"
"15932","6878","9/16/2013 12:00:00 AM"
"15933","13979","1/7/2014 12:00:00 AM"
"15934","6158","11/15/2013 12:00:00 AM"
"15935","13289","5/10/2014 12:00:00 AM"
"15936","8509","5/7/2014 12:00:00 AM"
"15937","16607","7/25/2012 12:00:00 AM"
"15938","16593","6/3/2012 12:00:00 AM"
"15939","9762","10/1/2013 12:00:00 AM"
"15940","9626","6/12/2011 12:00:00 AM"
"15941","710","11/28/2013 12:00:00 AM"
"15942","6132","5/13/2014 12:00:00 AM"
"15943","9287","7/13/2013 12:00:00 AM"
"15944","7416","1/8/2013 12:00:00 AM"
"15945","5288","5/26/2013 12:00:00 AM"
"15946","5922","3/10/2014 12:00:00 AM"
"15947","6068","7/23/2013 12:00:00 AM"
"15948","18450","8/26/2011 12:00:00 AM"
"15949","2888","7/12/2011 12:00:00 AM"
"15950","8321","8/23/2011 12:00:00 AM"
"15951","1096","12/1/2013 12:00:00 AM"
"15952","7215","1/8/2014 12:00:00 AM"
"15953","11191","9/1/2013 12:00:00 AM"
"15954","17312","11/13/2013 12:00:00 AM"
"15955","5568","11/15/2013 12:00:00 AM"
"15956","18973","1/23/2014 12:00:00 AM"
"15957","11038","10/9/2013 12:00:00 AM"
"15958","4329","5/11/2014 12:00:00 AM"
"15959","15307","12/17/2012 12:00:00 AM"
"15960","18461","5/5/2014 12:00:00 AM"
"15961","1781","4/19/2014 12:00:00 AM"
"15962","8282","12/15/2013 12:00:00 AM"
"15963","6781","9/15/2013 12:00:00 AM"
"15964","18597","8/14/2013 12:00:00 AM"
"15965","735","10/6/2011 12:00:00 AM"
"15966","17766","10/16/2013 12:00:00 AM"
"15967","14987","4/10/2013 12:00:00 AM"
"15968","16193","4/8/2014 12:00:00 AM"
"15969","15762","5/5/2014 12:00:00 AM"
"15970","18161","6/6/2014 12:00:00 AM"
"15971","1838","12/1/2012 12:00:00 AM"
"15972","13519","4/15/2013 12:00:00 AM"
"15973","14484","8/2/2013 12:00:00 AM"
"15974","11008","1/3/2013 12:00:00 AM"
"15975","4178","9/22/2013 12:00:00 AM"
"15976","9487","8/1/2013 12:00:00 AM"
"15977","9987","2/6/2014 12:00:00 AM"
"15978","18822","7/1/2013 12:00:00 AM"
"15979","2563","1/7/2014 12:00:00 AM"
"15980","4942","9/15/2012 12:00:00 AM"
"15981","11211","5/26/2014 12:00:00 AM"
"15982","11922","3/30/2014 12:00:00 AM"
"15983","2647","12/1/2013 12:00:00 AM"
"15984","10944","11/6/2013 12:00:00 AM"
"15985","19186","12/31/2013 12:00:00 AM"
"15986","18690","8/4/2013 12:00:00 AM"
"15987","11359","5/6/2014 12:00:00 AM"
"15988","13577","3/1/2013 12:00:00 AM"
"15989","1505","8/8/2013 12:00:00 AM"
"15990","881","2/16/2014 12:00:00 AM"
"15991","17541","3/10/2013 12:00:00 AM"
"15992","10897","3/7/2014 12:00:00 AM"
"15993","6253","1/28/2013 12:00:00 AM"
"15994","11843","7/5/2013 12:00:00 AM"
"15995","8377","4/29/2014 12:00:00 AM"
"15996","15700","7/10/2013 12:00:00 AM"
"15997","44","10/10/2013 12:00:00 AM"
"15998","16365","5/4/2014 12:00:00 AM"
"15999","5991","5/26/2014 12:00:00 AM"
"16000","7993","8/25/2013 12:00:00 AM"
"16001","17120","2/14/2014 12:00:00 AM"
"16002","7223","8/23/2012 12:00:00 AM"
"16003","11565","4/15/2013 12:00:00 AM"
"16004","7470","7/28/2013 12:00:00 AM"
"16005","2896","2/5/2014 12:00:00 AM"
"16006","2935","4/17/2012 12:00:00 AM"
"16007","19117","4/16/2014 12:00:00 AM"
"16008","1315","8/27/2013 12:00:00 AM"
"16009","2973","12/6/2013 12:00:00 AM"
"16010","18957","12/20/2013 12:00:00 AM"
"16011","6818","7/12/2013 12:00:00 AM"
"16012","8351","1/3/2013 12:00:00 AM"
"16013","1690","5/21/2014 12:00:00 AM"
"16014","13621","9/21/2013 12:00:00 AM"
"16015","14434","1/17/2014 12:00:00 AM"
"16016","16006","10/10/2013 12:00:00 AM"
"16017","16710","12/23/2011 12:00:00 AM"
"16018","18146","3/30/2013 12:00:00 AM"
"16019","14091","2/19/2013 12:00:00 AM"
"16020","10811","6/22/2012 12:00:00 AM"
"16021","8020","9/12/2013 12:00:00 AM"
"16022","7631","5/24/2014 12:00:00 AM"
"16023","17441","7/6/2012 12:00:00 AM"
"16024","6838","4/11/2014 12:00:00 AM"
"16025","2547","11/27/2013 12:00:00 AM"
"16026","5691","11/3/2013 12:00:00 AM"
"16027","10094","7/24/2012 12:00:00 AM"
"16028","16521","10/28/2013 12:00:00 AM"
"16029","13233","4/30/2014 12:00:00 AM"
"16030","15381","5/10/2013 12:00:00 AM"
"16031","9654","3/21/2014 12:00:00 AM"
"16032","16517","4/17/2014 12:00:00 AM"
"16033","1927","3/19/2014 12:00:00 AM"
"16034","14422","12/25/2013 12:00:00 AM"
"16035","12329","4/3/2013 12:00:00 AM"
"16036","3034","4/17/2014 12:00:00 AM"
"16037","6969","8/17/2013 12:00:00 AM"
"16038","11631","1/29/2014 12:00:00 AM"
"16039","15496","3/27/2014 12:00:00 AM"
"16040","11196","12/5/2011 12:00:00 AM"
"16041","18593","4/19/2014 12:00:00 AM"
"16042","7086","2/15/2014 12:00:00 AM"
"16043","247","1/17/2014 12:00:00 AM"
"16044","13304","5/15/2014 12:00:00 AM"
"16045","18024","5/11/2014 12:00:00 AM"
"16046","4760","9/15/2012 12:00:00 AM"
"16047","5456","4/16/2013 12:00:00 AM"
"16048","6338","2/22/2014 12:00:00 AM"
"16049","14563","8/30/2013 12:00:00 AM"
"16050","144","1/18/2014 12:00:00 AM"
"16051","2757","5/14/2014 12:00:00 AM"
"16052","13886","6/1/2014 12:00:00 AM"
"16053","17381","3/31/2014 12:00:00 AM"
"16054","12426","5/31/2014 12:00:00 AM"
"16055","11402","10/29/2012 12:00:00 AM"
"16056","6378","8/26/2011 12:00:00 AM"
"16057","5242","11/4/2013 12:00:00 AM"
"16058","9692","2/19/2014 12:00:00 AM"
"16059","2883","11/1/2011 12:00:00 AM"
"16060","6406","9/8/2013 12:00:00 AM"
"16061","4199","12/18/2013 12:00:00 AM"
"16062","12931","9/21/2013 12:00:00 AM"
"16063","19068","7/8/2011 12:00:00 AM"
"16064","8420","7/24/2013 12:00:00 AM"
"16065","18932","7/27/2013 12:00:00 AM"
"16066","16887","10/21/2013 12:00:00 AM"
"16067","4279","2/16/2012 12:00:00 AM"
"16068","17249","5/15/2014 12:00:00 AM"
"16069","1723","6/28/2012 12:00:00 AM"
"16070","12201","3/24/2014 12:00:00 AM"
"16071","19214","12/7/2013 12:00:00 AM"
"16072","3259","3/31/2014 12:00:00 AM"
"16073","8159","4/24/2014 12:00:00 AM"
"16074","1225","8/30/2012 12:00:00 AM"
"16075","14603","12/17/2013 12:00:00 AM"
"16076","15714","11/15/2013 12:00:00 AM"
"16077","15347","4/18/2014 12:00:00 AM"
"16078","8487","3/6/2014 12:00:00 AM"
"16079","2535","12/30/2012 12:00:00 AM"
"16080","9673","9/30/2012 12:00:00 AM"
"16081","5139","2/1/2014 12:00:00 AM"
"16082","7568","5/29/2014 12:00:00 AM"
"16083","11263","11/18/2013 12:00:00 AM"
"16084","4297","3/30/2013 12:00:00 AM"
"16085","13433","9/22/2013 12:00:00 AM"
"16086","18528","11/26/2013 12:00:00 AM"
"16087","8332","4/8/2012 12:00:00 AM"
"16088","14040","5/11/2014 12:00:00 AM"
"16089","14233","2/26/2014 12:00:00 AM"
"16090","470","4/14/2014 12:00:00 AM"
"16091","7577","11/19/2011 12:00:00 AM"
"16092","10009","5/11/2013 12:00:00 AM"
"16093","10399","1/14/2014 12:00:00 AM"
"16094","17838","3/8/2014 12:00:00 AM"
"16095","6559","10/28/2013 12:00:00 AM"
"16096","4860","11/2/2013 12:00:00 AM"
"16097","4569","4/2/2013 12:00:00 AM"
"16098","4932","1/31/2013 12:00:00 AM"
"16099","4759","12/10/2013 12:00:00 AM"
"16100","3662","1/11/2014 12:00:00 AM"
"16101","11918","11/6/2013 12:00:00 AM"
"16102","3251","11/14/2013 12:00:00 AM"
"16103","5627","9/17/2013 12:00:00 AM"
"16104","16877","12/25/2013 12:00:00 AM"
"16105","8814","10/30/2013 12:00:00 AM"
"16106","10461","11/26/2012 12:00:00 AM"
"16107","13011","8/27/2013 12:00:00 AM"
"16108","8322","12/5/2011 12:00:00 AM"
"16109","10510","1/17/2014 12:00:00 AM"
"16110","5839","11/19/2013 12:00:00 AM"
"16111","16235","5/12/2014 12:00:00 AM"
"16112","16190","2/17/2012 12:00:00 AM"
"16113","9870","9/9/2013 12:00:00 AM"
"16114","10215","6/25/2014 12:00:00 AM"
"16115","4470","5/17/2013 12:00:00 AM"
"16116","3210","1/3/2012 12:00:00 AM"
"16117","11492","7/21/2012 12:00:00 AM"
"16118","11633","2/16/2014 12:00:00 AM"
"16119","5584","10/10/2013 12:00:00 AM"
"16120","5721","1/11/2012 12:00:00 AM"
"16121","17487","3/24/2014 12:00:00 AM"
"16122","11666","11/11/2013 12:00:00 AM"
"16123","1067","12/28/2011 12:00:00 AM"
"16124","12817","7/8/2013 12:00:00 AM"
"16125","17030","3/15/2014 12:00:00 AM"
"16126","4179","7/13/2013 12:00:00 AM"
"16127","5984","12/7/2013 12:00:00 AM"
"16128","7607","3/18/2014 12:00:00 AM"
"16129","519","11/29/2012 12:00:00 AM"
"16130","13131","6/28/2014 12:00:00 AM"
"16131","377","7/14/2012 12:00:00 AM"
"16132","11279","4/30/2014 12:00:00 AM"
"16133","5524","4/22/2014 12:00:00 AM"
"16134","9468","7/28/2013 12:00:00 AM"
"16135","2471","8/1/2013 12:00:00 AM"
"16136","17068","6/28/2014 12:00:00 AM"
"16137","264","12/18/2013 12:00:00 AM"
"16138","1440","1/25/2013 12:00:00 AM"
"16139","11494","7/26/2012 12:00:00 AM"
"16140","14750","2/5/2014 12:00:00 AM"
"16141","10185","4/27/2014 12:00:00 AM"
"16142","15298","5/20/2012 12:00:00 AM"
"16143","14290","5/18/2012 12:00:00 AM"
"16144","15231","9/9/2013 12:00:00 AM"
"16145","14532","11/25/2013 12:00:00 AM"
"16146","359","9/14/2012 12:00:00 AM"
"16147","10981","2/9/2013 12:00:00 AM"
"16148","11063","7/26/2013 12:00:00 AM"
"16149","2280","1/25/2014 12:00:00 AM"
"16150","13238","12/15/2013 12:00:00 AM"
"16151","8903","3/22/2012 12:00:00 AM"
"16152","19040","5/6/2014 12:00:00 AM"
"16153","14618","11/27/2013 12:00:00 AM"
"16154","2294","10/5/2011 12:00:00 AM"
"16155","14523","1/22/2014 12:00:00 AM"
"16156","7045","7/8/2013 12:00:00 AM"
"16157","15145","1/18/2014 12:00:00 AM"
"16158","5148","8/7/2013 12:00:00 AM"
"16159","8470","8/26/2013 12:00:00 AM"
"16160","15649","1/28/2014 12:00:00 AM"
"16161","15879","5/5/2014 12:00:00 AM"
"16162","12922","11/4/2012 12:00:00 AM"
"16163","17785","8/22/2013 12:00:00 AM"
"16164","1691","5/11/2014 12:00:00 AM"
"16165","15665","12/21/2012 12:00:00 AM"
"16166","11571","6/18/2013 12:00:00 AM"
"16167","5656","2/10/2014 12:00:00 AM"
"16168","18929","3/10/2014 12:00:00 AM"
"16169","9853","8/12/2013 12:00:00 AM"
"16170","13955","12/27/2013 12:00:00 AM"
"16171","8742","8/17/2013 12:00:00 AM"
"16172","16010","11/23/2013 12:00:00 AM"
"16173","10597","11/21/2012 12:00:00 AM"
"16174","18897","5/17/2012 12:00:00 AM"
"16175","13401","9/21/2013 12:00:00 AM"
"16176","18861","7/22/2013 12:00:00 AM"
"16177","334","3/23/2014 12:00:00 AM"
"16178","3593","12/3/2013 12:00:00 AM"
"16179","8133","2/14/2013 12:00:00 AM"
"16180","16855","7/27/2012 12:00:00 AM"
"16181","6000","6/21/2012 12:00:00 AM"
"16182","18679","12/18/2012 12:00:00 AM"
"16183","16726","12/10/2013 12:00:00 AM"
"16184","18135","6/18/2013 12:00:00 AM"
"16185","4888","11/14/2013 12:00:00 AM"
"16186","5176","10/18/2013 12:00:00 AM"
"16187","4683","1/21/2014 12:00:00 AM"
"16188","5092","7/18/2013 12:00:00 AM"
"16189","15801","4/14/2013 12:00:00 AM"
"16190","17689","4/7/2012 12:00:00 AM"
"16191","650","8/12/2013 12:00:00 AM"
"16192","11326","7/5/2013 12:00:00 AM"
"16193","16308","9/19/2013 12:00:00 AM"
"16194","13681","9/6/2013 12:00:00 AM"
"16195","13333","4/7/2014 12:00:00 AM"
"16196","1939","2/17/2012 12:00:00 AM"
"16197","2624","8/3/2013 12:00:00 AM"
"16198","2832","5/3/2014 12:00:00 AM"
"16199","12972","5/26/2014 12:00:00 AM"
"16200","1798","4/28/2013 12:00:00 AM"
"16201","6993","8/2/2013 12:00:00 AM"
"16202","10861","8/26/2013 12:00:00 AM"
"16203","11329","12/22/2013 12:00:00 AM"
"16204","3707","6/1/2012 12:00:00 AM"
"16205","18298","7/25/2013 12:00:00 AM"
"16206","9872","12/6/2012 12:00:00 AM"
"16207","18250","11/1/2011 12:00:00 AM"
"16208","16315","10/16/2013 12:00:00 AM"
"16209","6608","7/22/2011 12:00:00 AM"
"16210","8921","11/11/2013 12:00:00 AM"
"16211","11728","12/20/2013 12:00:00 AM"
"16212","11759","2/23/2014 12:00:00 AM"
"16213","8905","1/1/2014 12:00:00 AM"
"16214","16237","2/9/2014 12:00:00 AM"
"16215","5426","11/14/2011 12:00:00 AM"
"16216","6597","2/20/2014 12:00:00 AM"
"16217","925","1/8/2014 12:00:00 AM"
"16218","1622","7/26/2013 12:00:00 AM"
"16219","15041","2/11/2014 12:00:00 AM"
"16220","18322","2/19/2012 12:00:00 AM"
"16221","18654","4/12/2012 12:00:00 AM"
"16222","3060","5/19/2014 12:00:00 AM"
"16223","4863","10/13/2013 12:00:00 AM"
"16224","9331","5/17/2013 12:00:00 AM"
"16225","6893","11/13/2013 12:00:00 AM"
"16226","3972","5/25/2013 12:00:00 AM"
"16227","8227","11/14/2012 12:00:00 AM"
"16228","4336","3/18/2012 12:00:00 AM"
"16229","12796","12/9/2011 12:00:00 AM"
"16230","10565","11/13/2013 12:00:00 AM"
"16231","4311","10/18/2013 12:00:00 AM"
"16232","12868","10/2/2013 12:00:00 AM"
"16233","7958","11/1/2013 12:00:00 AM"
"16234","6050","6/25/2012 12:00:00 AM"
"16235","15500","11/25/2013 12:00:00 AM"
"16236","13296","6/30/2014 12:00:00 AM"
"16237","12047","2/27/2014 12:00:00 AM"
"16238","4181","2/8/2014 12:00:00 AM"
"16239","6244","4/23/2014 12:00:00 AM"
"16240","11205","7/21/2011 12:00:00 AM"
"16241","13518","10/12/2013 12:00:00 AM"
"16242","8138","8/10/2013 12:00:00 AM"
"16243","11175","6/16/2014 12:00:00 AM"
"16244","7976","6/3/2012 12:00:00 AM"
"16245","10858","8/13/2013 12:00:00 AM"
"16246","6365","12/9/2013 12:00:00 AM"
"16247","2597","10/10/2013 12:00:00 AM"
"16248","12576","12/8/2012 12:00:00 AM"
"16249","12150","8/21/2013 12:00:00 AM"
"16250","916","8/18/2013 12:00:00 AM"
"16251","225","2/10/2012 12:00:00 AM"
"16252","9150","10/5/2012 12:00:00 AM"
"16253","17639","3/23/2014 12:00:00 AM"
"16254","1406","3/16/2014 12:00:00 AM"
"16255","784","9/4/2013 12:00:00 AM"
"16256","18530","5/29/2014 12:00:00 AM"
"16257","10299","9/20/2013 12:00:00 AM"
"16258","5243","12/22/2011 12:00:00 AM"
"16259","5833","12/15/2012 12:00:00 AM"
"16260","2365","1/5/2013 12:00:00 AM"
"16261","14224","10/18/2012 12:00:00 AM"
"16262","3049","6/5/2011 12:00:00 AM"
"16263","19120","4/8/2014 12:00:00 AM"
"16264","13102","5/3/2013 12:00:00 AM"
"16265","18099","1/5/2014 12:00:00 AM"
"16266","7564","12/10/2013 12:00:00 AM"
"16267","12614","7/13/2011 12:00:00 AM"
"16268","4283","10/25/2013 12:00:00 AM"
"16269","6914","7/12/2011 12:00:00 AM"
"16270","7166","12/19/2013 12:00:00 AM"
"16271","1916","12/25/2013 12:00:00 AM"
"16272","1760","3/12/2014 12:00:00 AM"
"16273","15397","4/24/2014 12:00:00 AM"
"16274","13570","11/29/2013 12:00:00 AM"
"16275","9993","4/19/2013 12:00:00 AM"
"16276","12540","9/20/2013 12:00:00 AM"
"16277","15001","2/8/2012 12:00:00 AM"
"16278","10789","3/3/2014 12:00:00 AM"
"16279","9712","7/18/2013 12:00:00 AM"
"16280","10228","7/20/2012 12:00:00 AM"
"16281","10980","12/18/2011 12:00:00 AM"
"16282","12028","7/8/2013 12:00:00 AM"
"16283","9324","11/10/2012 12:00:00 AM"
"16284","4953","8/31/2011 12:00:00 AM"
"16285","9797","7/4/2013 12:00:00 AM"
"16286","1329","7/26/2013 12:00:00 AM"
"16287","4721","8/19/2013 12:00:00 AM"
"16288","18939","3/5/2012 12:00:00 AM"
"16289","11225","1/12/2013 12:00:00 AM"
"16290","11068","5/20/2014 12:00:00 AM"
"16291","11609","9/28/2013 12:00:00 AM"
"16292","15698","2/22/2014 12:00:00 AM"
"16293","5784","1/12/2014 12:00:00 AM"
"16294","14798","12/28/2012 12:00:00 AM"
"16295","12002","5/4/2014 12:00:00 AM"
"16296","10660","7/10/2013 12:00:00 AM"
"16297","15092","9/23/2013 12:00:00 AM"
"16298","6778","4/7/2014 12:00:00 AM"
"16299","16201","6/18/2012 12:00:00 AM"
"16300","6526","6/9/2011 12:00:00 AM"
"16301","13982","4/14/2013 12:00:00 AM"
"16302","10206","3/7/2014 12:00:00 AM"
"16303","8005","10/15/2013 12:00:00 AM"
"16304","6147","11/5/2013 12:00:00 AM"
"16305","15560","9/13/2013 12:00:00 AM"
"16306","7768","3/6/2014 12:00:00 AM"
"16307","10576","7/16/2013 12:00:00 AM"
"16308","15115","3/20/2014 12:00:00 AM"
"16309","858","9/29/2012 12:00:00 AM"
"16310","18603","1/16/2013 12:00:00 AM"
"16311","6471","9/7/2011 12:00:00 AM"
"16312","13762","9/13/2012 12:00:00 AM"
"16313","1071","8/11/2013 12:00:00 AM"
"16314","18682","8/11/2013 12:00:00 AM"
"16315","15516","7/5/2012 12:00:00 AM"
"16316","15751","2/20/2014 12:00:00 AM"
"16317","5389","8/13/2013 12:00:00 AM"
"16318","2606","8/4/2013 12:00:00 AM"
"16319","5999","2/17/2014 12:00:00 AM"
"16320","5088","11/12/2013 12:00:00 AM"
"16321","6963","7/3/2011 12:00:00 AM"
"16322","2601","3/20/2014 12:00:00 AM"
"16323","13274","3/14/2014 12:00:00 AM"
"16324","18004","4/3/2014 12:00:00 AM"
"16325","12459","7/27/2013 12:00:00 AM"
"16326","16612","6/23/2014 12:00:00 AM"
"16327","2524","5/28/2013 12:00:00 AM"
"16328","1424","8/22/2013 12:00:00 AM"
"16329","9741","8/20/2012 12:00:00 AM"
"16330","16196","4/13/2014 12:00:00 AM"
"16331","8226","12/30/2013 12:00:00 AM"
"16332","4067","4/29/2013 12:00:00 AM"
"16333","15901","1/26/2014 12:00:00 AM"
"16334","3916","6/7/2014 12:00:00 AM"
"16335","3379","6/13/2014 12:00:00 AM"
"16336","2876","5/24/2014 12:00:00 AM"
"16337","9264","6/27/2014 12:00:00 AM"
"16338","906","2/6/2014 12:00:00 AM"
"16339","17556","10/10/2012 12:00:00 AM"
"16340","3256","8/16/2013 12:00:00 AM"
"16341","22","12/24/2013 12:00:00 AM"
"16342","11758","4/8/2014 12:00:00 AM"
"16343","9120","10/10/2013 12:00:00 AM"
"16344","3031","11/24/2012 12:00:00 AM"
"16345","5749","12/17/2013 12:00:00 AM"
"16346","12712","5/7/2013 12:00:00 AM"
"16347","18333","4/14/2014 12:00:00 AM"
"16348","17173","6/29/2013 12:00:00 AM"
"16349","13516","3/8/2012 12:00:00 AM"
"16350","868","8/14/2013 12:00:00 AM"
"16351","13316","2/8/2013 12:00:00 AM"
"16352","4697","7/3/2013 12:00:00 AM"
"16353","4411","11/11/2013 12:00:00 AM"
"16354","3155","11/25/2011 12:00:00 AM"
"16355","7349","6/16/2012 12:00:00 AM"
"16356","8272","7/16/2013 12:00:00 AM"
"16357","17091","9/10/2011 12:00:00 AM"
"16358","12226","3/23/2014 12:00:00 AM"
"16359","1897","4/6/2014 12:00:00 AM"
"16360","17108","3/7/2014 12:00:00 AM"
"16361","15171","4/9/2013 12:00:00 AM"
"16362","5764","6/2/2011 12:00:00 AM"
"16363","10890","8/4/2013 12:00:00 AM"
"16364","9041","10/30/2013 12:00:00 AM"
"16365","9810","12/10/2011 12:00:00 AM"
"16366","12394","12/14/2011 12:00:00 AM"
"16367","7250","6/14/2014 12:00:00 AM"
"16368","15425","9/27/2012 12:00:00 AM"
"16369","3911","4/12/2014 12:00:00 AM"
"16370","5324","6/27/2014 12:00:00 AM"
"16371","16556","2/5/2014 12:00:00 AM"
"16372","15804","1/4/2014 12:00:00 AM"
"16373","16533","7/20/2013 12:00:00 AM"
"16374","1434","9/20/2013 12:00:00 AM"
"16375","17025","4/20/2014 12:00:00 AM"
"16376","2262","10/20/2013 12:00:00 AM"
"16377","9847","11/28/2012 12:00:00 AM"
"16378","13033","4/6/2013 12:00:00 AM"
"16379","13855","6/19/2014 12:00:00 AM"
"16380","13352","7/18/2013 12:00:00 AM"
"16381","12611","6/15/2014 12:00:00 AM"
"16382","4222","6/21/2014 12:00:00 AM"
"16383","554","1/19/2014 12:00:00 AM"
"16384","2431","7/19/2012 12:00:00 AM"
"16385","15572","11/28/2013 12:00:00 AM"
"16386","17337","12/7/2013 12:00:00 AM"
"16387","17901","2/3/2013 12:00:00 AM"
"16388","19152","7/29/2012 12:00:00 AM"
"16389","13004","2/23/2014 12:00:00 AM"
"16390","14675","10/28/2013 12:00:00 AM"
"16391","7816","11/18/2013 12:00:00 AM"
"16392","5308","9/10/2012 12:00:00 AM"
"16393","3102","10/27/2013 12:00:00 AM"
"16394","6437","1/19/2014 12:00:00 AM"
"16395","1632","2/16/2014 12:00:00 AM"
"16396","7676","2/26/2014 12:00:00 AM"
"16397","3328","8/11/2013 12:00:00 AM"
"16398","12460","8/29/2012 12:00:00 AM"
"16399","14341","1/9/2014 12:00:00 AM"
"16400","5011","10/14/2011 12:00:00 AM"
"16401","1547","11/19/2011 12:00:00 AM"
"16402","15459","4/18/2014 12:00:00 AM"
"16403","7124","2/19/2014 12:00:00 AM"
"16404","5963","1/8/2014 12:00:00 AM"
"16405","2999","6/21/2011 12:00:00 AM"
"16406","18170","11/18/2013 12:00:00 AM"
"16407","287","2/13/2012 12:00:00 AM"
"16408","2950","8/12/2013 12:00:00 AM"
"16409","18309","10/12/2013 12:00:00 AM"
"16410","4793","8/17/2013 12:00:00 AM"
"16411","14298","9/22/2013 12:00:00 AM"
"16412","6045","6/29/2014 12:00:00 AM"
"16413","14382","10/7/2013 12:00:00 AM"
"16414","19207","9/18/2011 12:00:00 AM"
"16415","4367","4/9/2013 12:00:00 AM"
"16416","4462","6/28/2014 12:00:00 AM"
"16417","6533","7/8/2013 12:00:00 AM"
"16418","13771","2/6/2012 12:00:00 AM"
"16419","16750","7/16/2012 12:00:00 AM"
"16420","5735","5/24/2014 12:00:00 AM"
"16421","2376","8/24/2013 12:00:00 AM"
"16422","4634","5/7/2014 12:00:00 AM"
"16423","18944","4/2/2014 12:00:00 AM"
"16424","5701","1/18/2014 12:00:00 AM"
"16425","11573","8/21/2013 12:00:00 AM"
"16426","7970","8/17/2012 12:00:00 AM"
"16427","13573","1/8/2014 12:00:00 AM"
"16428","2353","5/20/2012 12:00:00 AM"
"16429","2549","3/25/2014 12:00:00 AM"
"16430","17589","6/30/2012 12:00:00 AM"
"16431","5203","6/24/2012 12:00:00 AM"
"16432","15473","12/22/2011 12:00:00 AM"
"16433","13090","6/21/2012 12:00:00 AM"
"16434","15414","3/17/2013 12:00:00 AM"
"16435","5401","8/22/2011 12:00:00 AM"
"16436","14473","12/22/2013 12:00:00 AM"
"16437","2410","12/14/2013 12:00:00 AM"
"16438","18150","11/8/2013 12:00:00 AM"
"16439","11546","9/23/2012 12:00:00 AM"
"16440","2232","3/28/2014 12:00:00 AM"
"16441","17783","8/17/2013 12:00:00 AM"
"16442","1419","8/22/2013 12:00:00 AM"
"16443","8224","2/23/2014 12:00:00 AM"
"16444","11831","12/19/2011 12:00:00 AM"
"16445","11278","7/30/2011 12:00:00 AM"
"16446","10911","4/24/2014 12:00:00 AM"
"16447","1166","7/20/2011 12:00:00 AM"
"16448","13311","5/11/2013 12:00:00 AM"
"16449","9243","5/11/2014 12:00:00 AM"
"16450","8285","3/23/2013 12:00:00 AM"
"16451","18228","4/6/2012 12:00:00 AM"
"16452","4371","2/24/2014 12:00:00 AM"
"16453","15326","4/6/2014 12:00:00 AM"
"16454","14306","11/19/2013 12:00:00 AM"
"16455","4468","5/5/2014 12:00:00 AM"
"16456","7043","2/7/2013 12:00:00 AM"
"16457","15982","10/26/2013 12:00:00 AM"
"16458","1619","1/26/2014 12:00:00 AM"
"16459","18189","5/24/2014 12:00:00 AM"
"16460","16913","6/30/2011 12:00:00 AM"
"16461","4042","12/17/2012 12:00:00 AM"
"16462","10443","2/11/2014 12:00:00 AM"
"16463","15825","6/8/2014 12:00:00 AM"
"16464","14810","8/19/2011 12:00:00 AM"
"16465","14079","11/23/2011 12:00:00 AM"
"16466","420","10/15/2012 12:00:00 AM"
"16467","16079","6/25/2014 12:00:00 AM"
"16468","12348","9/4/2013 12:00:00 AM"
"16469","10671","11/22/2013 12:00:00 AM"
"16470","6703","7/9/2013 12:00:00 AM"
"16471","3917","3/12/2014 12:00:00 AM"
"16472","14759","9/8/2011 12:00:00 AM"
"16473","9460","10/6/2013 12:00:00 AM"
"16474","13313","6/11/2013 12:00:00 AM"
"16475","14880","1/26/2013 12:00:00 AM"
"16476","12789","7/7/2013 12:00:00 AM"
"16477","18338","9/23/2013 12:00:00 AM"
"16478","11431","12/10/2013 12:00:00 AM"
"16479","14707","12/29/2013 12:00:00 AM"
"16480","15668","11/7/2013 12:00:00 AM"
"16481","2117","9/4/2013 12:00:00 AM"
"16482","12618","4/18/2014 12:00:00 AM"
"16483","10481","7/12/2013 12:00:00 AM"
"16484","16223","10/16/2011 12:00:00 AM"
"16485","5153","10/29/2013 12:00:00 AM"
"16486","18999","1/29/2013 12:00:00 AM"
"16487","4709","3/1/2012 12:00:00 AM"
"16488","6336","6/6/2011 12:00:00 AM"
"16489","15498","11/19/2013 12:00:00 AM"
"16490","208","4/12/2012 12:00:00 AM"
"16491","18519","10/6/2013 12:00:00 AM"
"16492","2490","4/30/2014 12:00:00 AM"
"16493","1285","10/3/2013 12:00:00 AM"
"16494","6381","1/17/2014 12:00:00 AM"
"16495","8941","11/11/2012 12:00:00 AM"
"16496","7461","6/2/2014 12:00:00 AM"
"16497","6717","4/19/2012 12:00:00 AM"
"16498","16869","5/27/2014 12:00:00 AM"
"16499","10415","10/20/2013 12:00:00 AM"
"16500","2096","3/26/2012 12:00:00 AM"
"16501","8615","4/18/2014 12:00:00 AM"
"16502","3376","7/11/2011 12:00:00 AM"
"16503","1898","12/14/2013 12:00:00 AM"
"16504","5906","11/1/2013 12:00:00 AM"
"16505","12052","11/7/2013 12:00:00 AM"
"16506","4813","4/22/2013 12:00:00 AM"
"16507","5246","1/16/2014 12:00:00 AM"
"16508","12216","10/4/2013 12:00:00 AM"
"16509","9108","1/16/2014 12:00:00 AM"
"16510","7587","11/7/2012 12:00:00 AM"
"16511","10433","1/27/2014 12:00:00 AM"
"16512","18824","4/14/2014 12:00:00 AM"
"16513","12448","3/20/2014 12:00:00 AM"
"16514","1387","5/26/2012 12:00:00 AM"
"16515","12313","7/18/2013 12:00:00 AM"
"16516","8240","9/12/2013 12:00:00 AM"
"16517","5326","9/29/2013 12:00:00 AM"
"16518","4239","1/15/2014 12:00:00 AM"
"16519","10735","11/26/2013 12:00:00 AM"
"16520","874","12/20/2011 12:00:00 AM"
"16521","15675","7/15/2013 12:00:00 AM"
"16522","2250","4/12/2014 12:00:00 AM"
"16523","9376","10/8/2011 12:00:00 AM"
"16524","19142","2/11/2014 12:00:00 AM"
"16525","3062","10/2/2012 12:00:00 AM"
"16526","5161","1/11/2014 12:00:00 AM"
"16527","12134","7/18/2013 12:00:00 AM"
"16528","3332","1/13/2013 12:00:00 AM"
"16529","5226","7/14/2012 12:00:00 AM"
"16530","6205","1/8/2014 12:00:00 AM"
"16531","15900","8/17/2013 12:00:00 AM"
"16532","4665","5/6/2014 12:00:00 AM"
"16533","4530","3/29/2012 12:00:00 AM"
"16534","14698","1/28/2014 12:00:00 AM"
"16535","15962","4/28/2014 12:00:00 AM"
"16536","14271","5/9/2014 12:00:00 AM"
"16537","3038","5/8/2014 12:00:00 AM"
"16538","10579","9/7/2013 12:00:00 AM"
"16539","4800","10/26/2013 12:00:00 AM"
"16540","4640","1/9/2014 12:00:00 AM"
"16541","549","5/18/2014 12:00:00 AM"
"16542","211","10/18/2013 12:00:00 AM"
"16543","719","11/15/2013 12:00:00 AM"
"16544","1316","8/28/2013 12:00:00 AM"
"16545","14989","1/25/2014 12:00:00 AM"
"16546","11959","7/29/2013 12:00:00 AM"
"16547","2137","11/5/2013 12:00:00 AM"
"16548","10143","10/3/2013 12:00:00 AM"
"16549","14576","4/6/2013 12:00:00 AM"
"16550","6081","7/14/2013 12:00:00 AM"
"16551","663","1/26/2014 12:00:00 AM"
"16552","19070","3/6/2014 12:00:00 AM"
"16553","8211","5/16/2014 12:00:00 AM"
"16554","12545","1/10/2014 12:00:00 AM"
"16555","4560","10/25/2013 12:00:00 AM"
"16556","8212","10/16/2012 12:00:00 AM"
"16557","6755","9/12/2013 12:00:00 AM"
"16558","10547","12/31/2013 12:00:00 AM"
"16559","14068","12/22/2011 12:00:00 AM"
"16560","3022","4/24/2013 12:00:00 AM"
"16561","11861","2/22/2012 12:00:00 AM"
"16562","10929","3/7/2014 12:00:00 AM"
"16563","1487","10/23/2013 12:00:00 AM"
"16564","7891","11/19/2012 12:00:00 AM"
"16565","16092","7/7/2013 12:00:00 AM"
"16566","49","7/9/2013 12:00:00 AM"
"16567","3045","12/10/2013 12:00:00 AM"
"16568","6958","4/23/2014 12:00:00 AM"
"16569","4984","11/1/2013 12:00:00 AM"
"16570","7528","1/19/2014 12:00:00 AM"
"16571","13892","5/28/2014 12:00:00 AM"
"16572","1385","1/6/2014 12:00:00 AM"
"16573","17864","8/23/2012 12:00:00 AM"
"16574","7937","6/22/2012 12:00:00 AM"
"16575","7544","8/18/2011 12:00:00 AM"
"16576","4040","9/26/2012 12:00:00 AM"
"16577","9374","7/6/2012 12:00:00 AM"
"16578","13546","2/15/2013 12:00:00 AM"
"16579","8070","4/4/2012 12:00:00 AM"
"16580","4347","12/28/2013 12:00:00 AM"
"16581","769","2/20/2012 12:00:00 AM"
"16582","6304","8/24/2013 12:00:00 AM"
"16583","11445","9/2/2013 12:00:00 AM"
"16584","14418","9/22/2012 12:00:00 AM"
"16585","14258","7/2/2013 12:00:00 AM"
"16586","6750","10/17/2013 12:00:00 AM"
"16587","17343","11/26/2013 12:00:00 AM"
"16588","18523","7/28/2012 12:00:00 AM"
"16589","13632","3/25/2012 12:00:00 AM"
"16590","13385","6/20/2012 12:00:00 AM"
"16591","13312","12/20/2013 12:00:00 AM"
"16592","14200","4/7/2014 12:00:00 AM"
"16593","9700","1/24/2014 12:00:00 AM"
"16594","4532","9/12/2013 12:00:00 AM"
"16595","11495","7/20/2013 12:00:00 AM"
"16596","16072","1/15/2014 12:00:00 AM"
"16597","18538","5/21/2014 12:00:00 AM"
"16598","6752","3/29/2014 12:00:00 AM"
"16599","886","9/27/2013 12:00:00 AM"
"16600","15993","1/28/2014 12:00:00 AM"
"16601","1627","11/29/2013 12:00:00 AM"
"16602","7520","4/12/2014 12:00:00 AM"
"16603","6310","1/17/2014 12:00:00 AM"
"16604","8981","4/13/2014 12:00:00 AM"
"16605","4939","5/10/2014 12:00:00 AM"
"16606","5815","2/8/2014 12:00:00 AM"
"16607","797","2/22/2014 12:00:00 AM"
"16608","11113","5/30/2014 12:00:00 AM"
"16609","14995","1/12/2014 12:00:00 AM"
"16610","3596","2/1/2014 12:00:00 AM"
"16611","4410","2/12/2013 12:00:00 AM"
"16612","4659","6/30/2013 12:00:00 AM"
"16613","10060","1/11/2014 12:00:00 AM"
"16614","9884","2/23/2014 12:00:00 AM"
"16615","15830","4/7/2014 12:00:00 AM"
"16616","17937","4/10/2012 12:00:00 AM"
"16617","10091","10/10/2011 12:00:00 AM"
"16618","3333","7/26/2013 12:00:00 AM"
"16619","4303","1/26/2014 12:00:00 AM"
"16620","18430","6/30/2013 12:00:00 AM"
"16621","8789","4/5/2014 12:00:00 AM"
"16622","17242","10/25/2013 12:00:00 AM"
"16623","281","1/20/2012 12:00:00 AM"
"16624","13646","8/30/2011 12:00:00 AM"
"16625","18233","2/18/2014 12:00:00 AM"
"16626","16896","4/22/2013 12:00:00 AM"
"16627","9877","2/3/2012 12:00:00 AM"
"16628","17627","10/31/2013 12:00:00 AM"
"16629","15278","11/9/2013 12:00:00 AM"
"16630","9290","11/1/2012 12:00:00 AM"
"16631","11842","4/12/2014 12:00:00 AM"
"16632","537","1/10/2013 12:00:00 AM"
"16633","6093","8/20/2013 12:00:00 AM"
"16634","5996","10/2/2013 12:00:00 AM"
"16635","13087","5/5/2013 12:00:00 AM"
"16636","3929","1/26/2014 12:00:00 AM"
"16637","7335","9/16/2013 12:00:00 AM"
"16638","8449","5/22/2014 12:00:00 AM"
"16639","9868","1/24/2014 12:00:00 AM"
"16640","11960","9/24/2013 12:00:00 AM"
"16641","3983","8/7/2013 12:00:00 AM"
"16642","16107","7/29/2013 12:00:00 AM"
"16643","16733","10/31/2013 12:00:00 AM"
"16644","16455","11/11/2013 12:00:00 AM"
"16645","3149","1/7/2014 12:00:00 AM"
"16646","2642","1/1/2014 12:00:00 AM"
"16647","6570","9/19/2013 12:00:00 AM"
"16648","18741","6/2/2012 12:00:00 AM"
"16649","15752","1/18/2014 12:00:00 AM"
"16650","2343","4/7/2014 12:00:00 AM"
"16651","15887","2/25/2014 12:00:00 AM"
"16652","14666","12/30/2013 12:00:00 AM"
"16653","12338","3/17/2014 12:00:00 AM"
"16654","448","4/8/2014 12:00:00 AM"
"16655","17149","10/23/2013 12:00:00 AM"
"16656","1648","7/2/2013 12:00:00 AM"
"16657","10450","3/30/2014 12:00:00 AM"
"16658","16471","5/27/2013 12:00:00 AM"
"16659","5342","3/24/2014 12:00:00 AM"
"16660","16888","8/31/2013 12:00:00 AM"
"16661","731","6/30/2013 12:00:00 AM"
"16662","7598","10/8/2013 12:00:00 AM"
"16663","6602","10/19/2011 12:00:00 AM"
"16664","15333","9/23/2013 12:00:00 AM"
"16665","8192","11/4/2013 12:00:00 AM"
"16666","12499","1/10/2014 12:00:00 AM"
"16667","18125","3/3/2013 12:00:00 AM"
"16668","18439","1/13/2014 12:00:00 AM"
"16669","1234","12/10/2013 12:00:00 AM"
"16670","1544","8/20/2013 12:00:00 AM"
"16671","7525","7/7/2013 12:00:00 AM"
"16672","15957","1/15/2014 12:00:00 AM"
"16673","12597","12/13/2013 12:00:00 AM"
"16674","9901","8/31/2013 12:00:00 AM"
"16675","10803","1/30/2013 12:00:00 AM"
"16676","10252","7/12/2013 12:00:00 AM"
"16677","17951","7/15/2013 12:00:00 AM"
"16678","10411","6/16/2013 12:00:00 AM"
"16679","14578","5/17/2014 12:00:00 AM"
"16680","5185","12/19/2013 12:00:00 AM"
"16681","13611","12/8/2011 12:00:00 AM"
"16682","18916","7/30/2013 12:00:00 AM"
"16683","10922","1/1/2014 12:00:00 AM"
"16684","4985","4/30/2012 12:00:00 AM"
"16685","11089","3/24/2014 12:00:00 AM"
"16686","10332","7/8/2013 12:00:00 AM"
"16687","16622","3/18/2014 12:00:00 AM"
"16688","14313","4/19/2014 12:00:00 AM"
"16689","1829","6/11/2014 12:00:00 AM"
"16690","12945","12/16/2011 12:00:00 AM"
"16691","5677","11/29/2013 12:00:00 AM"
"16692","4722","3/7/2014 12:00:00 AM"
"16693","10316","1/24/2014 12:00:00 AM"
"16694","3595","1/16/2012 12:00:00 AM"
"16695","15680","11/11/2012 12:00:00 AM"
"16696","7174","11/16/2011 12:00:00 AM"
"16697","13969","7/23/2013 12:00:00 AM"
"16698","12850","5/25/2014 12:00:00 AM"
"16699","18951","12/9/2013 12:00:00 AM"
"16700","10930","2/10/2014 12:00:00 AM"
"16701","12457","10/19/2011 12:00:00 AM"
"16702","11091","3/23/2014 12:00:00 AM"
"16703","836","7/5/2013 12:00:00 AM"
"16704","6091","1/18/2014 12:00:00 AM"
"16705","7714","8/28/2012 12:00:00 AM"
"16706","12632","10/19/2011 12:00:00 AM"
"16707","2893","7/14/2013 12:00:00 AM"
"16708","11477","11/28/2013 12:00:00 AM"
"16709","946","2/10/2013 12:00:00 AM"
"16710","14577","5/18/2013 12:00:00 AM"
"16711","7288","2/19/2014 12:00:00 AM"
"16712","12391","6/2/2014 12:00:00 AM"
"16713","18718","5/4/2014 12:00:00 AM"
"16714","3619","8/11/2013 12:00:00 AM"
"16715","1107","3/19/2014 12:00:00 AM"
"16716","18793","10/24/2013 12:00:00 AM"
"16717","2781","5/13/2012 12:00:00 AM"
"16718","4250","4/15/2013 12:00:00 AM"
"16719","15188","1/31/2014 12:00:00 AM"
"16720","1228","12/6/2013 12:00:00 AM"
"16721","16686","8/12/2013 12:00:00 AM"
"16722","14919","11/1/2013 12:00:00 AM"
"16723","6998","1/25/2014 12:00:00 AM"
"16724","12932","1/25/2014 12:00:00 AM"
"16725","5218","10/28/2012 12:00:00 AM"
"16726","6425","5/22/2014 12:00:00 AM"
"16727","5129","1/26/2014 12:00:00 AM"
"16728","17099","4/27/2014 12:00:00 AM"
"16729","12891","2/28/2014 12:00:00 AM"
"16730","12043","12/10/2013 12:00:00 AM"
"16731","10834","5/19/2014 12:00:00 AM"
"16732","17916","5/16/2012 12:00:00 AM"
"16733","10114","3/7/2014 12:00:00 AM"
"16734","10881","8/6/2013 12:00:00 AM"
"16735","521","3/30/2012 12:00:00 AM"
"16736","13626","1/23/2013 12:00:00 AM"
"16737","10271","12/29/2013 12:00:00 AM"
"16738","4567","9/11/2013 12:00:00 AM"
"16739","13334","8/27/2013 12:00:00 AM"
"16740","17480","10/23/2012 12:00:00 AM"
"16741","15154","12/31/2013 12:00:00 AM"
"16742","9519","10/5/2013 12:00:00 AM"
"16743","18895","1/20/2014 12:00:00 AM"
"16744","5669","3/14/2014 12:00:00 AM"
"16745","11309","2/23/2012 12:00:00 AM"
"16746","4331","11/13/2013 12:00:00 AM"
"16747","3372","6/9/2012 12:00:00 AM"
"16748","5163","6/1/2014 12:00:00 AM"
"16749","7742","12/23/2013 12:00:00 AM"
"16750","13698","2/19/2014 12:00:00 AM"
"16751","12284","1/16/2014 12:00:00 AM"
"16752","6080","8/23/2013 12:00:00 AM"
"16753","18807","8/1/2013 12:00:00 AM"
"16754","4277","1/7/2014 12:00:00 AM"
"16755","4944","11/30/2012 12:00:00 AM"
"16756","3831","10/5/2011 12:00:00 AM"
"16757","16043","9/6/2013 12:00:00 AM"
"16758","1314","8/12/2013 12:00:00 AM"
"16759","12581","11/28/2013 12:00:00 AM"
"16760","516","8/28/2013 12:00:00 AM"
"16761","8413","8/13/2013 12:00:00 AM"
"16762","19147","8/31/2013 12:00:00 AM"
"16763","16236","7/24/2013 12:00:00 AM"
"16764","17097","6/20/2011 12:00:00 AM"
"16765","577","8/31/2013 12:00:00 AM"
"16766","18926","4/8/2014 12:00:00 AM"
"16767","10925","12/1/2013 12:00:00 AM"
"16768","11968","2/18/2013 12:00:00 AM"
"16769","14795","9/3/2013 12:00:00 AM"
"16770","7417","4/3/2013 12:00:00 AM"
"16771","11020","8/19/2013 12:00:00 AM"
"16772","18209","5/29/2014 12:00:00 AM"
"16773","18134","1/14/2013 12:00:00 AM"
"16774","18144","6/15/2012 12:00:00 AM"
"16775","16343","11/19/2013 12:00:00 AM"
"16776","3615","12/7/2013 12:00:00 AM"
"16777","7468","9/24/2013 12:00:00 AM"
"16778","10555","10/25/2013 12:00:00 AM"
"16779","13707","7/26/2013 12:00:00 AM"
"16780","15456","11/23/2013 12:00:00 AM"
"16781","1730","2/4/2013 12:00:00 AM"
"16782","7843","4/25/2014 12:00:00 AM"
"16783","18633","8/17/2013 12:00:00 AM"
"16784","8252","4/28/2014 12:00:00 AM"
"16785","3028","2/19/2014 12:00:00 AM"
"16786","2234","9/19/2013 12:00:00 AM"
"16787","18889","7/12/2011 12:00:00 AM"
"16788","1437","6/28/2014 12:00:00 AM"
"16789","17420","9/3/2013 12:00:00 AM"
"16790","14733","4/8/2014 12:00:00 AM"
"16791","17682","4/29/2012 12:00:00 AM"
"16792","3480","5/6/2012 12:00:00 AM"
"16793","12085","5/1/2014 12:00:00 AM"
"16794","6661","4/8/2014 12:00:00 AM"
"16795","5633","8/1/2013 12:00:00 AM"
"16796","8563","12/18/2011 12:00:00 AM"
"16797","12409","1/27/2013 12:00:00 AM"
"16798","3330","3/25/2014 12:00:00 AM"
"16799","116","2/28/2014 12:00:00 AM"
"16800","16108","11/22/2013 12:00:00 AM"
"16801","14423","2/19/2014 12:00:00 AM"
"16802","9634","12/9/2013 12:00:00 AM"
"16803","3353","12/24/2013 12:00:00 AM"
"16804","8424","1/25/2014 12:00:00 AM"
"16805","2018","8/28/2013 12:00:00 AM"
"16806","8532","6/30/2013 12:00:00 AM"
"16807","5814","4/4/2012 12:00:00 AM"
"16808","13227","7/13/2011 12:00:00 AM"
"16809","19121","8/18/2012 12:00:00 AM"
"16810","2669","5/25/2014 12:00:00 AM"
"16811","6560","11/6/2012 12:00:00 AM"
"16812","11923","2/9/2014 12:00:00 AM"
"16813","13578","2/18/2014 12:00:00 AM"
"16814","7812","2/28/2013 12:00:00 AM"
"16815","14868","6/20/2013 12:00:00 AM"
"16816","6960","7/23/2013 12:00:00 AM"
"16817","17550","8/18/2013 12:00:00 AM"
"16818","10160","4/26/2012 12:00:00 AM"
"16819","16099","5/16/2014 12:00:00 AM"
"16820","17836","2/20/2014 12:00:00 AM"
"16821","1421","4/26/2014 12:00:00 AM"
"16822","2176","3/15/2014 12:00:00 AM"
"16823","14817","12/25/2012 12:00:00 AM"
"16824","6044","1/13/2013 12:00:00 AM"
"16825","8528","6/21/2014 12:00:00 AM"
"16826","7909","10/25/2012 12:00:00 AM"
"16827","475","6/30/2014 12:00:00 AM"
"16828","427","3/3/2014 12:00:00 AM"
"16829","14004","6/17/2012 12:00:00 AM"
"16830","12785","11/18/2013 12:00:00 AM"
"16831","15433","9/27/2011 12:00:00 AM"
"16832","7700","12/3/2013 12:00:00 AM"
"16833","12041","1/21/2013 12:00:00 AM"
"16834","7025","12/14/2013 12:00:00 AM"
"16835","7246","1/10/2012 12:00:00 AM"
"16836","9932","7/6/2012 12:00:00 AM"
"16837","2421","3/15/2014 12:00:00 AM"
"16838","3111","9/24/2013 12:00:00 AM"
"16839","14964","4/24/2014 12:00:00 AM"
"16840","19097","8/12/2013 12:00:00 AM"
"16841","4712","1/25/2014 12:00:00 AM"
"16842","3292","8/27/2013 12:00:00 AM"
"16843","6904","11/27/2013 12:00:00 AM"
"16844","18410","3/14/2014 12:00:00 AM"
"16845","17130","8/1/2013 12:00:00 AM"
"16846","13692","8/6/2011 12:00:00 AM"
"16847","18012","2/2/2014 12:00:00 AM"
"16848","8617","7/23/2013 12:00:00 AM"
"16849","15650","11/6/2013 12:00:00 AM"
"16850","8571","11/28/2013 12:00:00 AM"
"16851","14094","1/19/2014 12:00:00 AM"
"16852","11897","11/22/2011 12:00:00 AM"
"16853","9992","8/18/2013 12:00:00 AM"
"16854","11732","8/31/2013 12:00:00 AM"
"16855","1498","3/19/2014 12:00:00 AM"
"16856","13533","1/4/2013 12:00:00 AM"
"16857","7395","4/21/2013 12:00:00 AM"
"16858","16372","6/12/2012 12:00:00 AM"
"16859","17730","8/17/2013 12:00:00 AM"
"16860","5472","1/5/2013 12:00:00 AM"
"16861","11307","8/13/2012 12:00:00 AM"
"16862","5078","9/19/2013 12:00:00 AM"
"16863","16486","10/5/2013 12:00:00 AM"
"16864","12762","4/5/2014 12:00:00 AM"
"16865","6073","11/28/2012 12:00:00 AM"
"16866","6139","4/11/2012 12:00:00 AM"
"16867","7888","9/28/2013 12:00:00 AM"
"16868","8418","6/30/2012 12:00:00 AM"
"16869","11608","1/7/2014 12:00:00 AM"
"16870","18782","3/29/2013 12:00:00 AM"
"16871","1686","4/18/2014 12:00:00 AM"
"16872","16555","2/20/2013 12:00:00 AM"
"16873","9854","3/20/2014 12:00:00 AM"
"16874","642","11/25/2013 12:00:00 AM"
"16875","3968","9/20/2012 12:00:00 AM"
"16876","6192","2/27/2014 12:00:00 AM"
"16877","12337","6/14/2014 12:00:00 AM"
"16878","16518","2/1/2014 12:00:00 AM"
"16879","4376","9/12/2013 12:00:00 AM"
"16880","6267","11/4/2013 12:00:00 AM"
"16881","9326","2/21/2013 12:00:00 AM"
"16882","13658","3/29/2014 12:00:00 AM"
"16883","1805","2/18/2014 12:00:00 AM"
"16884","2736","6/13/2011 12:00:00 AM"
"16885","5946","3/17/2014 12:00:00 AM"
"16886","16423","6/22/2013 12:00:00 AM"
"16887","3285","5/25/2014 12:00:00 AM"
"16888","10486","5/12/2013 12:00:00 AM"
"16889","4353","5/4/2014 12:00:00 AM"
"16890","10761","12/6/2013 12:00:00 AM"
"16891","18742","6/19/2014 12:00:00 AM"
"16892","3955","12/14/2011 12:00:00 AM"
"16893","8075","12/24/2013 12:00:00 AM"
"16894","7635","10/17/2013 12:00:00 AM"
"16895","4268","12/6/2012 12:00:00 AM"
"16896","19232","7/18/2013 12:00:00 AM"
"16897","16708","5/30/2013 12:00:00 AM"
"16898","7541","12/16/2012 12:00:00 AM"
"16899","14045","10/16/2011 12:00:00 AM"
"16900","3945","11/5/2013 12:00:00 AM"
"16901","15949","5/15/2014 12:00:00 AM"
"16902","14136","7/15/2013 12:00:00 AM"
"16903","8533","6/7/2011 12:00:00 AM"
"16904","3650","7/14/2012 12:00:00 AM"
"16905","17671","10/30/2013 12:00:00 AM"
"16906","11425","5/8/2014 12:00:00 AM"
"16907","482","1/21/2013 12:00:00 AM"
"16908","7028","11/15/2013 12:00:00 AM"
"16909","15110","11/29/2011 12:00:00 AM"
"16910","13058","8/12/2013 12:00:00 AM"
"16911","1493","8/19/2011 12:00:00 AM"
"16912","6095","10/21/2013 12:00:00 AM"
"16913","15394","11/5/2011 12:00:00 AM"
"16914","10849","4/1/2012 12:00:00 AM"
"16915","12363","9/2/2013 12:00:00 AM"
"16916","3296","7/11/2013 12:00:00 AM"
"16917","189","4/25/2014 12:00:00 AM"
"16918","12771","2/26/2014 12:00:00 AM"
"16919","1577","6/20/2014 12:00:00 AM"
"16920","294","12/15/2013 12:00:00 AM"
"16921","2283","3/15/2014 12:00:00 AM"
"16922","9160","3/7/2014 12:00:00 AM"
"16923","15442","4/13/2012 12:00:00 AM"
"16924","10651","2/11/2014 12:00:00 AM"
"16925","4265","12/15/2013 12:00:00 AM"
"16926","15502","10/25/2013 12:00:00 AM"
"16927","18443","10/21/2013 12:00:00 AM"
"16928","6410","7/25/2013 12:00:00 AM"
"16929","1014","12/29/2013 12:00:00 AM"
"16930","2747","1/26/2012 12:00:00 AM"
"16931","12787","4/22/2014 12:00:00 AM"
"16932","14918","7/7/2012 12:00:00 AM"
"16933","11470","9/11/2013 12:00:00 AM"
"16934","6723","11/25/2012 12:00:00 AM"
"16935","4019","11/13/2011 12:00:00 AM"
"16936","1610","3/27/2014 12:00:00 AM"
"16937","10760","9/19/2012 12:00:00 AM"
"16938","11642","2/7/2014 12:00:00 AM"
"16939","3568","4/18/2013 12:00:00 AM"
"16940","13947","7/18/2012 12:00:00 AM"
"16941","19095","9/30/2013 12:00:00 AM"
"16942","8064","9/3/2013 12:00:00 AM"
"16943","4327","6/18/2014 12:00:00 AM"
"16944","8456","1/28/2012 12:00:00 AM"
"16945","3389","3/15/2014 12:00:00 AM"
"16946","10220","2/26/2013 12:00:00 AM"
"16947","495","7/4/2013 12:00:00 AM"
"16948","2837","2/28/2014 12:00:00 AM"
"16949","2531","10/12/2013 12:00:00 AM"
"16950","4974","3/19/2014 12:00:00 AM"
"16951","18877","7/21/2011 12:00:00 AM"
"16952","3482","7/6/2013 12:00:00 AM"
"16953","4015","9/16/2013 12:00:00 AM"
"16954","16908","8/2/2013 12:00:00 AM"
"16955","8149","12/9/2011 12:00:00 AM"
"16956","6363","11/27/2013 12:00:00 AM"
"16957","13282","10/30/2013 12:00:00 AM"
"16958","12081","11/15/2012 12:00:00 AM"
"16959","2231","2/1/2013 12:00:00 AM"
"16960","8475","2/28/2014 12:00:00 AM"
"16961","1965","4/19/2014 12:00:00 AM"
"16962","2264","7/25/2011 12:00:00 AM"
"16963","2173","10/5/2011 12:00:00 AM"
"16964","9942","5/26/2014 12:00:00 AM"
"16965","4668","8/24/2013 12:00:00 AM"
"16966","18208","10/22/2013 12:00:00 AM"
"16967","16676","9/22/2013 12:00:00 AM"
"16968","10645","3/8/2014 12:00:00 AM"
"16969","546","11/27/2013 12:00:00 AM"
"16970","14524","12/11/2013 12:00:00 AM"
"16971","5755","11/28/2013 12:00:00 AM"
"16972","18780","6/30/2014 12:00:00 AM"
"16973","16472","5/6/2014 12:00:00 AM"
"16974","6002","12/6/2013 12:00:00 AM"
"16975","16803","4/29/2013 12:00:00 AM"
"16976","9579","8/14/2011 12:00:00 AM"
"16977","13896","5/23/2014 12:00:00 AM"
"16978","5407","7/2/2012 12:00:00 AM"
"16979","6127","1/22/2012 12:00:00 AM"
"16980","9556","1/26/2012 12:00:00 AM"
"16981","11737","12/8/2013 12:00:00 AM"
"16982","14372","12/3/2013 12:00:00 AM"
"16983","2977","6/16/2012 12:00:00 AM"
"16984","2923","1/26/2014 12:00:00 AM"
"16985","12855","11/24/2013 12:00:00 AM"
"16986","16028","7/11/2013 12:00:00 AM"
"16987","16301","12/7/2013 12:00:00 AM"
"16988","19118","2/19/2014 12:00:00 AM"
"16989","12571","3/6/2014 12:00:00 AM"
"16990","15923","11/27/2013 12:00:00 AM"
"16991","12268","12/7/2011 12:00:00 AM"
"16992","18101","2/16/2014 12:00:00 AM"
"16993","18511","10/17/2013 12:00:00 AM"
"16994","16911","6/7/2012 12:00:00 AM"
"16995","18023","12/29/2013 12:00:00 AM"
"16996","13739","8/2/2013 12:00:00 AM"
"16997","16829","9/16/2013 12:00:00 AM"
"16998","7010","6/24/2011 12:00:00 AM"
"16999","10840","9/26/2013 12:00:00 AM"
"17000","14334","6/12/2014 12:00:00 AM"
"17001","2097","1/11/2013 12:00:00 AM"
"17002","13515","4/12/2014 12:00:00 AM"
"17003","19001","5/22/2012 12:00:00 AM"
"17004","1052","7/21/2011 12:00:00 AM"
"17005","5977","2/24/2013 12:00:00 AM"
"17006","4808","8/29/2012 12:00:00 AM"
"17007","15791","8/25/2013 12:00:00 AM"
"17008","541","11/21/2013 12:00:00 AM"
"17009","16539","2/25/2014 12:00:00 AM"
"17010","4516","8/8/2013 12:00:00 AM"
"17011","3739","5/23/2012 12:00:00 AM"
"17012","1129","8/1/2013 12:00:00 AM"
"17013","2165","6/8/2013 12:00:00 AM"
"17014","12523","1/27/2013 12:00:00 AM"
"17015","16022","7/28/2011 12:00:00 AM"
"17016","16239","11/16/2013 12:00:00 AM"
"17017","18557","1/31/2013 12:00:00 AM"
"17018","1662","4/8/2014 12:00:00 AM"
"17019","6604","9/1/2013 12:00:00 AM"
"17020","5779","6/10/2014 12:00:00 AM"
"17021","6401","1/17/2014 12:00:00 AM"
"17022","1271","10/1/2013 12:00:00 AM"
"17023","8440","5/28/2014 12:00:00 AM"
"17024","857","5/28/2012 12:00:00 AM"
"17025","2972","6/1/2012 12:00:00 AM"
"17026","19026","12/17/2013 12:00:00 AM"
"17027","16553","12/9/2013 12:00:00 AM"
"17028","16118","5/6/2014 12:00:00 AM"
"17029","4257","5/20/2014 12:00:00 AM"
"17030","1586","7/25/2013 12:00:00 AM"
"17031","15202","6/21/2013 12:00:00 AM"
"17032","7814","9/5/2013 12:00:00 AM"
"17033","6811","4/2/2014 12:00:00 AM"
"17034","17279","5/26/2014 12:00:00 AM"
"17035","3855","4/23/2014 12:00:00 AM"
"17036","14650","9/24/2013 12:00:00 AM"
"17037","905","12/10/2013 12:00:00 AM"
"17038","1740","2/1/2014 12:00:00 AM"
"17039","18687","10/29/2013 12:00:00 AM"
"17040","10734","12/13/2012 12:00:00 AM"
"17041","9296","10/25/2013 12:00:00 AM"
"17042","286","6/22/2013 12:00:00 AM"
"17043","15170","7/16/2012 12:00:00 AM"
"17044","17013","3/1/2013 12:00:00 AM"
"17045","16328","11/14/2013 12:00:00 AM"
"17046","10804","12/7/2013 12:00:00 AM"
"17047","15690","6/26/2014 12:00:00 AM"
"17048","2543","2/18/2014 12:00:00 AM"
"17049","13116","11/22/2013 12:00:00 AM"
"17050","16606","11/19/2012 12:00:00 AM"
"17051","15867","7/28/2013 12:00:00 AM"
"17052","3841","8/25/2013 12:00:00 AM"
"17053","2042","4/16/2014 12:00:00 AM"
"17054","938","11/15/2013 12:00:00 AM"
"17055","17715","8/20/2013 12:00:00 AM"
"17056","9618","4/11/2012 12:00:00 AM"
"17057","18237","8/25/2013 12:00:00 AM"
"17058","10465","5/16/2014 12:00:00 AM"
"17059","9278","5/20/2013 12:00:00 AM"
"17060","11630","1/22/2014 12:00:00 AM"
"17061","8119","3/4/2014 12:00:00 AM"
"17062","14713","11/3/2012 12:00:00 AM"
"17063","9902","1/23/2013 12:00:00 AM"
"17064","13300","3/1/2013 12:00:00 AM"
"17065","13743","3/11/2012 12:00:00 AM"
"17066","5895","1/26/2014 12:00:00 AM"
"17067","7941","7/29/2013 12:00:00 AM"
"17068","6589","11/15/2011 12:00:00 AM"
"17069","2836","5/18/2014 12:00:00 AM"
"17070","9946","11/8/2012 12:00:00 AM"
"17071","3651","9/13/2013 12:00:00 AM"
"17072","13568","1/30/2014 12:00:00 AM"
"17073","9337","12/19/2012 12:00:00 AM"
"17074","179","8/19/2013 12:00:00 AM"
"17075","17272","12/7/2013 12:00:00 AM"
"17076","7338","5/29/2013 12:00:00 AM"
"17077","15506","1/6/2013 12:00:00 AM"
"17078","8326","4/12/2014 12:00:00 AM"
"17079","11954","8/2/2011 12:00:00 AM"
"17080","8687","7/8/2012 12:00:00 AM"
"17081","12005","6/10/2011 12:00:00 AM"
"17082","15117","4/17/2014 12:00:00 AM"
"17083","15852","3/28/2014 12:00:00 AM"
"17084","13898","8/3/2013 12:00:00 AM"
"17085","16410","2/25/2014 12:00:00 AM"
"17086","1490","11/2/2013 12:00:00 AM"
"17087","3260","8/17/2013 12:00:00 AM"
"17088","12056","7/22/2012 12:00:00 AM"
"17089","10102","7/20/2013 12:00:00 AM"
"17090","11764","10/25/2013 12:00:00 AM"
"17091","8232","8/22/2011 12:00:00 AM"
"17092","9435","1/27/2012 12:00:00 AM"
"17093","1164","1/29/2014 12:00:00 AM"
"17094","5483","4/1/2013 12:00:00 AM"
"17095","8444","2/18/2014 12:00:00 AM"
"17096","10567","11/22/2013 12:00:00 AM"
"17097","4645","9/4/2013 12:00:00 AM"
"17098","6176","4/8/2013 12:00:00 AM"
"17099","6143","3/23/2014 12:00:00 AM"
"17100","8749","7/16/2013 12:00:00 AM"
"17101","15245","9/1/2013 12:00:00 AM"
"17102","7783","4/11/2014 12:00:00 AM"
"17103","622","11/29/2013 12:00:00 AM"
"17104","11209","12/3/2013 12:00:00 AM"
"17105","19037","10/28/2011 12:00:00 AM"
"17106","2589","7/15/2013 12:00:00 AM"
"17107","5216","8/12/2012 12:00:00 AM"
"17108","12998","1/23/2013 12:00:00 AM"
"17109","3005","6/15/2013 12:00:00 AM"
"17110","9641","1/1/2014 12:00:00 AM"
"17111","17340","5/17/2014 12:00:00 AM"
"17112","12847","2/16/2014 12:00:00 AM"
"17113","5507","10/15/2013 12:00:00 AM"
"17114","1516","1/23/2014 12:00:00 AM"
"17115","5322","2/7/2013 12:00:00 AM"
"17116","12410","2/27/2013 12:00:00 AM"
"17117","5629","5/20/2012 12:00:00 AM"
"17118","37","3/23/2014 12:00:00 AM"
"17119","8104","9/6/2013 12:00:00 AM"
"17120","9087","4/12/2014 12:00:00 AM"
"17121","6187","7/24/2013 12:00:00 AM"
"17122","4041","3/3/2014 12:00:00 AM"
"17123","5785","8/18/2011 12:00:00 AM"
"17124","132","6/1/2014 12:00:00 AM"
"17125","6525","10/12/2012 12:00:00 AM"
"17126","7643","5/1/2012 12:00:00 AM"
"17127","19014","5/14/2013 12:00:00 AM"
"17128","3686","5/31/2013 12:00:00 AM"
"17129","16618","10/25/2012 12:00:00 AM"
"17130","4537","6/21/2014 12:00:00 AM"
"17131","8229","12/31/2012 12:00:00 AM"
"17132","8904","11/9/2013 12:00:00 AM"
"17133","15674","3/12/2012 12:00:00 AM"
"17134","2454","5/26/2014 12:00:00 AM"
"17135","12807","9/3/2013 12:00:00 AM"
"17136","10108","11/29/2013 12:00:00 AM"
"17137","1720","3/7/2012 12:00:00 AM"
"17138","6356","6/7/2014 12:00:00 AM"
"17139","16611","1/31/2014 12:00:00 AM"
"17140","10141","7/1/2011 12:00:00 AM"
"17141","13108","10/23/2013 12:00:00 AM"
"17142","10308","7/25/2011 12:00:00 AM"
"17143","11990","11/30/2013 12:00:00 AM"
"17144","6852","3/8/2014 12:00:00 AM"
"17145","4618","7/30/2013 12:00:00 AM"
"17146","435","4/28/2014 12:00:00 AM"
"17147","7445","12/19/2013 12:00:00 AM"
"17148","9894","3/24/2012 12:00:00 AM"
"17149","14907","11/27/2013 12:00:00 AM"
"17150","13760","2/2/2014 12:00:00 AM"
"17151","17","1/16/2014 12:00:00 AM"
"17152","11540","8/22/2013 12:00:00 AM"
"17153","12915","6/23/2014 12:00:00 AM"
"17154","29","4/25/2014 12:00:00 AM"
"17155","172","8/24/2012 12:00:00 AM"
"17156","2947","8/2/2013 12:00:00 AM"
"17157","309","3/23/2014 12:00:00 AM"
"17158","5026","3/20/2013 12:00:00 AM"
"17159","1590","5/20/2014 12:00:00 AM"
"17160","11733","10/4/2013 12:00:00 AM"
"17161","5146","2/23/2014 12:00:00 AM"
"17162","12759","4/23/2014 12:00:00 AM"
"17163","3231","12/1/2013 12:00:00 AM"
"17164","15590","8/1/2013 12:00:00 AM"
"17165","6834","5/11/2014 12:00:00 AM"
"17166","15014","9/2/2013 12:00:00 AM"
"17167","6976","2/22/2014 12:00:00 AM"
"17168","10612","7/3/2012 12:00:00 AM"
"17169","15740","6/8/2014 12:00:00 AM"
"17170","10995","5/30/2012 12:00:00 AM"
"17171","18753","1/18/2014 12:00:00 AM"
"17172","5108","10/1/2012 12:00:00 AM"
"17173","10725","7/15/2013 12:00:00 AM"
"17174","4558","4/24/2014 12:00:00 AM"
"17175","8378","8/31/2013 12:00:00 AM"
"17176","16541","2/18/2012 12:00:00 AM"
"17177","7996","5/18/2014 12:00:00 AM"
"17178","10101","5/21/2014 12:00:00 AM"
"17179","5830","2/5/2014 12:00:00 AM"
"17180","19164","10/7/2011 12:00:00 AM"
"17181","12352","4/11/2014 12:00:00 AM"
"17182","4081","5/2/2014 12:00:00 AM"
"17183","18800","4/9/2014 12:00:00 AM"
"17184","10222","1/11/2014 12:00:00 AM"
"17185","12623","9/17/2013 12:00:00 AM"
"17186","5565","4/4/2014 12:00:00 AM"
"17187","9303","8/4/2013 12:00:00 AM"
"17188","1292","11/23/2012 12:00:00 AM"
"17189","13569","2/25/2012 12:00:00 AM"
"17190","16367","2/7/2014 12:00:00 AM"
"17191","16685","8/6/2013 12:00:00 AM"
"17192","3771","12/17/2012 12:00:00 AM"
"17193","13871","10/13/2012 12:00:00 AM"
"17194","6347","7/26/2011 12:00:00 AM"
"17195","2841","12/9/2012 12:00:00 AM"
"17196","15479","2/12/2014 12:00:00 AM"
"17197","14269","1/3/2014 12:00:00 AM"
"17198","7882","1/15/2013 12:00:00 AM"
"17199","9610","11/16/2012 12:00:00 AM"
"17200","1732","9/30/2013 12:00:00 AM"
"17201","762","1/17/2014 12:00:00 AM"
"17202","13256","1/2/2014 12:00:00 AM"
"17203","390","4/11/2014 12:00:00 AM"
"17204","738","11/19/2013 12:00:00 AM"
"17205","6098","11/20/2013 12:00:00 AM"
"17206","278","1/16/2014 12:00:00 AM"
"17207","16185","3/8/2014 12:00:00 AM"
"17208","18546","4/22/2013 12:00:00 AM"
"17209","8557","2/11/2014 12:00:00 AM"
"17210","1820","11/9/2013 12:00:00 AM"
"17211","7918","6/8/2013 12:00:00 AM"
"17212","15330","11/4/2013 12:00:00 AM"
"17213","13276","3/10/2014 12:00:00 AM"
"17214","1782","9/23/2013 12:00:00 AM"
"17215","16743","2/16/2013 12:00:00 AM"
"17216","1127","2/7/2014 12:00:00 AM"
"17217","14023","2/14/2013 12:00:00 AM"
"17218","11302","12/1/2012 12:00:00 AM"
"17219","8881","9/18/2012 12:00:00 AM"
"17220","171","9/5/2013 12:00:00 AM"
"17221","1900","5/27/2014 12:00:00 AM"
"17222","10475","1/19/2014 12:00:00 AM"
"17223","2663","4/13/2014 12:00:00 AM"
"17224","8422","12/3/2013 12:00:00 AM"
"17225","9039","11/7/2013 12:00:00 AM"
"17226","15937","4/7/2014 12:00:00 AM"
"17227","13068","12/22/2012 12:00:00 AM"
"17228","16448","6/21/2013 12:00:00 AM"
"17229","4263","10/30/2013 12:00:00 AM"
"17230","15111","1/14/2013 12:00:00 AM"
"17231","13291","4/6/2014 12:00:00 AM"
"17232","9297","2/4/2012 12:00:00 AM"
"17233","12149","11/15/2011 12:00:00 AM"
"17234","14905","10/28/2013 12:00:00 AM"
"17235","1750","12/27/2013 12:00:00 AM"
"17236","11421","2/23/2012 12:00:00 AM"
"17237","5527","3/4/2014 12:00:00 AM"
"17238","17641","11/1/2013 12:00:00 AM"
"17239","1930","4/13/2014 12:00:00 AM"
"17240","14278","7/19/2011 12:00:00 AM"
"17241","16500","6/30/2013 12:00:00 AM"
"17242","15667","11/27/2013 12:00:00 AM"
"17243","333","6/7/2012 12:00:00 AM"
"17244","7539","2/16/2014 12:00:00 AM"
"17245","12304","5/17/2014 12:00:00 AM"
"17246","8643","4/11/2012 12:00:00 AM"
"17247","2881","12/9/2013 12:00:00 AM"
"17248","10165","8/16/2013 12:00:00 AM"
"17249","6446","5/28/2014 12:00:00 AM"
"17250","17611","9/29/2013 12:00:00 AM"
"17251","7957","3/4/2014 12:00:00 AM"
"17252","722","4/24/2014 12:00:00 AM"
"17253","107","6/18/2014 12:00:00 AM"
"17254","6812","9/5/2013 12:00:00 AM"
"17255","12375","7/18/2011 12:00:00 AM"
"17256","10007","4/20/2013 12:00:00 AM"
"17257","9745","8/21/2011 12:00:00 AM"
"17258","3185","5/26/2014 12:00:00 AM"
"17259","14279","4/24/2012 12:00:00 AM"
"17260","7922","12/9/2012 12:00:00 AM"
"17261","13330","11/5/2013 12:00:00 AM"
"17262","4639","3/26/2014 12:00:00 AM"
"17263","2813","8/20/2013 12:00:00 AM"
"17264","5403","5/13/2014 12:00:00 AM"
"17265","3906","4/10/2012 12:00:00 AM"
"17266","13566","2/13/2014 12:00:00 AM"
"17267","11028","9/29/2011 12:00:00 AM"
"17268","16104","3/23/2013 12:00:00 AM"
"17269","11920","6/11/2014 12:00:00 AM"
"17270","16045","4/19/2014 12:00:00 AM"
"17271","1358","4/16/2014 12:00:00 AM"
"17272","9306","7/8/2011 12:00:00 AM"
"17273","12435","4/8/2014 12:00:00 AM"
"17274","1120","11/4/2012 12:00:00 AM"
"17275","3307","9/1/2012 12:00:00 AM"
"17276","3311","8/19/2013 12:00:00 AM"
"17277","14264","12/17/2012 12:00:00 AM"
"17278","6072","11/25/2013 12:00:00 AM"
"17279","8245","3/3/2014 12:00:00 AM"
"17280","8918","9/27/2013 12:00:00 AM"
"17281","5329","11/14/2013 12:00:00 AM"
"17282","15904","12/12/2013 12:00:00 AM"
"17283","11832","9/21/2012 12:00:00 AM"
"17284","1425","11/21/2011 12:00:00 AM"
"17285","14848","3/11/2014 12:00:00 AM"
"17286","8651","7/3/2013 12:00:00 AM"
"17287","5207","7/28/2013 12:00:00 AM"
"17288","3462","7/20/2013 12:00:00 AM"
"17289","7484","11/15/2013 12:00:00 AM"
"17290","9082","3/2/2014 12:00:00 AM"
"17291","8856","10/30/2011 12:00:00 AM"
"17292","12501","11/7/2013 12:00:00 AM"
"17293","12367","11/18/2011 12:00:00 AM"
"17294","3655","6/19/2014 12:00:00 AM"
"17295","15133","5/30/2012 12:00:00 AM"
"17296","12245","4/19/2014 12:00:00 AM"
"17297","19205","11/3/2013 12:00:00 AM"
"17298","8261","3/23/2013 12:00:00 AM"
"17299","13999","8/27/2011 12:00:00 AM"
"17300","17614","5/19/2014 12:00:00 AM"
"17301","10056","4/22/2014 12:00:00 AM"
"17302","9091","4/23/2014 12:00:00 AM"
"17303","5793","12/9/2012 12:00:00 AM"
"17304","11812","10/1/2013 12:00:00 AM"
"17305","3360","2/27/2014 12:00:00 AM"
"17306","17981","7/11/2012 12:00:00 AM"
"17307","18145","4/25/2014 12:00:00 AM"
"17308","12764","5/30/2014 12:00:00 AM"
"17309","5019","6/30/2013 12:00:00 AM"
"17310","4707","11/28/2013 12:00:00 AM"
"17311","11322","5/21/2014 12:00:00 AM"
"17312","18465","6/10/2012 12:00:00 AM"
"17313","1846","2/10/2014 12:00:00 AM"
"17314","7650","6/4/2014 12:00:00 AM"
"17315","2271","5/14/2014 12:00:00 AM"
"17316","5307","6/8/2013 12:00:00 AM"
"17317","269","7/4/2011 12:00:00 AM"
"17318","304","10/10/2013 12:00:00 AM"
"17319","8959","4/24/2013 12:00:00 AM"
"17320","13428","6/14/2014 12:00:00 AM"
"17321","5943","8/2/2011 12:00:00 AM"
"17322","17259","3/4/2013 12:00:00 AM"
"17323","1122","10/14/2013 12:00:00 AM"
"17324","10442","4/1/2014 12:00:00 AM"
"17325","11949","9/10/2013 12:00:00 AM"
"17326","10164","7/28/2013 12:00:00 AM"
"17327","563","11/7/2013 12:00:00 AM"
"17328","8234","12/29/2013 12:00:00 AM"
"17329","9644","4/20/2014 12:00:00 AM"
"17330","3324","3/27/2014 12:00:00 AM"
"17331","1171","9/26/2011 12:00:00 AM"
"17332","3905","2/10/2012 12:00:00 AM"
"17333","9793","11/29/2013 12:00:00 AM"
"17334","12267","8/15/2012 12:00:00 AM"
"17335","10546","11/7/2013 12:00:00 AM"
"17336","14526","10/7/2013 12:00:00 AM"
"17337","13645","7/23/2011 12:00:00 AM"
"17338","5491","1/20/2014 12:00:00 AM"
"17339","10940","1/26/2014 12:00:00 AM"
"17340","795","7/17/2013 12:00:00 AM"
"17341","852","2/23/2014 12:00:00 AM"
"17342","1967","8/29/2013 12:00:00 AM"
"17343","16181","9/21/2013 12:00:00 AM"
"17344","17805","1/12/2014 12:00:00 AM"
"17345","14601","12/17/2013 12:00:00 AM"
"17346","6590","5/19/2014 12:00:00 AM"
"17347","17602","6/21/2014 12:00:00 AM"
"17348","13776","8/29/2012 12:00:00 AM"
"17349","19012","2/26/2014 12:00:00 AM"
"17350","2962","12/21/2013 12:00:00 AM"
"17351","10799","8/2/2013 12:00:00 AM"
"17352","8513","2/14/2014 12:00:00 AM"
"17353","5101","11/6/2012 12:00:00 AM"
"17354","6220","3/2/2014 12:00:00 AM"
"17355","10249","12/15/2012 12:00:00 AM"
"17356","15273","10/28/2013 12:00:00 AM"
"17357","7693","11/4/2013 12:00:00 AM"
"17358","7628","11/2/2013 12:00:00 AM"
"17359","9051","6/22/2014 12:00:00 AM"
"17360","10469","6/17/2011 12:00:00 AM"
"17361","16094","9/28/2013 12:00:00 AM"
"17362","3681","12/3/2013 12:00:00 AM"
"17363","774","5/22/2013 12:00:00 AM"
"17364","7610","1/5/2013 12:00:00 AM"
"17365","1206","3/16/2013 12:00:00 AM"
"17366","11982","12/28/2013 12:00:00 AM"
"17367","18249","4/28/2014 12:00:00 AM"
"17368","11538","3/18/2014 12:00:00 AM"
"17369","13521","7/30/2011 12:00:00 AM"
"17370","18128","11/24/2012 12:00:00 AM"
"17371","10020","6/18/2014 12:00:00 AM"
"17372","6730","12/18/2013 12:00:00 AM"
"17373","7243","12/26/2011 12:00:00 AM"
"17374","8086","10/31/2013 12:00:00 AM"
"17375","17094","1/25/2012 12:00:00 AM"
"17376","10314","1/15/2014 12:00:00 AM"
"17377","14319","12/28/2013 12:00:00 AM"
"17378","11502","12/22/2012 12:00:00 AM"
"17379","332","3/16/2012 12:00:00 AM"
"17380","4421","10/21/2013 12:00:00 AM"
"17381","5466","7/15/2013 12:00:00 AM"
"17382","19114","10/20/2013 12:00:00 AM"
"17383","174","1/12/2014 12:00:00 AM"
"17384","3729","9/19/2012 12:00:00 AM"
"17385","12427","6/2/2013 12:00:00 AM"
"17386","3172","2/1/2014 12:00:00 AM"
"17387","1309","12/26/2013 12:00:00 AM"
"17388","12137","12/31/2013 12:00:00 AM"
"17389","7697","5/28/2014 12:00:00 AM"
"17390","7260","11/14/2013 12:00:00 AM"
"17391","5925","11/7/2013 12:00:00 AM"
"17392","5302","7/25/2012 12:00:00 AM"
"17393","3404","9/20/2013 12:00:00 AM"
"17394","13938","9/2/2011 12:00:00 AM"
"17395","18828","7/15/2013 12:00:00 AM"
"17396","2705","3/4/2013 12:00:00 AM"
"17397","18107","1/24/2014 12:00:00 AM"
"17398","5852","1/27/2014 12:00:00 AM"
"17399","7480","3/7/2014 12:00:00 AM"
"17400","8228","12/14/2013 12:00:00 AM"
"17401","11319","11/15/2013 12:00:00 AM"
"17402","10490","4/27/2014 12:00:00 AM"
"17403","15591","9/4/2013 12:00:00 AM"
"17404","16019","8/6/2013 12:00:00 AM"
"17405","9701","7/6/2012 12:00:00 AM"
"17406","3228","4/10/2013 12:00:00 AM"
"17407","14077","5/17/2012 12:00:00 AM"
"17408","2971","12/13/2012 12:00:00 AM"
"17409","13449","1/12/2013 12:00:00 AM"
"17410","8772","11/27/2012 12:00:00 AM"
"17411","13957","7/26/2013 12:00:00 AM"
"17412","5561","4/24/2014 12:00:00 AM"
"17413","1253","4/4/2014 12:00:00 AM"
"17414","14780","5/19/2014 12:00:00 AM"
"17415","17392","6/4/2014 12:00:00 AM"
"17416","11545","4/15/2014 12:00:00 AM"
"17417","17852","7/20/2013 12:00:00 AM"
"17418","5647","4/29/2013 12:00:00 AM"
"17419","5023","11/17/2013 12:00:00 AM"
"17420","12736","4/26/2014 12:00:00 AM"
"17421","18082","5/22/2014 12:00:00 AM"
"17422","5200","4/25/2013 12:00:00 AM"
"17423","7074","10/14/2013 12:00:00 AM"
"17424","11007","10/6/2013 12:00:00 AM"
"17425","7302","7/30/2013 12:00:00 AM"
"17426","14748","11/12/2013 12:00:00 AM"
"17427","8653","5/2/2013 12:00:00 AM"
"17428","9414","2/24/2013 12:00:00 AM"
"17429","9771","10/25/2012 12:00:00 AM"
"17430","16687","6/12/2014 12:00:00 AM"
"17431","17998","4/5/2012 12:00:00 AM"
"17432","8964","10/29/2013 12:00:00 AM"
"17433","12074","4/18/2014 12:00:00 AM"
"17434","7716","11/12/2013 12:00:00 AM"
"17435","2478","7/5/2013 12:00:00 AM"
"17436","8345","7/19/2012 12:00:00 AM"
"17437","4404","8/30/2013 12:00:00 AM"
"17438","11193","12/15/2013 12:00:00 AM"
"17439","15310","4/10/2014 12:00:00 AM"
"17440","5030","1/2/2014 12:00:00 AM"
"17441","259","12/6/2013 12:00:00 AM"
"17442","17317","8/8/2013 12:00:00 AM"
"17443","8897","4/11/2014 12:00:00 AM"
"17444","9807","12/8/2013 12:00:00 AM"
"17445","1252","3/31/2014 12:00:00 AM"
"17446","17919","1/18/2014 12:00:00 AM"
"17447","18885","8/31/2013 12:00:00 AM"
"17448","14166","11/10/2013 12:00:00 AM"
"17449","13014","10/14/2011 12:00:00 AM"
"17450","4035","6/18/2014 12:00:00 AM"
"17451","11881","1/6/2014 12:00:00 AM"
"17452","9962","12/27/2013 12:00:00 AM"
"17453","14673","10/28/2013 12:00:00 AM"
"17454","12910","1/13/2014 12:00:00 AM"
"17455","4736","9/15/2011 12:00:00 AM"
"17456","6246","8/9/2013 12:00:00 AM"
"17457","5298","11/22/2013 12:00:00 AM"
"17458","701","1/28/2014 12:00:00 AM"
"17459","13140","3/2/2014 12:00:00 AM"
"17460","2266","11/16/2012 12:00:00 AM"
"17461","8583","9/28/2011 12:00:00 AM"
"17462","158","5/9/2014 12:00:00 AM"
"17463","8489","10/22/2013 12:00:00 AM"
"17464","1571","10/23/2013 12:00:00 AM"
"17465","11460","5/14/2014 12:00:00 AM"
"17466","3135","9/27/2013 12:00:00 AM"
"17467","14220","10/6/2013 12:00:00 AM"
"17468","14697","8/20/2013 12:00:00 AM"
"17469","16435","3/14/2012 12:00:00 AM"
"17470","9831","3/16/2013 12:00:00 AM"
"17471","14168","1/5/2014 12:00:00 AM"
"17472","13820","1/1/2012 12:00:00 AM"
"17473","2112","7/18/2013 12:00:00 AM"
"17474","10585","9/21/2013 12:00:00 AM"
"17475","18531","4/26/2012 12:00:00 AM"
"17476","11994","5/31/2012 12:00:00 AM"
"17477","7745","5/10/2014 12:00:00 AM"
"17478","1297","5/14/2014 12:00:00 AM"
"17479","14794","1/1/2014 12:00:00 AM"
"17480","18550","8/25/2013 12:00:00 AM"
"17481","5235","3/27/2013 12:00:00 AM"
"17482","14922","7/12/2013 12:00:00 AM"
"17483","1957","3/11/2012 12:00:00 AM"
"17484","5540","6/11/2012 12:00:00 AM"
"17485","10496","4/12/2013 12:00:00 AM"
"17486","1929","4/1/2014 12:00:00 AM"
"17487","5170","6/9/2014 12:00:00 AM"
"17488","10719","3/22/2014 12:00:00 AM"
"17489","12104","2/19/2014 12:00:00 AM"
"17490","4245","12/28/2013 12:00:00 AM"
"17491","18139","1/22/2013 12:00:00 AM"
"17492","7381","1/30/2014 12:00:00 AM"
"17493","11531","2/18/2014 12:00:00 AM"
"17494","3487","8/12/2013 12:00:00 AM"
"17495","9408","3/13/2014 12:00:00 AM"
"17496","1997","1/3/2014 12:00:00 AM"
"17497","12869","1/8/2013 12:00:00 AM"
"17498","9813","12/28/2013 12:00:00 AM"
"17499","11942","2/12/2014 12:00:00 AM"
"17500","3433","8/1/2013 12:00:00 AM"
"17501","16605","8/26/2013 12:00:00 AM"
"17502","18359","5/14/2014 12:00:00 AM"
"17503","19036","7/7/2013 12:00:00 AM"
"17504","7018","3/3/2014 12:00:00 AM"
"17505","1139","10/30/2012 12:00:00 AM"
"17506","11300","8/15/2013 12:00:00 AM"
"17507","2423","1/11/2014 12:00:00 AM"
"17508","8401","1/19/2014 12:00:00 AM"
"17509","12183","10/22/2013 12:00:00 AM"
"17510","12806","9/8/2013 12:00:00 AM"
"17511","6358","10/1/2013 12:00:00 AM"
"17512","15815","12/7/2013 12:00:00 AM"
"17513","13095","7/8/2013 12:00:00 AM"
"17514","3117","1/15/2014 12:00:00 AM"
"17515","4651","6/20/2011 12:00:00 AM"
"17516","10381","9/6/2013 12:00:00 AM"
"17517","3515","4/27/2014 12:00:00 AM"
"17518","18205","5/30/2014 12:00:00 AM"
"17519","5495","10/13/2011 12:00:00 AM"
"17520","10289","11/14/2011 12:00:00 AM"
"17521","15894","7/16/2012 12:00:00 AM"
"17522","15172","10/5/2012 12:00:00 AM"
"17523","2198","10/8/2013 12:00:00 AM"
"17524","2000","3/16/2013 12:00:00 AM"
"17525","17704","6/10/2014 12:00:00 AM"
"17526","5719","3/27/2013 12:00:00 AM"
"17527","4513","12/23/2013 12:00:00 AM"
"17528","12719","2/6/2014 12:00:00 AM"
"17529","5872","3/12/2012 12:00:00 AM"
"17530","16252","5/22/2014 12:00:00 AM"
"17531","18938","3/10/2012 12:00:00 AM"
"17532","3198","3/10/2014 12:00:00 AM"
"17533","933","1/5/2014 12:00:00 AM"
"17534","18801","2/24/2013 12:00:00 AM"
"17535","18954","5/14/2014 12:00:00 AM"
"17536","12741","7/10/2012 12:00:00 AM"
"17537","6677","9/8/2013 12:00:00 AM"
"17538","19042","10/17/2013 12:00:00 AM"
"17539","2360","12/4/2012 12:00:00 AM"
"17540","1264","4/2/2014 12:00:00 AM"
"17541","3754","2/6/2014 12:00:00 AM"
"17542","16230","9/3/2013 12:00:00 AM"
"17543","14501","3/30/2014 12:00:00 AM"
"17544","10074","4/6/2014 12:00:00 AM"
"17545","12212","11/9/2013 12:00:00 AM"
"17546","14017","12/9/2013 12:00:00 AM"
"17547","17477","5/27/2014 12:00:00 AM"
"17548","10069","11/17/2013 12:00:00 AM"
"17549","2417","2/18/2012 12:00:00 AM"
"17550","13809","10/29/2013 12:00:00 AM"
"17551","9171","5/26/2014 12:00:00 AM"
"17552","7220","2/2/2014 12:00:00 AM"
"17553","9411","4/14/2014 12:00:00 AM"
"17554","17578","8/6/2013 12:00:00 AM"
"17555","9154","8/30/2013 12:00:00 AM"
"17556","7491","1/5/2013 12:00:00 AM"
"17557","1895","10/31/2011 12:00:00 AM"
"17558","17760","5/6/2014 12:00:00 AM"
"17559","15906","6/4/2012 12:00:00 AM"
"17560","7890","11/3/2013 12:00:00 AM"
"17561","8669","5/3/2012 12:00:00 AM"
"17562","4096","12/5/2013 12:00:00 AM"
"17563","16275","2/5/2014 12:00:00 AM"
"17564","11765","7/12/2012 12:00:00 AM"
"17565","2591","10/31/2013 12:00:00 AM"
"17566","11697","4/2/2014 12:00:00 AM"
"17567","10029","6/14/2013 12:00:00 AM"
"17568","16296","3/19/2014 12:00:00 AM"
"17569","15353","4/12/2014 12:00:00 AM"
"17570","2737","9/20/2013 12:00:00 AM"
"17571","8176","1/30/2014 12:00:00 AM"
"17572","1142","6/27/2013 12:00:00 AM"
"17573","11501","7/24/2012 12:00:00 AM"
"17574","6489","5/16/2014 12:00:00 AM"
"17575","980","1/11/2014 12:00:00 AM"
"17576","8745","4/7/2014 12:00:00 AM"
"17577","17987","1/23/2012 12:00:00 AM"
"17578","9747","3/4/2014 12:00:00 AM"
"17579","9420","12/7/2013 12:00:00 AM"
"17580","571","3/7/2014 12:00:00 AM"
"17581","10097","4/11/2014 12:00:00 AM"
"17582","2963","7/25/2013 12:00:00 AM"
"17583","13526","9/4/2013 12:00:00 AM"
"17584","9836","11/5/2012 12:00:00 AM"
"17585","813","6/11/2013 12:00:00 AM"
"17586","16773","10/4/2013 12:00:00 AM"
"17587","9779","5/20/2014 12:00:00 AM"
"17588","14092","11/11/2012 12:00:00 AM"
"17589","7713","1/27/2013 12:00:00 AM"
"17590","6829","7/10/2011 12:00:00 AM"
"17591","7334","5/17/2013 12:00:00 AM"
"17592","4992","1/14/2013 12:00:00 AM"
"17593","6706","11/20/2013 12:00:00 AM"
"17594","8201","1/11/2014 12:00:00 AM"
"17595","38","9/24/2013 12:00:00 AM"
"17596","13224","4/25/2014 12:00:00 AM"
"17597","5930","7/29/2013 12:00:00 AM"
"17598","2551","6/6/2013 12:00:00 AM"
"17599","3121","11/23/2013 12:00:00 AM"
"17600","15280","11/14/2012 12:00:00 AM"
"17601","8713","8/11/2013 12:00:00 AM"
"17602","2848","11/25/2013 12:00:00 AM"
"17603","14785","7/16/2013 12:00:00 AM"
"17604","5841","7/18/2013 12:00:00 AM"
"17605","6443","1/19/2014 12:00:00 AM"
"17606","1061","9/26/2013 12:00:00 AM"
"17607","15485","1/13/2012 12:00:00 AM"
"17608","15541","6/13/2011 12:00:00 AM"
"17609","9750","1/20/2014 12:00:00 AM"
"17610","14850","11/1/2012 12:00:00 AM"
"17611","10137","3/14/2013 12:00:00 AM"
"17612","3272","1/20/2014 12:00:00 AM"
"17613","11227","5/25/2014 12:00:00 AM"
"17614","2300","11/4/2013 12:00:00 AM"
"17615","5619","7/1/2012 12:00:00 AM"
"17616","10726","7/3/2011 12:00:00 AM"
"17617","18616","2/13/2014 12:00:00 AM"
"17618","13453","7/5/2013 12:00:00 AM"
"17619","12234","9/13/2013 12:00:00 AM"
"17620","14916","11/30/2012 12:00:00 AM"
"17621","12381","11/6/2013 12:00:00 AM"
"17622","11850","9/18/2013 12:00:00 AM"
"17623","4940","5/17/2014 12:00:00 AM"
"17624","18151","10/3/2013 12:00:00 AM"
"17625","16247","11/14/2012 12:00:00 AM"
"17626","10673","8/29/2013 12:00:00 AM"
"17627","2803","10/12/2013 12:00:00 AM"
"17628","1993","2/10/2014 12:00:00 AM"
"17629","17648","11/4/2013 12:00:00 AM"
"17630","3263","5/12/2012 12:00:00 AM"
"17631","10798","1/12/2014 12:00:00 AM"
"17632","17763","9/4/2013 12:00:00 AM"
"17633","14980","1/11/2013 12:00:00 AM"
"17634","4438","1/1/2014 12:00:00 AM"
"17635","8500","5/13/2014 12:00:00 AM"
"17636","21","9/11/2013 12:00:00 AM"
"17637","13066","3/21/2014 12:00:00 AM"
"17638","4134","10/19/2013 12:00:00 AM"
"17639","7722","10/6/2013 12:00:00 AM"
"17640","9352","7/19/2013 12:00:00 AM"
"17641","10055","7/25/2012 12:00:00 AM"
"17642","3931","12/22/2012 12:00:00 AM"
"17643","9615","7/26/2011 12:00:00 AM"
"17644","17769","7/28/2013 12:00:00 AM"
"17645","71","10/13/2013 12:00:00 AM"
"17646","17566","8/29/2013 12:00:00 AM"
"17647","9221","6/30/2013 12:00:00 AM"
"17648","8867","10/12/2013 12:00:00 AM"
"17649","15755","6/24/2011 12:00:00 AM"
"17650","7104","4/16/2014 12:00:00 AM"
"17651","16944","3/9/2012 12:00:00 AM"
"17652","7040","6/4/2014 12:00:00 AM"
"17653","11977","1/8/2014 12:00:00 AM"
"17654","15261","2/26/2013 12:00:00 AM"
"17655","3708","3/16/2014 12:00:00 AM"
"17656","7046","6/3/2014 12:00:00 AM"
"17657","14222","10/18/2012 12:00:00 AM"
"17658","9517","7/24/2013 12:00:00 AM"
"17659","4744","3/24/2014 12:00:00 AM"
"17660","17262","2/9/2014 12:00:00 AM"
"17661","6085","9/23/2012 12:00:00 AM"
"17662","5736","11/22/2012 12:00:00 AM"
"17663","6494","6/7/2014 12:00:00 AM"
"17664","15021","4/19/2012 12:00:00 AM"
"17665","3222","8/31/2013 12:00:00 AM"
"17666","1519","3/11/2014 12:00:00 AM"
"17667","19223","9/6/2013 12:00:00 AM"
"17668","6919","5/14/2013 12:00:00 AM"
"17669","13173","4/27/2014 12:00:00 AM"
"17670","12553","5/23/2012 12:00:00 AM"
"17671","8276","9/1/2013 12:00:00 AM"
"17672","5704","7/30/2013 12:00:00 AM"
"17673","9756","8/30/2013 12:00:00 AM"
"17674","9339","5/11/2012 12:00:00 AM"
"17675","3530","2/13/2013 12:00:00 AM"
"17676","11233","10/24/2011 12:00:00 AM"
"17677","91","7/30/2013 12:00:00 AM"
"17678","3876","4/19/2014 12:00:00 AM"
"17679","7532","2/12/2014 12:00:00 AM"
"17680","8747","3/7/2013 12:00:00 AM"
"17681","11674","10/20/2012 12:00:00 AM"
"17682","17134","5/19/2014 12:00:00 AM"
"17683","12152","4/16/2014 12:00:00 AM"
"17684","652","1/7/2014 12:00:00 AM"
"17685","16378","3/28/2014 12:00:00 AM"
"17686","1197","12/28/2013 12:00:00 AM"
"17687","7343","6/24/2013 12:00:00 AM"
"17688","12853","3/20/2014 12:00:00 AM"
"17689","1054","8/24/2013 12:00:00 AM"
"17690","18052","10/28/2013 12:00:00 AM"
"17691","3705","11/9/2012 12:00:00 AM"
"17692","920","10/1/2013 12:00:00 AM"
"17693","3430","9/4/2013 12:00:00 AM"
"17694","7232","1/28/2014 12:00:00 AM"
"17695","6214","10/21/2013 12:00:00 AM"
"17696","4373","7/24/2013 12:00:00 AM"
"17697","504","11/24/2013 12:00:00 AM"
"17698","3388","5/11/2013 12:00:00 AM"
"17699","19044","7/18/2013 12:00:00 AM"
"17700","11403","1/4/2013 12:00:00 AM"
"17701","11828","9/21/2013 12:00:00 AM"
"17702","1830","9/19/2013 12:00:00 AM"
"17703","4938","7/15/2013 12:00:00 AM"
"17704","1088","11/1/2013 12:00:00 AM"
"17705","15058","8/29/2013 12:00:00 AM"
"17706","365","8/12/2013 12:00:00 AM"
"17707","7087","10/3/2013 12:00:00 AM"
"17708","4158","5/31/2014 12:00:00 AM"
"17709","1842","6/14/2013 12:00:00 AM"
"17710","4646","11/15/2013 12:00:00 AM"
"17711","14792","2/22/2014 12:00:00 AM"
"17712","13610","7/21/2013 12:00:00 AM"
"17713","15416","1/25/2013 12:00:00 AM"
"17714","2214","3/3/2014 12:00:00 AM"
"17715","18304","10/30/2013 12:00:00 AM"
"17716","1194","5/18/2012 12:00:00 AM"
"17717","289","8/19/2013 12:00:00 AM"
"17718","9330","10/28/2012 12:00:00 AM"
"17719","18422","9/10/2013 12:00:00 AM"
"17720","18680","1/29/2014 12:00:00 AM"
"17721","8004","4/6/2014 12:00:00 AM"
"17722","2203","8/12/2013 12:00:00 AM"
"17723","6398","4/21/2014 12:00:00 AM"
"17724","1635","10/16/2013 12:00:00 AM"
"17725","17505","3/26/2014 12:00:00 AM"
"17726","11147","11/21/2012 12:00:00 AM"
"17727","7770","7/23/2013 12:00:00 AM"
"17728","676","10/2/2013 12:00:00 AM"
"17729","11625","12/31/2012 12:00:00 AM"
"17730","1005","9/7/2013 12:00:00 AM"
"17731","18529","11/3/2011 12:00:00 AM"
"17732","12291","7/18/2012 12:00:00 AM"
"17733","1837","5/27/2014 12:00:00 AM"
"17734","17299","1/4/2014 12:00:00 AM"
"17735","12066","11/5/2013 12:00:00 AM"
"17736","16636","9/1/2013 12:00:00 AM"
"17737","619","3/23/2014 12:00:00 AM"
"17738","11348","3/7/2014 12:00:00 AM"
"17739","6731","4/22/2012 12:00:00 AM"
"17740","9679","2/10/2012 12:00:00 AM"
"17741","17183","7/26/2013 12:00:00 AM"
"17742","15223","4/13/2014 12:00:00 AM"
"17743","3789","8/13/2013 12:00:00 AM"
"17744","5040","7/11/2013 12:00:00 AM"
"17745","3477","12/30/2011 12:00:00 AM"
"17746","16300","3/17/2014 12:00:00 AM"
"17747","348","9/8/2013 12:00:00 AM"
"17748","18953","5/24/2014 12:00:00 AM"
"17749","19027","10/21/2013 12:00:00 AM"
"17750","6796","10/31/2013 12:00:00 AM"
"17751","9989","8/8/2013 12:00:00 AM"
"17752","927","12/30/2013 12:00:00 AM"
"17753","13571","9/24/2013 12:00:00 AM"
"17754","12351","2/8/2013 12:00:00 AM"
"17755","6352","7/6/2013 12:00:00 AM"
"17756","2487","3/28/2013 12:00:00 AM"
"17757","17310","7/2/2013 12:00:00 AM"
"17758","2472","7/3/2013 12:00:00 AM"
"17759","11879","2/4/2014 12:00:00 AM"
"17760","1195","4/29/2014 12:00:00 AM"
"17761","2195","3/31/2014 12:00:00 AM"
"17762","4233","1/23/2014 12:00:00 AM"
"17763","4177","4/15/2014 12:00:00 AM"
"17764","2380","2/4/2014 12:00:00 AM"
"17765","5768","11/11/2013 12:00:00 AM"
"17766","9192","10/12/2013 12:00:00 AM"
"17767","14689","5/11/2014 12:00:00 AM"
"17768","8324","8/29/2013 12:00:00 AM"
"17769","3167","11/3/2013 12:00:00 AM"
"17770","1645","1/6/2014 12:00:00 AM"
"17771","8277","5/20/2013 12:00:00 AM"
"17772","8607","5/12/2013 12:00:00 AM"
"17773","6313","10/18/2013 12:00:00 AM"
"17774","10716","7/30/2012 12:00:00 AM"
"17775","4332","4/30/2014 12:00:00 AM"
"17776","6680","7/18/2013 12:00:00 AM"
"17777","12900","6/15/2013 12:00:00 AM"
"17778","917","5/10/2013 12:00:00 AM"
"17779","9578","3/22/2014 12:00:00 AM"
"17780","6438","5/14/2013 12:00:00 AM"
"17781","7606","9/9/2013 12:00:00 AM"
"17782","1584","12/18/2013 12:00:00 AM"
"17783","17211","4/19/2014 12:00:00 AM"
"17784","7481","6/4/2012 12:00:00 AM"
"17785","3871","2/20/2014 12:00:00 AM"
"17786","16650","2/26/2012 12:00:00 AM"
"17787","450","8/20/2013 12:00:00 AM"
"17788","10259","10/1/2013 12:00:00 AM"
"17789","5703","4/29/2013 12:00:00 AM"
"17790","17191","5/9/2012 12:00:00 AM"
"17791","17244","10/28/2013 12:00:00 AM"
"17792","18974","7/18/2012 12:00:00 AM"
"17793","9781","5/13/2014 12:00:00 AM"
"17794","533","7/5/2013 12:00:00 AM"
"17795","19066","5/22/2014 12:00:00 AM"
"17796","12776","5/26/2014 12:00:00 AM"
"17797","14566","6/2/2014 12:00:00 AM"
"17798","2686","3/11/2014 12:00:00 AM"
"17799","18756","2/4/2012 12:00:00 AM"
"17800","3079","4/20/2013 12:00:00 AM"
"17801","245","9/27/2013 12:00:00 AM"
"17802","13076","9/29/2013 12:00:00 AM"
"17803","3741","5/29/2013 12:00:00 AM"
"17804","1026","7/20/2013 12:00:00 AM"
"17805","14652","2/22/2014 12:00:00 AM"
"17806","13803","5/11/2014 12:00:00 AM"
"17807","13463","11/13/2013 12:00:00 AM"
"17808","17240","4/11/2012 12:00:00 AM"
"17809","17761","12/12/2012 12:00:00 AM"
"17810","11628","9/29/2011 12:00:00 AM"
"17811","17966","1/1/2012 12:00:00 AM"
"17812","15109","10/23/2013 12:00:00 AM"
"17813","6542","7/23/2012 12:00:00 AM"
"17814","13019","7/17/2013 12:00:00 AM"
"17815","15185","10/7/2012 12:00:00 AM"
"17816","5685","2/13/2014 12:00:00 AM"
"17817","13467","3/18/2014 12:00:00 AM"
"17818","14057","4/3/2013 12:00:00 AM"
"17819","16361","3/21/2014 12:00:00 AM"
"17820","1102","7/3/2013 12:00:00 AM"
"17821","3280","2/16/2014 12:00:00 AM"
"17822","5955","10/12/2013 12:00:00 AM"
"17823","9483","4/21/2012 12:00:00 AM"
"17824","2449","4/25/2014 12:00:00 AM"
"17825","398","6/20/2012 12:00:00 AM"
"17826","3461","6/2/2014 12:00:00 AM"
"17827","4500","6/24/2013 12:00:00 AM"
"17828","1040","9/30/2013 12:00:00 AM"
"17829","13078","12/10/2013 12:00:00 AM"
"17830","10326","8/25/2013 12:00:00 AM"
"17831","15551","3/9/2012 12:00:00 AM"
"17832","16508","8/15/2013 12:00:00 AM"
"17833","387","11/3/2013 12:00:00 AM"
"17834","4714","9/11/2012 12:00:00 AM"
"17835","12332","1/3/2013 12:00:00 AM"
"17836","10892","6/1/2013 12:00:00 AM"
"17837","10437","11/23/2013 12:00:00 AM"
"17838","12690","12/17/2013 12:00:00 AM"
"17839","8581","4/1/2013 12:00:00 AM"
"17840","13335","3/29/2013 12:00:00 AM"
"17841","5502","1/17/2014 12:00:00 AM"
"17842","18321","6/23/2014 12:00:00 AM"
"17843","3685","9/24/2013 12:00:00 AM"
"17844","16629","6/23/2014 12:00:00 AM"
"17845","4195","5/26/2014 12:00:00 AM"
"17846","1381","5/4/2014 12:00:00 AM"
"17847","15240","2/3/2012 12:00:00 AM"
"17848","18534","2/21/2014 12:00:00 AM"
"17849","1134","7/17/2013 12:00:00 AM"
"17850","429","5/28/2013 12:00:00 AM"
"17851","7408","10/21/2013 12:00:00 AM"
"17852","4436","8/28/2013 12:00:00 AM"
"17853","5476","4/1/2014 12:00:00 AM"
"17854","17917","4/23/2012 12:00:00 AM"
"17855","17899","12/23/2012 12:00:00 AM"
"17856","19139","8/2/2013 12:00:00 AM"
"17857","11933","4/29/2014 12:00:00 AM"
"17858","8029","3/10/2014 12:00:00 AM"
"17859","17208","7/14/2013 12:00:00 AM"
"17860","18256","6/30/2014 12:00:00 AM"
"17861","4993","12/30/2012 12:00:00 AM"
"17862","5997","8/2/2012 12:00:00 AM"
"17863","3626","10/20/2013 12:00:00 AM"
"17864","6054","11/6/2013 12:00:00 AM"
"17865","7042","10/1/2011 12:00:00 AM"
"17866","1763","1/2/2014 12:00:00 AM"
"17867","15440","5/2/2014 12:00:00 AM"
"17868","12876","2/1/2014 12:00:00 AM"
"17869","8024","9/3/2013 12:00:00 AM"
"17870","14720","7/5/2011 12:00:00 AM"
"17871","17190","3/9/2014 12:00:00 AM"
"17872","9918","2/26/2014 12:00:00 AM"
"17873","12475","8/8/2012 12:00:00 AM"
"17874","9182","12/10/2013 12:00:00 AM"
"17875","16928","1/8/2014 12:00:00 AM"
"17876","15454","4/29/2014 12:00:00 AM"
"17877","1757","2/14/2014 12:00:00 AM"
"17878","13006","2/28/2012 12:00:00 AM"
"17879","8036","7/7/2013 12:00:00 AM"
"17880","7644","4/28/2013 12:00:00 AM"
"17881","6942","3/8/2013 12:00:00 AM"
"17882","11646","3/31/2014 12:00:00 AM"
"17883","13606","4/30/2013 12:00:00 AM"
"17884","4044","11/12/2011 12:00:00 AM"
"17885","4151","7/13/2013 12:00:00 AM"
"17886","12178","4/24/2014 12:00:00 AM"
"17887","11803","3/15/2014 12:00:00 AM"
"17888","14346","10/30/2012 12:00:00 AM"
"17889","8851","4/19/2014 12:00:00 AM"
"17890","3963","2/10/2014 12:00:00 AM"
"17891","14951","11/17/2013 12:00:00 AM"
"17892","3186","2/7/2014 12:00:00 AM"
"17893","17155","11/9/2012 12:00:00 AM"
"17894","16342","3/30/2012 12:00:00 AM"
"17895","14597","8/1/2013 12:00:00 AM"
"17896","15229","10/26/2013 12:00:00 AM"
"17897","4597","6/15/2013 12:00:00 AM"
"17898","17696","10/5/2013 12:00:00 AM"
"17899","18246","12/18/2013 12:00:00 AM"
"17900","8386","5/16/2013 12:00:00 AM"
"17901","2980","8/11/2013 12:00:00 AM"
"17902","9951","3/6/2012 12:00:00 AM"
"17903","1131","2/10/2013 12:00:00 AM"
"17904","755","7/15/2011 12:00:00 AM"
"17905","16318","11/20/2011 12:00:00 AM"
"17906","11118","3/19/2014 12:00:00 AM"
"17907","14403","8/20/2013 12:00:00 AM"
"17908","2207","4/5/2014 12:00:00 AM"
"17909","5724","7/27/2013 12:00:00 AM"
"17910","3178","5/13/2013 12:00:00 AM"
"17911","7466","9/19/2013 12:00:00 AM"
"17912","3137","12/5/2013 12:00:00 AM"
"17913","10504","12/1/2011 12:00:00 AM"
"17914","184","11/3/2013 12:00:00 AM"
"17915","2615","12/14/2013 12:00:00 AM"
"17916","13042","6/14/2014 12:00:00 AM"
"17917","7969","12/23/2013 12:00:00 AM"
"17918","14756","5/6/2014 12:00:00 AM"
"17919","1588","11/3/2012 12:00:00 AM"
"17920","3981","1/3/2014 12:00:00 AM"
"17921","12289","2/15/2014 12:00:00 AM"
"17922","648","2/6/2014 12:00:00 AM"
"17923","13393","11/20/2013 12:00:00 AM"
"17924","223","10/12/2011 12:00:00 AM"
"17925","18539","4/2/2012 12:00:00 AM"
"17926","9758","5/9/2013 12:00:00 AM"
"17927","3677","3/10/2013 12:00:00 AM"
"17928","13738","3/10/2014 12:00:00 AM"
"17929","5178","2/6/2014 12:00:00 AM"
"17930","8815","4/1/2013 12:00:00 AM"
"17931","8436","9/19/2012 12:00:00 AM"
"17932","16809","7/19/2013 12:00:00 AM"
"17933","14909","11/27/2013 12:00:00 AM"
"17934","11794","3/9/2013 12:00:00 AM"
"17935","13472","4/6/2014 12:00:00 AM"
"17936","17603","6/30/2014 12:00:00 AM"
"17937","10441","2/23/2014 12:00:00 AM"
"17938","12407","1/16/2014 12:00:00 AM"
"17939","15338","9/13/2013 12:00:00 AM"
"17940","17385","7/30/2013 12:00:00 AM"
"17941","3624","10/25/2013 12:00:00 AM"
"17942","16431","9/18/2012 12:00:00 AM"
"17943","8949","4/4/2014 12:00:00 AM"
"17944","14067","5/26/2014 12:00:00 AM"
"17945","15305","11/5/2013 12:00:00 AM"
"17946","11760","11/10/2011 12:00:00 AM"
"17947","8834","5/3/2014 12:00:00 AM"
"17948","1374","7/7/2013 12:00:00 AM"
"17949","3687","12/11/2013 12:00:00 AM"
"17950","4792","3/11/2013 12:00:00 AM"
"17951","13551","2/27/2014 12:00:00 AM"
"17952","13457","10/27/2011 12:00:00 AM"
"17953","19140","6/20/2014 12:00:00 AM"
"17954","14772","5/12/2014 12:00:00 AM"
"17955","10674","8/7/2013 12:00:00 AM"
"17956","5712","1/9/2014 12:00:00 AM"
"17957","7869","1/22/2012 12:00:00 AM"
"17958","10954","10/3/2013 12:00:00 AM"
"17959","8129","9/7/2012 12:00:00 AM"
"17960","12643","7/23/2013 12:00:00 AM"
"17961","10261","7/15/2013 12:00:00 AM"
"17962","8270","6/21/2014 12:00:00 AM"
"17963","4757","4/2/2014 12:00:00 AM"
"17964","15294","4/4/2012 12:00:00 AM"
"17965","12591","2/11/2012 12:00:00 AM"
"17966","1954","9/16/2012 12:00:00 AM"
"17967","4783","2/21/2012 12:00:00 AM"
"17968","2139","11/16/2013 12:00:00 AM"
"17969","6374","11/10/2013 12:00:00 AM"
"17970","17907","1/31/2014 12:00:00 AM"
"17971","1152","5/20/2014 12:00:00 AM"
"17972","14802","5/15/2013 12:00:00 AM"
"17973","3572","11/5/2011 12:00:00 AM"
"17974","6231","11/10/2011 12:00:00 AM"
"17975","15449","3/29/2014 12:00:00 AM"
"17976","8793","7/26/2013 12:00:00 AM"
"17977","14903","11/20/2011 12:00:00 AM"
"17978","13384","7/28/2013 12:00:00 AM"
"17979","8325","12/2/2013 12:00:00 AM"
"17980","8488","6/22/2012 12:00:00 AM"
"17981","5337","8/21/2013 12:00:00 AM"
"17982","4748","4/14/2014 12:00:00 AM"
"17983","3710","6/13/2014 12:00:00 AM"
"17984","3020","4/5/2013 12:00:00 AM"
"17985","1339","8/19/2013 12:00:00 AM"
"17986","1172","1/2/2014 12:00:00 AM"
"17987","16592","11/4/2013 12:00:00 AM"
"17988","17056","8/31/2013 12:00:00 AM"
"17989","2217","6/12/2014 12:00:00 AM"
"17990","8551","11/15/2013 12:00:00 AM"
"17991","5281","8/25/2013 12:00:00 AM"
"17992","944","11/7/2013 12:00:00 AM"
"17993","9714","5/26/2012 12:00:00 AM"
"17994","16547","3/22/2014 12:00:00 AM"
"17995","17288","12/15/2013 12:00:00 AM"
"17996","2105","2/15/2014 12:00:00 AM"
"17997","13250","10/7/2011 12:00:00 AM"
"17998","4743","5/5/2014 12:00:00 AM"
"17999","9498","9/27/2013 12:00:00 AM"
"18000","514","10/20/2013 12:00:00 AM"
"18001","15518","8/11/2013 12:00:00 AM"
"18002","5189","10/1/2013 12:00:00 AM"
"18003","16083","5/1/2012 12:00:00 AM"
"18004","7398","1/21/2014 12:00:00 AM"
"18005","12488","10/15/2013 12:00:00 AM"
"18006","10266","6/1/2013 12:00:00 AM"
"18007","17213","11/9/2013 12:00:00 AM"
"18008","7053","5/28/2014 12:00:00 AM"
"18009","13869","10/5/2013 12:00:00 AM"
"18010","6486","2/13/2014 12:00:00 AM"
"18011","5465","1/23/2014 12:00:00 AM"
"18012","2307","12/14/2013 12:00:00 AM"
"18013","6078","10/23/2013 12:00:00 AM"
"18014","1938","4/17/2014 12:00:00 AM"
"18015","13832","6/19/2014 12:00:00 AM"
"18016","8530","5/14/2014 12:00:00 AM"
"18017","7189","10/2/2013 12:00:00 AM"
"18018","1094","9/23/2013 12:00:00 AM"
"18019","5761","11/13/2013 12:00:00 AM"
"18020","12897","5/23/2012 12:00:00 AM"
"18021","13539","10/6/2013 12:00:00 AM"
"18022","5423","9/13/2013 12:00:00 AM"
"18023","3206","12/30/2011 12:00:00 AM"
"18024","5780","2/24/2014 12:00:00 AM"
"18025","14506","1/2/2014 12:00:00 AM"
"18026","13346","5/27/2014 12:00:00 AM"
"18027","1689","3/19/2014 12:00:00 AM"
"18028","2263","12/27/2013 12:00:00 AM"
"18029","6727","7/17/2013 12:00:00 AM"
"18030","2593","4/19/2014 12:00:00 AM"
"18031","7594","5/8/2014 12:00:00 AM"
"18032","12223","1/9/2014 12:00:00 AM"
"18033","12019","5/1/2014 12:00:00 AM"
"18034","5117","9/4/2011 12:00:00 AM"
"18035","10413","11/11/2013 12:00:00 AM"
"18036","8559","10/14/2012 12:00:00 AM"
"18037","10893","1/25/2012 12:00:00 AM"
"18038","14862","2/11/2013 12:00:00 AM"
"18039","4625","3/13/2012 12:00:00 AM"
"18040","7749","10/26/2012 12:00:00 AM"
"18041","8835","2/18/2014 12:00:00 AM"
"18042","19101","9/1/2013 12:00:00 AM"
"18043","15521","1/4/2014 12:00:00 AM"
"18044","2804","3/19/2014 12:00:00 AM"
"18045","2238","1/29/2014 12:00:00 AM"
"18046","12763","9/6/2013 12:00:00 AM"
"18047","16299","12/13/2013 12:00:00 AM"
"18048","1213","11/14/2013 12:00:00 AM"
"18049","523","11/18/2013 12:00:00 AM"
"18050","882","6/15/2014 12:00:00 AM"
"18051","17078","10/8/2013 12:00:00 AM"
"18052","13017","1/27/2014 12:00:00 AM"
"18053","12067","1/27/2014 12:00:00 AM"
"18054","14343","8/1/2013 12:00:00 AM"
"18055","14775","10/12/2013 12:00:00 AM"
"18056","15588","3/29/2012 12:00:00 AM"
"18057","11660","12/19/2013 12:00:00 AM"
"18058","14293","9/30/2013 12:00:00 AM"
"18059","5306","12/30/2013 12:00:00 AM"
"18060","2106","12/14/2013 12:00:00 AM"
"18061","12171","2/21/2014 12:00:00 AM"
"18062","19175","8/8/2013 12:00:00 AM"
"18063","4161","10/21/2013 12:00:00 AM"
"18064","13339","7/1/2011 12:00:00 AM"
"18065","10032","5/19/2014 12:00:00 AM"
"18066","13445","12/11/2011 12:00:00 AM"
"18067","2152","1/18/2013 12:00:00 AM"
"18068","18349","8/29/2013 12:00:00 AM"
"18069","6594","4/25/2014 12:00:00 AM"
"18070","13176","4/14/2014 12:00:00 AM"
"18071","7557","3/26/2013 12:00:00 AM"
"18072","1531","11/24/2013 12:00:00 AM"
"18073","6810","11/5/2013 12:00:00 AM"
"18074","1700","11/7/2012 12:00:00 AM"
"18075","1786","4/29/2013 12:00:00 AM"
"18076","18083","8/1/2013 12:00:00 AM"
"18077","1302","4/10/2014 12:00:00 AM"
"18078","859","10/26/2013 12:00:00 AM"
"18079","10809","3/8/2014 12:00:00 AM"
"18080","8178","5/24/2014 12:00:00 AM"
"18081","1741","11/21/2013 12:00:00 AM"
"18082","6827","2/4/2014 12:00:00 AM"
"18083","13477","11/18/2013 12:00:00 AM"
"18084","6747","6/10/2014 12:00:00 AM"
"18085","2158","12/5/2013 12:00:00 AM"
"18086","3806","10/17/2013 12:00:00 AM"
"18087","19015","7/16/2013 12:00:00 AM"
"18088","3703","12/22/2012 12:00:00 AM"
"18089","15645","10/18/2013 12:00:00 AM"
"18090","7476","4/3/2013 12:00:00 AM"
"18091","9972","1/2/2014 12:00:00 AM"
"18092","10300","3/15/2013 12:00:00 AM"
"18093","9652","1/29/2013 12:00:00 AM"
"18094","9239","1/29/2014 12:00:00 AM"
"18095","18978","3/2/2014 12:00:00 AM"
"18096","6513","10/31/2013 12:00:00 AM"
"18097","15198","12/18/2013 12:00:00 AM"
"18098","6375","8/19/2013 12:00:00 AM"
"18099","9922","12/15/2013 12:00:00 AM"
"18100","8618","6/30/2013 12:00:00 AM"
"18101","17595","2/26/2014 12:00:00 AM"
"18102","18915","3/3/2014 12:00:00 AM"
"18103","15036","5/12/2014 12:00:00 AM"
"18104","12331","1/23/2014 12:00:00 AM"
"18105","8609","12/8/2013 12:00:00 AM"
"18106","7459","3/31/2014 12:00:00 AM"
"18107","17756","1/30/2014 12:00:00 AM"
"18108","9684","10/17/2013 12:00:00 AM"
"18109","12650","10/6/2013 12:00:00 AM"
"18110","19231","8/9/2013 12:00:00 AM"
"18111","1960","1/26/2014 12:00:00 AM"
"18112","19093","6/5/2012 12:00:00 AM"
"18113","12416","12/19/2013 12:00:00 AM"
"18114","9699","11/13/2013 12:00:00 AM"
"18115","18934","9/27/2013 12:00:00 AM"
"18116","10401","7/12/2012 12:00:00 AM"
"18117","4301","8/7/2012 12:00:00 AM"
"18118","2357","1/29/2014 12:00:00 AM"
"18119","7212","1/10/2013 12:00:00 AM"
"18120","14604","9/19/2013 12:00:00 AM"
"18121","18287","11/20/2012 12:00:00 AM"
"18122","1082","12/30/2013 12:00:00 AM"
"18123","18790","2/23/2012 12:00:00 AM"
"18124","4624","7/11/2013 12:00:00 AM"
"18125","6318","6/26/2013 12:00:00 AM"
"18126","15164","4/9/2014 12:00:00 AM"
"18127","639","7/13/2013 12:00:00 AM"
"18128","11940","11/7/2012 12:00:00 AM"
"18129","15356","10/17/2013 12:00:00 AM"
"18130","2450","5/21/2014 12:00:00 AM"
"18131","3858","6/21/2014 12:00:00 AM"
"18132","16770","5/13/2014 12:00:00 AM"
"18133","1258","1/29/2014 12:00:00 AM"
"18134","1430","1/31/2012 12:00:00 AM"
"18135","456","10/18/2013 12:00:00 AM"
"18136","6283","2/25/2014 12:00:00 AM"
"18137","18165","3/10/2012 12:00:00 AM"
"18138","4506","11/21/2012 12:00:00 AM"
"18139","17800","11/22/2013 12:00:00 AM"
"18140","2265","3/29/2014 12:00:00 AM"
"18141","16194","7/7/2013 12:00:00 AM"
"18142","8323","9/21/2013 12:00:00 AM"
"18143","17265","6/17/2013 12:00:00 AM"
"18144","10023","3/5/2013 12:00:00 AM"
"18145","16205","7/1/2012 12:00:00 AM"
"18146","18108","9/17/2012 12:00:00 AM"
"18147","15523","2/11/2013 12:00:00 AM"
"18148","228","4/14/2014 12:00:00 AM"
"18149","19091","10/22/2013 12:00:00 AM"
"18150","11062","2/15/2013 12:00:00 AM"
"18151","6735","3/24/2014 12:00:00 AM"
"18152","5122","7/18/2013 12:00:00 AM"
"18153","6504","8/9/2013 12:00:00 AM"
"18154","16044","6/13/2011 12:00:00 AM"
"18155","109","5/31/2014 12:00:00 AM"
"18156","1320","4/23/2014 12:00:00 AM"
"18157","12546","8/11/2013 12:00:00 AM"
"18158","7954","5/24/2014 12:00:00 AM"
"18159","530","3/29/2014 12:00:00 AM"
"18160","3146","3/20/2012 12:00:00 AM"
"18161","2181","8/14/2011 12:00:00 AM"
"18162","6739","12/2/2012 12:00:00 AM"
"18163","12697","12/25/2013 12:00:00 AM"
"18164","12073","4/1/2014 12:00:00 AM"
"18165","15053","10/27/2013 12:00:00 AM"
"18166","14757","5/15/2014 12:00:00 AM"
"18167","12182","2/5/2013 12:00:00 AM"
"18168","12196","6/10/2013 12:00:00 AM"
"18169","4749","8/28/2013 12:00:00 AM"
"18170","16527","3/21/2013 12:00:00 AM"
"18171","386","4/25/2014 12:00:00 AM"
"18172","12273","6/25/2013 12:00:00 AM"
"18173","15933","7/7/2013 12:00:00 AM"
"18174","3790","4/17/2014 12:00:00 AM"
"18175","10086","5/5/2014 12:00:00 AM"
"18176","15480","3/22/2014 12:00:00 AM"
"18177","13008","10/30/2013 12:00:00 AM"
"18178","9335","11/3/2013 12:00:00 AM"
"18179","17796","11/18/2012 12:00:00 AM"
"18180","3920","11/8/2013 12:00:00 AM"
"18181","18164","9/11/2011 12:00:00 AM"
"18182","3548","4/13/2014 12:00:00 AM"
"18183","14411","1/2/2013 12:00:00 AM"
"18184","5831","1/16/2014 12:00:00 AM"
"18185","4959","7/1/2013 12:00:00 AM"
"18186","607","9/30/2012 12:00:00 AM"
"18187","11978","11/30/2013 12:00:00 AM"
"18188","8041","1/24/2013 12:00:00 AM"
"18189","10548","11/30/2013 12:00:00 AM"
"18190","15694","9/11/2013 12:00:00 AM"
"18191","17269","8/22/2013 12:00:00 AM"
"18192","3322","2/22/2014 12:00:00 AM"
"18193","15761","4/17/2014 12:00:00 AM"
"18194","8676","7/11/2013 12:00:00 AM"
"18195","4345","4/4/2014 12:00:00 AM"
"18196","1305","4/26/2014 12:00:00 AM"
"18197","15947","11/4/2013 12:00:00 AM"
"18198","2566","12/21/2011 12:00:00 AM"
"18199","18433","12/6/2012 12:00:00 AM"
"18200","13899","7/14/2011 12:00:00 AM"
"18201","17573","4/14/2014 12:00:00 AM"
"18202","4600","12/21/2013 12:00:00 AM"
"18203","10959","4/14/2014 12:00:00 AM"
"18204","12707","4/19/2014 12:00:00 AM"
"18205","3014","4/14/2013 12:00:00 AM"
"18206","5482","4/16/2014 12:00:00 AM"
"18207","7136","5/17/2014 12:00:00 AM"
"18208","1986","6/7/2014 12:00:00 AM"
"18209","5068","10/10/2013 12:00:00 AM"
"18210","4676","3/31/2014 12:00:00 AM"
"18211","3700","7/1/2013 12:00:00 AM"
"18212","2515","6/7/2014 12:00:00 AM"
"18213","16238","2/13/2014 12:00:00 AM"
"18214","14966","3/5/2014 12:00:00 AM"
"18215","4774","7/7/2013 12:00:00 AM"
"18216","12397","10/26/2013 12:00:00 AM"
"18217","7673","11/12/2013 12:00:00 AM"
"18218","14253","10/27/2012 12:00:00 AM"
"18219","11919","8/4/2011 12:00:00 AM"
"18220","8926","8/13/2011 12:00:00 AM"
"18221","2453","10/22/2013 12:00:00 AM"
"18222","5003","10/21/2011 12:00:00 AM"
"18223","3944","10/30/2013 12:00:00 AM"
"18224","5541","2/19/2014 12:00:00 AM"
"18225","880","8/13/2013 12:00:00 AM"
"18226","12173","1/22/2014 12:00:00 AM"
"18227","18808","12/9/2013 12:00:00 AM"
"18228","5448","9/8/2013 12:00:00 AM"
"18229","8986","1/13/2014 12:00:00 AM"
"18230","4873","7/17/2013 12:00:00 AM"
"18231","4174","6/21/2014 12:00:00 AM"
"18232","4122","7/8/2012 12:00:00 AM"
"18233","6284","3/8/2014 12:00:00 AM"
"18234","3536","8/19/2013 12:00:00 AM"
"18235","3215","8/30/2012 12:00:00 AM"
"18236","17417","8/4/2013 12:00:00 AM"
"18237","10507","10/7/2011 12:00:00 AM"
"18238","8636","11/18/2012 12:00:00 AM"
"18239","8423","10/2/2013 12:00:00 AM"
"18240","4781","12/23/2013 12:00:00 AM"
"18241","10198","11/10/2011 12:00:00 AM"
"18242","13253","3/25/2014 12:00:00 AM"
"18243","11553","9/28/2013 12:00:00 AM"
"18244","17548","5/5/2014 12:00:00 AM"
"18245","6865","11/29/2013 12:00:00 AM"
"18246","12986","7/27/2013 12:00:00 AM"
"18247","9230","10/1/2011 12:00:00 AM"
"18248","17035","12/14/2013 12:00:00 AM"
"18249","2161","8/25/2013 12:00:00 AM"
"18250","19145","7/11/2013 12:00:00 AM"
"18251","6163","4/2/2014 12:00:00 AM"
"18252","13084","6/22/2013 12:00:00 AM"
"18253","11158","1/23/2014 12:00:00 AM"
"18254","12215","2/15/2014 12:00:00 AM"
"18255","13374","4/15/2014 12:00:00 AM"
"18256","7419","9/26/2013 12:00:00 AM"
"18257","11102","8/26/2013 12:00:00 AM"
"18258","7205","6/1/2011 12:00:00 AM"
"18259","7753","8/3/2013 12:00:00 AM"
"18260","18217","8/20/2013 12:00:00 AM"
"18261","17022","4/27/2014 12:00:00 AM"
"18262","17545","1/22/2014 12:00:00 AM"
"18263","16090","1/30/2014 12:00:00 AM"
"18264","14010","4/13/2012 12:00:00 AM"
"18265","7727","5/12/2014 12:00:00 AM"
"18266","8616","4/8/2014 12:00:00 AM"
"18267","13704","4/6/2014 12:00:00 AM"
"18268","11116","8/8/2012 12:00:00 AM"
"18269","18846","11/29/2013 12:00:00 AM"
"18270","17992","9/14/2013 12:00:00 AM"
"18271","2037","12/10/2012 12:00:00 AM"
"18272","3115","1/9/2013 12:00:00 AM"
"18273","7757","9/11/2013 12:00:00 AM"
"18274","16543","7/9/2012 12:00:00 AM"
"18275","10694","2/20/2014 12:00:00 AM"
"18276","10010","4/26/2014 12:00:00 AM"
"18277","7547","10/15/2013 12:00:00 AM"
"18278","9096","12/19/2013 12:00:00 AM"
"18279","18515","4/29/2014 12:00:00 AM"
"18280","10392","3/1/2014 12:00:00 AM"
"18281","3160","3/13/2014 12:00:00 AM"
"18282","19013","10/1/2013 12:00:00 AM"
"18283","5458","10/26/2012 12:00:00 AM"
"18284","18630","5/5/2014 12:00:00 AM"
"18285","15920","10/15/2013 12:00:00 AM"
"18286","3298","2/17/2013 12:00:00 AM"
"18287","12863","12/4/2013 12:00:00 AM"
"18288","11383","4/9/2014 12:00:00 AM"
"18289","383","6/25/2012 12:00:00 AM"
"18290","5487","11/5/2013 12:00:00 AM"
"18291","1415","6/13/2014 12:00:00 AM"
"18292","14157","10/12/2013 12:00:00 AM"
"18293","18576","7/7/2013 12:00:00 AM"
"18294","18787","9/23/2013 12:00:00 AM"
"18295","1572","2/15/2014 12:00:00 AM"
"18296","9655","10/25/2013 12:00:00 AM"
"18297","15932","4/28/2013 12:00:00 AM"
"18298","6006","7/24/2013 12:00:00 AM"
"18299","849","8/7/2013 12:00:00 AM"
"18300","14394","4/19/2014 12:00:00 AM"
"18301","7403","10/1/2013 12:00:00 AM"
"18302","3377","10/14/2013 12:00:00 AM"
"18303","6393","4/27/2014 12:00:00 AM"
"18304","15564","5/8/2014 12:00:00 AM"
"18305","6700","3/23/2013 12:00:00 AM"
"18306","11594","4/13/2014 12:00:00 AM"
"18307","7120","12/8/2013 12:00:00 AM"
"18308","13080","4/2/2014 12:00:00 AM"
"18309","3236","9/7/2013 12:00:00 AM"
"18310","2351","2/2/2013 12:00:00 AM"
"18311","6726","8/22/2012 12:00:00 AM"
"18312","10689","3/19/2014 12:00:00 AM"
"18313","11438","5/5/2013 12:00:00 AM"
"18314","5061","7/10/2013 12:00:00 AM"
"18315","11801","1/24/2013 12:00:00 AM"
"18316","15010","11/3/2013 12:00:00 AM"
"18317","15050","7/2/2013 12:00:00 AM"
"18318","2652","7/4/2013 12:00:00 AM"
"18319","9553","7/18/2012 12:00:00 AM"
"18320","975","3/19/2014 12:00:00 AM"
"18321","11230","5/31/2014 12:00:00 AM"
"18322","14624","10/31/2013 12:00:00 AM"
"18323","2330","3/25/2014 12:00:00 AM"
"18324","17101","12/11/2013 12:00:00 AM"
"18325","12766","4/15/2014 12:00:00 AM"
"18326","610","7/28/2012 12:00:00 AM"
"18327","10124","3/31/2014 12:00:00 AM"
"18328","15501","9/13/2012 12:00:00 AM"
"18329","14202","4/12/2014 12:00:00 AM"
"18330","8047","7/22/2013 12:00:00 AM"
"18331","18728","7/7/2013 12:00:00 AM"
"18332","9044","8/14/2013 12:00:00 AM"
"18333","9680","12/2/2012 12:00:00 AM"
"18334","10988","6/2/2014 12:00:00 AM"
"18335","7328","12/10/2013 12:00:00 AM"
"18336","15542","12/10/2012 12:00:00 AM"
"18337","5535","8/26/2013 12:00:00 AM"
"18338","2821","3/3/2014 12:00:00 AM"
"18339","18612","3/23/2013 12:00:00 AM"
"18340","8333","7/7/2013 12:00:00 AM"
"18341","17809","3/12/2012 12:00:00 AM"
"18342","6251","7/2/2013 12:00:00 AM"
"18343","890","7/25/2013 12:00:00 AM"
"18344","15087","12/1/2011 12:00:00 AM"
"18345","5024","9/26/2013 12:00:00 AM"
"18346","6194","4/28/2014 12:00:00 AM"
"18347","19128","3/10/2014 12:00:00 AM"
"18348","2387","8/17/2012 12:00:00 AM"
"18349","1499","4/24/2014 12:00:00 AM"
"18350","12482","9/6/2013 12:00:00 AM"
"18351","10513","6/30/2014 12:00:00 AM"
"18352","13816","8/18/2013 12:00:00 AM"
"18353","10462","2/1/2012 12:00:00 AM"
"18354","3341","11/3/2012 12:00:00 AM"
"18355","4894","3/3/2013 12:00:00 AM"
"18356","11727","9/18/2012 12:00:00 AM"
"18357","18326","9/20/2013 12:00:00 AM"
"18358","8419","10/17/2013 12:00:00 AM"
"18359","10196","3/15/2014 12:00:00 AM"
"18360","16241","7/11/2013 12:00:00 AM"
"18361","6331","9/30/2013 12:00:00 AM"
"18362","12461","10/4/2013 12:00:00 AM"
"18363","5667","1/2/2014 12:00:00 AM"
"18364","12920","11/23/2013 12:00:00 AM"
"18365","422","5/7/2014 12:00:00 AM"
"18366","7885","3/6/2014 12:00:00 AM"
"18367","12734","6/24/2013 12:00:00 AM"
"18368","1497","7/2/2013 12:00:00 AM"
"18369","16969","5/29/2014 12:00:00 AM"
"18370","18271","11/24/2013 12:00:00 AM"
"18371","18404","9/10/2013 12:00:00 AM"
"18372","1450","7/15/2013 12:00:00 AM"
"18373","16554","10/27/2013 12:00:00 AM"
"18374","885","11/24/2013 12:00:00 AM"
"18375","585","11/9/2013 12:00:00 AM"
"18376","3250","3/31/2014 12:00:00 AM"
"18377","14335","3/20/2014 12:00:00 AM"
"18378","7331","9/24/2011 12:00:00 AM"
"18379","5563","5/21/2014 12:00:00 AM"
"18380","11451","8/3/2011 12:00:00 AM"
"18381","4467","12/14/2012 12:00:00 AM"
"18382","13081","9/9/2013 12:00:00 AM"
"18383","18087","2/19/2014 12:00:00 AM"
"18384","17754","2/9/2013 12:00:00 AM"
"18385","12772","8/7/2012 12:00:00 AM"
"18386","18700","8/20/2013 12:00:00 AM"
"18387","18619","6/30/2014 12:00:00 AM"
"18388","14915","9/4/2013 12:00:00 AM"
"18389","10440","12/20/2013 12:00:00 AM"
"18390","12647","9/28/2013 12:00:00 AM"
"18391","263","8/8/2012 12:00:00 AM"
"18392","14630","10/25/2013 12:00:00 AM"
"18393","1259","3/7/2012 12:00:00 AM"
"18394","9131","4/20/2012 12:00:00 AM"
"18395","11208","9/17/2012 12:00:00 AM"
"18396","6499","7/23/2012 12:00:00 AM"
"18397","14033","3/30/2014 12:00:00 AM"
"18398","1291","3/16/2013 12:00:00 AM"
"18399","13503","8/16/2011 12:00:00 AM"
"18400","16670","8/18/2013 12:00:00 AM"
"18401","623","6/10/2012 12:00:00 AM"
"18402","15268","5/18/2013 12:00:00 AM"
"18403","6511","4/9/2014 12:00:00 AM"
"18404","5405","1/2/2014 12:00:00 AM"
"18405","981","1/22/2014 12:00:00 AM"
"18406","90","7/13/2013 12:00:00 AM"
"18407","10359","7/1/2013 12:00:00 AM"
"18408","13248","12/9/2013 12:00:00 AM"
"18409","8508","10/6/2013 12:00:00 AM"
"18410","4384","10/21/2011 12:00:00 AM"
"18411","18605","3/30/2014 12:00:00 AM"
"18412","867","4/21/2014 12:00:00 AM"
"18413","6562","4/20/2013 12:00:00 AM"
"18414","5641","5/23/2014 12:00:00 AM"
"18415","3780","12/27/2013 12:00:00 AM"
"18416","2579","9/23/2013 12:00:00 AM"
"18417","17737","9/1/2013 12:00:00 AM"
"18418","141","8/17/2013 12:00:00 AM"
"18419","2020","2/23/2013 12:00:00 AM"
"18420","2057","7/29/2013 12:00:00 AM"
"18421","17993","2/9/2014 12:00:00 AM"
"18422","8243","4/20/2014 12:00:00 AM"
"18423","15758","10/28/2013 12:00:00 AM"
"18424","3874","6/7/2013 12:00:00 AM"
"18425","15773","2/19/2013 12:00:00 AM"
"18426","9196","9/27/2013 12:00:00 AM"
"18427","11742","9/30/2011 12:00:00 AM"
"18428","17686","2/8/2014 12:00:00 AM"
"18429","10791","8/17/2013 12:00:00 AM"
"18430","15446","5/18/2012 12:00:00 AM"
"18431","19131","2/20/2014 12:00:00 AM"
"18432","11467","2/6/2014 12:00:00 AM"
"18433","10701","8/2/2011 12:00:00 AM"
"18434","15701","6/13/2014 12:00:00 AM"
"18435","5883","4/5/2012 12:00:00 AM"
"18436","7542","6/27/2011 12:00:00 AM"
"18437","6046","3/4/2013 12:00:00 AM"
"18438","14655","9/18/2013 12:00:00 AM"
"18439","6223","10/3/2011 12:00:00 AM"
"18440","9791","9/6/2012 12:00:00 AM"
"18441","10683","2/3/2014 12:00:00 AM"
"18442","3019","9/27/2013 12:00:00 AM"
"18443","6124","12/10/2013 12:00:00 AM"
"18444","4581","12/31/2013 12:00:00 AM"
"18445","13657","1/30/2014 12:00:00 AM"
"18446","3321","2/24/2012 12:00:00 AM"
"18447","2749","3/11/2012 12:00:00 AM"
"18448","10739","7/18/2013 12:00:00 AM"
"18449","2978","6/9/2012 12:00:00 AM"
"18450","16721","5/7/2012 12:00:00 AM"
"18451","6683","9/22/2012 12:00:00 AM"
"18452","4660","5/20/2013 12:00:00 AM"
"18453","17975","3/22/2014 12:00:00 AM"
"18454","15200","7/13/2012 12:00:00 AM"
"18455","5692","2/22/2014 12:00:00 AM"
"18456","1875","8/8/2013 12:00:00 AM"
"18457","7724","2/23/2012 12:00:00 AM"
"18458","12164","12/28/2013 12:00:00 AM"
"18459","3639","6/17/2013 12:00:00 AM"
"18460","18734","9/11/2013 12:00:00 AM"
"18461","4553","10/7/2013 12:00:00 AM"
"18462","18655","9/25/2013 12:00:00 AM"
"18463","5594","11/4/2013 12:00:00 AM"
"18464","1276","2/24/2014 12:00:00 AM"
"18465","4571","4/23/2013 12:00:00 AM"
"18466","13482","9/6/2013 12:00:00 AM"
"18467","18130","1/4/2014 12:00:00 AM"
"18468","15525","11/7/2013 12:00:00 AM"
"18469","15063","8/2/2011 12:00:00 AM"
"18470","8704","3/31/2013 12:00:00 AM"
"18471","7579","8/2/2012 12:00:00 AM"
"18472","14591","3/11/2014 12:00:00 AM"
"18473","16289","2/19/2014 12:00:00 AM"
"18474","5788","9/26/2013 12:00:00 AM"
"18475","18159","4/29/2013 12:00:00 AM"
"18476","14412","4/21/2014 12:00:00 AM"
"18477","12878","8/14/2013 12:00:00 AM"
"18478","18961","12/13/2013 12:00:00 AM"
"18479","4088","2/20/2013 12:00:00 AM"
"18480","16827","5/7/2014 12:00:00 AM"
"18481","16532","2/2/2014 12:00:00 AM"
"18482","1845","2/27/2013 12:00:00 AM"
"18483","16915","6/18/2014 12:00:00 AM"
"18484","4133","9/3/2013 12:00:00 AM"
"18485","8554","11/10/2013 12:00:00 AM"
"18486","15147","8/3/2013 12:00:00 AM"
"18487","19192","7/1/2011 12:00:00 AM"
"18488","14093","10/2/2013 12:00:00 AM"
"18489","4588","10/21/2013 12:00:00 AM"
"18490","17111","3/10/2014 12:00:00 AM"
"18491","15739","2/22/2014 12:00:00 AM"
"18492","11511","2/26/2014 12:00:00 AM"
"18493","6488","3/7/2014 12:00:00 AM"
"18494","19047","11/7/2013 12:00:00 AM"
"18495","17374","2/26/2012 12:00:00 AM"
"18496","16385","5/28/2014 12:00:00 AM"
"18497","7280","9/7/2013 12:00:00 AM"
"18498","3958","3/3/2014 12:00:00 AM"
"18499","15225","5/14/2014 12:00:00 AM"
"18500","14639","8/18/2012 12:00:00 AM"
"18501","1503","5/14/2014 12:00:00 AM"
"18502","18265","4/12/2012 12:00:00 AM"
"18503","3894","10/16/2013 12:00:00 AM"
"18504","4857","1/30/2014 12:00:00 AM"
"18505","13481","6/30/2013 12:00:00 AM"
"18506","9060","5/21/2014 12:00:00 AM"
"18507","16850","4/19/2014 12:00:00 AM"
"18508","18922","1/1/2012 12:00:00 AM"
"18509","6768","7/8/2013 12:00:00 AM"
"18510","5897","1/9/2014 12:00:00 AM"
"18511","12147","4/20/2014 12:00:00 AM"
"18512","16925","6/7/2014 12:00:00 AM"
"18513","7285","9/17/2012 12:00:00 AM"
"18514","16383","3/17/2014 12:00:00 AM"
"18515","2762","7/2/2013 12:00:00 AM"
"18516","14160","2/24/2014 12:00:00 AM"
"18517","4135","11/25/2011 12:00:00 AM"
"18518","16550","4/19/2014 12:00:00 AM"
"18519","6762","8/18/2013 12:00:00 AM"
"18520","13434","10/16/2013 12:00:00 AM"
"18521","4958","8/26/2012 12:00:00 AM"
"18522","16170","7/8/2013 12:00:00 AM"
"18523","15318","6/14/2013 12:00:00 AM"
"18524","12121","1/2/2014 12:00:00 AM"
"18525","9567","4/7/2013 12:00:00 AM"
"18526","8960","10/20/2013 12:00:00 AM"
"18527","1233","12/11/2013 12:00:00 AM"
"18528","17657","4/11/2013 12:00:00 AM"
"18529","3557","2/8/2013 12:00:00 AM"
"18530","11489","8/1/2013 12:00:00 AM"
"18531","653","6/11/2014 12:00:00 AM"
"18532","3128","4/5/2014 12:00:00 AM"
"18533","18555","5/2/2014 12:00:00 AM"
"18534","250","10/20/2013 12:00:00 AM"
"18535","325","4/13/2013 12:00:00 AM"
"18536","17096","5/10/2013 12:00:00 AM"
"18537","3288","3/27/2012 12:00:00 AM"
"18538","5713","1/27/2014 12:00:00 AM"
"18539","17660","7/20/2013 12:00:00 AM"
"18540","16604","6/7/2014 12:00:00 AM"
"18541","11998","1/26/2014 12:00:00 AM"
"18542","1765","10/11/2013 12:00:00 AM"
"18543","15529","10/14/2013 12:00:00 AM"
"18544","7357","4/8/2014 12:00:00 AM"
"18545","9325","12/10/2013 12:00:00 AM"
"18546","4682","1/13/2014 12:00:00 AM"
"18547","18554","5/8/2013 12:00:00 AM"
"18548","12026","1/29/2014 12:00:00 AM"
"18549","9827","8/31/2013 12:00:00 AM"
"18550","18269","2/21/2014 12:00:00 AM"
"18551","9674","4/5/2014 12:00:00 AM"
"18552","2258","1/2/2014 12:00:00 AM"
"18553","13099","8/3/2013 12:00:00 AM"
"18554","5950","9/30/2013 12:00:00 AM"
"18555","1080","5/21/2014 12:00:00 AM"
"18556","9381","2/7/2014 12:00:00 AM"
"18557","11726","1/7/2013 12:00:00 AM"
"18558","6376","11/5/2013 12:00:00 AM"
"18559","6496","12/28/2012 12:00:00 AM"
"18560","16464","11/20/2012 12:00:00 AM"
"18561","918","8/25/2013 12:00:00 AM"
"18562","5513","6/7/2014 12:00:00 AM"
"18563","145","10/27/2013 12:00:00 AM"
"18564","12057","6/16/2014 12:00:00 AM"
"18565","13998","9/3/2011 12:00:00 AM"
"18566","7221","9/25/2013 12:00:00 AM"
"18567","13398","1/26/2014 12:00:00 AM"
"18568","3734","3/24/2012 12:00:00 AM"
"18569","3817","12/29/2013 12:00:00 AM"
"18570","9912","1/4/2012 12:00:00 AM"
"18571","15981","8/11/2013 12:00:00 AM"
"18572","14833","11/17/2013 12:00:00 AM"
"18573","17817","7/13/2013 12:00:00 AM"
"18574","6902","12/14/2012 12:00:00 AM"
"18575","6713","9/6/2013 12:00:00 AM"
"18576","17881","9/4/2013 12:00:00 AM"
"18577","13448","4/5/2013 12:00:00 AM"
"18578","14863","7/20/2012 12:00:00 AM"
"18579","4564","6/21/2013 12:00:00 AM"
"18580","17270","3/22/2012 12:00:00 AM"
"18581","3363","5/6/2012 12:00:00 AM"
"18582","2528","2/1/2013 12:00:00 AM"
"18583","9559","4/13/2014 12:00:00 AM"
"18584","6043","9/15/2012 12:00:00 AM"
"18585","1518","9/24/2012 12:00:00 AM"
"18586","12132","11/17/2013 12:00:00 AM"
"18587","17635","11/17/2013 12:00:00 AM"
"18588","15068","12/31/2013 12:00:00 AM"
"18589","9509","10/8/2011 12:00:00 AM"
"18590","17425","9/13/2012 12:00:00 AM"
"18591","13787","5/1/2012 12:00:00 AM"
"18592","8539","10/19/2012 12:00:00 AM"
"18593","5964","8/25/2012 12:00:00 AM"
"18594","10135","3/16/2012 12:00:00 AM"
"18595","4966","8/30/2012 12:00:00 AM"
"18596","1523","6/2/2012 12:00:00 AM"
"18597","6362","11/26/2013 12:00:00 AM"
"18598","16649","7/23/2013 12:00:00 AM"
"18599","8542","10/2/2013 12:00:00 AM"
"18600","4981","10/9/2012 12:00:00 AM"
"18601","1219","6/24/2012 12:00:00 AM"
"18602","5128","3/14/2014 12:00:00 AM"
"18603","13057","3/16/2013 12:00:00 AM"
"18604","114","8/18/2013 12:00:00 AM"
"18605","13413","3/7/2014 12:00:00 AM"
"18606","3286","2/10/2012 12:00:00 AM"
"18607","13916","1/11/2014 12:00:00 AM"
"18608","14529","10/17/2013 12:00:00 AM"
"18609","16331","1/2/2014 12:00:00 AM"
"18610","13831","10/2/2012 12:00:00 AM"
"18611","8717","3/14/2014 12:00:00 AM"
"18612","9686","11/9/2013 12:00:00 AM"
"18613","1593","8/8/2012 12:00:00 AM"
"18614","15995","8/11/2013 12:00:00 AM"
"18615","11983","1/31/2014 12:00:00 AM"
"18616","10572","2/17/2012 12:00:00 AM"
"18617","5926","1/15/2012 12:00:00 AM"
"18618","9410","8/13/2013 12:00:00 AM"
"18619","2650","11/12/2011 12:00:00 AM"
"18620","14927","7/16/2013 12:00:00 AM"
"18621","16396","12/1/2013 12:00:00 AM"
"18622","878","3/1/2014 12:00:00 AM"
"18623","4527","3/12/2013 12:00:00 AM"
"18624","2193","11/24/2013 12:00:00 AM"
"18625","9751","8/16/2012 12:00:00 AM"
"18626","14088","7/23/2012 12:00:00 AM"
"18627","8244","12/10/2013 12:00:00 AM"
"18628","5707","1/30/2014 12:00:00 AM"
"18629","5960","6/19/2014 12:00:00 AM"
"18630","11306","4/15/2014 12:00:00 AM"
"18631","16178","11/3/2013 12:00:00 AM"
"18632","16121","8/6/2013 12:00:00 AM"
"18633","14816","2/16/2014 12:00:00 AM"
"18634","7467","5/29/2012 12:00:00 AM"
"18635","118","9/2/2013 12:00:00 AM"
"18636","3547","9/8/2013 12:00:00 AM"
"18637","17429","11/21/2013 12:00:00 AM"
"18638","17889","3/9/2014 12:00:00 AM"
"18639","11938","2/1/2014 12:00:00 AM"
"18640","17516","3/10/2013 12:00:00 AM"
"18641","25","1/19/2013 12:00:00 AM"
"18642","3439","9/19/2011 12:00:00 AM"
"18643","10047","7/10/2011 12:00:00 AM"
"18644","18963","7/19/2013 12:00:00 AM"
"18645","3213","12/14/2012 12:00:00 AM"
"18646","13552","3/19/2014 12:00:00 AM"
"18647","6344","10/19/2013 12:00:00 AM"
"18648","15873","12/6/2013 12:00:00 AM"
"18649","11108","3/26/2014 12:00:00 AM"
"18650","415","1/20/2014 12:00:00 AM"
"18651","8732","9/4/2013 12:00:00 AM"
"18652","5270","5/12/2013 12:00:00 AM"
"18653","15078","11/16/2013 12:00:00 AM"
"18654","1074","3/18/2014 12:00:00 AM"
"18655","4364","5/31/2014 12:00:00 AM"
"18656","4751","2/25/2013 12:00:00 AM"
"18657","18490","4/25/2014 12:00:00 AM"
"18658","3447","10/20/2013 12:00:00 AM"
"18659","17955","5/14/2014 12:00:00 AM"
"18660","16760","8/10/2013 12:00:00 AM"
"18661","9479","10/18/2013 12:00:00 AM"
"18662","4101","7/4/2013 12:00:00 AM"
"18663","17844","7/17/2013 12:00:00 AM"
"18664","12559","9/7/2013 12:00:00 AM"
"18665","2576","11/18/2011 12:00:00 AM"
"18666","14236","11/12/2011 12:00:00 AM"
"18667","10292","10/23/2013 12:00:00 AM"
"18668","9006","7/10/2013 12:00:00 AM"
"18669","19127","3/1/2013 12:00:00 AM"
"18670","11027","7/9/2013 12:00:00 AM"
"18671","9169","11/10/2013 12:00:00 AM"
"18672","15683","10/8/2013 12:00:00 AM"
"18673","2540","1/9/2014 12:00:00 AM"
"18674","2819","2/12/2014 12:00:00 AM"
"18675","8734","4/29/2014 12:00:00 AM"
"18676","18018","5/11/2014 12:00:00 AM"
"18677","7070","6/18/2013 12:00:00 AM"
"18678","8347","12/9/2013 12:00:00 AM"
"18679","6346","10/16/2013 12:00:00 AM"
"18680","9291","12/25/2013 12:00:00 AM"
"18681","4016","3/21/2013 12:00:00 AM"
"18682","14070","6/12/2014 12:00:00 AM"
"18683","2701","9/23/2013 12:00:00 AM"
"18684","15840","10/15/2012 12:00:00 AM"
"18685","4211","12/19/2013 12:00:00 AM"
"18686","9841","8/23/2011 12:00:00 AM"
"18687","2651","1/4/2012 12:00:00 AM"
"18688","8828","6/10/2014 12:00:00 AM"
"18689","13015","7/25/2012 12:00:00 AM"
"18690","17530","5/3/2013 12:00:00 AM"
"18691","9574","9/23/2013 12:00:00 AM"
"18692","13746","5/11/2013 12:00:00 AM"
"18693","15575","4/19/2013 12:00:00 AM"
"18694","1471","4/17/2014 12:00:00 AM"
"18695","2610","8/26/2013 12:00:00 AM"
"18696","6734","9/22/2013 12:00:00 AM"
"18697","13710","7/9/2013 12:00:00 AM"
"18698","11202","8/7/2012 12:00:00 AM"
"18699","14789","6/2/2012 12:00:00 AM"
"18700","10687","2/14/2012 12:00:00 AM"
"18701","16699","4/3/2014 12:00:00 AM"
"18702","5532","9/29/2013 12:00:00 AM"
"18703","13843","7/29/2013 12:00:00 AM"
"18704","5848","8/25/2013 12:00:00 AM"
"18705","6862","6/7/2013 12:00:00 AM"
"18706","7369","4/18/2013 12:00:00 AM"
"18707","12413","12/8/2013 12:00:00 AM"
"18708","16660","3/21/2013 12:00:00 AM"
"18709","7625","9/4/2013 12:00:00 AM"
"18710","12665","10/30/2011 12:00:00 AM"
"18711","17071","5/6/2013 12:00:00 AM"
"18712","16745","5/17/2014 12:00:00 AM"
"18713","1826","8/23/2013 12:00:00 AM"
"18714","2297","1/22/2014 12:00:00 AM"
"18715","15528","1/30/2012 12:00:00 AM"
"18716","1062","2/6/2014 12:00:00 AM"
"18717","7128","11/22/2013 12:00:00 AM"
"18718","5311","11/16/2012 12:00:00 AM"
"18719","10856","11/12/2013 12:00:00 AM"
"18720","17532","11/19/2013 12:00:00 AM"
"18721","86","8/26/2013 12:00:00 AM"
"18722","812","8/25/2012 12:00:00 AM"
"18723","14139","9/24/2012 12:00:00 AM"
"18724","8524","3/9/2013 12:00:00 AM"
"18725","4705","11/27/2013 12:00:00 AM"
"18726","4868","8/14/2013 12:00:00 AM"
"18727","964","12/11/2011 12:00:00 AM"
"18728","8099","8/10/2011 12:00:00 AM"
"18729","843","3/21/2014 12:00:00 AM"
"18730","752","3/26/2014 12:00:00 AM"
"18731","8035","5/2/2013 12:00:00 AM"
"18732","1353","12/31/2013 12:00:00 AM"
"18733","18894","3/10/2014 12:00:00 AM"
"18734","18247","11/14/2013 12:00:00 AM"
"18735","282","9/14/2013 12:00:00 AM"
"18736","1384","9/1/2012 12:00:00 AM"
"18737","2840","12/19/2013 12:00:00 AM"
"18738","7094","4/1/2014 12:00:00 AM"
"18739","6770","7/14/2013 12:00:00 AM"
"18740","9329","5/28/2014 12:00:00 AM"
"18741","4060","11/8/2013 12:00:00 AM"
"18742","2123","4/22/2014 12:00:00 AM"
"18743","6117","8/11/2012 12:00:00 AM"
"18744","18567","4/3/2014 12:00:00 AM"
"18745","14534","5/5/2013 12:00:00 AM"
"18746","6599","9/22/2013 12:00:00 AM"
"18747","3900","9/22/2013 12:00:00 AM"
"18748","12124","3/10/2014 12:00:00 AM"
"18749","16683","6/9/2012 12:00:00 AM"
"18750","13383","5/6/2013 12:00:00 AM"
"18751","1687","5/7/2014 12:00:00 AM"
"18752","8594","1/9/2014 12:00:00 AM"
"18753","3004","7/23/2011 12:00:00 AM"
"18754","2029","7/22/2013 12:00:00 AM"
"18755","11591","9/14/2013 12:00:00 AM"
"18756","285","8/14/2013 12:00:00 AM"
"18757","11354","9/18/2013 12:00:00 AM"
"18758","3258","2/4/2014 12:00:00 AM"
"18759","5037","4/19/2014 12:00:00 AM"
"18760","16673","7/6/2013 12:00:00 AM"
"18761","909","5/5/2013 12:00:00 AM"
"18762","10144","5/27/2014 12:00:00 AM"
"18763","1605","3/29/2014 12:00:00 AM"
"18764","4886","9/15/2011 12:00:00 AM"
"18765","16587","5/27/2014 12:00:00 AM"
"18766","7887","3/2/2014 12:00:00 AM"
"18767","17217","3/11/2014 12:00:00 AM"
"18768","5376","5/27/2012 12:00:00 AM"
"18769","3098","11/9/2013 12:00:00 AM"
"18770","824","8/11/2013 12:00:00 AM"
"18771","13905","5/27/2014 12:00:00 AM"
"18772","9476","4/5/2014 12:00:00 AM"
"18773","8603","9/22/2013 12:00:00 AM"
"18774","19203","11/1/2013 12:00:00 AM"
"18775","6400","8/17/2013 12:00:00 AM"
"18776","4169","1/14/2012 12:00:00 AM"
"18777","9183","3/15/2014 12:00:00 AM"
"18778","14046","8/17/2013 12:00:00 AM"
"18779","2835","11/14/2013 12:00:00 AM"
"18780","817","6/2/2014 12:00:00 AM"
"18781","2817","9/22/2012 12:00:00 AM"
"18782","8147","5/13/2014 12:00:00 AM"
"18783","12577","1/10/2014 12:00:00 AM"
"18784","1428","9/15/2013 12:00:00 AM"
"18785","10641","11/6/2013 12:00:00 AM"
"18786","1634","1/10/2014 12:00:00 AM"
"18787","7129","10/31/2013 12:00:00 AM"
"18788","15721","8/16/2013 12:00:00 AM"
"18789","17712","5/1/2014 12:00:00 AM"
"18790","2019","3/6/2013 12:00:00 AM"
"18791","8831","5/16/2014 12:00:00 AM"
"18792","14732","8/21/2013 12:00:00 AM"
"18793","13205","11/25/2012 12:00:00 AM"
"18794","12950","6/3/2014 12:00:00 AM"
"18795","4700","4/4/2013 12:00:00 AM"
"18796","2016","5/3/2014 12:00:00 AM"
"18797","8346","8/30/2013 12:00:00 AM"
"18798","11413","11/2/2011 12:00:00 AM"
"18799","15919","6/24/2012 12:00:00 AM"
"18800","10417","7/18/2012 12:00:00 AM"
"18801","12036","2/6/2014 12:00:00 AM"
"18802","16155","3/29/2012 12:00:00 AM"
"18803","13902","12/27/2013 12:00:00 AM"
"18804","15121","12/13/2013 12:00:00 AM"
"18805","6714","7/2/2012 12:00:00 AM"
"18806","5437","11/28/2013 12:00:00 AM"
"18807","10745","8/5/2013 12:00:00 AM"
"18808","3830","11/16/2011 12:00:00 AM"
"18809","6096","12/19/2011 12:00:00 AM"
"18810","8376","2/16/2014 12:00:00 AM"
"18811","1559","4/6/2014 12:00:00 AM"
"18812","8085","11/5/2011 12:00:00 AM"
"18813","2805","7/11/2013 12:00:00 AM"
"18814","3058","8/12/2013 12:00:00 AM"
"18815","19046","11/13/2013 12:00:00 AM"
"18816","9355","12/13/2013 12:00:00 AM"
"18817","17371","8/24/2013 12:00:00 AM"
"18818","18051","9/29/2013 12:00:00 AM"
"18819","1751","12/8/2013 12:00:00 AM"
"18820","15787","8/18/2013 12:00:00 AM"
"18821","8756","4/26/2013 12:00:00 AM"
"18822","6373","11/24/2013 12:00:00 AM"
"18823","7593","9/9/2012 12:00:00 AM"
"18824","1483","4/12/2013 12:00:00 AM"
"18825","8065","6/13/2013 12:00:00 AM"
"18826","10317","11/24/2013 12:00:00 AM"
"18827","2248","3/9/2012 12:00:00 AM"
"18828","18783","9/11/2013 12:00:00 AM"
"18829","14882","2/18/2014 12:00:00 AM"
"18830","13382","11/22/2012 12:00:00 AM"
"18831","17832","3/29/2013 12:00:00 AM"
"18832","2404","4/20/2014 12:00:00 AM"
"18833","8181","3/27/2013 12:00:00 AM"
"18834","16334","7/6/2013 12:00:00 AM"
"18835","1529","10/24/2013 12:00:00 AM"
"18836","16678","12/30/2013 12:00:00 AM"
"18837","3093","3/3/2014 12:00:00 AM"
"18838","15341","8/13/2013 12:00:00 AM"
"18839","7762","4/16/2014 12:00:00 AM"
"18840","3798","7/3/2013 12:00:00 AM"
"18841","9256","10/14/2013 12:00:00 AM"
"18842","45","4/28/2014 12:00:00 AM"
"18843","5208","3/22/2014 12:00:00 AM"
"18844","8291","3/19/2012 12:00:00 AM"
"18845","18437","5/30/2013 12:00:00 AM"
"18846","9005","5/21/2014 12:00:00 AM"
"18847","16001","1/1/2014 12:00:00 AM"
"18848","7842","5/24/2014 12:00:00 AM"
"18849","15429","1/1/2014 12:00:00 AM"
"18850","9765","10/10/2013 12:00:00 AM"
"18851","498","3/16/2014 12:00:00 AM"
"18852","1274","10/12/2013 12:00:00 AM"
"18853","13086","3/22/2012 12:00:00 AM"
"18854","13952","2/2/2013 12:00:00 AM"
"18855","9660","7/4/2013 12:00:00 AM"
"18856","13824","11/6/2013 12:00:00 AM"
"18857","9917","5/15/2014 12:00:00 AM"
"18858","14308","7/8/2013 12:00:00 AM"
"18859","6644","3/29/2014 12:00:00 AM"
"18860","5622","7/30/2012 12:00:00 AM"
"18861","7766","12/31/2011 12:00:00 AM"
"18862","7317","4/2/2014 12:00:00 AM"
"18863","8954","8/20/2013 12:00:00 AM"
"18864","8735","11/12/2012 12:00:00 AM"
"18865","6305","10/30/2013 12:00:00 AM"
"18866","8861","9/5/2013 12:00:00 AM"
"18867","3726","4/2/2013 12:00:00 AM"
"18868","3791","4/11/2014 12:00:00 AM"
"18869","18755","10/21/2012 12:00:00 AM"
"18870","7100","3/26/2014 12:00:00 AM"
"18871","14831","8/6/2013 12:00:00 AM"
"18872","4249","4/4/2014 12:00:00 AM"
"18873","6858","1/24/2012 12:00:00 AM"
"18874","15287","3/16/2014 12:00:00 AM"
"18875","382","9/28/2012 12:00:00 AM"
"18876","15419","4/16/2014 12:00:00 AM"
"18877","364","4/9/2014 12:00:00 AM"
"18878","18853","3/20/2014 12:00:00 AM"
"18879","5523","7/9/2013 12:00:00 AM"
"18880","11743","2/8/2014 12:00:00 AM"
"18881","7945","12/11/2013 12:00:00 AM"
"18882","11428","8/23/2013 12:00:00 AM"
"18883","12814","4/30/2013 12:00:00 AM"
"18884","15889","11/10/2012 12:00:00 AM"
"18885","4631","10/14/2013 12:00:00 AM"
"18886","4901","11/7/2011 12:00:00 AM"
"18887","10184","3/14/2014 12:00:00 AM"
"18888","9480","1/21/2014 12:00:00 AM"
"18889","11833","7/3/2013 12:00:00 AM"
"18890","7612","10/31/2013 12:00:00 AM"
"18891","1393","12/19/2013 12:00:00 AM"
"18892","18732","6/30/2013 12:00:00 AM"
"18893","2833","12/2/2013 12:00:00 AM"
"18894","5542","12/27/2012 12:00:00 AM"
"18895","6702","5/5/2014 12:00:00 AM"
"18896","11852","11/25/2013 12:00:00 AM"
"18897","2336","11/18/2013 12:00:00 AM"
"18898","7340","3/4/2012 12:00:00 AM"
"18899","6149","2/9/2014 12:00:00 AM"
"18900","588","5/25/2014 12:00:00 AM"
"18901","2541","3/3/2014 12:00:00 AM"
"18902","11620","9/23/2012 12:00:00 AM"
"18903","6911","5/18/2014 12:00:00 AM"
"18904","4717","3/13/2014 12:00:00 AM"
"18905","14316","11/9/2012 12:00:00 AM"
"18906","3314","12/23/2012 12:00:00 AM"
"18907","8022","8/29/2013 12:00:00 AM"
"18908","6292","2/26/2014 12:00:00 AM"
"18909","8125","7/10/2013 12:00:00 AM"
"18910","10159","8/30/2013 12:00:00 AM"
"18911","2204","8/6/2013 12:00:00 AM"
"18912","7030","3/6/2014 12:00:00 AM"
"18913","1966","8/29/2013 12:00:00 AM"
"18914","11724","7/15/2011 12:00:00 AM"
"18915","13268","11/21/2013 12:00:00 AM"
"18916","16695","10/30/2012 12:00:00 AM"
"18917","16081","11/21/2011 12:00:00 AM"
"18918","13338","11/28/2013 12:00:00 AM"
"18919","7576","11/13/2013 12:00:00 AM"
"18920","10895","2/26/2012 12:00:00 AM"
"18921","15782","6/22/2014 12:00:00 AM"
"18922","6954","11/10/2013 12:00:00 AM"
"18923","5645","11/16/2013 12:00:00 AM"
"18924","15559","8/9/2013 12:00:00 AM"
"18925","10830","10/20/2012 12:00:00 AM"
"18926","13616","5/8/2012 12:00:00 AM"
"18927","17247","11/30/2013 12:00:00 AM"
"18928","4688","1/4/2014 12:00:00 AM"
"18929","14146","6/9/2014 12:00:00 AM"
"18930","3938","5/7/2014 12:00:00 AM"
"18931","17129","2/13/2014 12:00:00 AM"
"18932","5493","9/16/2013 12:00:00 AM"
"18933","15931","9/17/2013 12:00:00 AM"
"18934","18506","3/5/2012 12:00:00 AM"
"18935","990","7/19/2013 12:00:00 AM"
"18936","6100","10/28/2013 12:00:00 AM"
"18937","4208","10/1/2012 12:00:00 AM"
"18938","9613","4/24/2014 12:00:00 AM"
"18939","3394","11/12/2013 12:00:00 AM"
"18940","10863","2/18/2014 12:00:00 AM"
"18941","9539","8/24/2013 12:00:00 AM"
"18942","9232","6/30/2013 12:00:00 AM"
"18943","3408","7/25/2012 12:00:00 AM"
"18944","12886","3/1/2014 12:00:00 AM"
"18945","11458","4/6/2014 12:00:00 AM"
"18946","12285","12/3/2011 12:00:00 AM"
"18947","16358","3/12/2014 12:00:00 AM"
"18948","4772","10/31/2013 12:00:00 AM"
"18949","16505","11/21/2012 12:00:00 AM"
"18950","3312","1/25/2014 12:00:00 AM"
"18951","13684","1/11/2012 12:00:00 AM"
"18952","10532","8/2/2013 12:00:00 AM"
"18953","3309","4/3/2014 12:00:00 AM"
"18954","7928","3/30/2014 12:00:00 AM"
"18955","4725","4/2/2012 12:00:00 AM"
"18956","11786","7/18/2013 12:00:00 AM"
"18957","10380","7/25/2013 12:00:00 AM"
"18958","18200","4/16/2012 12:00:00 AM"
"18959","14448","11/26/2013 12:00:00 AM"
"18960","12829","5/12/2014 12:00:00 AM"
"18961","5345","10/25/2013 12:00:00 AM"
"18962","6544","7/6/2012 12:00:00 AM"
"18963","19206","11/12/2013 12:00:00 AM"
"18964","3344","3/15/2014 12:00:00 AM"
"18965","18021","6/19/2013 12:00:00 AM"
"18966","2437","12/11/2013 12:00:00 AM"
"18967","2293","12/7/2013 12:00:00 AM"
"18968","11229","3/1/2012 12:00:00 AM"
"18969","41","3/22/2014 12:00:00 AM"
"18970","11539","8/31/2013 12:00:00 AM"
"18971","7683","1/29/2013 12:00:00 AM"
"18972","1101","10/1/2013 12:00:00 AM"
"18973","809","9/10/2012 12:00:00 AM"
"18974","15025","4/25/2012 12:00:00 AM"
"18975","5610","8/25/2012 12:00:00 AM"
"18976","12960","4/11/2012 12:00:00 AM"
"18977","11487","1/27/2014 12:00:00 AM"
"18978","11973","8/25/2013 12:00:00 AM"
"18979","13590","1/21/2014 12:00:00 AM"
"18980","14847","4/5/2012 12:00:00 AM"
"18981","9214","3/23/2014 12:00:00 AM"
"18982","11827","1/31/2012 12:00:00 AM"
"18983","14997","2/21/2014 12:00:00 AM"
"18984","397","8/8/2013 12:00:00 AM"
"18985","636","12/16/2013 12:00:00 AM"
"18986","1683","3/29/2012 12:00:00 AM"
"18987","16115","10/13/2013 12:00:00 AM"
"18988","14429","2/11/2014 12:00:00 AM"
"18989","13603","12/12/2011 12:00:00 AM"
"18990","17914","3/23/2014 12:00:00 AM"
"18991","9639","12/2/2013 12:00:00 AM"
"18992","6249","11/8/2013 12:00:00 AM"
"18993","9976","5/22/2014 12:00:00 AM"
"18994","12929","11/21/2013 12:00:00 AM"
"18995","11252","1/27/2014 12:00:00 AM"
"18996","7438","9/18/2013 12:00:00 AM"
"18997","6928","11/29/2013 12:00:00 AM"
"18998","3538","12/8/2013 12:00:00 AM"
"18999","9156","3/7/2014 12:00:00 AM"
"19000","11292","12/5/2012 12:00:00 AM"
"19001","13664","11/24/2013 12:00:00 AM"
"19002","6631","1/30/2014 12:00:00 AM"
"19003","2635","9/10/2013 12:00:00 AM"
"19004","3866","4/9/2014 12:00:00 AM"
"19005","12001","2/4/2014 12:00:00 AM"
"19006","9833","1/14/2012 12:00:00 AM"
"19007","18815","4/11/2014 12:00:00 AM"
"19008","14396","2/8/2014 12:00:00 AM"
"19009","5221","1/24/2014 12:00:00 AM"
"19010","3848","2/25/2014 12:00:00 AM"
"19011","6549","6/30/2013 12:00:00 AM"
"19012","6463","12/13/2013 12:00:00 AM"
"19013","855","1/19/2014 12:00:00 AM"
"19014","4175","7/10/2013 12:00:00 AM"
"19015","5583","10/30/2013 12:00:00 AM"
"19016","17332","8/6/2013 12:00:00 AM"
"19017","12207","2/15/2014 12:00:00 AM"
"19018","4815","12/4/2013 12:00:00 AM"
"19019","8667","6/30/2013 12:00:00 AM"
"19020","17248","6/30/2013 12:00:00 AM"
"19021","10334","3/4/2014 12:00:00 AM"
"19022","6794","7/2/2013 12:00:00 AM"
"19023","14339","9/23/2013 12:00:00 AM"
"19024","1815","7/28/2013 12:00:00 AM"
"19025","17787","4/9/2014 12:00:00 AM"
"19026","14062","11/13/2013 12:00:00 AM"
"19027","1608","12/14/2011 12:00:00 AM"
"19028","4951","9/5/2012 12:00:00 AM"
"19029","3921","11/2/2012 12:00:00 AM"
"19030","5454","5/1/2013 12:00:00 AM"
"19031","12912","9/17/2012 12:00:00 AM"
"19032","16429","10/15/2012 12:00:00 AM"
"19033","2684","3/1/2013 12:00:00 AM"
"19034","17282","11/21/2012 12:00:00 AM"
"19035","12357","4/30/2014 12:00:00 AM"
"19036","7853","3/4/2013 12:00:00 AM"
"19037","2040","6/17/2012 12:00:00 AM"
"19038","14706","12/13/2013 12:00:00 AM"
"19039","5478","5/12/2014 12:00:00 AM"
"19040","8268","7/12/2012 12:00:00 AM"
"19041","3234","9/5/2011 12:00:00 AM"
"19042","12594","7/8/2013 12:00:00 AM"
"19043","5254","5/3/2014 12:00:00 AM"
"19044","15651","11/28/2013 12:00:00 AM"
"19045","17358","3/10/2014 12:00:00 AM"
"19046","4997","12/25/2013 12:00:00 AM"
"19047","11629","10/21/2013 12:00:00 AM"
"19048","15565","8/19/2013 12:00:00 AM"
"19049","14331","7/20/2013 12:00:00 AM"
"19050","12452","9/27/2011 12:00:00 AM"
"19051","12722","5/1/2012 12:00:00 AM"
"19052","39","9/13/2013 12:00:00 AM"
"19053","2975","1/27/2012 12:00:00 AM"
"19054","11006","5/28/2014 12:00:00 AM"
"19055","3851","4/13/2013 12:00:00 AM"
"19056","14435","4/14/2014 12:00:00 AM"
"19057","596","10/26/2013 12:00:00 AM"
"19058","5858","6/30/2011 12:00:00 AM"
"19059","10642","9/8/2011 12:00:00 AM"
"19060","2228","9/21/2012 12:00:00 AM"
"19061","16017","3/28/2014 12:00:00 AM"
"19062","9254","5/31/2014 12:00:00 AM"
"19063","9085","5/21/2014 12:00:00 AM"
"19064","5842","7/30/2013 12:00:00 AM"
"19065","18190","7/9/2013 12:00:00 AM"
"19066","1442","6/10/2012 12:00:00 AM"
"19067","13319","7/15/2013 12:00:00 AM"
"19068","10428","5/26/2013 12:00:00 AM"
"19069","751","4/8/2014 12:00:00 AM"
"19070","10907","7/19/2013 12:00:00 AM"
"19071","6055","10/7/2013 12:00:00 AM"
"19072","5891","12/12/2013 12:00:00 AM"
"19073","9636","9/25/2013 12:00:00 AM"
"19074","15354","1/10/2012 12:00:00 AM"
"19075","8580","6/23/2013 12:00:00 AM"
"19076","4922","9/8/2013 12:00:00 AM"
"19077","2846","5/20/2014 12:00:00 AM"
"19078","7718","11/7/2013 12:00:00 AM"
"19079","11065","9/22/2013 12:00:00 AM"
"19080","10345","5/1/2014 12:00:00 AM"
"19081","9500","9/13/2013 12:00:00 AM"
"19082","18302","7/24/2013 12:00:00 AM"
"19083","14971","11/13/2012 12:00:00 AM"
"19084","13753","3/28/2014 12:00:00 AM"
"19085","13133","5/23/2014 12:00:00 AM"
"19086","2067","9/27/2013 12:00:00 AM"
"19087","7188","10/15/2013 12:00:00 AM"
"19088","17768","8/8/2013 12:00:00 AM"
"19089","12551","5/18/2013 12:00:00 AM"
"19090","15132","4/8/2014 12:00:00 AM"
"19091","94","3/6/2014 12:00:00 AM"
"19092","11182","1/13/2013 12:00:00 AM"
"19093","3518","2/17/2014 12:00:00 AM"
"19094","14622","9/11/2011 12:00:00 AM"
"19095","621","11/2/2011 12:00:00 AM"
"19096","9554","1/29/2013 12:00:00 AM"
"19097","8534","1/17/2014 12:00:00 AM"
"19098","992","2/8/2014 12:00:00 AM"
"19099","327","5/7/2012 12:00:00 AM"
"19100","4954","10/25/2013 12:00:00 AM"
"19101","740","1/1/2013 12:00:00 AM"
"19102","5613","2/24/2014 12:00:00 AM"
"19103","10255","4/15/2013 12:00:00 AM"
"19104","19108","7/18/2011 12:00:00 AM"
"19105","8259","7/31/2013 12:00:00 AM"
"19106","5452","4/21/2014 12:00:00 AM"
"19107","7879","4/12/2014 12:00:00 AM"
"19108","16503","7/6/2013 12:00:00 AM"
"19109","13010","5/17/2014 12:00:00 AM"
"19110","8697","6/11/2012 12:00:00 AM"
"19111","11367","12/21/2011 12:00:00 AM"
"19112","1697","12/26/2011 12:00:00 AM"
"19113","18074","12/28/2013 12:00:00 AM"
"19114","9552","6/2/2014 12:00:00 AM"
"19115","17124","2/2/2014 12:00:00 AM"
"19116","4021","1/31/2014 12:00:00 AM"
"19117","4497","11/22/2013 12:00:00 AM"
"19118","8654","12/23/2013 12:00:00 AM"
"19119","8826","9/3/2013 12:00:00 AM"
"19120","1162","11/5/2012 12:00:00 AM"
"19121","9443","9/30/2013 12:00:00 AM"
"19122","7985","6/4/2011 12:00:00 AM"
"19123","5138","6/12/2011 12:00:00 AM"
"19124","8804","7/5/2012 12:00:00 AM"
"19125","9350","9/2/2013 12:00:00 AM"
"19126","8507","7/24/2011 12:00:00 AM"
"19127","10693","7/21/2013 12:00:00 AM"
"19128","5939","10/28/2012 12:00:00 AM"
"19129","13935","4/2/2014 12:00:00 AM"
"19130","7132","8/25/2013 12:00:00 AM"
"19131","12677","5/14/2014 12:00:00 AM"
"19132","10724","5/15/2014 12:00:00 AM"
"19133","18327","1/21/2013 12:00:00 AM"
"19134","11958","2/13/2012 12:00:00 AM"
"19135","3885","10/30/2013 12:00:00 AM"
"19136","13942","10/6/2013 12:00:00 AM"
"19137","8237","11/1/2013 12:00:00 AM"
"19138","1312","7/5/2012 12:00:00 AM"
"19139","9000","11/2/2013 12:00:00 AM"
"19140","1567","9/14/2013 12:00:00 AM"
"19141","4633","8/6/2013 12:00:00 AM"
"19142","1128","6/6/2013 12:00:00 AM"
"19143","3641","3/10/2014 12:00:00 AM"
"19144","2823","1/11/2014 12:00:00 AM"
"19145","10378","12/11/2013 12:00:00 AM"
"19146","15844","11/5/2013 12:00:00 AM"
"19147","15722","6/29/2012 12:00:00 AM"
"19148","794","8/11/2013 12:00:00 AM"
"19149","4489","9/10/2013 12:00:00 AM"
"19150","7432","3/17/2012 12:00:00 AM"
"19151","6765","6/3/2012 12:00:00 AM"
"19152","12512","5/7/2013 12:00:00 AM"
"19153","3751","1/21/2013 12:00:00 AM"
"19154","12865","1/18/2012 12:00:00 AM"
"19155","7370","7/3/2013 12:00:00 AM"
"19156","19033","10/16/2013 12:00:00 AM"
"19157","16031","2/4/2012 12:00:00 AM"
"19158","17512","10/11/2013 12:00:00 AM"
"19159","7956","8/31/2013 12:00:00 AM"
"19160","5805","4/11/2014 12:00:00 AM"
"19161","8278","8/3/2013 12:00:00 AM"
"19162","16145","11/8/2012 12:00:00 AM"
"19163","7289","8/25/2013 12:00:00 AM"
"19164","10046","8/13/2013 12:00:00 AM"
"19165","18604","3/14/2014 12:00:00 AM"
"19166","163","1/29/2014 12:00:00 AM"
"19167","7822","12/27/2013 12:00:00 AM"
"19168","12966","6/30/2012 12:00:00 AM"
"19169","11682","11/23/2012 12:00:00 AM"
"19170","17722","10/29/2011 12:00:00 AM"
"19171","8112","1/14/2014 12:00:00 AM"
"19172","6136","5/13/2014 12:00:00 AM"
"19173","6637","4/25/2014 12:00:00 AM"
"19174","15370","3/19/2014 12:00:00 AM"
"19175","9968","6/6/2014 12:00:00 AM"
"19176","18586","7/4/2011 12:00:00 AM"
"19177","8238","12/24/2013 12:00:00 AM"
"19178","9725","10/30/2013 12:00:00 AM"
"19179","2943","7/21/2013 12:00:00 AM"
"19180","16055","4/28/2013 12:00:00 AM"
"19181","5397","3/8/2013 12:00:00 AM"
"19182","8707","12/7/2011 12:00:00 AM"
"19183","2688","1/7/2013 12:00:00 AM"
"19184","10536","5/30/2012 12:00:00 AM"
"19185","13537","9/17/2013 12:00:00 AM"
"19186","17547","2/20/2014 12:00:00 AM"
"19187","13520","5/28/2012 12:00:00 AM"
"19188","1373","9/4/2013 12:00:00 AM"
"19189","4663","1/6/2014 12:00:00 AM"
"19190","15296","1/13/2014 12:00:00 AM"
"19191","9323","4/19/2014 12:00:00 AM"
"19192","9780","5/16/2014 12:00:00 AM"
"19193","12908","8/7/2013 12:00:00 AM"
"19194","3094","11/23/2011 12:00:00 AM"
"19195","466","9/5/2012 12:00:00 AM"
"19196","10493","6/5/2013 12:00:00 AM"
"19197","17363","2/6/2014 12:00:00 AM"
"19198","10658","11/16/2013 12:00:00 AM"
"19199","177","9/9/2012 12:00:00 AM"
"19200","5204","12/6/2013 12:00:00 AM"
"19201","12353","10/14/2011 12:00:00 AM"
"19202","15125","5/27/2014 12:00:00 AM"
"19203","4811","7/21/2013 12:00:00 AM"
"19204","14463","1/19/2014 12:00:00 AM"
"19205","17847","9/29/2013 12:00:00 AM"
"19206","13332","4/13/2014 12:00:00 AM"
"19207","12419","8/31/2013 12:00:00 AM"
"19208","7105","4/24/2014 12:00:00 AM"
"19209","18806","8/23/2012 12:00:00 AM"
"19210","9955","7/19/2013 12:00:00 AM"
"19211","17570","10/29/2013 12:00:00 AM"
"19212","5900","4/6/2014 12:00:00 AM"
"19213","17515","3/3/2012 12:00:00 AM"
"19214","14586","10/22/2012 12:00:00 AM"
"19215","16951","12/21/2013 12:00:00 AM"
"19216","2816","3/2/2014 12:00:00 AM"
"19217","15908","8/21/2012 12:00:00 AM"
"19218","9213","7/31/2013 12:00:00 AM"
"19219","18624","6/7/2014 12:00:00 AM"
"19220","5379","6/19/2012 12:00:00 AM"
"19221","9028","11/8/2013 12:00:00 AM"
"19222","8366","6/7/2013 12:00:00 AM"
"19223","9246","4/17/2014 12:00:00 AM"
"19224","883","8/27/2013 12:00:00 AM"
"19225","5551","10/1/2013 12:00:00 AM"
"19226","14589","1/14/2014 12:00:00 AM"
"19227","13827","10/16/2011 12:00:00 AM"
"19228","6011","8/8/2013 12:00:00 AM"
"19229","15620","4/14/2014 12:00:00 AM"
"19230","2495","7/30/2013 12:00:00 AM"
"19231","544","10/27/2012 12:00:00 AM"
"19232","11948","3/19/2014 12:00:00 AM"
"19233","16575","12/31/2011 12:00:00 AM"
"19234","5556","1/19/2014 12:00:00 AM"
"19235","15452","10/9/2011 12:00:00 AM"
"19236","18470","1/22/2014 12:00:00 AM"
"19237","7236","8/7/2011 12:00:00 AM"
"19238","6894","1/26/2014 12:00:00 AM"
"19239","670","5/14/2014 12:00:00 AM"
"19240","18420","8/8/2013 12:00:00 AM"
"19241","15420","2/16/2014 12:00:00 AM"
"19242","5954","8/6/2013 12:00:00 AM"
"19243","8385","12/4/2013 12:00:00 AM"
"19244","4908","8/21/2013 12:00:00 AM"
"19245","3772","7/17/2013 12:00:00 AM"
"19246","9084","9/30/2013 12:00:00 AM"
"19247","3512","2/3/2014 12:00:00 AM"
"19248","10688","4/29/2013 12:00:00 AM"
"19249","9697","4/28/2013 12:00:00 AM"
"19250","8659","3/22/2014 12:00:00 AM"
"19251","850","4/24/2014 12:00:00 AM"
"19252","11099","10/9/2013 12:00:00 AM"
"19253","16801","2/15/2012 12:00:00 AM"
"19254","14784","2/22/2013 12:00:00 AM"
"19255","4231","10/21/2013 12:00:00 AM"
"19256","7006","11/12/2011 12:00:00 AM"
"19257","7448","10/19/2013 12:00:00 AM"
"19258","1268","8/14/2011 12:00:00 AM"
"19259","18411","2/8/2014 12:00:00 AM"
"19260","5415","7/22/2013 12:00:00 AM"
"19261","1777","2/8/2014 12:00:00 AM"
"19262","7621","8/17/2013 12:00:00 AM"
"19263","9107","7/21/2013 12:00:00 AM"
"19264","138","9/28/2013 12:00:00 AM"
"19265","135","3/4/2014 12:00:00 AM"
"19266","198","1/23/2014 12:00:00 AM"
"19267","4441","2/8/2014 12:00:00 AM"
"19268","1002","12/14/2013 12:00:00 AM"
"19269","9227","7/26/2011 12:00:00 AM"
"19270","18809","8/6/2013 12:00:00 AM"
"19271","10315","10/23/2011 12:00:00 AM"
"19272","277","8/26/2013 12:00:00 AM"
"19273","5393","12/4/2012 12:00:00 AM"
"19274","13625","3/3/2012 12:00:00 AM"
"19275","4518","5/27/2014 12:00:00 AM"
"19276","12142","10/18/2013 12:00:00 AM"
"19277","393","3/5/2014 12:00:00 AM"
"19278","18479","1/22/2014 12:00:00 AM"
"19279","4165","10/24/2011 12:00:00 AM"
"19280","5847","11/8/2013 12:00:00 AM"
"19281","1047","2/20/2014 12:00:00 AM"
"19282","9485","7/31/2012 12:00:00 AM"
"19283","8925","4/12/2014 12:00:00 AM"
"19284","8194","8/13/2013 12:00:00 AM"
"19285","16218","9/30/2013 12:00:00 AM"
"19286","15789","7/24/2013 12:00:00 AM"
"19287","4816","11/24/2013 12:00:00 AM"
"19288","13171","5/31/2014 12:00:00 AM"
"19289","2814","7/22/2013 12:00:00 AM"
"19290","18588","8/5/2013 12:00:00 AM"
"19291","1514","1/19/2014 12:00:00 AM"
"19292","17424","12/19/2013 12:00:00 AM"
"19293","9514","12/20/2013 12:00:00 AM"
"19294","2742","9/28/2011 12:00:00 AM"
"19295","16272","4/11/2014 12:00:00 AM"
"19296","9200","3/14/2014 12:00:00 AM"
"19297","15401","11/6/2011 12:00:00 AM"
"19298","4252","6/19/2012 12:00:00 AM"
"19299","12415","11/29/2013 12:00:00 AM"
"19300","13876","3/29/2014 12:00:00 AM"
"19301","7284","9/27/2013 12:00:00 AM"
"19302","14660","11/10/2012 12:00:00 AM"
"19303","18901","8/1/2013 12:00:00 AM"
"19304","13846","9/28/2013 12:00:00 AM"
"19305","19063","1/4/2012 12:00:00 AM"
"19306","876","6/6/2012 12:00:00 AM"
"19307","17510","1/31/2014 12:00:00 AM"
"19308","136","2/5/2013 12:00:00 AM"
"19309","19199","11/5/2013 12:00:00 AM"
"19310","564","11/22/2013 12:00:00 AM"
"19311","1378","12/10/2013 12:00:00 AM"
"19312","4182","5/18/2014 12:00:00 AM"
"19313","6274","9/22/2012 12:00:00 AM"
"19314","1435","7/16/2013 12:00:00 AM"
"19315","17927","9/10/2012 12:00:00 AM"
"19316","13550","3/16/2014 12:00:00 AM"
"19317","16749","4/14/2014 12:00:00 AM"
"19318","13742","3/29/2013 12:00:00 AM"
"19319","117","11/30/2013 12:00:00 AM"
"19320","3099","7/30/2013 12:00:00 AM"
"19321","5739","3/15/2012 12:00:00 AM"
"19322","15228","8/7/2013 12:00:00 AM"
"19323","7633","9/26/2011 12:00:00 AM"
"19324","15633","10/16/2013 12:00:00 AM"
"19325","16930","6/18/2014 12:00:00 AM"
"19326","2795","2/28/2013 12:00:00 AM"
"19327","2664","4/18/2013 12:00:00 AM"
"19328","18137","6/10/2011 12:00:00 AM"
"19329","11877","8/19/2012 12:00:00 AM"
"19330","16484","2/27/2012 12:00:00 AM"
"19331","360","3/21/2014 12:00:00 AM"
"19332","17322","7/4/2013 12:00:00 AM"
"19333","10545","1/1/2014 12:00:00 AM"
"19334","1262","11/24/2012 12:00:00 AM"
"19335","2259","2/10/2014 12:00:00 AM"
"19336","12205","4/11/2013 12:00:00 AM"
"19337","13700","2/8/2014 12:00:00 AM"
"19338","3745","7/27/2013 12:00:00 AM"
"19339","18833","7/11/2011 12:00:00 AM"
"19340","8131","12/15/2013 12:00:00 AM"
"19341","15510","5/17/2013 12:00:00 AM"
"19342","9649","2/11/2014 12:00:00 AM"
"19343","8358","2/17/2013 12:00:00 AM"
"19344","7810","3/2/2014 12:00:00 AM"
"19345","16711","11/18/2013 12:00:00 AM"
"19346","14436","10/26/2013 12:00:00 AM"
"19347","2671","3/24/2014 12:00:00 AM"
"19348","8152","1/3/2013 12:00:00 AM"
"19349","13579","7/18/2013 12:00:00 AM"
"19350","8311","2/13/2014 12:00:00 AM"
"19351","7351","9/9/2012 12:00:00 AM"
"19352","458","2/9/2014 12:00:00 AM"
"19353","8215","10/11/2013 12:00:00 AM"
"19354","9982","8/6/2013 12:00:00 AM"
"19355","551","4/30/2014 12:00:00 AM"
"19356","17932","8/19/2013 12:00:00 AM"
"19357","17370","11/10/2012 12:00:00 AM"
"19358","11856","3/1/2014 12:00:00 AM"
"19359","14440","6/23/2014 12:00:00 AM"
"19360","16942","4/7/2013 12:00:00 AM"
"19361","2812","1/15/2014 12:00:00 AM"
"19362","3134","10/26/2012 12:00:00 AM"
"19363","4027","4/15/2014 12:00:00 AM"
"19364","4225","3/20/2014 12:00:00 AM"
"19365","3428","10/22/2013 12:00:00 AM"
"19366","14145","3/28/2012 12:00:00 AM"
"19367","8914","5/20/2014 12:00:00 AM"
"19368","13217","12/12/2013 12:00:00 AM"
"19369","8164","3/12/2014 12:00:00 AM"
"19370","5461","5/4/2014 12:00:00 AM"
"19371","6316","2/24/2013 12:00:00 AM"
"19372","5496","12/17/2013 12:00:00 AM"
"19373","9950","9/28/2013 12:00:00 AM"
"19374","16119","4/22/2014 12:00:00 AM"
"19375","7206","12/3/2013 12:00:00 AM"
"19376","8052","2/4/2012 12:00:00 AM"
"19377","11131","2/19/2014 12:00:00 AM"
"19378","15561","6/4/2014 12:00:00 AM"
"19379","5004","9/29/2011 12:00:00 AM"
"19380","15494","3/3/2012 12:00:00 AM"
"19381","18064","2/1/2014 12:00:00 AM"
"19382","3209","4/26/2014 12:00:00 AM"
"19383","5912","10/8/2013 12:00:00 AM"
"19384","9252","6/15/2013 12:00:00 AM"
"19385","16992","7/2/2011 12:00:00 AM"
"19386","11771","6/17/2014 12:00:00 AM"
"19387","8619","10/3/2013 12:00:00 AM"
"19388","3052","5/20/2012 12:00:00 AM"
"19389","7809","3/24/2014 12:00:00 AM"
"19390","14471","11/19/2013 12:00:00 AM"
"19391","11333","2/14/2014 12:00:00 AM"
"19392","13367","2/13/2014 12:00:00 AM"
"19393","4734","12/9/2011 12:00:00 AM"
"19394","6885","1/5/2014 12:00:00 AM"
"19395","15374","10/11/2013 12:00:00 AM"
"19396","12992","12/25/2012 12:00:00 AM"
"19397","8001","4/14/2014 12:00:00 AM"
"19398","8396","1/20/2013 12:00:00 AM"
"19399","12078","6/18/2012 12:00:00 AM"
"19400","17997","7/19/2013 12:00:00 AM"
"19401","18759","3/3/2014 12:00:00 AM"
"19402","13672","7/19/2013 12:00:00 AM"
"19403","10472","1/5/2014 12:00:00 AM"
"19404","13025","5/1/2012 12:00:00 AM"
"19405","18487","1/17/2013 12:00:00 AM"
"19406","1804","11/20/2013 12:00:00 AM"
"19407","14163","1/2/2012 12:00:00 AM"
"19408","4517","1/23/2013 12:00:00 AM"
"19409","3529","2/8/2012 12:00:00 AM"
"19410","13221","9/19/2011 12:00:00 AM"
"19411","1682","2/13/2014 12:00:00 AM"
"19412","18723","10/21/2012 12:00:00 AM"
"19413","3542","2/18/2014 12:00:00 AM"
"19414","9822","10/3/2013 12:00:00 AM"
"19415","11371","10/26/2013 12:00:00 AM"
"19416","13842","11/12/2012 12:00:00 AM"
"19417","12253","5/5/2014 12:00:00 AM"
"19418","17806","10/26/2013 12:00:00 AM"
"19419","8569","1/1/2014 12:00:00 AM"
"19420","15596","3/25/2014 12:00:00 AM"
"19421","13830","2/15/2014 12:00:00 AM"
"19422","13046","1/18/2014 12:00:00 AM"
"19423","11364","1/4/2014 12:00:00 AM"
"19424","14693","8/23/2013 12:00:00 AM"
"19425","9328","1/13/2014 12:00:00 AM"
"19426","2850","3/13/2014 12:00:00 AM"
"19427","18536","7/15/2013 12:00:00 AM"
"19428","12296","12/30/2013 12:00:00 AM"
"19429","3406","8/30/2013 12:00:00 AM"
"19430","16568","12/29/2013 12:00:00 AM"
"19431","830","2/26/2014 12:00:00 AM"
"19432","2051","4/10/2013 12:00:00 AM"
"19433","10132","4/21/2014 12:00:00 AM"
"19434","7122","7/24/2012 12:00:00 AM"
"19435","16082","6/15/2014 12:00:00 AM"
"19436","779","11/16/2013 12:00:00 AM"
"19437","11462","4/10/2013 12:00:00 AM"
"19438","16434","9/28/2012 12:00:00 AM"
"19439","18667","8/5/2013 12:00:00 AM"
"19440","10986","4/15/2014 12:00:00 AM"
"19441","5802","3/18/2014 12:00:00 AM"
"19442","4433","11/7/2013 12:00:00 AM"
"19443","12382","2/25/2012 12:00:00 AM"
"19444","18920","7/18/2013 12:00:00 AM"
"19445","6405","5/27/2014 12:00:00 AM"
"19446","8884","6/9/2012 12:00:00 AM"
"19447","237","3/31/2014 12:00:00 AM"
"19448","8939","1/5/2014 12:00:00 AM"
"19449","3007","3/30/2014 12:00:00 AM"
"19450","8529","12/6/2013 12:00:00 AM"
"19451","4073","10/4/2013 12:00:00 AM"
"19452","14019","10/9/2013 12:00:00 AM"
"19453","10229","2/27/2014 12:00:00 AM"
"19454","9886","5/29/2014 12:00:00 AM"
"19455","7266","2/22/2014 12:00:00 AM"
"19456","8171","10/14/2013 12:00:00 AM"
"19457","18126","9/3/2013 12:00:00 AM"
"19458","869","4/3/2013 12:00:00 AM"
"19459","4929","6/4/2014 12:00:00 AM"
"19460","9321","11/8/2013 12:00:00 AM"
"19461","4491","3/29/2012 12:00:00 AM"
"19462","8599","5/3/2012 12:00:00 AM"
"19463","6944","5/21/2013 12:00:00 AM"
"19464","7096","11/13/2013 12:00:00 AM"
"19465","10766","10/12/2013 12:00:00 AM"
"19466","8464","12/8/2011 12:00:00 AM"
"19467","3875","10/28/2013 12:00:00 AM"
"19468","2121","10/10/2012 12:00:00 AM"
"19469","2313","3/8/2013 12:00:00 AM"
"19470","14961","5/28/2014 12:00:00 AM"
"19471","11906","1/7/2012 12:00:00 AM"
"19472","10903","10/9/2013 12:00:00 AM"
"19473","17307","2/25/2013 12:00:00 AM"
"19474","18393","2/1/2012 12:00:00 AM"
"19475","3214","6/23/2014 12:00:00 AM"
"19476","11689","4/1/2014 12:00:00 AM"
"19477","7668","1/10/2012 12:00:00 AM"
"19478","11005","11/13/2013 12:00:00 AM"
"19479","3561","3/25/2014 12:00:00 AM"
"19480","9359","3/27/2012 12:00:00 AM"
"19481","18204","9/18/2013 12:00:00 AM"
"19482","15004","8/23/2013 12:00:00 AM"
"19483","5615","11/11/2013 12:00:00 AM"
"19484","15113","10/1/2013 12:00:00 AM"
"19485","4718","1/31/2012 12:00:00 AM"
"19486","15725","5/3/2012 12:00:00 AM"
"19487","4879","11/29/2013 12:00:00 AM"
"19488","17694","1/24/2014 12:00:00 AM"
"19489","14680","9/7/2013 12:00:00 AM"
"19490","19052","9/29/2013 12:00:00 AM"
"19491","15813","2/1/2014 12:00:00 AM"
"19492","13235","10/26/2012 12:00:00 AM"
"19493","16047","5/26/2014 12:00:00 AM"
"19494","352","9/23/2012 12:00:00 AM"
"19495","6737","12/27/2011 12:00:00 AM"
"19496","10232","1/7/2013 12:00:00 AM"
"19497","5769","9/14/2011 12:00:00 AM"
"19498","11295","1/6/2014 12:00:00 AM"
"19499","298","10/20/2013 12:00:00 AM"
"19500","8703","11/26/2011 12:00:00 AM"
"19501","10246","9/25/2013 12:00:00 AM"
"19502","426","8/13/2013 12:00:00 AM"
"19503","4094","10/28/2012 12:00:00 AM"
"19504","10952","2/14/2012 12:00:00 AM"
"19505","11114","4/28/2014 12:00:00 AM"
"19506","8526","4/9/2014 12:00:00 AM"
"19507","14605","7/26/2013 12:00:00 AM"
"19508","7675","12/1/2013 12:00:00 AM"
"19509","16128","4/29/2014 12:00:00 AM"
"19510","18662","2/27/2014 12:00:00 AM"
"19511","7575","11/28/2012 12:00:00 AM"
"19512","11357","5/11/2014 12:00:00 AM"
"19513","12049","1/18/2014 12:00:00 AM"
"19514","3618","11/29/2011 12:00:00 AM"
"19515","7493","10/11/2013 12:00:00 AM"
"19516","9935","5/6/2014 12:00:00 AM"
"19517","15864","3/14/2014 12:00:00 AM"
"19518","8817","1/10/2012 12:00:00 AM"
"19519","13512","5/26/2014 12:00:00 AM"
"19520","14281","2/3/2014 12:00:00 AM"
"19521","8382","8/31/2013 12:00:00 AM"
"19522","10376","11/18/2013 12:00:00 AM"
"19523","17829","1/9/2014 12:00:00 AM"
"19524","15118","9/11/2013 12:00:00 AM"
"19525","8657","1/4/2013 12:00:00 AM"
"19526","8923","11/13/2013 12:00:00 AM"
"19527","5867","3/14/2014 12:00:00 AM"
"19528","6635","4/17/2013 12:00:00 AM"
"19529","16161","5/15/2014 12:00:00 AM"
"19530","18307","10/26/2011 12:00:00 AM"
"19531","8946","1/8/2013 12:00:00 AM"
"19532","8634","10/20/2013 12:00:00 AM"
"19533","19195","12/28/2013 12:00:00 AM"
"19534","18138","8/30/2013 12:00:00 AM"
"19535","5787","1/18/2014 12:00:00 AM"
"19536","7758","8/8/2013 12:00:00 AM"
"19537","8578","5/22/2013 12:00:00 AM"
"19538","17693","5/25/2012 12:00:00 AM"
"19539","11067","3/22/2014 12:00:00 AM"
"19540","6031","5/18/2013 12:00:00 AM"
"19541","6510","10/31/2013 12:00:00 AM"
"19542","11200","7/7/2013 12:00:00 AM"
"19543","14699","3/19/2014 12:00:00 AM"
"19544","16117","11/11/2013 12:00:00 AM"
"19545","1794","10/24/2013 12:00:00 AM"
"19546","11289","4/2/2014 12:00:00 AM"
"19547","2802","2/3/2014 12:00:00 AM"
"19548","1118","12/6/2013 12:00:00 AM"
"19549","5351","3/1/2014 12:00:00 AM"
"19550","19172","7/16/2013 12:00:00 AM"
"19551","1399","4/9/2014 12:00:00 AM"
"19552","2403","12/14/2011 12:00:00 AM"
"19553","576","10/22/2013 12:00:00 AM"
"19554","5444","12/9/2013 12:00:00 AM"
"19555","9030","5/22/2014 12:00:00 AM"
"19556","14374","3/12/2014 12:00:00 AM"
"19557","6257","9/15/2013 12:00:00 AM"
"19558","12312","11/4/2011 12:00:00 AM"
"19559","2329","11/29/2013 12:00:00 AM"
"19560","8536","1/5/2014 12:00:00 AM"
"19561","5022","12/3/2013 12:00:00 AM"
"19562","17193","6/15/2014 12:00:00 AM"
"19563","16187","1/1/2013 12:00:00 AM"
"19564","12508","11/12/2013 12:00:00 AM"
"19565","9447","12/15/2013 12:00:00 AM"
"19566","5016","11/12/2013 12:00:00 AM"
"19567","7422","4/5/2012 12:00:00 AM"
"19568","15710","4/26/2014 12:00:00 AM"
"19569","3953","1/8/2014 12:00:00 AM"
"19570","2702","7/22/2013 12:00:00 AM"
"19571","9787","7/25/2013 12:00:00 AM"
"19572","16089","7/9/2013 12:00:00 AM"
"19573","8641","7/4/2013 12:00:00 AM"
"19574","12148","7/9/2013 12:00:00 AM"
"19575","3000","12/3/2013 12:00:00 AM"
"19576","3786","4/6/2014 12:00:00 AM"
"19577","2992","2/2/2014 12:00:00 AM"
"19578","11414","3/22/2014 12:00:00 AM"
"19579","12240","2/24/2014 12:00:00 AM"
"19580","14545","9/13/2011 12:00:00 AM"
"19581","15959","4/25/2012 12:00:00 AM"
"19582","13498","2/17/2014 12:00:00 AM"
"19583","9698","9/16/2013 12:00:00 AM"
"19584","6008","9/10/2013 12:00:00 AM"
"19585","7648","8/31/2013 12:00:00 AM"
"19586","13894","10/29/2013 12:00:00 AM"
"19587","7583","11/21/2013 12:00:00 AM"
"19588","5263","4/18/2014 12:00:00 AM"
"19589","10128","2/4/2014 12:00:00 AM"
"19590","14511","5/11/2012 12:00:00 AM"
"19591","6070","12/1/2013 12:00:00 AM"
"19592","17824","12/9/2013 12:00:00 AM"
"19593","17311","5/3/2014 12:00:00 AM"
"19594","376","5/7/2013 12:00:00 AM"
"19595","1042","7/12/2012 12:00:00 AM"
"19596","11952","12/30/2013 12:00:00 AM"
"19597","11787","11/12/2013 12:00:00 AM"
"19598","17188","2/2/2013 12:00:00 AM"
"19599","5894","11/6/2013 12:00:00 AM"
"19600","8114","1/31/2012 12:00:00 AM"
"19601","17594","6/30/2013 12:00:00 AM"
"19602","2071","10/10/2013 12:00:00 AM"
"19603","10207","7/14/2013 12:00:00 AM"
"19604","15218","9/27/2013 12:00:00 AM"
"19605","17891","1/17/2014 12:00:00 AM"
"19606","10001","8/27/2013 12:00:00 AM"
"19607","9736","8/9/2013 12:00:00 AM"
"19608","2278","8/30/2013 12:00:00 AM"
"19609","5014","10/20/2013 12:00:00 AM"
"19610","18483","11/6/2012 12:00:00 AM"
"19611","12517","12/21/2013 12:00:00 AM"
"19612","7133","11/20/2011 12:00:00 AM"
"19613","17033","8/12/2013 12:00:00 AM"
"19614","11600","10/26/2012 12:00:00 AM"
"19615","15458","1/7/2014 12:00:00 AM"
"19616","16263","4/6/2014 12:00:00 AM"
"19617","9525","10/5/2012 12:00:00 AM"
"19618","14636","7/27/2013 12:00:00 AM"
"19619","609","11/3/2013 12:00:00 AM"
"19620","18266","3/29/2014 12:00:00 AM"
"19621","15367","3/28/2014 12:00:00 AM"
"19622","3112","8/29/2013 12:00:00 AM"
"19623","15907","1/4/2014 12:00:00 AM"
"19624","15275","4/17/2013 12:00:00 AM"
"19625","430","5/16/2012 12:00:00 AM"
"19626","7147","5/3/2014 12:00:00 AM"
"19627","9575","12/13/2013 12:00:00 AM"
"19628","6464","5/29/2013 12:00:00 AM"
"19629","6396","10/30/2013 12:00:00 AM"
"19630","18038","1/26/2014 12:00:00 AM"
"19631","7218","8/17/2013 12:00:00 AM"
"19632","15512","1/21/2014 12:00:00 AM"
"19633","10816","1/8/2014 12:00:00 AM"
"19634","10860","12/1/2013 12:00:00 AM"
"19635","538","6/26/2014 12:00:00 AM"
"19636","8658","7/5/2012 12:00:00 AM"
"19637","9168","1/1/2013 12:00:00 AM"
"19638","3276","12/31/2013 12:00:00 AM"
"19639","10586","4/24/2014 12:00:00 AM"
"19640","3966","5/5/2014 12:00:00 AM"
"19641","15450","11/30/2013 12:00:00 AM"
"19642","12694","11/2/2013 12:00:00 AM"
"19643","13372","12/31/2013 12:00:00 AM"
"19644","1719","7/24/2013 12:00:00 AM"
"19645","17197","5/30/2014 12:00:00 AM"
"19646","19049","12/2/2011 12:00:00 AM"
"19647","2704","5/17/2014 12:00:00 AM"
"19648","12235","7/7/2013 12:00:00 AM"
"19649","15848","9/15/2013 12:00:00 AM"
"19650","10354","11/5/2013 12:00:00 AM"
"19651","8083","4/3/2013 12:00:00 AM"
"19652","8071","7/5/2013 12:00:00 AM"
"19653","18802","12/6/2012 12:00:00 AM"
"19654","17430","4/24/2013 12:00:00 AM"
"19655","3934","5/28/2012 12:00:00 AM"
"19656","15251","10/2/2013 12:00:00 AM"
"19657","15658","4/4/2012 12:00:00 AM"
"19658","9730","2/2/2014 12:00:00 AM"
"19659","9948","5/10/2014 12:00:00 AM"
"19660","13147","9/9/2013 12:00:00 AM"
"19661","4892","3/15/2014 12:00:00 AM"
"19662","17840","10/31/2013 12:00:00 AM"
"19663","8656","11/24/2011 12:00:00 AM"
"19664","17928","7/7/2012 12:00:00 AM"
"19665","4137","11/17/2012 12:00:00 AM"
"19666","11337","12/19/2013 12:00:00 AM"
"19667","15833","3/18/2014 12:00:00 AM"
"19668","17681","1/3/2012 12:00:00 AM"
"19669","18031","2/3/2014 12:00:00 AM"
"19670","12568","11/15/2013 12:00:00 AM"
"19671","2390","7/24/2011 12:00:00 AM"
"19672","2072","2/18/2014 12:00:00 AM"
"19673","4897","5/21/2014 12:00:00 AM"
"19674","1671","8/30/2013 12:00:00 AM"
"19675","12675","8/4/2013 12:00:00 AM"
"19676","9333","8/26/2013 12:00:00 AM"
"19677","3870","11/7/2011 12:00:00 AM"
"19678","17401","1/13/2014 12:00:00 AM"
"19679","8844","5/29/2014 12:00:00 AM"
"19680","17044","3/10/2014 12:00:00 AM"
"19681","12705","3/9/2014 12:00:00 AM"
"19682","19184","4/15/2014 12:00:00 AM"
"19683","4632","6/19/2013 12:00:00 AM"
"19684","14616","1/14/2013 12:00:00 AM"
"19685","16134","5/21/2014 12:00:00 AM"
"19686","414","11/7/2013 12:00:00 AM"
"19687","11134","4/6/2012 12:00:00 AM"
"19688","11298","8/14/2013 12:00:00 AM"
"19689","10365","10/18/2013 12:00:00 AM"
"19690","12988","3/24/2013 12:00:00 AM"
"19691","4644","11/27/2013 12:00:00 AM"
"19692","5972","10/2/2013 12:00:00 AM"
"19693","14096","8/21/2011 12:00:00 AM"
"19694","16863","5/13/2014 12:00:00 AM"
"19695","18039","2/1/2013 12:00:00 AM"
"19696","369","10/4/2012 12:00:00 AM"
"19697","11017","3/8/2014 12:00:00 AM"
"19698","6970","10/18/2013 12:00:00 AM"
"19699","7619","9/4/2013 12:00:00 AM"
"19700","18222","8/11/2013 12:00:00 AM"
"19701","9937","11/7/2013 12:00:00 AM"
"19702","13321","4/30/2014 12:00:00 AM"
"19703","12075","11/11/2012 12:00:00 AM"
"19704","14737","11/18/2013 12:00:00 AM"
"19705","7452","11/15/2013 12:00:00 AM"
"19706","17260","12/29/2013 12:00:00 AM"
"19707","14121","3/30/2014 12:00:00 AM"
"19708","8640","9/4/2011 12:00:00 AM"
"19709","1112","4/25/2014 12:00:00 AM"
"19710","4334","7/29/2012 12:00:00 AM"
"19711","8779","3/6/2012 12:00:00 AM"
"19712","6430","1/16/2014 12:00:00 AM"
"19713","765","1/21/2014 12:00:00 AM"
"19714","14761","1/8/2014 12:00:00 AM"
"19715","8565","1/26/2012 12:00:00 AM"
"19716","8824","7/4/2012 12:00:00 AM"
"19717","6128","7/23/2013 12:00:00 AM"
"19718","9208","1/20/2014 12:00:00 AM"
"19719","13461","7/11/2013 12:00:00 AM"
"19720","17082","1/27/2014 12:00:00 AM"
"19721","871","1/26/2014 12:00:00 AM"
"19722","16374","2/12/2014 12:00:00 AM"
"19723","14988","9/10/2012 12:00:00 AM"
"19724","4426","8/28/2013 12:00:00 AM"
"19725","10027","11/18/2013 12:00:00 AM"
"19726","11988","3/6/2013 12:00:00 AM"
"19727","15921","11/28/2011 12:00:00 AM"
"19728","8716","12/4/2013 12:00:00 AM"
"19729","6012","8/13/2013 12:00:00 AM"
"19730","13677","12/15/2013 12:00:00 AM"
"19731","4267","11/27/2011 12:00:00 AM"
"19732","5374","11/23/2013 12:00:00 AM"
"19733","10078","10/11/2011 12:00:00 AM"
"19734","5292","11/26/2013 12:00:00 AM"
"19735","2335","8/18/2012 12:00:00 AM"
"19736","3620","11/9/2013 12:00:00 AM"
"19737","6266","12/2/2013 12:00:00 AM"
"19738","9970","8/1/2013 12:00:00 AM"
"19739","11117","12/5/2013 12:00:00 AM"
"19740","9242","10/8/2013 12:00:00 AM"
"19741","12793","2/5/2014 12:00:00 AM"
"19742","592","5/27/2014 12:00:00 AM"
"19743","17021","12/7/2013 12:00:00 AM"
"19744","4391","10/1/2013 12:00:00 AM"
"19745","525","1/17/2014 12:00:00 AM"
"19746","13751","11/6/2012 12:00:00 AM"
"19747","12904","8/18/2013 12:00:00 AM"
"19748","18701","7/24/2013 12:00:00 AM"
"19749","1156","3/3/2014 12:00:00 AM"
"19750","10999","11/30/2011 12:00:00 AM"
"19751","2052","4/2/2014 12:00:00 AM"
"19752","6439","9/3/2012 12:00:00 AM"
"19753","16411","5/12/2014 12:00:00 AM"
"19754","7389","9/26/2013 12:00:00 AM"
"19755","13407","1/12/2014 12:00:00 AM"
"19756","8531","2/12/2013 12:00:00 AM"
"19757","3714","11/1/2013 12:00:00 AM"
"19758","7873","10/9/2013 12:00:00 AM"
"19759","13110","7/15/2013 12:00:00 AM"
"19760","6364","1/3/2013 12:00:00 AM"
"19761","9975","8/29/2013 12:00:00 AM"
"19762","6148","8/27/2013 12:00:00 AM"
"19763","15256","5/28/2012 12:00:00 AM"
"19764","4819","5/23/2014 12:00:00 AM"
"19765","12907","3/24/2013 12:00:00 AM"
"19766","9036","1/1/2014 12:00:00 AM"
"19767","11961","12/3/2013 12:00:00 AM"
"19768","17098","3/21/2014 12:00:00 AM"
"19769","13390","6/19/2012 12:00:00 AM"
"19770","7846","8/20/2013 12:00:00 AM"
"19771","12583","8/23/2011 12:00:00 AM"
"19772","14384","4/22/2014 12:00:00 AM"
"19773","12243","9/13/2013 12:00:00 AM"
"19774","16278","8/1/2013 12:00:00 AM"
"19775","2247","2/7/2014 12:00:00 AM"
"19776","9202","7/2/2011 12:00:00 AM"
"19777","16681","8/31/2012 12:00:00 AM"
"19778","1799","12/13/2013 12:00:00 AM"
"19779","18504","7/14/2013 12:00:00 AM"
"19780","13185","7/30/2013 12:00:00 AM"
"19781","15862","3/17/2014 12:00:00 AM"
"19782","17717","5/9/2013 12:00:00 AM"
"19783","17736","4/17/2013 12:00:00 AM"
"19784","9332","3/10/2014 12:00:00 AM"
"19785","13861","7/9/2013 12:00:00 AM"
"19786","6592","5/27/2013 12:00:00 AM"
"19787","17536","1/28/2013 12:00:00 AM"
"19788","19182","10/12/2011 12:00:00 AM"
"19789","12646","10/4/2013 12:00:00 AM"
"19790","2090","4/3/2014 12:00:00 AM"
"19791","14080","5/11/2012 12:00:00 AM"
"19792","388","7/25/2013 12:00:00 AM"
"19793","10888","3/14/2014 12:00:00 AM"
"19794","7071","6/6/2014 12:00:00 AM"
"19795","5331","11/12/2012 12:00:00 AM"
"19796","1476","6/1/2014 12:00:00 AM"
"19797","3299","5/8/2014 12:00:00 AM"
"19798","7776","2/13/2014 12:00:00 AM"
"19799","9301","3/25/2014 12:00:00 AM"
"19800","17727","7/11/2012 12:00:00 AM"
"19801","2095","9/4/2012 12:00:00 AM"
"19802","1639","2/4/2013 12:00:00 AM"
"19803","18313","10/10/2011 12:00:00 AM"
"19804","345","10/10/2013 12:00:00 AM"
"19805","15960","8/17/2013 12:00:00 AM"
"19806","7935","4/16/2012 12:00:00 AM"
"19807","4370","8/13/2011 12:00:00 AM"
"19808","12906","2/13/2014 12:00:00 AM"
"19809","7696","9/24/2013 12:00:00 AM"
"19810","11212","10/20/2013 12:00:00 AM"
"19811","5625","6/1/2013 12:00:00 AM"
"19812","4305","2/8/2014 12:00:00 AM"
"19813","437","5/28/2014 12:00:00 AM"
"19814","13834","8/25/2013 12:00:00 AM"
"19815","10479","2/21/2012 12:00:00 AM"
"19816","14695","3/28/2014 12:00:00 AM"
"19817","9064","5/5/2014 12:00:00 AM"
"19818","18180","6/17/2014 12:00:00 AM"
"19819","12117","7/13/2013 12:00:00 AM"
"19820","3859","1/15/2012 12:00:00 AM"
"19821","3574","7/13/2012 12:00:00 AM"
"19822","19150","7/20/2011 12:00:00 AM"
"19823","17999","5/18/2012 12:00:00 AM"
"19824","5877","9/29/2013 12:00:00 AM"
"19825","10111","8/16/2013 12:00:00 AM"
"19826","12271","9/14/2013 12:00:00 AM"
"19827","7364","11/29/2011 12:00:00 AM"
"19828","4856","3/8/2014 12:00:00 AM"
"19829","1286","5/16/2013 12:00:00 AM"
"19830","10142","4/11/2014 12:00:00 AM"
"19831","11142","12/19/2013 12:00:00 AM"
"19832","16475","8/30/2013 12:00:00 AM"
"19833","5705","6/7/2014 12:00:00 AM"
"19834","16742","5/12/2014 12:00:00 AM"
"19835","13866","9/6/2013 12:00:00 AM"
"19836","391","2/24/2014 12:00:00 AM"
"19837","7998","9/5/2013 12:00:00 AM"
"19838","10434","10/29/2013 12:00:00 AM"
"19839","11799","4/16/2012 12:00:00 AM"
"19840","12899","10/20/2011 12:00:00 AM"
"19841","9315","1/27/2014 12:00:00 AM"
"19842","13183","12/30/2013 12:00:00 AM"
"19843","6903","4/29/2014 12:00:00 AM"
"19844","1550","6/9/2013 12:00:00 AM"
"19845","1452","11/11/2011 12:00:00 AM"
"19846","18817","2/10/2014 12:00:00 AM"
"19847","7139","12/19/2013 12:00:00 AM"
"19848","8891","6/27/2013 12:00:00 AM"
"19849","12014","7/4/2013 12:00:00 AM"
"19850","4061","4/3/2014 12:00:00 AM"
"19851","4455","3/25/2014 12:00:00 AM"
"19852","12259","12/13/2013 12:00:00 AM"
"19853","10017","7/25/2013 12:00:00 AM"
"19854","5902","3/27/2014 12:00:00 AM"
"19855","10779","6/21/2013 12:00:00 AM"
"19856","13527","7/10/2013 12:00:00 AM"
"19857","6159","9/3/2013 12:00:00 AM"
"19858","8092","4/16/2014 12:00:00 AM"
"19859","889","1/5/2014 12:00:00 AM"
"19860","8478","2/28/2014 12:00:00 AM"
"19861","11893","5/9/2014 12:00:00 AM"
"19862","10018","4/4/2014 12:00:00 AM"
"19863","1296","5/22/2012 12:00:00 AM"
"19864","17305","5/31/2013 12:00:00 AM"
"19865","167","3/31/2014 12:00:00 AM"
"19866","9175","11/26/2012 12:00:00 AM"
"19867","7098","8/23/2011 12:00:00 AM"
"19868","14608","2/25/2013 12:00:00 AM"
"19869","16874","9/12/2013 12:00:00 AM"
"19870","14955","7/9/2011 12:00:00 AM"
"19871","4573","3/21/2014 12:00:00 AM"
"19872","2099","4/26/2014 12:00:00 AM"
"19873","518","12/19/2013 12:00:00 AM"
"19874","4194","6/30/2014 12:00:00 AM"
"19875","14767","4/22/2012 12:00:00 AM"
"19876","9685","9/26/2013 12:00:00 AM"
"19877","4014","11/27/2013 12:00:00 AM"
"19878","10654","7/13/2013 12:00:00 AM"
"19879","17843","6/25/2013 12:00:00 AM"
"19880","2581","10/30/2011 12:00:00 AM"
"19881","306","9/26/2013 12:00:00 AM"
"19882","9397","9/4/2013 12:00:00 AM"
"19883","7479","11/10/2012 12:00:00 AM"
"19884","17777","5/4/2013 12:00:00 AM"
"19885","12989","2/8/2014 12:00:00 AM"
"19886","13234","9/4/2013 12:00:00 AM"
"19887","18394","1/4/2014 12:00:00 AM"
"19888","13670","2/7/2012 12:00:00 AM"
"19889","5222","5/2/2014 12:00:00 AM"
"19890","913","11/26/2013 12:00:00 AM"
"19891","11943","8/17/2013 12:00:00 AM"
"19892","4150","10/21/2013 12:00:00 AM"
"19893","12782","8/1/2013 12:00:00 AM"
"19894","16489","11/26/2013 12:00:00 AM"
"19895","1918","7/26/2012 12:00:00 AM"
"19896","1418","8/12/2013 12:00:00 AM"
"19897","9259","7/24/2013 12:00:00 AM"
"19898","15514","4/9/2014 12:00:00 AM"
"19899","12820","6/11/2014 12:00:00 AM"
"19900","2731","10/16/2012 12:00:00 AM"
"19901","7009","11/4/2011 12:00:00 AM"
"19902","12874","1/3/2013 12:00:00 AM"
"19903","4738","8/8/2012 12:00:00 AM"
"19904","7117","3/7/2014 12:00:00 AM"
"19905","13034","1/30/2013 12:00:00 AM"
"19906","4961","2/7/2014 12:00:00 AM"
"19907","9166","11/8/2013 12:00:00 AM"
"19908","14182","8/27/2013 12:00:00 AM"
"19909","15246","3/28/2014 12:00:00 AM"
"19910","11086","11/15/2012 12:00:00 AM"
"19911","11419","12/24/2013 12:00:00 AM"
"19912","12274","11/23/2012 12:00:00 AM"
"19913","11849","4/17/2014 12:00:00 AM"
"19914","9705","8/7/2011 12:00:00 AM"
"19915","17794","12/2/2013 12:00:00 AM"
"19916","7980","1/9/2013 12:00:00 AM"
"19917","8191","9/28/2013 12:00:00 AM"
"19918","1229","1/19/2013 12:00:00 AM"
"19919","19149","5/5/2014 12:00:00 AM"
"19920","7387","10/30/2013 12:00:00 AM"
"19921","13695","12/1/2013 12:00:00 AM"
"19922","1581","5/8/2014 12:00:00 AM"
"19923","7678","4/11/2012 12:00:00 AM"
"19924","5861","4/17/2012 12:00:00 AM"
"19925","9074","10/4/2013 12:00:00 AM"
"19926","17391","5/20/2014 12:00:00 AM"
"19927","15821","5/26/2014 12:00:00 AM"
"19928","3303","12/4/2013 12:00:00 AM"
"19929","416","12/20/2013 12:00:00 AM"
"19930","16466","10/16/2013 12:00:00 AM"
"19931","3122","5/21/2012 12:00:00 AM"
"19932","5155","1/17/2014 12:00:00 AM"
"19933","16580","2/11/2014 12:00:00 AM"
"19934","10684","12/9/2013 12:00:00 AM"
"19935","11363","7/24/2013 12:00:00 AM"
"19936","13435","5/3/2014 12:00:00 AM"
"19937","12328","5/10/2013 12:00:00 AM"
"19938","17976","2/8/2014 12:00:00 AM"
"19939","15626","5/23/2013 12:00:00 AM"
"19940","12939","4/2/2014 12:00:00 AM"
"19941","11245","9/11/2013 12:00:00 AM"
"19942","4802","7/1/2013 12:00:00 AM"
"19943","7599","12/28/2012 12:00:00 AM"
"19944","12629","11/8/2011 12:00:00 AM"
"19945","15403","2/10/2014 12:00:00 AM"
"19946","16818","9/19/2013 12:00:00 AM"
"19947","10403","11/9/2012 12:00:00 AM"
"19948","5127","6/13/2014 12:00:00 AM"
"19949","10879","1/15/2014 12:00:00 AM"
"19950","2871","6/20/2014 12:00:00 AM"
"19951","18525","12/29/2013 12:00:00 AM"
"19952","7158","7/23/2013 12:00:00 AM"
"19953","1932","3/29/2013 12:00:00 AM"
"19954","3986","10/23/2013 12:00:00 AM"
"19955","17647","7/2/2013 12:00:00 AM"
"19956","11868","10/9/2011 12:00:00 AM"
"19957","9045","11/7/2012 12:00:00 AM"
"19958","4478","10/16/2013 12:00:00 AM"
"19959","17677","7/24/2012 12:00:00 AM"
"19960","16806","3/14/2013 12:00:00 AM"
"19961","14456","11/25/2013 12:00:00 AM"
"19962","10712","8/7/2012 12:00:00 AM"
"19963","5642","5/21/2014 12:00:00 AM"
"19964","14725","10/15/2013 12:00:00 AM"
"19965","3999","5/15/2014 12:00:00 AM"
"19966","8973","4/23/2014 12:00:00 AM"
"19967","3664","5/9/2014 12:00:00 AM"
"19968","12311","3/4/2014 12:00:00 AM"
"19969","771","7/25/2013 12:00:00 AM"
"19970","1063","9/26/2013 12:00:00 AM"
"19971","3132","11/15/2013 12:00:00 AM"
"19972","1656","2/22/2014 12:00:00 AM"
"19973","17808","8/19/2013 12:00:00 AM"
"19974","13121","1/29/2014 12:00:00 AM"
"19975","12627","6/7/2014 12:00:00 AM"
"19976","1023","4/11/2014 12:00:00 AM"
"19977","11806","7/17/2013 12:00:00 AM"
"19978","14656","4/22/2012 12:00:00 AM"
"19979","10224","8/1/2013 12:00:00 AM"
"19980","11268","4/19/2013 12:00:00 AM"
"19981","8866","12/17/2013 12:00:00 AM"
"19982","10115","8/22/2012 12:00:00 AM"
"19983","14351","1/22/2012 12:00:00 AM"
"19984","18353","2/7/2014 12:00:00 AM"
"19985","15210","5/22/2014 12:00:00 AM"
"19986","14851","5/19/2014 12:00:00 AM"
"19987","899","7/24/2013 12:00:00 AM"
"19988","2243","11/2/2013 12:00:00 AM"
"19989","6022","12/7/2013 12:00:00 AM"
"19990","12403","4/11/2014 12:00:00 AM"
"19991","987","3/2/2014 12:00:00 AM"
"19992","16983","11/18/2011 12:00:00 AM"
"19993","985","2/11/2014 12:00:00 AM"
"19994","15763","10/30/2013 12:00:00 AM"
"19995","14148","9/26/2011 12:00:00 AM"
"19996","11257","4/10/2014 12:00:00 AM"
"19997","11884","8/6/2013 12:00:00 AM"
"19998","1281","12/9/2013 12:00:00 AM"
"19999","7765","3/19/2014 12:00:00 AM"
"20000","14427","4/4/2014 12:00:00 AM"
"20001","8496","7/30/2013 12:00:00 AM"
"20002","11929","11/10/2013 12:00:00 AM"
"20003","8684","4/30/2013 12:00:00 AM"
"20004","15685","2/1/2012 12:00:00 AM"
"20005","8046","9/14/2013 12:00:00 AM"
"20006","3002","5/22/2014 12:00:00 AM"
"20007","14932","10/22/2013 12:00:00 AM"
"20008","2138","7/28/2012 12:00:00 AM"
"20009","8556","7/6/2012 12:00:00 AM"
"20010","16560","2/24/2014 12:00:00 AM"
"20011","3634","11/10/2013 12:00:00 AM"
"20012","3879","6/26/2012 12:00:00 AM"
"20013","1322","6/24/2013 12:00:00 AM"
"20014","14161","6/13/2012 12:00:00 AM"
"20015","17697","9/6/2012 12:00:00 AM"
"20016","12097","2/22/2013 12:00:00 AM"
"20017","16970","12/4/2013 12:00:00 AM"
"20018","15203","5/9/2014 12:00:00 AM"
"20019","13931","1/9/2014 12:00:00 AM"
"20020","17411","11/1/2012 12:00:00 AM"
"20021","5410","3/11/2014 12:00:00 AM"
"20022","7038","12/12/2011 12:00:00 AM"
"20023","12601","6/21/2012 12:00:00 AM"
"20024","18341","6/4/2014 12:00:00 AM"
"20025","3846","2/14/2012 12:00:00 AM"
"20026","4544","2/2/2013 12:00:00 AM"
"20027","910","4/12/2013 12:00:00 AM"
"20028","2919","7/26/2013 12:00:00 AM"
"20029","10373","2/26/2014 12:00:00 AM"
"20030","12516","8/26/2012 12:00:00 AM"
"20031","4230","7/7/2013 12:00:00 AM"
"20032","9678","12/30/2013 12:00:00 AM"
"20033","449","2/20/2014 12:00:00 AM"
"20034","9496","3/20/2014 12:00:00 AM"
"20035","2267","1/11/2012 12:00:00 AM"
"20036","15159","5/15/2014 12:00:00 AM"
"20037","11123","9/2/2013 12:00:00 AM"
"20038","14731","7/3/2013 12:00:00 AM"
"20039","14681","1/5/2013 12:00:00 AM"
"20040","1783","3/6/2013 12:00:00 AM"
"20041","15143","11/15/2013 12:00:00 AM"
"20042","6492","11/13/2013 12:00:00 AM"
"20043","1135","3/30/2014 12:00:00 AM"
"20044","28","7/4/2013 12:00:00 AM"
"20045","31","10/9/2013 12:00:00 AM"
"20046","33","3/10/2013 12:00:00 AM"
"20047","66","6/21/2014 12:00:00 AM"
"20048","77","12/20/2011 12:00:00 AM"
"20049","82","8/26/2013 12:00:00 AM"
"20050","119","11/13/2013 12:00:00 AM"
"20051","178","12/6/2013 12:00:00 AM"
"20052","194","4/19/2013 12:00:00 AM"
"20053","220","5/28/2014 12:00:00 AM"
"20054","227","11/17/2013 12:00:00 AM"
"20055","231","1/24/2013 12:00:00 AM"
"20056","260","3/28/2014 12:00:00 AM"
"20057","299","4/26/2014 12:00:00 AM"
"20058","324","8/15/2013 12:00:00 AM"
"20059","355","12/19/2013 12:00:00 AM"
"20060","394","10/26/2013 12:00:00 AM"
"20061","395","12/7/2013 12:00:00 AM"
"20062","413","3/22/2014 12:00:00 AM"
"20063","439","1/28/2014 12:00:00 AM"
"20064","469","3/10/2014 12:00:00 AM"
"20065","490","12/23/2013 12:00:00 AM"
"20066","517","3/7/2014 12:00:00 AM"
"20067","547","6/22/2013 12:00:00 AM"
"20068","581","5/31/2013 12:00:00 AM"
"20069","597","5/7/2014 12:00:00 AM"
"20070","625","6/5/2013 12:00:00 AM"
"20071","637","8/5/2013 12:00:00 AM"
"20072","680","12/4/2013 12:00:00 AM"
"20073","699","11/7/2013 12:00:00 AM"
"20074","700","5/14/2013 12:00:00 AM"
"20075","728","5/22/2014 12:00:00 AM"
"20076","736","11/18/2011 12:00:00 AM"
"20077","742","2/20/2014 12:00:00 AM"
"20078","789","6/7/2012 12:00:00 AM"
"20079","802","1/30/2012 12:00:00 AM"
"20080","828","10/13/2013 12:00:00 AM"
"20081","864","2/25/2012 12:00:00 AM"
"20082","887","3/10/2014 12:00:00 AM"
"20083","926","11/2/2013 12:00:00 AM"
"20084","965","5/28/2014 12:00:00 AM"
"20085","968","7/19/2012 12:00:00 AM"
"20086","970","10/5/2013 12:00:00 AM"
"20087","995","4/9/2014 12:00:00 AM"
"20088","1013","1/19/2014 12:00:00 AM"
"20089","1028","1/28/2014 12:00:00 AM"
"20090","1035","7/19/2013 12:00:00 AM"
"20091","1036","1/14/2014 12:00:00 AM"
"20092","1053","11/7/2013 12:00:00 AM"
"20093","1065","7/24/2012 12:00:00 AM"
"20094","1093","2/11/2014 12:00:00 AM"
"20095","1103","9/18/2013 12:00:00 AM"
"20096","1132","12/23/2013 12:00:00 AM"
"20097","1202","6/3/2014 12:00:00 AM"
"20098","1210","3/14/2013 12:00:00 AM"
"20099","1216","9/25/2013 12:00:00 AM"
"20100","1249","8/19/2013 12:00:00 AM"
"20101","1269","5/14/2014 12:00:00 AM"
"20102","1303","6/23/2014 12:00:00 AM"
"20103","1330","8/19/2013 12:00:00 AM"
"20104","1331","11/14/2011 12:00:00 AM"
"20105","1336","7/11/2011 12:00:00 AM"
"20106","1390","10/29/2011 12:00:00 AM"
"20107","1414","9/24/2013 12:00:00 AM"
"20108","1443","8/21/2012 12:00:00 AM"
"20109","1462","11/20/2013 12:00:00 AM"
"20110","1472","6/29/2013 12:00:00 AM"
"20111","1533","3/31/2014 12:00:00 AM"
"20112","1579","6/28/2014 12:00:00 AM"
"20113","1630","10/27/2013 12:00:00 AM"
"20114","1641","4/19/2014 12:00:00 AM"
"20115","1653","12/7/2012 12:00:00 AM"
"20116","1666","11/7/2011 12:00:00 AM"
"20117","1678","5/25/2014 12:00:00 AM"
"20118","1743","1/15/2013 12:00:00 AM"
"20119","1745","11/22/2011 12:00:00 AM"
"20120","1753","4/17/2014 12:00:00 AM"
"20121","1778","3/28/2012 12:00:00 AM"
"20122","1819","1/29/2012 12:00:00 AM"
"20123","1941","3/16/2014 12:00:00 AM"
"20124","1980","2/27/2013 12:00:00 AM"
"20125","1989","5/20/2014 12:00:00 AM"
"20126","2006","1/14/2014 12:00:00 AM"
"20127","2027","6/7/2014 12:00:00 AM"
"20128","2054","5/14/2012 12:00:00 AM"
"20129","2059","3/11/2014 12:00:00 AM"
"20130","2064","7/5/2013 12:00:00 AM"
"20131","2070","8/2/2013 12:00:00 AM"
"20132","2076","4/2/2012 12:00:00 AM"
"20133","2079","3/28/2014 12:00:00 AM"
"20134","2109","5/14/2014 12:00:00 AM"
"20135","2114","6/8/2013 12:00:00 AM"
"20136","2140","11/8/2013 12:00:00 AM"
"20137","2141","7/17/2013 12:00:00 AM"
"20138","2146","6/17/2014 12:00:00 AM"
"20139","2147","9/1/2013 12:00:00 AM"
"20140","2149","7/31/2011 12:00:00 AM"
"20141","2154","8/3/2013 12:00:00 AM"
"20142","2174","10/25/2013 12:00:00 AM"
"20143","2208","3/22/2014 12:00:00 AM"
"20144","2215","5/2/2014 12:00:00 AM"
"20145","2239","11/16/2012 12:00:00 AM"
"20146","2288","9/19/2013 12:00:00 AM"
"20147","2302","11/10/2013 12:00:00 AM"
"20148","2315","5/11/2012 12:00:00 AM"
"20149","2317","9/25/2011 12:00:00 AM"
"20150","2333","1/10/2014 12:00:00 AM"
"20151","2347","2/26/2014 12:00:00 AM"
"20152","2401","2/6/2014 12:00:00 AM"
"20153","2477","2/21/2014 12:00:00 AM"
"20154","2507","4/3/2014 12:00:00 AM"
"20155","2537","10/7/2013 12:00:00 AM"
"20156","2555","10/21/2013 12:00:00 AM"
"20157","2611","11/11/2013 12:00:00 AM"
"20158","2612","6/10/2011 12:00:00 AM"
"20159","2614","2/15/2014 12:00:00 AM"
"20160","2631","4/13/2014 12:00:00 AM"
"20161","2649","4/29/2014 12:00:00 AM"
"20162","2659","12/8/2013 12:00:00 AM"
"20163","2678","8/27/2013 12:00:00 AM"
"20164","2695","10/30/2013 12:00:00 AM"
"20165","2714","12/19/2013 12:00:00 AM"
"20166","2733","7/29/2011 12:00:00 AM"
"20167","2796","10/28/2013 12:00:00 AM"
"20168","2827","2/27/2014 12:00:00 AM"
"20169","2830","9/25/2013 12:00:00 AM"
"20170","2855","2/21/2012 12:00:00 AM"
"20171","2866","6/26/2014 12:00:00 AM"
"20172","2914","11/26/2011 12:00:00 AM"
"20173","2917","5/1/2013 12:00:00 AM"
"20174","2939","7/31/2013 12:00:00 AM"
"20175","3029","8/17/2011 12:00:00 AM"
"20176","3035","10/7/2013 12:00:00 AM"
"20177","3057","8/17/2012 12:00:00 AM"
"20178","3069","10/16/2011 12:00:00 AM"
"20179","3078","9/3/2012 12:00:00 AM"
"20180","3105","5/2/2014 12:00:00 AM"
"20181","3125","4/5/2014 12:00:00 AM"
"20182","3127","10/2/2013 12:00:00 AM"
"20183","3148","9/12/2013 12:00:00 AM"
"20184","3170","8/27/2013 12:00:00 AM"
"20185","3173","11/22/2013 12:00:00 AM"
"20186","3182","7/9/2013 12:00:00 AM"
"20187","3211","7/4/2013 12:00:00 AM"
"20188","3227","10/4/2013 12:00:00 AM"
"20189","3261","7/25/2013 12:00:00 AM"
"20190","3317","10/6/2013 12:00:00 AM"
"20191","3343","1/16/2014 12:00:00 AM"
"20192","3345","10/29/2013 12:00:00 AM"
"20193","3356","7/3/2013 12:00:00 AM"
"20194","3365","11/17/2011 12:00:00 AM"
"20195","3402","1/19/2014 12:00:00 AM"
"20196","3403","12/4/2011 12:00:00 AM"
"20197","3422","4/29/2014 12:00:00 AM"
"20198","3434","9/27/2013 12:00:00 AM"
"20199","3441","5/23/2013 12:00:00 AM"
"20200","3455","3/26/2013 12:00:00 AM"
"20201","3457","4/20/2014 12:00:00 AM"
"20202","3492","1/20/2014 12:00:00 AM"
"20203","3497","9/24/2013 12:00:00 AM"
"20204","3504","10/28/2013 12:00:00 AM"
"20205","3531","1/13/2014 12:00:00 AM"
"20206","3553","7/9/2012 12:00:00 AM"
"20207","3559","2/17/2014 12:00:00 AM"
"20208","3579","10/20/2013 12:00:00 AM"
"20209","3581","5/11/2014 12:00:00 AM"
"20210","3603","12/2/2013 12:00:00 AM"
"20211","3604","12/7/2013 12:00:00 AM"
"20212","3730","2/29/2012 12:00:00 AM"
"20213","3759","3/20/2012 12:00:00 AM"
"20214","3812","12/24/2013 12:00:00 AM"
"20215","3835","3/23/2013 12:00:00 AM"
"20216","3837","2/9/2014 12:00:00 AM"
"20217","3839","9/17/2013 12:00:00 AM"
"20218","3840","11/21/2013 12:00:00 AM"
"20219","3850","3/16/2012 12:00:00 AM"
"20220","3872","6/16/2014 12:00:00 AM"
"20221","3891","7/23/2012 12:00:00 AM"
"20222","3893","10/7/2013 12:00:00 AM"
"20223","3962","7/1/2013 12:00:00 AM"
"20224","3969","11/4/2013 12:00:00 AM"
"20225","3974","5/25/2014 12:00:00 AM"
"20226","3995","4/18/2012 12:00:00 AM"
"20227","3997","9/28/2012 12:00:00 AM"
"20228","4023","4/3/2014 12:00:00 AM"
"20229","4024","6/29/2011 12:00:00 AM"
"20230","4115","9/24/2013 12:00:00 AM"
"20231","4138","5/22/2014 12:00:00 AM"
"20232","4154","3/17/2013 12:00:00 AM"
"20233","4168","4/28/2014 12:00:00 AM"
"20234","4235","2/9/2013 12:00:00 AM"
"20235","4238","4/14/2012 12:00:00 AM"
"20236","4244","7/27/2013 12:00:00 AM"
"20237","4289","8/12/2012 12:00:00 AM"
"20238","4290","2/25/2014 12:00:00 AM"
"20239","4339","5/3/2014 12:00:00 AM"
"20240","4396","12/15/2013 12:00:00 AM"
"20241","4445","3/23/2013 12:00:00 AM"
"20242","4464","6/21/2011 12:00:00 AM"
"20243","4480","3/23/2014 12:00:00 AM"
"20244","4613","12/20/2013 12:00:00 AM"
"20245","4642","2/26/2014 12:00:00 AM"
"20246","4669","7/29/2013 12:00:00 AM"
"20247","4708","2/6/2012 12:00:00 AM"
"20248","4735","10/17/2013 12:00:00 AM"
"20249","4746","7/16/2013 12:00:00 AM"
"20250","4753","5/21/2014 12:00:00 AM"
"20251","4794","7/20/2013 12:00:00 AM"
"20252","4809","1/5/2014 12:00:00 AM"
"20253","4826","10/12/2013 12:00:00 AM"
"20254","4854","11/5/2013 12:00:00 AM"
"20255","4887","6/16/2012 12:00:00 AM"
"20256","4900","11/1/2011 12:00:00 AM"
"20257","4955","1/13/2013 12:00:00 AM"
"20258","4994","8/9/2013 12:00:00 AM"
"20259","5025","8/26/2013 12:00:00 AM"
"20260","5034","6/6/2013 12:00:00 AM"
"20261","5075","3/18/2014 12:00:00 AM"
"20262","5097","3/7/2014 12:00:00 AM"
"20263","5115","7/26/2013 12:00:00 AM"
"20264","5135","10/24/2012 12:00:00 AM"
"20265","5168","4/8/2014 12:00:00 AM"
"20266","5174","8/2/2013 12:00:00 AM"
"20267","5182","11/24/2013 12:00:00 AM"
"20268","5210","9/17/2012 12:00:00 AM"
"20269","5211","7/22/2011 12:00:00 AM"
"20270","5217","11/23/2012 12:00:00 AM"
"20271","5231","10/11/2013 12:00:00 AM"
"20272","5251","9/24/2013 12:00:00 AM"
"20273","5265","1/28/2014 12:00:00 AM"
"20274","5266","12/3/2013 12:00:00 AM"
"20275","5275","2/22/2013 12:00:00 AM"
"20276","5305","10/12/2013 12:00:00 AM"
"20277","5318","1/11/2012 12:00:00 AM"
"20278","5333","11/19/2011 12:00:00 AM"
"20279","5361","12/23/2013 12:00:00 AM"
"20280","5406","4/12/2012 12:00:00 AM"
"20281","5419","7/13/2013 12:00:00 AM"
"20282","5453","4/6/2014 12:00:00 AM"
"20283","5471","2/4/2014 12:00:00 AM"
"20284","5500","7/19/2013 12:00:00 AM"
"20285","5539","10/21/2011 12:00:00 AM"
"20286","5543","9/5/2011 12:00:00 AM"
"20287","5562","5/9/2014 12:00:00 AM"
"20288","5569","8/19/2013 12:00:00 AM"
"20289","5572","1/5/2013 12:00:00 AM"
"20290","5585","11/10/2012 12:00:00 AM"
"20291","5608","5/17/2014 12:00:00 AM"
"20292","5644","11/18/2012 12:00:00 AM"
"20293","5646","1/15/2014 12:00:00 AM"
"20294","5671","5/7/2013 12:00:00 AM"
"20295","5683","5/28/2014 12:00:00 AM"
"20296","5702","6/30/2013 12:00:00 AM"
"20297","5708","9/4/2012 12:00:00 AM"
"20298","5716","6/22/2014 12:00:00 AM"
"20299","5733","9/20/2013 12:00:00 AM"
"20300","5740","3/19/2014 12:00:00 AM"
"20301","5750","9/13/2013 12:00:00 AM"
"20302","5760","10/2/2013 12:00:00 AM"
"20303","5773","11/26/2013 12:00:00 AM"
"20304","5775","2/16/2013 12:00:00 AM"
"20305","5778","10/13/2013 12:00:00 AM"
"20306","5823","2/8/2013 12:00:00 AM"
"20307","5846","1/14/2012 12:00:00 AM"
"20308","5871","5/14/2012 12:00:00 AM"
"20309","5915","12/22/2013 12:00:00 AM"
"20310","5952","11/14/2013 12:00:00 AM"
"20311","5971","12/28/2013 12:00:00 AM"
"20312","5983","8/25/2013 12:00:00 AM"
"20313","6009","9/1/2013 12:00:00 AM"
"20314","6024","9/11/2011 12:00:00 AM"
"20315","6059","4/5/2012 12:00:00 AM"
"20316","6069","12/13/2013 12:00:00 AM"
"20317","6076","7/13/2012 12:00:00 AM"
"20318","6107","12/10/2013 12:00:00 AM"
"20319","6170","8/19/2013 12:00:00 AM"
"20320","6172","4/26/2014 12:00:00 AM"
"20321","6174","6/15/2012 12:00:00 AM"
"20322","6239","3/6/2012 12:00:00 AM"
"20323","6265","10/13/2013 12:00:00 AM"
"20324","6285","2/25/2014 12:00:00 AM"
"20325","6290","4/1/2014 12:00:00 AM"
"20326","6298","11/3/2013 12:00:00 AM"
"20327","6402","5/11/2014 12:00:00 AM"
"20328","6416","8/2/2012 12:00:00 AM"
"20329","6417","1/28/2013 12:00:00 AM"
"20330","6440","6/1/2012 12:00:00 AM"
"20331","6441","7/15/2013 12:00:00 AM"
"20332","6459","9/1/2011 12:00:00 AM"
"20333","6461","6/10/2014 12:00:00 AM"
"20334","6482","9/5/2013 12:00:00 AM"
"20335","6532","12/23/2013 12:00:00 AM"
"20336","6550","4/4/2014 12:00:00 AM"
"20337","6571","10/22/2013 12:00:00 AM"
"20338","6576","7/23/2013 12:00:00 AM"
"20339","6593","8/16/2012 12:00:00 AM"
"20340","6609","12/25/2013 12:00:00 AM"
"20341","6710","7/21/2012 12:00:00 AM"
"20342","6725","8/6/2012 12:00:00 AM"
"20343","6744","1/29/2014 12:00:00 AM"
"20344","6766","9/14/2013 12:00:00 AM"
"20345","6779","6/16/2014 12:00:00 AM"
"20346","6783","10/9/2013 12:00:00 AM"
"20347","6804","3/31/2013 12:00:00 AM"
"20348","6820","11/6/2013 12:00:00 AM"
"20349","6884","3/28/2014 12:00:00 AM"
"20350","6941","4/18/2014 12:00:00 AM"
"20351","7003","12/31/2013 12:00:00 AM"
"20352","7041","1/15/2014 12:00:00 AM"
"20353","7078","11/28/2013 12:00:00 AM"
"20354","7088","12/28/2012 12:00:00 AM"
"20355","7106","4/26/2014 12:00:00 AM"
"20356","7107","7/5/2013 12:00:00 AM"
"20357","7154","11/20/2012 12:00:00 AM"
"20358","7217","10/18/2013 12:00:00 AM"
"20359","7254","4/16/2014 12:00:00 AM"
"20360","7355","4/30/2013 12:00:00 AM"
"20361","7374","3/6/2014 12:00:00 AM"
"20362","7390","5/29/2014 12:00:00 AM"
"20363","7404","10/31/2013 12:00:00 AM"
"20364","7512","10/23/2013 12:00:00 AM"
"20365","7530","10/31/2013 12:00:00 AM"
"20366","7569","1/4/2012 12:00:00 AM"
"20367","7578","5/6/2013 12:00:00 AM"
"20368","7708","11/18/2013 12:00:00 AM"
"20369","7769","2/29/2012 12:00:00 AM"
"20370","7790","3/20/2014 12:00:00 AM"
"20371","7799","9/14/2013 12:00:00 AM"
"20372","7821","12/7/2013 12:00:00 AM"
"20373","7967","5/7/2012 12:00:00 AM"
"20374","7983","12/16/2013 12:00:00 AM"
"20375","7984","4/8/2014 12:00:00 AM"
"20376","8008","12/9/2013 12:00:00 AM"
"20377","8049","8/18/2013 12:00:00 AM"
"20378","8066","12/31/2012 12:00:00 AM"
"20379","8094","5/1/2013 12:00:00 AM"
"20380","8102","6/5/2012 12:00:00 AM"
"20381","8144","9/21/2013 12:00:00 AM"
"20382","8205","5/14/2014 12:00:00 AM"
"20383","8210","7/30/2013 12:00:00 AM"
"20384","8266","7/14/2012 12:00:00 AM"
"20385","8281","4/22/2013 12:00:00 AM"
"20386","8284","12/8/2013 12:00:00 AM"
"20387","8327","6/10/2012 12:00:00 AM"
"20388","8331","9/22/2012 12:00:00 AM"
"20389","8338","10/28/2013 12:00:00 AM"
"20390","8435","3/12/2014 12:00:00 AM"
"20391","8503","3/24/2012 12:00:00 AM"
"20392","8553","9/18/2013 12:00:00 AM"
"20393","8573","2/2/2012 12:00:00 AM"
"20394","8582","8/25/2011 12:00:00 AM"
"20395","8589","8/31/2013 12:00:00 AM"
"20396","8627","3/21/2014 12:00:00 AM"
"20397","8665","5/10/2014 12:00:00 AM"
"20398","8670","5/29/2013 12:00:00 AM"
"20399","8673","4/11/2013 12:00:00 AM"
"20400","8678","10/30/2013 12:00:00 AM"
"20401","8682","5/10/2014 12:00:00 AM"
"20402","8721","3/28/2014 12:00:00 AM"
"20403","8740","9/12/2013 12:00:00 AM"
"20404","8751","10/29/2013 12:00:00 AM"
"20405","8791","12/20/2011 12:00:00 AM"
"20406","8818","2/7/2013 12:00:00 AM"
"20407","8822","8/8/2013 12:00:00 AM"
"20408","8852","2/8/2014 12:00:00 AM"
"20409","8875","6/23/2012 12:00:00 AM"
"20410","8886","1/17/2014 12:00:00 AM"
"20411","8898","10/11/2013 12:00:00 AM"
"20412","8908","6/2/2013 12:00:00 AM"
"20413","8935","1/19/2014 12:00:00 AM"
"20414","8967","11/20/2012 12:00:00 AM"
"20415","9002","12/2/2013 12:00:00 AM"
"20416","9004","8/13/2013 12:00:00 AM"
"20417","9017","3/4/2014 12:00:00 AM"
"20418","9021","12/17/2013 12:00:00 AM"
"20419","9042","6/14/2013 12:00:00 AM"
"20420","9067","6/9/2012 12:00:00 AM"
"20421","9075","10/21/2011 12:00:00 AM"
"20422","9098","9/8/2011 12:00:00 AM"
"20423","9119","8/19/2013 12:00:00 AM"
"20424","9134","7/8/2013 12:00:00 AM"
"20425","9146","6/5/2014 12:00:00 AM"
"20426","9181","7/29/2013 12:00:00 AM"
"20427","9194","4/17/2014 12:00:00 AM"
"20428","9206","10/17/2013 12:00:00 AM"
"20429","9216","1/8/2014 12:00:00 AM"
"20430","9231","5/21/2014 12:00:00 AM"
"20431","9274","4/13/2014 12:00:00 AM"
"20432","9403","5/8/2014 12:00:00 AM"
"20433","9428","2/19/2014 12:00:00 AM"
"20434","9446","8/20/2013 12:00:00 AM"
"20435","9469","3/28/2014 12:00:00 AM"
"20436","9481","1/24/2014 12:00:00 AM"
"20437","9486","9/30/2013 12:00:00 AM"
"20438","9512","7/24/2013 12:00:00 AM"
"20439","9535","12/18/2011 12:00:00 AM"
"20440","9558","3/19/2014 12:00:00 AM"
"20441","9565","9/27/2012 12:00:00 AM"
"20442","9573","9/21/2013 12:00:00 AM"
"20443","9576","6/20/2012 12:00:00 AM"
"20444","9586","8/22/2013 12:00:00 AM"
"20445","9623","5/22/2014 12:00:00 AM"
"20446","9645","4/1/2014 12:00:00 AM"
"20447","9658","8/4/2013 12:00:00 AM"
"20448","9661","9/15/2013 12:00:00 AM"
"20449","9664","12/7/2013 12:00:00 AM"
"20450","9695","9/23/2013 12:00:00 AM"
"20451","9702","4/27/2014 12:00:00 AM"
"20452","9715","6/13/2014 12:00:00 AM"
"20453","9723","12/7/2013 12:00:00 AM"
"20454","9838","3/15/2014 12:00:00 AM"
"20455","9849","2/20/2014 12:00:00 AM"
"20456","9887","12/16/2013 12:00:00 AM"
"20457","9900","9/3/2013 12:00:00 AM"
"20458","9913","5/29/2014 12:00:00 AM"
"20459","9931","2/1/2014 12:00:00 AM"
"20460","9934","2/3/2012 12:00:00 AM"
"20461","10014","12/12/2012 12:00:00 AM"
"20462","10016","9/22/2013 12:00:00 AM"
"20463","10036","1/19/2014 12:00:00 AM"
"20464","10058","7/23/2012 12:00:00 AM"
"20465","10061","2/4/2014 12:00:00 AM"
"20466","10062","2/22/2014 12:00:00 AM"
"20467","10117","4/20/2014 12:00:00 AM"
"20468","10123","12/25/2013 12:00:00 AM"
"20469","10134","2/26/2014 12:00:00 AM"
"20470","10150","8/26/2013 12:00:00 AM"
"20471","10166","10/31/2012 12:00:00 AM"
"20472","10172","4/19/2014 12:00:00 AM"
"20473","10183","4/7/2013 12:00:00 AM"
"20474","10202","2/5/2014 12:00:00 AM"
"20475","10204","1/9/2013 12:00:00 AM"
"20476","10214","11/9/2013 12:00:00 AM"
"20477","10230","1/17/2014 12:00:00 AM"
"20478","10237","6/8/2014 12:00:00 AM"
"20479","10290","5/18/2013 12:00:00 AM"
"20480","10301","10/11/2013 12:00:00 AM"
"20481","10304","3/29/2014 12:00:00 AM"
"20482","10318","12/23/2012 12:00:00 AM"
"20483","10324","1/20/2014 12:00:00 AM"
"20484","10333","4/27/2014 12:00:00 AM"
"20485","10356","11/29/2012 12:00:00 AM"
"20486","10360","6/18/2012 12:00:00 AM"
"20487","10364","5/30/2013 12:00:00 AM"
"20488","10430","6/2/2012 12:00:00 AM"
"20489","10499","11/7/2013 12:00:00 AM"
"20490","10509","1/14/2014 12:00:00 AM"
"20491","10524","7/28/2013 12:00:00 AM"
"20492","10569","4/3/2014 12:00:00 AM"
"20493","10605","10/26/2013 12:00:00 AM"
"20494","10617","3/9/2014 12:00:00 AM"
"20495","10648","10/24/2013 12:00:00 AM"
"20496","10652","11/21/2012 12:00:00 AM"
"20497","10685","7/24/2012 12:00:00 AM"
"20498","10697","9/2/2013 12:00:00 AM"
"20499","10699","3/13/2012 12:00:00 AM"
"20500","10737","8/8/2013 12:00:00 AM"
"20501","10743","8/9/2011 12:00:00 AM"
"20502","10756","5/6/2012 12:00:00 AM"
"20503","10758","5/15/2014 12:00:00 AM"
"20504","10759","6/8/2014 12:00:00 AM"
"20505","10775","1/29/2014 12:00:00 AM"
"20506","10800","7/4/2012 12:00:00 AM"
"20507","10802","10/5/2013 12:00:00 AM"
"20508","10836","2/22/2013 12:00:00 AM"
"20509","10869","12/30/2011 12:00:00 AM"
"20510","10874","9/28/2011 12:00:00 AM"
"20511","10902","11/8/2013 12:00:00 AM"
"20512","10941","3/18/2013 12:00:00 AM"
"20513","10961","2/4/2014 12:00:00 AM"
"20514","10989","7/21/2013 12:00:00 AM"
"20515","10998","11/22/2011 12:00:00 AM"
"20516","11003","9/4/2013 12:00:00 AM"
"20517","11013","1/17/2014 12:00:00 AM"
"20518","11033","5/25/2014 12:00:00 AM"
"20519","11043","3/13/2013 12:00:00 AM"
"20520","11052","12/1/2013 12:00:00 AM"
"20521","11070","1/13/2014 12:00:00 AM"
"20522","11074","12/22/2012 12:00:00 AM"
"20523","11083","7/25/2012 12:00:00 AM"
"20524","11126","7/19/2013 12:00:00 AM"
"20525","11132","2/15/2013 12:00:00 AM"
"20526","11156","10/6/2011 12:00:00 AM"
"20527","11157","7/10/2012 12:00:00 AM"
"20528","11162","8/30/2011 12:00:00 AM"
"20529","11170","2/26/2014 12:00:00 AM"
"20530","11184","3/1/2014 12:00:00 AM"
"20531","11192","4/11/2012 12:00:00 AM"
"20532","11216","7/30/2013 12:00:00 AM"
"20533","11231","6/21/2012 12:00:00 AM"
"20534","11242","11/10/2013 12:00:00 AM"
"20535","11248","6/22/2014 12:00:00 AM"
"20536","11262","3/25/2014 12:00:00 AM"
"20537","11299","6/25/2014 12:00:00 AM"
"20538","11335","11/15/2013 12:00:00 AM"
"20539","11358","6/24/2013 12:00:00 AM"
"20540","11391","9/18/2013 12:00:00 AM"
"20541","11440","9/18/2013 12:00:00 AM"
"20542","11453","6/30/2013 12:00:00 AM"
"20543","11473","8/28/2013 12:00:00 AM"
"20544","11486","5/18/2012 12:00:00 AM"
"20545","11491","1/31/2014 12:00:00 AM"
"20546","11498","9/12/2013 12:00:00 AM"
"20547","11510","7/25/2013 12:00:00 AM"
"20548","11532","2/6/2014 12:00:00 AM"
"20549","11537","11/4/2013 12:00:00 AM"
"20550","11559","3/2/2014 12:00:00 AM"
"20551","11560","2/28/2014 12:00:00 AM"
"20552","11601","4/15/2014 12:00:00 AM"
"20553","11606","10/30/2013 12:00:00 AM"
"20554","11641","8/23/2013 12:00:00 AM"
"20555","11654","11/26/2013 12:00:00 AM"
"20556","11659","5/16/2014 12:00:00 AM"
"20557","11693","10/29/2013 12:00:00 AM"
"20558","11710","9/3/2013 12:00:00 AM"
"20559","11714","7/15/2013 12:00:00 AM"
"20560","11738","1/28/2013 12:00:00 AM"
"20561","11797","11/22/2013 12:00:00 AM"
"20562","11823","2/10/2014 12:00:00 AM"
"20563","11845","10/23/2013 12:00:00 AM"
"20564","11869","8/17/2013 12:00:00 AM"
"20565","11924","9/27/2013 12:00:00 AM"
"20566","11931","4/28/2012 12:00:00 AM"
"20567","11939","5/26/2014 12:00:00 AM"
"20568","11980","12/4/2013 12:00:00 AM"
"20569","11986","10/31/2013 12:00:00 AM"
"20570","11991","2/18/2014 12:00:00 AM"
"20571","11995","4/5/2014 12:00:00 AM"
"20572","12016","7/31/2013 12:00:00 AM"
"20573","12017","2/6/2014 12:00:00 AM"
"20574","12048","12/5/2013 12:00:00 AM"
"20575","12072","5/18/2014 12:00:00 AM"
"20576","12076","12/31/2013 12:00:00 AM"
"20577","12133","10/15/2013 12:00:00 AM"
"20578","12167","7/15/2013 12:00:00 AM"
"20579","12176","8/12/2013 12:00:00 AM"
"20580","12197","12/26/2012 12:00:00 AM"
"20581","12220","11/9/2013 12:00:00 AM"
"20582","12237","12/30/2012 12:00:00 AM"
"20583","12238","12/5/2013 12:00:00 AM"
"20584","12239","5/2/2014 12:00:00 AM"
"20585","12275","8/25/2012 12:00:00 AM"
"20586","12292","4/21/2013 12:00:00 AM"
"20587","12297","4/30/2014 12:00:00 AM"
"20588","12321","8/10/2012 12:00:00 AM"
"20589","12326","12/21/2013 12:00:00 AM"
"20590","12343","2/25/2013 12:00:00 AM"
"20591","12384","10/26/2013 12:00:00 AM"
"20592","12390","10/27/2013 12:00:00 AM"
"20593","12428","12/16/2012 12:00:00 AM"
"20594","12464","11/20/2012 12:00:00 AM"
"20595","12478","12/5/2013 12:00:00 AM"
"20596","12481","8/28/2013 12:00:00 AM"
"20597","12518","7/13/2013 12:00:00 AM"
"20598","12537","7/25/2013 12:00:00 AM"
"20599","12544","8/24/2013 12:00:00 AM"
"20600","12578","6/2/2012 12:00:00 AM"
"20601","12579","4/7/2012 12:00:00 AM"
"20602","12592","10/27/2012 12:00:00 AM"
"20603","12602","2/3/2014 12:00:00 AM"
"20604","12642","5/11/2013 12:00:00 AM"
"20605","12653","4/4/2014 12:00:00 AM"
"20606","12663","1/20/2014 12:00:00 AM"
"20607","12684","4/25/2014 12:00:00 AM"
"20608","12718","7/21/2013 12:00:00 AM"
"20609","12731","5/1/2013 12:00:00 AM"
"20610","12748","7/2/2011 12:00:00 AM"
"20611","12803","3/25/2013 12:00:00 AM"
"20612","12805","6/5/2012 12:00:00 AM"
"20613","12809","10/3/2011 12:00:00 AM"
"20614","12821","4/2/2013 12:00:00 AM"
"20615","12830","5/20/2014 12:00:00 AM"
"20616","12838","2/8/2014 12:00:00 AM"
"20617","12898","4/21/2014 12:00:00 AM"
"20618","12943","12/15/2012 12:00:00 AM"
"20619","12948","5/27/2013 12:00:00 AM"
"20620","12951","4/13/2014 12:00:00 AM"
"20621","12971","5/7/2014 12:00:00 AM"
"20622","12995","1/9/2012 12:00:00 AM"
"20623","12997","3/29/2012 12:00:00 AM"
"20624","13037","8/29/2013 12:00:00 AM"
"20625","13038","8/27/2013 12:00:00 AM"
"20626","13061","4/26/2014 12:00:00 AM"
"20627","13071","10/20/2013 12:00:00 AM"
"20628","13153","5/31/2014 12:00:00 AM"
"20629","13174","5/2/2014 12:00:00 AM"
"20630","13177","12/25/2013 12:00:00 AM"
"20631","13218","11/11/2013 12:00:00 AM"
"20632","13257","4/23/2012 12:00:00 AM"
"20633","13310","4/15/2013 12:00:00 AM"
"20634","13324","1/19/2013 12:00:00 AM"
"20635","13355","11/6/2011 12:00:00 AM"
"20636","13378","7/15/2011 12:00:00 AM"
"20637","13408","2/6/2013 12:00:00 AM"
"20638","13450","1/31/2014 12:00:00 AM"
"20639","13455","10/24/2013 12:00:00 AM"
"20640","13460","11/10/2013 12:00:00 AM"
"20641","13465","3/5/2014 12:00:00 AM"
"20642","13496","5/11/2012 12:00:00 AM"
"20643","13560","5/18/2012 12:00:00 AM"
"20644","13561","8/24/2013 12:00:00 AM"
"20645","13564","7/30/2013 12:00:00 AM"
"20646","13602","3/7/2012 12:00:00 AM"
"20647","13614","7/4/2013 12:00:00 AM"
"20648","13615","11/10/2012 12:00:00 AM"
"20649","13630","8/10/2013 12:00:00 AM"
"20650","13647","2/17/2014 12:00:00 AM"
"20651","13649","10/17/2013 12:00:00 AM"
"20652","13685","3/7/2014 12:00:00 AM"
"20653","13686","11/2/2013 12:00:00 AM"
"20654","13722","10/30/2013 12:00:00 AM"
"20655","13726","2/24/2014 12:00:00 AM"
"20656","13727","10/19/2012 12:00:00 AM"
"20657","13735","10/1/2011 12:00:00 AM"
"20658","13736","7/2/2013 12:00:00 AM"
"20659","13741","2/18/2014 12:00:00 AM"
"20660","13749","3/22/2013 12:00:00 AM"
"20661","13769","3/8/2013 12:00:00 AM"
"20662","13780","5/24/2014 12:00:00 AM"
"20663","13782","9/8/2013 12:00:00 AM"
"20664","13793","5/9/2014 12:00:00 AM"
"20665","13839","3/7/2013 12:00:00 AM"
"20666","13887","6/10/2011 12:00:00 AM"
"20667","13943","8/19/2012 12:00:00 AM"
"20668","13972","6/7/2012 12:00:00 AM"
"20669","13977","1/7/2014 12:00:00 AM"
"20670","13981","10/29/2013 12:00:00 AM"
"20671","14001","12/26/2013 12:00:00 AM"
"20672","14006","2/8/2013 12:00:00 AM"
"20673","14036","6/26/2014 12:00:00 AM"
"20674","14038","6/11/2012 12:00:00 AM"
"20675","14048","3/29/2014 12:00:00 AM"
"20676","14081","8/30/2013 12:00:00 AM"
"20677","14106","1/27/2014 12:00:00 AM"
"20678","14112","2/1/2014 12:00:00 AM"
"20679","14127","11/3/2012 12:00:00 AM"
"20680","14134","10/8/2011 12:00:00 AM"
"20681","14142","3/9/2014 12:00:00 AM"
"20682","14154","4/18/2014 12:00:00 AM"
"20683","14177","2/6/2014 12:00:00 AM"
"20684","14193","12/9/2011 12:00:00 AM"
"20685","14274","12/25/2012 12:00:00 AM"
"20686","14348","2/16/2013 12:00:00 AM"
"20687","14360","10/24/2012 12:00:00 AM"
"20688","14367","4/2/2014 12:00:00 AM"
"20689","14458","5/23/2014 12:00:00 AM"
"20690","14459","10/9/2011 12:00:00 AM"
"20691","14482","10/26/2013 12:00:00 AM"
"20692","14504","12/27/2013 12:00:00 AM"
"20693","14505","11/12/2011 12:00:00 AM"
"20694","14541","10/5/2013 12:00:00 AM"
"20695","14544","2/20/2014 12:00:00 AM"
"20696","14550","11/22/2013 12:00:00 AM"
"20697","14579","3/26/2014 12:00:00 AM"
"20698","14585","1/25/2013 12:00:00 AM"
"20699","14600","7/6/2013 12:00:00 AM"
"20700","14607","8/14/2012 12:00:00 AM"
"20701","14661","8/18/2013 12:00:00 AM"
"20702","14701","11/27/2013 12:00:00 AM"
"20703","14718","10/25/2013 12:00:00 AM"
"20704","14755","5/9/2014 12:00:00 AM"
"20705","14762","2/15/2012 12:00:00 AM"
"20706","14776","7/30/2013 12:00:00 AM"
"20707","14791","7/19/2013 12:00:00 AM"
"20708","14829","2/12/2012 12:00:00 AM"
"20709","14830","8/29/2012 12:00:00 AM"
"20710","14841","4/21/2014 12:00:00 AM"
"20711","14858","5/7/2014 12:00:00 AM"
"20712","14860","8/23/2013 12:00:00 AM"
"20713","14876","9/6/2011 12:00:00 AM"
"20714","14924","12/11/2013 12:00:00 AM"
"20715","14952","12/9/2013 12:00:00 AM"
"20716","14979","11/23/2013 12:00:00 AM"
"20717","14982","11/3/2013 12:00:00 AM"
"20718","14984","4/4/2012 12:00:00 AM"
"20719","14990","8/27/2013 12:00:00 AM"
"20720","14999","9/14/2012 12:00:00 AM"
"20721","15034","8/2/2011 12:00:00 AM"
"20722","15056","5/20/2013 12:00:00 AM"
"20723","15074","12/1/2013 12:00:00 AM"
"20724","15080","7/24/2013 12:00:00 AM"
"20725","15099","10/24/2012 12:00:00 AM"
"20726","15122","12/12/2012 12:00:00 AM"
"20727","15157","2/11/2013 12:00:00 AM"
"20728","15169","8/12/2013 12:00:00 AM"
"20729","15234","2/22/2014 12:00:00 AM"
"20730","15258","7/12/2013 12:00:00 AM"
"20731","15276","7/28/2013 12:00:00 AM"
"20732","15301","12/18/2013 12:00:00 AM"
"20733","15332","2/10/2014 12:00:00 AM"
"20734","15352","11/8/2012 12:00:00 AM"
"20735","15362","3/16/2013 12:00:00 AM"
"20736","15405","9/23/2013 12:00:00 AM"
"20737","15436","3/4/2014 12:00:00 AM"
"20738","15497","4/11/2012 12:00:00 AM"
"20739","15515","10/25/2011 12:00:00 AM"
"20740","15517","11/12/2013 12:00:00 AM"
"20741","15598","12/2/2013 12:00:00 AM"
"20742","15621","3/8/2014 12:00:00 AM"
"20743","15632","11/8/2012 12:00:00 AM"
"20744","15656","8/21/2013 12:00:00 AM"
"20745","15657","4/1/2014 12:00:00 AM"
"20746","15705","3/10/2014 12:00:00 AM"
"20747","15709","2/24/2013 12:00:00 AM"
"20748","15736","10/30/2013 12:00:00 AM"
"20749","15754","10/19/2013 12:00:00 AM"
"20750","15811","3/7/2014 12:00:00 AM"
"20751","15832","2/6/2013 12:00:00 AM"
"20752","15845","8/20/2013 12:00:00 AM"
"20753","15872","10/31/2013 12:00:00 AM"
"20754","15890","6/8/2012 12:00:00 AM"
"20755","15922","12/1/2013 12:00:00 AM"
"20756","15970","3/28/2013 12:00:00 AM"
"20757","15980","11/11/2013 12:00:00 AM"
"20758","15983","3/5/2014 12:00:00 AM"
"20759","16000","5/27/2014 12:00:00 AM"
"20760","16002","3/8/2014 12:00:00 AM"
"20761","16026","3/19/2014 12:00:00 AM"
"20762","16049","4/15/2014 12:00:00 AM"
"20763","16052","5/10/2014 12:00:00 AM"
"20764","16069","3/1/2013 12:00:00 AM"
"20765","16075","4/15/2014 12:00:00 AM"
"20766","16095","5/6/2013 12:00:00 AM"
"20767","16156","3/17/2014 12:00:00 AM"
"20768","16157","2/15/2014 12:00:00 AM"
"20769","16169","11/8/2013 12:00:00 AM"
"20770","16189","2/2/2012 12:00:00 AM"
"20771","16274","10/24/2013 12:00:00 AM"
"20772","16290","5/22/2012 12:00:00 AM"
"20773","16305","3/19/2014 12:00:00 AM"
"20774","16309","7/29/2013 12:00:00 AM"
"20775","16317","3/12/2014 12:00:00 AM"
"20776","16347","1/14/2014 12:00:00 AM"
"20777","16363","10/16/2013 12:00:00 AM"
