"SalesOrderID","SalesReasonID","ModifiedDate"
"43697","5","5/31/2011 12:00:00 AM"
"43697","9","5/31/2011 12:00:00 AM"
"43702","5","6/1/2011 12:00:00 AM"
"43702","9","6/1/2011 12:00:00 AM"
"43703","5","6/1/2011 12:00:00 AM"
"43703","9","6/1/2011 12:00:00 AM"
"43706","5","6/2/2011 12:00:00 AM"
"43706","9","6/2/2011 12:00:00 AM"
"43707","5","6/2/2011 12:00:00 AM"
"43707","9","6/2/2011 12:00:00 AM"
"43709","5","6/2/2011 12:00:00 AM"
"43709","9","6/2/2011 12:00:00 AM"
"43710","5","6/2/2011 12:00:00 AM"
"43710","9","6/2/2011 12:00:00 AM"
"43711","5","6/3/2011 12:00:00 AM"
"43711","9","6/3/2011 12:00:00 AM"
"43712","5","6/3/2011 12:00:00 AM"
"43712","9","6/3/2011 12:00:00 AM"
"43713","5","6/4/2011 12:00:00 AM"
"43713","9","6/4/2011 12:00:00 AM"
"43714","5","6/4/2011 12:00:00 AM"
"43714","9","6/4/2011 12:00:00 AM"
"43715","5","6/4/2011 12:00:00 AM"
"43715","9","6/4/2011 12:00:00 AM"
"43716","5","6/4/2011 12:00:00 AM"
"43716","9","6/4/2011 12:00:00 AM"
"43718","5","6/5/2011 12:00:00 AM"
"43718","9","6/5/2011 12:00:00 AM"
"43719","5","6/5/2011 12:00:00 AM"
"43719","9","6/5/2011 12:00:00 AM"
"43720","5","6/5/2011 12:00:00 AM"
"43720","9","6/5/2011 12:00:00 AM"
"43721","5","6/5/2011 12:00:00 AM"
"43721","9","6/5/2011 12:00:00 AM"
"43722","5","6/6/2011 12:00:00 AM"
"43722","9","6/6/2011 12:00:00 AM"
"43724","5","6/6/2011 12:00:00 AM"
"43724","9","6/6/2011 12:00:00 AM"
"43725","5","6/7/2011 12:00:00 AM"
"43725","9","6/7/2011 12:00:00 AM"
"43727","5","6/7/2011 12:00:00 AM"
"43727","9","6/7/2011 12:00:00 AM"
"43728","5","6/8/2011 12:00:00 AM"
"43728","9","6/8/2011 12:00:00 AM"
"43731","5","6/8/2011 12:00:00 AM"
"43731","9","6/8/2011 12:00:00 AM"
"43733","5","6/8/2011 12:00:00 AM"
"43733","9","6/8/2011 12:00:00 AM"
"43734","5","6/9/2011 12:00:00 AM"
"43734","9","6/9/2011 12:00:00 AM"
"43735","5","6/9/2011 12:00:00 AM"
"43735","9","6/9/2011 12:00:00 AM"
"43737","5","6/10/2011 12:00:00 AM"
"43737","9","6/10/2011 12:00:00 AM"
"43738","5","6/10/2011 12:00:00 AM"
"43738","9","6/10/2011 12:00:00 AM"
"43739","5","6/10/2011 12:00:00 AM"
"43739","9","6/10/2011 12:00:00 AM"
"43740","5","6/10/2011 12:00:00 AM"
"43740","9","6/10/2011 12:00:00 AM"
"43741","5","6/11/2011 12:00:00 AM"
"43741","9","6/11/2011 12:00:00 AM"
"43742","5","6/11/2011 12:00:00 AM"
"43742","9","6/11/2011 12:00:00 AM"
"43744","5","6/11/2011 12:00:00 AM"
"43744","9","6/11/2011 12:00:00 AM"
"43745","5","6/12/2011 12:00:00 AM"
"43745","9","6/12/2011 12:00:00 AM"
"43746","5","6/12/2011 12:00:00 AM"
"43746","9","6/12/2011 12:00:00 AM"
"43747","5","6/13/2011 12:00:00 AM"
"43747","9","6/13/2011 12:00:00 AM"
"43748","5","6/13/2011 12:00:00 AM"
"43748","9","6/13/2011 12:00:00 AM"
"43749","5","6/13/2011 12:00:00 AM"
"43749","9","6/13/2011 12:00:00 AM"
"43750","5","6/13/2011 12:00:00 AM"
"43750","9","6/13/2011 12:00:00 AM"
"43751","5","6/13/2011 12:00:00 AM"
"43751","9","6/13/2011 12:00:00 AM"
"43752","5","6/13/2011 12:00:00 AM"
"43752","9","6/13/2011 12:00:00 AM"
"43753","5","6/13/2011 12:00:00 AM"
"43753","9","6/13/2011 12:00:00 AM"
"43754","5","6/14/2011 12:00:00 AM"
"43754","9","6/14/2011 12:00:00 AM"
"43755","5","6/14/2011 12:00:00 AM"
"43755","9","6/14/2011 12:00:00 AM"
"43758","5","6/15/2011 12:00:00 AM"
"43758","9","6/15/2011 12:00:00 AM"
"43759","5","6/15/2011 12:00:00 AM"
"43759","9","6/15/2011 12:00:00 AM"
"43760","5","6/15/2011 12:00:00 AM"
"43760","9","6/15/2011 12:00:00 AM"
"43761","5","6/15/2011 12:00:00 AM"
"43761","9","6/15/2011 12:00:00 AM"
"43762","5","6/16/2011 12:00:00 AM"
"43762","9","6/16/2011 12:00:00 AM"
"43763","5","6/16/2011 12:00:00 AM"
"43763","9","6/16/2011 12:00:00 AM"
"43764","5","6/16/2011 12:00:00 AM"
"43764","9","6/16/2011 12:00:00 AM"
"43766","5","6/17/2011 12:00:00 AM"
"43766","9","6/17/2011 12:00:00 AM"
"43768","5","6/18/2011 12:00:00 AM"
"43768","9","6/18/2011 12:00:00 AM"
"43769","5","6/18/2011 12:00:00 AM"
"43769","9","6/18/2011 12:00:00 AM"
"43770","5","6/18/2011 12:00:00 AM"
"43770","9","6/18/2011 12:00:00 AM"
"43772","5","6/18/2011 12:00:00 AM"
"43772","9","6/18/2011 12:00:00 AM"
"43773","5","6/18/2011 12:00:00 AM"
"43773","9","6/18/2011 12:00:00 AM"
"43774","5","6/18/2011 12:00:00 AM"
"43774","9","6/18/2011 12:00:00 AM"
"43776","5","6/19/2011 12:00:00 AM"
"43776","9","6/19/2011 12:00:00 AM"
"43777","5","6/19/2011 12:00:00 AM"
"43777","9","6/19/2011 12:00:00 AM"
"43780","5","6/20/2011 12:00:00 AM"
"43780","9","6/20/2011 12:00:00 AM"
"43781","5","6/20/2011 12:00:00 AM"
"43781","9","6/20/2011 12:00:00 AM"
"43782","5","6/20/2011 12:00:00 AM"
"43782","9","6/20/2011 12:00:00 AM"
"43783","5","6/20/2011 12:00:00 AM"
"43783","9","6/20/2011 12:00:00 AM"
"43784","5","6/21/2011 12:00:00 AM"
"43784","9","6/21/2011 12:00:00 AM"
"43785","5","6/21/2011 12:00:00 AM"
"43785","9","6/21/2011 12:00:00 AM"
"43786","5","6/21/2011 12:00:00 AM"
"43786","9","6/21/2011 12:00:00 AM"
"43791","5","6/21/2011 12:00:00 AM"
"43791","9","6/21/2011 12:00:00 AM"
"43792","5","6/21/2011 12:00:00 AM"
"43792","9","6/21/2011 12:00:00 AM"
"43795","5","6/22/2011 12:00:00 AM"
"43795","9","6/22/2011 12:00:00 AM"
"43797","5","6/22/2011 12:00:00 AM"
"43797","9","6/22/2011 12:00:00 AM"
"43798","5","6/22/2011 12:00:00 AM"
"43798","9","6/22/2011 12:00:00 AM"
"43799","5","6/22/2011 12:00:00 AM"
"43799","9","6/22/2011 12:00:00 AM"
"43800","5","6/23/2011 12:00:00 AM"
"43800","9","6/23/2011 12:00:00 AM"
"43801","5","6/23/2011 12:00:00 AM"
"43801","9","6/23/2011 12:00:00 AM"
"43802","5","6/23/2011 12:00:00 AM"
"43802","9","6/23/2011 12:00:00 AM"
"43803","5","6/24/2011 12:00:00 AM"
"43803","9","6/24/2011 12:00:00 AM"
"43804","5","6/24/2011 12:00:00 AM"
"43804","9","6/24/2011 12:00:00 AM"
"43806","5","6/24/2011 12:00:00 AM"
"43806","9","6/24/2011 12:00:00 AM"
"43807","5","6/25/2011 12:00:00 AM"
"43807","9","6/25/2011 12:00:00 AM"
"43808","5","6/25/2011 12:00:00 AM"
"43808","9","6/25/2011 12:00:00 AM"
"43809","5","6/25/2011 12:00:00 AM"
"43809","9","6/25/2011 12:00:00 AM"
"43812","5","6/26/2011 12:00:00 AM"
"43812","9","6/26/2011 12:00:00 AM"
"43815","5","6/26/2011 12:00:00 AM"
"43815","9","6/26/2011 12:00:00 AM"
"43816","5","6/26/2011 12:00:00 AM"
"43816","9","6/26/2011 12:00:00 AM"
"43817","5","6/26/2011 12:00:00 AM"
"43817","9","6/26/2011 12:00:00 AM"
"43818","5","6/26/2011 12:00:00 AM"
"43818","9","6/26/2011 12:00:00 AM"
"43820","5","6/27/2011 12:00:00 AM"
"43820","9","6/27/2011 12:00:00 AM"
"43821","5","6/27/2011 12:00:00 AM"
"43821","9","6/27/2011 12:00:00 AM"
"43822","5","6/27/2011 12:00:00 AM"
"43822","9","6/27/2011 12:00:00 AM"
"43825","5","6/27/2011 12:00:00 AM"
"43825","9","6/27/2011 12:00:00 AM"
"43828","5","6/28/2011 12:00:00 AM"
"43828","9","6/28/2011 12:00:00 AM"
"43829","5","6/28/2011 12:00:00 AM"
"43829","9","6/28/2011 12:00:00 AM"
"43830","5","6/28/2011 12:00:00 AM"
"43830","9","6/28/2011 12:00:00 AM"
"43832","5","6/28/2011 12:00:00 AM"
"43832","9","6/28/2011 12:00:00 AM"
"43833","5","6/29/2011 12:00:00 AM"
"43833","9","6/29/2011 12:00:00 AM"
"43838","5","6/30/2011 12:00:00 AM"
"43838","9","6/30/2011 12:00:00 AM"
"43839","5","6/30/2011 12:00:00 AM"
"43839","9","6/30/2011 12:00:00 AM"
"43841","5","6/30/2011 12:00:00 AM"
"43841","9","6/30/2011 12:00:00 AM"
"43842","5","6/30/2011 12:00:00 AM"
"43842","9","6/30/2011 12:00:00 AM"
"43918","5","7/1/2011 12:00:00 AM"
"43918","9","7/1/2011 12:00:00 AM"
"43919","5","7/1/2011 12:00:00 AM"
"43919","9","7/1/2011 12:00:00 AM"
"43920","5","7/1/2011 12:00:00 AM"
"43920","9","7/1/2011 12:00:00 AM"
"43921","5","7/1/2011 12:00:00 AM"
"43921","9","7/1/2011 12:00:00 AM"
"43922","5","7/1/2011 12:00:00 AM"
"43922","9","7/1/2011 12:00:00 AM"
"43923","5","7/2/2011 12:00:00 AM"
"43923","9","7/2/2011 12:00:00 AM"
"43924","5","7/2/2011 12:00:00 AM"
"43924","9","7/2/2011 12:00:00 AM"
"43925","5","7/2/2011 12:00:00 AM"
"43925","9","7/2/2011 12:00:00 AM"
"43927","5","7/3/2011 12:00:00 AM"
"43927","9","7/3/2011 12:00:00 AM"
"43928","5","7/3/2011 12:00:00 AM"
"43928","9","7/3/2011 12:00:00 AM"
"43930","5","7/4/2011 12:00:00 AM"
"43930","9","7/4/2011 12:00:00 AM"
"43931","5","7/4/2011 12:00:00 AM"
"43931","9","7/4/2011 12:00:00 AM"
"43932","5","7/4/2011 12:00:00 AM"
"43932","9","7/4/2011 12:00:00 AM"
"43936","5","7/5/2011 12:00:00 AM"
"43936","9","7/5/2011 12:00:00 AM"
"43937","5","7/5/2011 12:00:00 AM"
"43937","9","7/5/2011 12:00:00 AM"
"43938","5","7/5/2011 12:00:00 AM"
"43938","9","7/5/2011 12:00:00 AM"
"43939","5","7/5/2011 12:00:00 AM"
"43939","9","7/5/2011 12:00:00 AM"
"43941","5","7/6/2011 12:00:00 AM"
"43941","9","7/6/2011 12:00:00 AM"
"43942","5","7/6/2011 12:00:00 AM"
"43942","9","7/6/2011 12:00:00 AM"
"43945","5","7/6/2011 12:00:00 AM"
"43945","9","7/6/2011 12:00:00 AM"
"43946","5","7/6/2011 12:00:00 AM"
"43946","9","7/6/2011 12:00:00 AM"
"43947","5","7/6/2011 12:00:00 AM"
"43947","9","7/6/2011 12:00:00 AM"
"43949","5","7/7/2011 12:00:00 AM"
"43949","9","7/7/2011 12:00:00 AM"
"43950","5","7/7/2011 12:00:00 AM"
"43950","9","7/7/2011 12:00:00 AM"
"43951","5","7/7/2011 12:00:00 AM"
"43951","9","7/7/2011 12:00:00 AM"
"43952","5","7/7/2011 12:00:00 AM"
"43952","9","7/7/2011 12:00:00 AM"
"43954","5","7/8/2011 12:00:00 AM"
"43954","9","7/8/2011 12:00:00 AM"
"43955","5","7/8/2011 12:00:00 AM"
"43955","9","7/8/2011 12:00:00 AM"
"43957","5","7/9/2011 12:00:00 AM"
"43957","9","7/9/2011 12:00:00 AM"
"43958","5","7/9/2011 12:00:00 AM"
"43958","9","7/9/2011 12:00:00 AM"
"43961","5","7/10/2011 12:00:00 AM"
"43961","9","7/10/2011 12:00:00 AM"
"43962","5","7/10/2011 12:00:00 AM"
"43962","9","7/10/2011 12:00:00 AM"
"43963","5","7/10/2011 12:00:00 AM"
"43963","9","7/10/2011 12:00:00 AM"
"43964","5","7/10/2011 12:00:00 AM"
"43964","9","7/10/2011 12:00:00 AM"
"43967","5","7/11/2011 12:00:00 AM"
"43967","9","7/11/2011 12:00:00 AM"
"43968","5","7/11/2011 12:00:00 AM"
"43968","9","7/11/2011 12:00:00 AM"
"43969","5","7/11/2011 12:00:00 AM"
"43969","9","7/11/2011 12:00:00 AM"
"43970","5","7/11/2011 12:00:00 AM"
"43970","9","7/11/2011 12:00:00 AM"
"43971","5","7/11/2011 12:00:00 AM"
"43971","9","7/11/2011 12:00:00 AM"
"43972","5","7/12/2011 12:00:00 AM"
"43972","9","7/12/2011 12:00:00 AM"
"43973","5","7/12/2011 12:00:00 AM"
"43973","9","7/12/2011 12:00:00 AM"
"43974","5","7/12/2011 12:00:00 AM"
"43974","9","7/12/2011 12:00:00 AM"
"43975","5","7/12/2011 12:00:00 AM"
"43975","9","7/12/2011 12:00:00 AM"
"43976","5","7/12/2011 12:00:00 AM"
"43976","9","7/12/2011 12:00:00 AM"
"43977","5","7/12/2011 12:00:00 AM"
"43977","9","7/12/2011 12:00:00 AM"
"43978","5","7/13/2011 12:00:00 AM"
"43978","9","7/13/2011 12:00:00 AM"
"43981","5","7/13/2011 12:00:00 AM"
"43981","9","7/13/2011 12:00:00 AM"
"43983","5","7/14/2011 12:00:00 AM"
"43983","9","7/14/2011 12:00:00 AM"
"43984","5","7/14/2011 12:00:00 AM"
"43984","9","7/14/2011 12:00:00 AM"
"43985","5","7/14/2011 12:00:00 AM"
"43985","9","7/14/2011 12:00:00 AM"
"43986","5","7/14/2011 12:00:00 AM"
"43986","9","7/14/2011 12:00:00 AM"
"43987","5","7/15/2011 12:00:00 AM"
"43987","9","7/15/2011 12:00:00 AM"
"43989","5","7/15/2011 12:00:00 AM"
"43989","9","7/15/2011 12:00:00 AM"
"43991","5","7/15/2011 12:00:00 AM"
"43991","9","7/15/2011 12:00:00 AM"
"43992","5","7/15/2011 12:00:00 AM"
"43992","9","7/15/2011 12:00:00 AM"
"43993","5","7/17/2011 12:00:00 AM"
"43993","9","7/17/2011 12:00:00 AM"
"43994","5","7/18/2011 12:00:00 AM"
"43994","9","7/18/2011 12:00:00 AM"
"43995","5","7/18/2011 12:00:00 AM"
"43995","9","7/18/2011 12:00:00 AM"
"43996","5","7/18/2011 12:00:00 AM"
"43996","9","7/18/2011 12:00:00 AM"
"43997","5","7/18/2011 12:00:00 AM"
"43997","9","7/18/2011 12:00:00 AM"
"43999","5","7/18/2011 12:00:00 AM"
"43999","9","7/18/2011 12:00:00 AM"
"44000","5","7/19/2011 12:00:00 AM"
"44000","9","7/19/2011 12:00:00 AM"
"44001","5","7/19/2011 12:00:00 AM"
"44001","9","7/19/2011 12:00:00 AM"
"44004","5","7/19/2011 12:00:00 AM"
"44004","9","7/19/2011 12:00:00 AM"
"44006","5","7/19/2011 12:00:00 AM"
"44006","9","7/19/2011 12:00:00 AM"
"44008","5","7/20/2011 12:00:00 AM"
"44008","9","7/20/2011 12:00:00 AM"
"44009","5","7/20/2011 12:00:00 AM"
"44009","9","7/20/2011 12:00:00 AM"
"44010","5","7/20/2011 12:00:00 AM"
"44010","9","7/20/2011 12:00:00 AM"
"44011","5","7/20/2011 12:00:00 AM"
"44011","9","7/20/2011 12:00:00 AM"
"44013","5","7/20/2011 12:00:00 AM"
"44013","9","7/20/2011 12:00:00 AM"
"44014","5","7/21/2011 12:00:00 AM"
"44014","9","7/21/2011 12:00:00 AM"
"44015","5","7/21/2011 12:00:00 AM"
"44015","9","7/21/2011 12:00:00 AM"
"44017","5","7/21/2011 12:00:00 AM"
"44017","9","7/21/2011 12:00:00 AM"
"44019","5","7/21/2011 12:00:00 AM"
"44019","9","7/21/2011 12:00:00 AM"
"44020","5","7/21/2011 12:00:00 AM"
"44020","9","7/21/2011 12:00:00 AM"
"44022","5","7/22/2011 12:00:00 AM"
"44022","9","7/22/2011 12:00:00 AM"
"44024","5","7/22/2011 12:00:00 AM"
"44024","9","7/22/2011 12:00:00 AM"
"44025","5","7/22/2011 12:00:00 AM"
"44025","9","7/22/2011 12:00:00 AM"
"44026","5","7/22/2011 12:00:00 AM"
"44026","9","7/22/2011 12:00:00 AM"
"44027","5","7/23/2011 12:00:00 AM"
"44027","9","7/23/2011 12:00:00 AM"
"44028","5","7/23/2011 12:00:00 AM"
"44028","9","7/23/2011 12:00:00 AM"
"44030","5","7/24/2011 12:00:00 AM"
"44030","9","7/24/2011 12:00:00 AM"
"44031","5","7/24/2011 12:00:00 AM"
"44031","9","7/24/2011 12:00:00 AM"
"44033","5","7/24/2011 12:00:00 AM"
"44033","9","7/24/2011 12:00:00 AM"
"44034","5","7/24/2011 12:00:00 AM"
"44034","9","7/24/2011 12:00:00 AM"
"44035","5","7/24/2011 12:00:00 AM"
"44035","9","7/24/2011 12:00:00 AM"
"44036","5","7/24/2011 12:00:00 AM"
"44036","9","7/24/2011 12:00:00 AM"
"44041","5","7/25/2011 12:00:00 AM"
"44041","9","7/25/2011 12:00:00 AM"
"44042","5","7/26/2011 12:00:00 AM"
"44042","9","7/26/2011 12:00:00 AM"
"44043","5","7/26/2011 12:00:00 AM"
"44043","9","7/26/2011 12:00:00 AM"
"44044","5","7/26/2011 12:00:00 AM"
"44044","9","7/26/2011 12:00:00 AM"
"44046","5","7/26/2011 12:00:00 AM"
"44046","9","7/26/2011 12:00:00 AM"
"44048","5","7/26/2011 12:00:00 AM"
"44048","9","7/26/2011 12:00:00 AM"
"44049","5","7/27/2011 12:00:00 AM"
"44049","9","7/27/2011 12:00:00 AM"
"44050","5","7/27/2011 12:00:00 AM"
"44050","9","7/27/2011 12:00:00 AM"
"44051","5","7/28/2011 12:00:00 AM"
"44051","9","7/28/2011 12:00:00 AM"
"44052","5","7/28/2011 12:00:00 AM"
"44052","9","7/28/2011 12:00:00 AM"
"44054","5","7/29/2011 12:00:00 AM"
"44054","9","7/29/2011 12:00:00 AM"
"44055","5","7/29/2011 12:00:00 AM"
"44055","9","7/29/2011 12:00:00 AM"
"44056","5","7/29/2011 12:00:00 AM"
"44056","9","7/29/2011 12:00:00 AM"
"44059","5","7/29/2011 12:00:00 AM"
"44059","9","7/29/2011 12:00:00 AM"
"44061","5","7/30/2011 12:00:00 AM"
"44061","9","7/30/2011 12:00:00 AM"
"44062","5","7/30/2011 12:00:00 AM"
"44062","9","7/30/2011 12:00:00 AM"
"44064","5","7/30/2011 12:00:00 AM"
"44064","9","7/30/2011 12:00:00 AM"
"44065","5","7/30/2011 12:00:00 AM"
"44065","9","7/30/2011 12:00:00 AM"
"44067","5","7/30/2011 12:00:00 AM"
"44067","9","7/30/2011 12:00:00 AM"
"44068","5","7/31/2011 12:00:00 AM"
"44068","9","7/31/2011 12:00:00 AM"
"44071","5","7/31/2011 12:00:00 AM"
"44071","9","7/31/2011 12:00:00 AM"
"44072","5","7/31/2011 12:00:00 AM"
"44072","9","7/31/2011 12:00:00 AM"
"44134","5","8/1/2011 12:00:00 AM"
"44134","9","8/1/2011 12:00:00 AM"
"44135","5","8/1/2011 12:00:00 AM"
"44135","9","8/1/2011 12:00:00 AM"
"44136","5","8/1/2011 12:00:00 AM"
"44136","9","8/1/2011 12:00:00 AM"
"44137","5","8/1/2011 12:00:00 AM"
"44137","9","8/1/2011 12:00:00 AM"
"44138","5","8/2/2011 12:00:00 AM"
"44138","9","8/2/2011 12:00:00 AM"
"44139","5","8/2/2011 12:00:00 AM"
"44139","9","8/2/2011 12:00:00 AM"
"44140","5","8/2/2011 12:00:00 AM"
"44140","9","8/2/2011 12:00:00 AM"
"44141","5","8/2/2011 12:00:00 AM"
"44141","9","8/2/2011 12:00:00 AM"
"44142","5","8/2/2011 12:00:00 AM"
"44142","9","8/2/2011 12:00:00 AM"
"44143","5","8/2/2011 12:00:00 AM"
"44143","9","8/2/2011 12:00:00 AM"
"44144","5","8/2/2011 12:00:00 AM"
"44144","9","8/2/2011 12:00:00 AM"
"44145","5","8/2/2011 12:00:00 AM"
"44145","9","8/2/2011 12:00:00 AM"
"44146","5","8/2/2011 12:00:00 AM"
"44146","9","8/2/2011 12:00:00 AM"
"44147","5","8/2/2011 12:00:00 AM"
"44147","9","8/2/2011 12:00:00 AM"
"44148","5","8/3/2011 12:00:00 AM"
"44148","9","8/3/2011 12:00:00 AM"
"44149","5","8/3/2011 12:00:00 AM"
"44149","9","8/3/2011 12:00:00 AM"
"44150","5","8/3/2011 12:00:00 AM"
"44150","9","8/3/2011 12:00:00 AM"
"44153","5","8/4/2011 12:00:00 AM"
"44153","9","8/4/2011 12:00:00 AM"
"44154","5","8/4/2011 12:00:00 AM"
"44154","9","8/4/2011 12:00:00 AM"
"44155","5","8/4/2011 12:00:00 AM"
"44155","9","8/4/2011 12:00:00 AM"
"44157","5","8/4/2011 12:00:00 AM"
"44157","9","8/4/2011 12:00:00 AM"
"44158","5","8/5/2011 12:00:00 AM"
"44158","9","8/5/2011 12:00:00 AM"
"44159","5","8/5/2011 12:00:00 AM"
"44159","9","8/5/2011 12:00:00 AM"
"44160","5","8/5/2011 12:00:00 AM"
"44160","9","8/5/2011 12:00:00 AM"
"44161","5","8/6/2011 12:00:00 AM"
"44161","9","8/6/2011 12:00:00 AM"
"44162","5","8/6/2011 12:00:00 AM"
"44162","9","8/6/2011 12:00:00 AM"
"44163","5","8/6/2011 12:00:00 AM"
"44163","9","8/6/2011 12:00:00 AM"
"44164","5","8/6/2011 12:00:00 AM"
"44164","9","8/6/2011 12:00:00 AM"
"44165","5","8/6/2011 12:00:00 AM"
"44165","9","8/6/2011 12:00:00 AM"
"44167","5","8/6/2011 12:00:00 AM"
"44167","9","8/6/2011 12:00:00 AM"
"44168","5","8/7/2011 12:00:00 AM"
"44168","9","8/7/2011 12:00:00 AM"
"44169","5","8/7/2011 12:00:00 AM"
"44169","9","8/7/2011 12:00:00 AM"
"44170","5","8/7/2011 12:00:00 AM"
"44170","9","8/7/2011 12:00:00 AM"
"44171","5","8/7/2011 12:00:00 AM"
"44171","9","8/7/2011 12:00:00 AM"
"44173","5","8/8/2011 12:00:00 AM"
"44173","9","8/8/2011 12:00:00 AM"
"44174","5","8/8/2011 12:00:00 AM"
"44174","9","8/8/2011 12:00:00 AM"
"44175","5","8/8/2011 12:00:00 AM"
"44175","9","8/8/2011 12:00:00 AM"
"44176","5","8/9/2011 12:00:00 AM"
"44176","9","8/9/2011 12:00:00 AM"
"44178","5","8/9/2011 12:00:00 AM"
"44178","9","8/9/2011 12:00:00 AM"
"44181","5","8/9/2011 12:00:00 AM"
"44181","9","8/9/2011 12:00:00 AM"
"44182","5","8/9/2011 12:00:00 AM"
"44182","9","8/9/2011 12:00:00 AM"
"44183","5","8/10/2011 12:00:00 AM"
"44183","9","8/10/2011 12:00:00 AM"
"44184","5","8/10/2011 12:00:00 AM"
"44184","9","8/10/2011 12:00:00 AM"
"44185","5","8/10/2011 12:00:00 AM"
"44185","9","8/10/2011 12:00:00 AM"
"44187","5","8/12/2011 12:00:00 AM"
"44187","9","8/12/2011 12:00:00 AM"
"44191","5","8/13/2011 12:00:00 AM"
"44191","9","8/13/2011 12:00:00 AM"
"44192","5","8/14/2011 12:00:00 AM"
"44192","9","8/14/2011 12:00:00 AM"
"44193","5","8/14/2011 12:00:00 AM"
"44193","9","8/14/2011 12:00:00 AM"
"44194","5","8/14/2011 12:00:00 AM"
"44194","9","8/14/2011 12:00:00 AM"
"44195","5","8/14/2011 12:00:00 AM"
"44195","9","8/14/2011 12:00:00 AM"
"44196","5","8/14/2011 12:00:00 AM"
"44196","9","8/14/2011 12:00:00 AM"
"44197","5","8/15/2011 12:00:00 AM"
"44197","9","8/15/2011 12:00:00 AM"
"44198","5","8/15/2011 12:00:00 AM"
"44198","9","8/15/2011 12:00:00 AM"
"44199","5","8/15/2011 12:00:00 AM"
"44199","9","8/15/2011 12:00:00 AM"
"44200","5","8/15/2011 12:00:00 AM"
"44200","9","8/15/2011 12:00:00 AM"
"44201","5","8/16/2011 12:00:00 AM"
"44201","9","8/16/2011 12:00:00 AM"
"44202","5","8/16/2011 12:00:00 AM"
"44202","9","8/16/2011 12:00:00 AM"
"44203","5","8/16/2011 12:00:00 AM"
"44203","9","8/16/2011 12:00:00 AM"
"44205","5","8/16/2011 12:00:00 AM"
"44205","9","8/16/2011 12:00:00 AM"
"44207","5","8/17/2011 12:00:00 AM"
"44207","9","8/17/2011 12:00:00 AM"
"44209","5","8/17/2011 12:00:00 AM"
"44209","9","8/17/2011 12:00:00 AM"
"44210","5","8/18/2011 12:00:00 AM"
"44210","9","8/18/2011 12:00:00 AM"
"44211","5","8/18/2011 12:00:00 AM"
"44211","9","8/18/2011 12:00:00 AM"
"44212","5","8/18/2011 12:00:00 AM"
"44212","9","8/18/2011 12:00:00 AM"
"44213","5","8/18/2011 12:00:00 AM"
"44213","9","8/18/2011 12:00:00 AM"
"44214","5","8/18/2011 12:00:00 AM"
"44214","9","8/18/2011 12:00:00 AM"
"44215","5","8/19/2011 12:00:00 AM"
"44215","9","8/19/2011 12:00:00 AM"
"44216","5","8/19/2011 12:00:00 AM"
"44216","9","8/19/2011 12:00:00 AM"
"44217","5","8/19/2011 12:00:00 AM"
"44217","9","8/19/2011 12:00:00 AM"
"44218","5","8/19/2011 12:00:00 AM"
"44218","9","8/19/2011 12:00:00 AM"
"44221","5","8/19/2011 12:00:00 AM"
"44221","9","8/19/2011 12:00:00 AM"
"44222","5","8/19/2011 12:00:00 AM"
"44222","9","8/19/2011 12:00:00 AM"
"44223","5","8/20/2011 12:00:00 AM"
"44223","9","8/20/2011 12:00:00 AM"
"44224","5","8/20/2011 12:00:00 AM"
"44224","9","8/20/2011 12:00:00 AM"
"44226","5","8/21/2011 12:00:00 AM"
"44226","9","8/21/2011 12:00:00 AM"
"44230","5","8/21/2011 12:00:00 AM"
"44230","9","8/21/2011 12:00:00 AM"
"44232","5","8/21/2011 12:00:00 AM"
"44232","9","8/21/2011 12:00:00 AM"
"44233","5","8/22/2011 12:00:00 AM"
"44233","9","8/22/2011 12:00:00 AM"
"44234","5","8/22/2011 12:00:00 AM"
"44234","9","8/22/2011 12:00:00 AM"
"44235","5","8/22/2011 12:00:00 AM"
"44235","9","8/22/2011 12:00:00 AM"
"44236","5","8/22/2011 12:00:00 AM"
"44236","9","8/22/2011 12:00:00 AM"
"44237","5","8/22/2011 12:00:00 AM"
"44237","9","8/22/2011 12:00:00 AM"
"44238","5","8/22/2011 12:00:00 AM"
"44238","9","8/22/2011 12:00:00 AM"
"44239","5","8/23/2011 12:00:00 AM"
"44239","9","8/23/2011 12:00:00 AM"
"44240","5","8/23/2011 12:00:00 AM"
"44240","9","8/23/2011 12:00:00 AM"
"44241","5","8/23/2011 12:00:00 AM"
"44241","9","8/23/2011 12:00:00 AM"
"44242","5","8/23/2011 12:00:00 AM"
"44242","9","8/23/2011 12:00:00 AM"
"44243","5","8/23/2011 12:00:00 AM"
"44243","9","8/23/2011 12:00:00 AM"
"44244","5","8/23/2011 12:00:00 AM"
"44244","9","8/23/2011 12:00:00 AM"
"44246","5","8/24/2011 12:00:00 AM"
"44246","9","8/24/2011 12:00:00 AM"
"44247","5","8/24/2011 12:00:00 AM"
"44247","9","8/24/2011 12:00:00 AM"
"44248","5","8/24/2011 12:00:00 AM"
"44248","9","8/24/2011 12:00:00 AM"
"44249","5","8/25/2011 12:00:00 AM"
"44249","9","8/25/2011 12:00:00 AM"
"44250","5","8/25/2011 12:00:00 AM"
"44250","9","8/25/2011 12:00:00 AM"
"44251","5","8/25/2011 12:00:00 AM"
"44251","9","8/25/2011 12:00:00 AM"
"44252","5","8/26/2011 12:00:00 AM"
"44252","9","8/26/2011 12:00:00 AM"
"44253","5","8/26/2011 12:00:00 AM"
"44253","9","8/26/2011 12:00:00 AM"
"44254","5","8/26/2011 12:00:00 AM"
"44254","9","8/26/2011 12:00:00 AM"
"44256","5","8/26/2011 12:00:00 AM"
"44256","9","8/26/2011 12:00:00 AM"
"44257","5","8/27/2011 12:00:00 AM"
"44257","9","8/27/2011 12:00:00 AM"
"44258","5","8/27/2011 12:00:00 AM"
"44258","9","8/27/2011 12:00:00 AM"
"44259","5","8/27/2011 12:00:00 AM"
"44259","9","8/27/2011 12:00:00 AM"
"44260","5","8/27/2011 12:00:00 AM"
"44260","9","8/27/2011 12:00:00 AM"
"44261","5","8/27/2011 12:00:00 AM"
"44261","9","8/27/2011 12:00:00 AM"
"44263","5","8/27/2011 12:00:00 AM"
"44263","9","8/27/2011 12:00:00 AM"
"44264","5","8/27/2011 12:00:00 AM"
"44264","9","8/27/2011 12:00:00 AM"
"44268","5","8/28/2011 12:00:00 AM"
"44268","9","8/28/2011 12:00:00 AM"
"44270","5","8/30/2011 12:00:00 AM"
"44270","9","8/30/2011 12:00:00 AM"
"44271","5","8/30/2011 12:00:00 AM"
"44271","9","8/30/2011 12:00:00 AM"
"44272","5","8/30/2011 12:00:00 AM"
"44272","9","8/30/2011 12:00:00 AM"
"44273","5","8/30/2011 12:00:00 AM"
"44273","9","8/30/2011 12:00:00 AM"
"44274","5","8/30/2011 12:00:00 AM"
"44274","9","8/30/2011 12:00:00 AM"
"44275","5","8/30/2011 12:00:00 AM"
"44275","9","8/30/2011 12:00:00 AM"
"44276","5","8/30/2011 12:00:00 AM"
"44276","9","8/30/2011 12:00:00 AM"
"44277","5","8/30/2011 12:00:00 AM"
"44277","9","8/30/2011 12:00:00 AM"
"44278","5","8/30/2011 12:00:00 AM"
"44278","9","8/30/2011 12:00:00 AM"
"44279","5","8/30/2011 12:00:00 AM"
"44279","9","8/30/2011 12:00:00 AM"
"44320","5","8/31/2011 12:00:00 AM"
"44320","9","8/31/2011 12:00:00 AM"
"44321","5","8/31/2011 12:00:00 AM"
"44321","9","8/31/2011 12:00:00 AM"
"44324","5","9/1/2011 12:00:00 AM"
"44324","9","9/1/2011 12:00:00 AM"
"44326","5","9/1/2011 12:00:00 AM"
"44326","9","9/1/2011 12:00:00 AM"
"44327","5","9/2/2011 12:00:00 AM"
"44327","9","9/2/2011 12:00:00 AM"
"44328","5","9/2/2011 12:00:00 AM"
"44328","9","9/2/2011 12:00:00 AM"
"44329","5","9/2/2011 12:00:00 AM"
"44329","9","9/2/2011 12:00:00 AM"
"44330","5","9/2/2011 12:00:00 AM"
"44330","9","9/2/2011 12:00:00 AM"
"44331","5","9/3/2011 12:00:00 AM"
"44331","9","9/3/2011 12:00:00 AM"
"44332","5","9/3/2011 12:00:00 AM"
"44332","9","9/3/2011 12:00:00 AM"
"44334","5","9/4/2011 12:00:00 AM"
"44334","9","9/4/2011 12:00:00 AM"
"44338","5","9/4/2011 12:00:00 AM"
"44338","9","9/4/2011 12:00:00 AM"
"44339","5","9/4/2011 12:00:00 AM"
"44339","9","9/4/2011 12:00:00 AM"
"44340","5","9/4/2011 12:00:00 AM"
"44340","9","9/4/2011 12:00:00 AM"
"44343","5","9/5/2011 12:00:00 AM"
"44343","9","9/5/2011 12:00:00 AM"
"44344","5","9/6/2011 12:00:00 AM"
"44344","9","9/6/2011 12:00:00 AM"
"44345","5","9/6/2011 12:00:00 AM"
"44345","9","9/6/2011 12:00:00 AM"
"44347","5","9/6/2011 12:00:00 AM"
"44347","9","9/6/2011 12:00:00 AM"
"44348","5","9/7/2011 12:00:00 AM"
"44348","9","9/7/2011 12:00:00 AM"
"44349","5","9/7/2011 12:00:00 AM"
"44349","9","9/7/2011 12:00:00 AM"
"44350","5","9/7/2011 12:00:00 AM"
"44350","9","9/7/2011 12:00:00 AM"
"44351","5","9/7/2011 12:00:00 AM"
"44351","9","9/7/2011 12:00:00 AM"
"44352","5","9/7/2011 12:00:00 AM"
"44352","9","9/7/2011 12:00:00 AM"
"44357","5","9/7/2011 12:00:00 AM"
"44357","9","9/7/2011 12:00:00 AM"
"44358","5","9/7/2011 12:00:00 AM"
"44358","9","9/7/2011 12:00:00 AM"
"44359","5","9/8/2011 12:00:00 AM"
"44359","9","9/8/2011 12:00:00 AM"
"44360","5","9/8/2011 12:00:00 AM"
"44360","9","9/8/2011 12:00:00 AM"
"44361","5","9/8/2011 12:00:00 AM"
"44361","9","9/8/2011 12:00:00 AM"
"44362","5","9/8/2011 12:00:00 AM"
"44362","9","9/8/2011 12:00:00 AM"
"44363","5","9/8/2011 12:00:00 AM"
"44363","9","9/8/2011 12:00:00 AM"
"44365","5","9/8/2011 12:00:00 AM"
"44365","9","9/8/2011 12:00:00 AM"
"44366","5","9/8/2011 12:00:00 AM"
"44366","9","9/8/2011 12:00:00 AM"
"44368","5","9/9/2011 12:00:00 AM"
"44368","9","9/9/2011 12:00:00 AM"
"44369","5","9/9/2011 12:00:00 AM"
"44369","9","9/9/2011 12:00:00 AM"
"44370","5","9/9/2011 12:00:00 AM"
"44370","9","9/9/2011 12:00:00 AM"
"44371","5","9/9/2011 12:00:00 AM"
"44371","9","9/9/2011 12:00:00 AM"
"44372","5","9/9/2011 12:00:00 AM"
"44372","9","9/9/2011 12:00:00 AM"
"44373","5","9/10/2011 12:00:00 AM"
"44373","9","9/10/2011 12:00:00 AM"
"44374","5","9/10/2011 12:00:00 AM"
"44374","9","9/10/2011 12:00:00 AM"
"44375","5","9/10/2011 12:00:00 AM"
"44375","9","9/10/2011 12:00:00 AM"
"44377","5","9/10/2011 12:00:00 AM"
"44377","9","9/10/2011 12:00:00 AM"
"44380","5","9/10/2011 12:00:00 AM"
"44380","9","9/10/2011 12:00:00 AM"
"44381","5","9/11/2011 12:00:00 AM"
"44381","9","9/11/2011 12:00:00 AM"
"44383","5","9/11/2011 12:00:00 AM"
"44383","9","9/11/2011 12:00:00 AM"
"44384","5","9/11/2011 12:00:00 AM"
"44384","9","9/11/2011 12:00:00 AM"
"44385","5","9/11/2011 12:00:00 AM"
"44385","9","9/11/2011 12:00:00 AM"
"44386","5","9/11/2011 12:00:00 AM"
"44386","9","9/11/2011 12:00:00 AM"
"44388","5","9/11/2011 12:00:00 AM"
"44388","9","9/11/2011 12:00:00 AM"
"44389","5","9/11/2011 12:00:00 AM"
"44389","9","9/11/2011 12:00:00 AM"
"44390","5","9/11/2011 12:00:00 AM"
"44390","9","9/11/2011 12:00:00 AM"
"44391","5","9/11/2011 12:00:00 AM"
"44391","9","9/11/2011 12:00:00 AM"
"44392","5","9/11/2011 12:00:00 AM"
"44392","9","9/11/2011 12:00:00 AM"
"44394","5","9/12/2011 12:00:00 AM"
"44394","9","9/12/2011 12:00:00 AM"
"44395","5","9/12/2011 12:00:00 AM"
"44395","9","9/12/2011 12:00:00 AM"
"44398","5","9/12/2011 12:00:00 AM"
"44398","9","9/12/2011 12:00:00 AM"
"44399","5","9/13/2011 12:00:00 AM"
"44399","9","9/13/2011 12:00:00 AM"
"44400","5","9/13/2011 12:00:00 AM"
"44400","9","9/13/2011 12:00:00 AM"
"44401","5","9/13/2011 12:00:00 AM"
"44401","9","9/13/2011 12:00:00 AM"
"44402","5","9/14/2011 12:00:00 AM"
"44402","9","9/14/2011 12:00:00 AM"
"44404","5","9/15/2011 12:00:00 AM"
"44404","9","9/15/2011 12:00:00 AM"
"44405","5","9/15/2011 12:00:00 AM"
"44405","9","9/15/2011 12:00:00 AM"
"44406","5","9/15/2011 12:00:00 AM"
"44406","9","9/15/2011 12:00:00 AM"
"44410","5","9/16/2011 12:00:00 AM"
"44410","9","9/16/2011 12:00:00 AM"
"44411","5","9/16/2011 12:00:00 AM"
"44411","9","9/16/2011 12:00:00 AM"
"44413","5","9/17/2011 12:00:00 AM"
"44413","9","9/17/2011 12:00:00 AM"
"44414","5","9/17/2011 12:00:00 AM"
"44414","9","9/17/2011 12:00:00 AM"
"44415","5","9/17/2011 12:00:00 AM"
"44415","9","9/17/2011 12:00:00 AM"
"44417","5","9/17/2011 12:00:00 AM"
"44417","9","9/17/2011 12:00:00 AM"
"44418","5","9/17/2011 12:00:00 AM"
"44418","9","9/17/2011 12:00:00 AM"
"44419","5","9/17/2011 12:00:00 AM"
"44419","9","9/17/2011 12:00:00 AM"
"44420","5","9/17/2011 12:00:00 AM"
"44420","9","9/17/2011 12:00:00 AM"
"44421","5","9/18/2011 12:00:00 AM"
"44421","9","9/18/2011 12:00:00 AM"
"44423","5","9/18/2011 12:00:00 AM"
"44423","9","9/18/2011 12:00:00 AM"
"44424","5","9/18/2011 12:00:00 AM"
"44424","9","9/18/2011 12:00:00 AM"
"44425","5","9/18/2011 12:00:00 AM"
"44425","9","9/18/2011 12:00:00 AM"
"44426","5","9/19/2011 12:00:00 AM"
"44426","9","9/19/2011 12:00:00 AM"
"44427","5","9/19/2011 12:00:00 AM"
"44427","9","9/19/2011 12:00:00 AM"
"44428","5","9/19/2011 12:00:00 AM"
"44428","9","9/19/2011 12:00:00 AM"
"44429","5","9/19/2011 12:00:00 AM"
"44429","9","9/19/2011 12:00:00 AM"
"44430","5","9/19/2011 12:00:00 AM"
"44430","9","9/19/2011 12:00:00 AM"
"44431","5","9/19/2011 12:00:00 AM"
"44431","9","9/19/2011 12:00:00 AM"
"44432","5","9/20/2011 12:00:00 AM"
"44432","9","9/20/2011 12:00:00 AM"
"44433","5","9/20/2011 12:00:00 AM"
"44433","9","9/20/2011 12:00:00 AM"
"44434","5","9/20/2011 12:00:00 AM"
"44434","9","9/20/2011 12:00:00 AM"
"44435","5","9/21/2011 12:00:00 AM"
"44435","9","9/21/2011 12:00:00 AM"
"44438","5","9/21/2011 12:00:00 AM"
"44438","9","9/21/2011 12:00:00 AM"
"44439","5","9/22/2011 12:00:00 AM"
"44439","9","9/22/2011 12:00:00 AM"
"44440","5","9/22/2011 12:00:00 AM"
"44440","9","9/22/2011 12:00:00 AM"
"44441","5","9/22/2011 12:00:00 AM"
"44441","9","9/22/2011 12:00:00 AM"
"44443","5","9/22/2011 12:00:00 AM"
"44443","9","9/22/2011 12:00:00 AM"
"44444","5","9/24/2011 12:00:00 AM"
"44444","9","9/24/2011 12:00:00 AM"
"44445","5","9/25/2011 12:00:00 AM"
"44445","9","9/25/2011 12:00:00 AM"
"44446","5","9/25/2011 12:00:00 AM"
"44446","9","9/25/2011 12:00:00 AM"
"44447","5","9/26/2011 12:00:00 AM"
"44447","9","9/26/2011 12:00:00 AM"
"44448","5","9/26/2011 12:00:00 AM"
"44448","9","9/26/2011 12:00:00 AM"
"44449","5","9/26/2011 12:00:00 AM"
"44449","9","9/26/2011 12:00:00 AM"
"44450","5","9/26/2011 12:00:00 AM"
"44450","9","9/26/2011 12:00:00 AM"
"44451","5","9/26/2011 12:00:00 AM"
"44451","9","9/26/2011 12:00:00 AM"
"44453","5","9/26/2011 12:00:00 AM"
"44453","9","9/26/2011 12:00:00 AM"
"44454","5","9/26/2011 12:00:00 AM"
"44454","9","9/26/2011 12:00:00 AM"
"44455","5","9/26/2011 12:00:00 AM"
"44455","9","9/26/2011 12:00:00 AM"
"44457","5","9/27/2011 12:00:00 AM"
"44457","9","9/27/2011 12:00:00 AM"
"44458","5","9/27/2011 12:00:00 AM"
"44458","9","9/27/2011 12:00:00 AM"
"44459","5","9/27/2011 12:00:00 AM"
"44459","9","9/27/2011 12:00:00 AM"
"44461","5","9/27/2011 12:00:00 AM"
"44461","9","9/27/2011 12:00:00 AM"
"44462","5","9/28/2011 12:00:00 AM"
"44462","9","9/28/2011 12:00:00 AM"
"44464","5","9/28/2011 12:00:00 AM"
"44464","9","9/28/2011 12:00:00 AM"
"44469","5","9/28/2011 12:00:00 AM"
"44469","9","9/28/2011 12:00:00 AM"
"44470","5","9/28/2011 12:00:00 AM"
"44470","9","9/28/2011 12:00:00 AM"
"44472","5","9/29/2011 12:00:00 AM"
"44472","9","9/29/2011 12:00:00 AM"
"44473","5","9/29/2011 12:00:00 AM"
"44473","9","9/29/2011 12:00:00 AM"
"44476","5","9/29/2011 12:00:00 AM"
"44476","9","9/29/2011 12:00:00 AM"
"44477","5","9/29/2011 12:00:00 AM"
"44477","9","9/29/2011 12:00:00 AM"
"44478","5","9/29/2011 12:00:00 AM"
"44478","9","9/29/2011 12:00:00 AM"
"44572","5","10/1/2011 12:00:00 AM"
"44572","9","10/1/2011 12:00:00 AM"
"44576","5","10/1/2011 12:00:00 AM"
"44576","9","10/1/2011 12:00:00 AM"
"44577","5","10/2/2011 12:00:00 AM"
"44577","9","10/2/2011 12:00:00 AM"
"44578","5","10/2/2011 12:00:00 AM"
"44578","9","10/2/2011 12:00:00 AM"
"44579","5","10/2/2011 12:00:00 AM"
"44579","9","10/2/2011 12:00:00 AM"
"44580","5","10/3/2011 12:00:00 AM"
"44580","9","10/3/2011 12:00:00 AM"
"44583","5","10/3/2011 12:00:00 AM"
"44583","9","10/3/2011 12:00:00 AM"
"44584","5","10/4/2011 12:00:00 AM"
"44584","9","10/4/2011 12:00:00 AM"
"44585","5","10/4/2011 12:00:00 AM"
"44585","9","10/4/2011 12:00:00 AM"
"44586","5","10/4/2011 12:00:00 AM"
"44586","9","10/4/2011 12:00:00 AM"
"44587","5","10/4/2011 12:00:00 AM"
"44587","9","10/4/2011 12:00:00 AM"
"44590","5","10/5/2011 12:00:00 AM"
"44590","9","10/5/2011 12:00:00 AM"
"44592","5","10/5/2011 12:00:00 AM"
"44592","9","10/5/2011 12:00:00 AM"
"44593","5","10/5/2011 12:00:00 AM"
"44593","9","10/5/2011 12:00:00 AM"
"44594","5","10/5/2011 12:00:00 AM"
"44594","9","10/5/2011 12:00:00 AM"
"44596","5","10/5/2011 12:00:00 AM"
"44596","9","10/5/2011 12:00:00 AM"
"44597","5","10/6/2011 12:00:00 AM"
"44597","9","10/6/2011 12:00:00 AM"
"44599","5","10/6/2011 12:00:00 AM"
"44599","9","10/6/2011 12:00:00 AM"
"44600","5","10/6/2011 12:00:00 AM"
"44600","9","10/6/2011 12:00:00 AM"
"44602","5","10/7/2011 12:00:00 AM"
"44602","9","10/7/2011 12:00:00 AM"
"44605","5","10/7/2011 12:00:00 AM"
"44605","9","10/7/2011 12:00:00 AM"
"44606","5","10/7/2011 12:00:00 AM"
"44606","9","10/7/2011 12:00:00 AM"
"44607","5","10/7/2011 12:00:00 AM"
"44607","9","10/7/2011 12:00:00 AM"
"44608","5","10/7/2011 12:00:00 AM"
"44608","9","10/7/2011 12:00:00 AM"
"44609","5","10/7/2011 12:00:00 AM"
"44609","9","10/7/2011 12:00:00 AM"
"44610","5","10/7/2011 12:00:00 AM"
"44610","9","10/7/2011 12:00:00 AM"
"44611","5","10/8/2011 12:00:00 AM"
"44611","9","10/8/2011 12:00:00 AM"
"44612","5","10/8/2011 12:00:00 AM"
"44612","9","10/8/2011 12:00:00 AM"
"44613","5","10/8/2011 12:00:00 AM"
"44613","9","10/8/2011 12:00:00 AM"
"44614","5","10/8/2011 12:00:00 AM"
"44614","9","10/8/2011 12:00:00 AM"
"44615","5","10/8/2011 12:00:00 AM"
"44615","9","10/8/2011 12:00:00 AM"
"44616","5","10/8/2011 12:00:00 AM"
"44616","9","10/8/2011 12:00:00 AM"
"44617","5","10/8/2011 12:00:00 AM"
"44617","9","10/8/2011 12:00:00 AM"
"44618","5","10/8/2011 12:00:00 AM"
"44618","9","10/8/2011 12:00:00 AM"
"44619","5","10/9/2011 12:00:00 AM"
"44619","9","10/9/2011 12:00:00 AM"
"44620","5","10/9/2011 12:00:00 AM"
"44620","9","10/9/2011 12:00:00 AM"
"44621","5","10/9/2011 12:00:00 AM"
"44621","9","10/9/2011 12:00:00 AM"
"44622","5","10/9/2011 12:00:00 AM"
"44622","9","10/9/2011 12:00:00 AM"
"44623","5","10/10/2011 12:00:00 AM"
"44623","9","10/10/2011 12:00:00 AM"
"44625","5","10/10/2011 12:00:00 AM"
"44625","9","10/10/2011 12:00:00 AM"
"44626","5","10/10/2011 12:00:00 AM"
"44626","9","10/10/2011 12:00:00 AM"
"44629","5","10/10/2011 12:00:00 AM"
"44629","9","10/10/2011 12:00:00 AM"
"44630","5","10/11/2011 12:00:00 AM"
"44630","9","10/11/2011 12:00:00 AM"
"44631","5","10/11/2011 12:00:00 AM"
"44631","9","10/11/2011 12:00:00 AM"
"44632","5","10/11/2011 12:00:00 AM"
"44632","9","10/11/2011 12:00:00 AM"
"44633","5","10/11/2011 12:00:00 AM"
"44633","9","10/11/2011 12:00:00 AM"
"44634","5","10/11/2011 12:00:00 AM"
"44634","9","10/11/2011 12:00:00 AM"
"44635","5","10/11/2011 12:00:00 AM"
"44635","9","10/11/2011 12:00:00 AM"
"44636","5","10/12/2011 12:00:00 AM"
"44636","9","10/12/2011 12:00:00 AM"
"44637","5","10/12/2011 12:00:00 AM"
"44637","9","10/12/2011 12:00:00 AM"
"44638","5","10/12/2011 12:00:00 AM"
"44638","9","10/12/2011 12:00:00 AM"
"44640","5","10/12/2011 12:00:00 AM"
"44640","9","10/12/2011 12:00:00 AM"
"44641","5","10/12/2011 12:00:00 AM"
"44641","9","10/12/2011 12:00:00 AM"
"44643","5","10/13/2011 12:00:00 AM"
"44643","9","10/13/2011 12:00:00 AM"
"44644","5","10/13/2011 12:00:00 AM"
"44644","9","10/13/2011 12:00:00 AM"
"44647","5","10/13/2011 12:00:00 AM"
"44647","9","10/13/2011 12:00:00 AM"
"44651","5","10/14/2011 12:00:00 AM"
"44651","9","10/14/2011 12:00:00 AM"
"44654","5","10/14/2011 12:00:00 AM"
"44654","9","10/14/2011 12:00:00 AM"
"44656","5","10/14/2011 12:00:00 AM"
"44656","9","10/14/2011 12:00:00 AM"
"44658","5","10/14/2011 12:00:00 AM"
"44658","9","10/14/2011 12:00:00 AM"
"44659","5","10/14/2011 12:00:00 AM"
"44659","9","10/14/2011 12:00:00 AM"
"44660","5","10/15/2011 12:00:00 AM"
"44660","9","10/15/2011 12:00:00 AM"
"44663","5","10/15/2011 12:00:00 AM"
"44663","9","10/15/2011 12:00:00 AM"
"44664","5","10/15/2011 12:00:00 AM"
"44664","9","10/15/2011 12:00:00 AM"
"44666","5","10/16/2011 12:00:00 AM"
"44666","9","10/16/2011 12:00:00 AM"
"44667","5","10/16/2011 12:00:00 AM"
"44667","9","10/16/2011 12:00:00 AM"
"44668","5","10/16/2011 12:00:00 AM"
"44668","9","10/16/2011 12:00:00 AM"
"44670","5","10/16/2011 12:00:00 AM"
"44670","9","10/16/2011 12:00:00 AM"
"44671","5","10/16/2011 12:00:00 AM"
"44671","9","10/16/2011 12:00:00 AM"
"44672","5","10/16/2011 12:00:00 AM"
"44672","9","10/16/2011 12:00:00 AM"
"44673","5","10/17/2011 12:00:00 AM"
"44673","9","10/17/2011 12:00:00 AM"
"44674","5","10/17/2011 12:00:00 AM"
"44674","9","10/17/2011 12:00:00 AM"
"44676","5","10/17/2011 12:00:00 AM"
"44676","9","10/17/2011 12:00:00 AM"
"44677","5","10/18/2011 12:00:00 AM"
"44677","9","10/18/2011 12:00:00 AM"
"44678","5","10/18/2011 12:00:00 AM"
"44678","9","10/18/2011 12:00:00 AM"
"44680","5","10/19/2011 12:00:00 AM"
"44680","9","10/19/2011 12:00:00 AM"
"44682","5","10/19/2011 12:00:00 AM"
"44682","9","10/19/2011 12:00:00 AM"
"44683","5","10/19/2011 12:00:00 AM"
"44683","9","10/19/2011 12:00:00 AM"
"44684","5","10/19/2011 12:00:00 AM"
"44684","9","10/19/2011 12:00:00 AM"
"44685","5","10/19/2011 12:00:00 AM"
"44685","9","10/19/2011 12:00:00 AM"
"44686","5","10/20/2011 12:00:00 AM"
"44686","9","10/20/2011 12:00:00 AM"
"44688","5","10/20/2011 12:00:00 AM"
"44688","9","10/20/2011 12:00:00 AM"
"44689","5","10/20/2011 12:00:00 AM"
"44689","9","10/20/2011 12:00:00 AM"
"44692","5","10/21/2011 12:00:00 AM"
"44692","9","10/21/2011 12:00:00 AM"
"44693","5","10/21/2011 12:00:00 AM"
"44693","9","10/21/2011 12:00:00 AM"
"44694","5","10/21/2011 12:00:00 AM"
"44694","9","10/21/2011 12:00:00 AM"
"44696","5","10/21/2011 12:00:00 AM"
"44696","9","10/21/2011 12:00:00 AM"
"44697","5","10/22/2011 12:00:00 AM"
"44697","9","10/22/2011 12:00:00 AM"
"44699","5","10/23/2011 12:00:00 AM"
"44699","9","10/23/2011 12:00:00 AM"
"44700","5","10/23/2011 12:00:00 AM"
"44700","9","10/23/2011 12:00:00 AM"
"44702","5","10/23/2011 12:00:00 AM"
"44702","9","10/23/2011 12:00:00 AM"
"44703","5","10/24/2011 12:00:00 AM"
"44703","9","10/24/2011 12:00:00 AM"
"44705","5","10/24/2011 12:00:00 AM"
"44705","9","10/24/2011 12:00:00 AM"
"44706","5","10/24/2011 12:00:00 AM"
"44706","9","10/24/2011 12:00:00 AM"
"44707","5","10/24/2011 12:00:00 AM"
"44707","9","10/24/2011 12:00:00 AM"
"44709","5","10/24/2011 12:00:00 AM"
"44709","9","10/24/2011 12:00:00 AM"
"44710","5","10/25/2011 12:00:00 AM"
"44710","9","10/25/2011 12:00:00 AM"
"44711","5","10/25/2011 12:00:00 AM"
"44711","9","10/25/2011 12:00:00 AM"
"44713","5","10/26/2011 12:00:00 AM"
"44713","9","10/26/2011 12:00:00 AM"
"44714","5","10/26/2011 12:00:00 AM"
"44714","9","10/26/2011 12:00:00 AM"
"44715","5","10/26/2011 12:00:00 AM"
"44715","9","10/26/2011 12:00:00 AM"
"44716","5","10/26/2011 12:00:00 AM"
"44716","9","10/26/2011 12:00:00 AM"
"44718","5","10/26/2011 12:00:00 AM"
"44718","9","10/26/2011 12:00:00 AM"
"44719","5","10/27/2011 12:00:00 AM"
"44719","9","10/27/2011 12:00:00 AM"
"44720","5","10/27/2011 12:00:00 AM"
"44720","9","10/27/2011 12:00:00 AM"
"44722","5","10/28/2011 12:00:00 AM"
"44722","9","10/28/2011 12:00:00 AM"
"44724","5","10/28/2011 12:00:00 AM"
"44724","9","10/28/2011 12:00:00 AM"
"44727","5","10/28/2011 12:00:00 AM"
"44727","9","10/28/2011 12:00:00 AM"
"44729","5","10/29/2011 12:00:00 AM"
"44729","9","10/29/2011 12:00:00 AM"
"44730","5","10/29/2011 12:00:00 AM"
"44730","9","10/29/2011 12:00:00 AM"
"44731","5","10/29/2011 12:00:00 AM"
"44731","9","10/29/2011 12:00:00 AM"
"44732","5","10/29/2011 12:00:00 AM"
"44732","9","10/29/2011 12:00:00 AM"
"44733","5","10/29/2011 12:00:00 AM"
"44733","9","10/29/2011 12:00:00 AM"
"44734","5","10/30/2011 12:00:00 AM"
"44734","9","10/30/2011 12:00:00 AM"
"44735","5","10/30/2011 12:00:00 AM"
"44735","9","10/30/2011 12:00:00 AM"
"44737","5","10/30/2011 12:00:00 AM"
"44737","9","10/30/2011 12:00:00 AM"
"44738","5","10/30/2011 12:00:00 AM"
"44738","9","10/30/2011 12:00:00 AM"
"44739","5","10/30/2011 12:00:00 AM"
"44739","9","10/30/2011 12:00:00 AM"
"44803","5","10/31/2011 12:00:00 AM"
"44803","9","10/31/2011 12:00:00 AM"
"44804","5","10/31/2011 12:00:00 AM"
"44804","9","10/31/2011 12:00:00 AM"
"44805","5","10/31/2011 12:00:00 AM"
"44805","9","10/31/2011 12:00:00 AM"
"44806","5","10/31/2011 12:00:00 AM"
"44806","9","10/31/2011 12:00:00 AM"
"44808","5","11/1/2011 12:00:00 AM"
"44808","9","11/1/2011 12:00:00 AM"
"44810","5","11/1/2011 12:00:00 AM"
"44810","9","11/1/2011 12:00:00 AM"
"44811","5","11/1/2011 12:00:00 AM"
"44811","9","11/1/2011 12:00:00 AM"
"44812","5","11/1/2011 12:00:00 AM"
"44812","9","11/1/2011 12:00:00 AM"
"44813","5","11/1/2011 12:00:00 AM"
"44813","9","11/1/2011 12:00:00 AM"
"44814","5","11/1/2011 12:00:00 AM"
"44814","9","11/1/2011 12:00:00 AM"
"44816","5","11/2/2011 12:00:00 AM"
"44816","9","11/2/2011 12:00:00 AM"
"44817","5","11/2/2011 12:00:00 AM"
"44817","9","11/2/2011 12:00:00 AM"
"44818","5","11/2/2011 12:00:00 AM"
"44818","9","11/2/2011 12:00:00 AM"
"44819","5","11/2/2011 12:00:00 AM"
"44819","9","11/2/2011 12:00:00 AM"
"44822","5","11/2/2011 12:00:00 AM"
"44822","9","11/2/2011 12:00:00 AM"
"44823","5","11/2/2011 12:00:00 AM"
"44823","9","11/2/2011 12:00:00 AM"
"44824","5","11/2/2011 12:00:00 AM"
"44824","9","11/2/2011 12:00:00 AM"
"44825","5","11/2/2011 12:00:00 AM"
"44825","9","11/2/2011 12:00:00 AM"
"44826","5","11/3/2011 12:00:00 AM"
"44826","9","11/3/2011 12:00:00 AM"
"44828","5","11/3/2011 12:00:00 AM"
"44828","9","11/3/2011 12:00:00 AM"
"44830","5","11/3/2011 12:00:00 AM"
"44830","9","11/3/2011 12:00:00 AM"
"44832","5","11/4/2011 12:00:00 AM"
"44832","9","11/4/2011 12:00:00 AM"
"44833","5","11/4/2011 12:00:00 AM"
"44833","9","11/4/2011 12:00:00 AM"
"44835","5","11/4/2011 12:00:00 AM"
"44835","9","11/4/2011 12:00:00 AM"
"44836","5","11/4/2011 12:00:00 AM"
"44836","9","11/4/2011 12:00:00 AM"
"44837","5","11/5/2011 12:00:00 AM"
"44837","9","11/5/2011 12:00:00 AM"
"44838","5","11/5/2011 12:00:00 AM"
"44838","9","11/5/2011 12:00:00 AM"
"44839","5","11/5/2011 12:00:00 AM"
"44839","9","11/5/2011 12:00:00 AM"
"44840","5","11/5/2011 12:00:00 AM"
"44840","9","11/5/2011 12:00:00 AM"
"44841","5","11/5/2011 12:00:00 AM"
"44841","9","11/5/2011 12:00:00 AM"
"44842","5","11/6/2011 12:00:00 AM"
"44842","9","11/6/2011 12:00:00 AM"
"44843","5","11/6/2011 12:00:00 AM"
"44843","9","11/6/2011 12:00:00 AM"
"44844","5","11/6/2011 12:00:00 AM"
"44844","9","11/6/2011 12:00:00 AM"
"44845","5","11/6/2011 12:00:00 AM"
"44845","9","11/6/2011 12:00:00 AM"
"44846","5","11/6/2011 12:00:00 AM"
"44846","9","11/6/2011 12:00:00 AM"
"44851","5","11/7/2011 12:00:00 AM"
"44851","9","11/7/2011 12:00:00 AM"
"44852","5","11/7/2011 12:00:00 AM"
"44852","9","11/7/2011 12:00:00 AM"
"44854","5","11/7/2011 12:00:00 AM"
"44854","9","11/7/2011 12:00:00 AM"
"44857","5","11/7/2011 12:00:00 AM"
"44857","9","11/7/2011 12:00:00 AM"
"44858","5","11/7/2011 12:00:00 AM"
"44858","9","11/7/2011 12:00:00 AM"
"44859","5","11/7/2011 12:00:00 AM"
"44859","9","11/7/2011 12:00:00 AM"
"44860","5","11/7/2011 12:00:00 AM"
"44860","9","11/7/2011 12:00:00 AM"
"44861","5","11/7/2011 12:00:00 AM"
"44861","9","11/7/2011 12:00:00 AM"
"44862","5","11/7/2011 12:00:00 AM"
"44862","9","11/7/2011 12:00:00 AM"
"44863","5","11/7/2011 12:00:00 AM"
"44863","9","11/7/2011 12:00:00 AM"
"44867","5","11/8/2011 12:00:00 AM"
"44867","9","11/8/2011 12:00:00 AM"
"44868","5","11/8/2011 12:00:00 AM"
"44868","9","11/8/2011 12:00:00 AM"
"44869","5","11/8/2011 12:00:00 AM"
"44869","9","11/8/2011 12:00:00 AM"
"44870","5","11/8/2011 12:00:00 AM"
"44870","9","11/8/2011 12:00:00 AM"
"44872","5","11/9/2011 12:00:00 AM"
"44872","9","11/9/2011 12:00:00 AM"
"44873","5","11/9/2011 12:00:00 AM"
"44873","9","11/9/2011 12:00:00 AM"
"44875","5","11/10/2011 12:00:00 AM"
"44875","9","11/10/2011 12:00:00 AM"
"44876","5","11/10/2011 12:00:00 AM"
"44876","9","11/10/2011 12:00:00 AM"
"44877","5","11/10/2011 12:00:00 AM"
"44877","9","11/10/2011 12:00:00 AM"
"44878","5","11/10/2011 12:00:00 AM"
"44878","9","11/10/2011 12:00:00 AM"
"44879","5","11/10/2011 12:00:00 AM"
"44879","9","11/10/2011 12:00:00 AM"
"44880","5","11/10/2011 12:00:00 AM"
"44880","9","11/10/2011 12:00:00 AM"
"44881","5","11/10/2011 12:00:00 AM"
"44881","9","11/10/2011 12:00:00 AM"
"44882","5","11/10/2011 12:00:00 AM"
"44882","9","11/10/2011 12:00:00 AM"
"44883","5","11/10/2011 12:00:00 AM"
"44883","9","11/10/2011 12:00:00 AM"
"44884","5","11/10/2011 12:00:00 AM"
"44884","9","11/10/2011 12:00:00 AM"
"44885","5","11/11/2011 12:00:00 AM"
"44885","9","11/11/2011 12:00:00 AM"
"44886","5","11/11/2011 12:00:00 AM"
"44886","9","11/11/2011 12:00:00 AM"
"44887","5","11/11/2011 12:00:00 AM"
"44887","9","11/11/2011 12:00:00 AM"
"44888","5","11/11/2011 12:00:00 AM"
"44888","9","11/11/2011 12:00:00 AM"
"44891","5","11/12/2011 12:00:00 AM"
"44891","9","11/12/2011 12:00:00 AM"
"44892","5","11/12/2011 12:00:00 AM"
"44892","9","11/12/2011 12:00:00 AM"
"44893","5","11/12/2011 12:00:00 AM"
"44893","9","11/12/2011 12:00:00 AM"
"44897","5","11/12/2011 12:00:00 AM"
"44897","9","11/12/2011 12:00:00 AM"
"44898","5","11/12/2011 12:00:00 AM"
"44898","9","11/12/2011 12:00:00 AM"
"44900","5","11/13/2011 12:00:00 AM"
"44900","9","11/13/2011 12:00:00 AM"
"44901","5","11/13/2011 12:00:00 AM"
"44901","9","11/13/2011 12:00:00 AM"
"44902","5","11/13/2011 12:00:00 AM"
"44902","9","11/13/2011 12:00:00 AM"
"44903","5","11/13/2011 12:00:00 AM"
"44903","9","11/13/2011 12:00:00 AM"
"44905","5","11/14/2011 12:00:00 AM"
"44905","9","11/14/2011 12:00:00 AM"
"44906","5","11/14/2011 12:00:00 AM"
"44906","9","11/14/2011 12:00:00 AM"
"44908","5","11/14/2011 12:00:00 AM"
"44908","9","11/14/2011 12:00:00 AM"
"44909","5","11/14/2011 12:00:00 AM"
"44909","9","11/14/2011 12:00:00 AM"
"44912","5","11/14/2011 12:00:00 AM"
"44912","9","11/14/2011 12:00:00 AM"
"44913","5","11/14/2011 12:00:00 AM"
"44913","9","11/14/2011 12:00:00 AM"
"44914","5","11/14/2011 12:00:00 AM"
"44914","9","11/14/2011 12:00:00 AM"
"44915","5","11/14/2011 12:00:00 AM"
"44915","9","11/14/2011 12:00:00 AM"
"44916","5","11/14/2011 12:00:00 AM"
"44916","9","11/14/2011 12:00:00 AM"
"44917","5","11/15/2011 12:00:00 AM"
"44917","9","11/15/2011 12:00:00 AM"
"44919","5","11/15/2011 12:00:00 AM"
"44919","9","11/15/2011 12:00:00 AM"
"44921","5","11/15/2011 12:00:00 AM"
"44921","9","11/15/2011 12:00:00 AM"
"44922","5","11/15/2011 12:00:00 AM"
"44922","9","11/15/2011 12:00:00 AM"
"44923","5","11/15/2011 12:00:00 AM"
"44923","9","11/15/2011 12:00:00 AM"
"44924","5","11/16/2011 12:00:00 AM"
"44924","9","11/16/2011 12:00:00 AM"
"44925","5","11/16/2011 12:00:00 AM"
"44925","9","11/16/2011 12:00:00 AM"
"44928","5","11/17/2011 12:00:00 AM"
"44928","9","11/17/2011 12:00:00 AM"
"44929","5","11/17/2011 12:00:00 AM"
"44929","9","11/17/2011 12:00:00 AM"
"44930","5","11/17/2011 12:00:00 AM"
"44930","9","11/17/2011 12:00:00 AM"
"44931","5","11/17/2011 12:00:00 AM"
"44931","9","11/17/2011 12:00:00 AM"
"44932","5","11/17/2011 12:00:00 AM"
"44932","9","11/17/2011 12:00:00 AM"
"44933","5","11/17/2011 12:00:00 AM"
"44933","9","11/17/2011 12:00:00 AM"
"44934","5","11/18/2011 12:00:00 AM"
"44934","9","11/18/2011 12:00:00 AM"
"44935","5","11/18/2011 12:00:00 AM"
"44935","9","11/18/2011 12:00:00 AM"
"44936","5","11/18/2011 12:00:00 AM"
"44936","9","11/18/2011 12:00:00 AM"
"44937","5","11/18/2011 12:00:00 AM"
"44937","9","11/18/2011 12:00:00 AM"
"44938","5","11/18/2011 12:00:00 AM"
"44938","9","11/18/2011 12:00:00 AM"
"44939","5","11/18/2011 12:00:00 AM"
"44939","9","11/18/2011 12:00:00 AM"
"44940","5","11/18/2011 12:00:00 AM"
"44940","9","11/18/2011 12:00:00 AM"
"44941","5","11/18/2011 12:00:00 AM"
"44941","9","11/18/2011 12:00:00 AM"
"44942","5","11/18/2011 12:00:00 AM"
"44942","9","11/18/2011 12:00:00 AM"
"44948","5","11/19/2011 12:00:00 AM"
"44948","9","11/19/2011 12:00:00 AM"
"44950","5","11/19/2011 12:00:00 AM"
"44950","9","11/19/2011 12:00:00 AM"
"44951","5","11/19/2011 12:00:00 AM"
"44951","9","11/19/2011 12:00:00 AM"
"44953","5","11/19/2011 12:00:00 AM"
"44953","9","11/19/2011 12:00:00 AM"
"44954","5","11/19/2011 12:00:00 AM"
"44954","9","11/19/2011 12:00:00 AM"
"44957","5","11/20/2011 12:00:00 AM"
"44957","9","11/20/2011 12:00:00 AM"
"44959","5","11/20/2011 12:00:00 AM"
"44959","9","11/20/2011 12:00:00 AM"
"44960","5","11/20/2011 12:00:00 AM"
"44960","9","11/20/2011 12:00:00 AM"
"44961","5","11/20/2011 12:00:00 AM"
"44961","9","11/20/2011 12:00:00 AM"
"44962","5","11/20/2011 12:00:00 AM"
"44962","9","11/20/2011 12:00:00 AM"
"44966","5","11/20/2011 12:00:00 AM"
"44966","9","11/20/2011 12:00:00 AM"
"44967","5","11/21/2011 12:00:00 AM"
"44967","9","11/21/2011 12:00:00 AM"
"44969","5","11/21/2011 12:00:00 AM"
"44969","9","11/21/2011 12:00:00 AM"
"44970","5","11/21/2011 12:00:00 AM"
"44970","9","11/21/2011 12:00:00 AM"
"44971","5","11/21/2011 12:00:00 AM"
"44971","9","11/21/2011 12:00:00 AM"
"44972","5","11/21/2011 12:00:00 AM"
"44972","9","11/21/2011 12:00:00 AM"
"44973","5","11/21/2011 12:00:00 AM"
"44973","9","11/21/2011 12:00:00 AM"
"44974","5","11/22/2011 12:00:00 AM"
"44974","9","11/22/2011 12:00:00 AM"
"44975","5","11/22/2011 12:00:00 AM"
"44975","9","11/22/2011 12:00:00 AM"
"44976","5","11/22/2011 12:00:00 AM"
"44976","9","11/22/2011 12:00:00 AM"
"44977","5","11/22/2011 12:00:00 AM"
"44977","9","11/22/2011 12:00:00 AM"
"44979","5","11/22/2011 12:00:00 AM"
"44979","9","11/22/2011 12:00:00 AM"
"44980","5","11/22/2011 12:00:00 AM"
"44980","9","11/22/2011 12:00:00 AM"
"44981","5","11/22/2011 12:00:00 AM"
"44981","9","11/22/2011 12:00:00 AM"
"44982","5","11/23/2011 12:00:00 AM"
"44982","9","11/23/2011 12:00:00 AM"
"44983","5","11/23/2011 12:00:00 AM"
"44983","9","11/23/2011 12:00:00 AM"
"44984","5","11/23/2011 12:00:00 AM"
"44984","9","11/23/2011 12:00:00 AM"
"44985","5","11/23/2011 12:00:00 AM"
"44985","9","11/23/2011 12:00:00 AM"
"44987","5","11/24/2011 12:00:00 AM"
"44987","9","11/24/2011 12:00:00 AM"
"44989","5","11/24/2011 12:00:00 AM"
"44989","9","11/24/2011 12:00:00 AM"
"44991","5","11/24/2011 12:00:00 AM"
"44991","9","11/24/2011 12:00:00 AM"
"44992","5","11/24/2011 12:00:00 AM"
"44992","9","11/24/2011 12:00:00 AM"
"44994","5","11/25/2011 12:00:00 AM"
"44994","9","11/25/2011 12:00:00 AM"
"44995","5","11/25/2011 12:00:00 AM"
"44995","9","11/25/2011 12:00:00 AM"
"44997","5","11/25/2011 12:00:00 AM"
"44997","9","11/25/2011 12:00:00 AM"
"44999","5","11/25/2011 12:00:00 AM"
"44999","9","11/25/2011 12:00:00 AM"
"45000","5","11/25/2011 12:00:00 AM"
"45000","9","11/25/2011 12:00:00 AM"
"45001","5","11/25/2011 12:00:00 AM"
"45001","9","11/25/2011 12:00:00 AM"
"45002","5","11/26/2011 12:00:00 AM"
"45002","9","11/26/2011 12:00:00 AM"
"45003","5","11/26/2011 12:00:00 AM"
"45003","9","11/26/2011 12:00:00 AM"
"45004","5","11/26/2011 12:00:00 AM"
"45004","9","11/26/2011 12:00:00 AM"
"45005","5","11/26/2011 12:00:00 AM"
"45005","9","11/26/2011 12:00:00 AM"
"45006","5","11/27/2011 12:00:00 AM"
"45006","9","11/27/2011 12:00:00 AM"
"45007","5","11/27/2011 12:00:00 AM"
"45007","9","11/27/2011 12:00:00 AM"
"45008","5","11/27/2011 12:00:00 AM"
"45008","9","11/27/2011 12:00:00 AM"
"45010","5","11/27/2011 12:00:00 AM"
"45010","9","11/27/2011 12:00:00 AM"
"45011","5","11/27/2011 12:00:00 AM"
"45011","9","11/27/2011 12:00:00 AM"
"45013","5","11/27/2011 12:00:00 AM"
"45013","9","11/27/2011 12:00:00 AM"
"45016","5","11/28/2011 12:00:00 AM"
"45016","9","11/28/2011 12:00:00 AM"
"45017","5","11/28/2011 12:00:00 AM"
"45017","9","11/28/2011 12:00:00 AM"
"45018","5","11/28/2011 12:00:00 AM"
"45018","9","11/28/2011 12:00:00 AM"
"45019","5","11/28/2011 12:00:00 AM"
"45019","9","11/28/2011 12:00:00 AM"
"45020","5","11/28/2011 12:00:00 AM"
"45020","9","11/28/2011 12:00:00 AM"
"45023","5","11/28/2011 12:00:00 AM"
"45023","9","11/28/2011 12:00:00 AM"
"45025","5","11/29/2011 12:00:00 AM"
"45025","9","11/29/2011 12:00:00 AM"
"45027","5","11/29/2011 12:00:00 AM"
"45027","9","11/29/2011 12:00:00 AM"
"45028","5","11/29/2011 12:00:00 AM"
"45028","9","11/29/2011 12:00:00 AM"
"45029","5","11/29/2011 12:00:00 AM"
"45029","9","11/29/2011 12:00:00 AM"
"45031","5","11/30/2011 12:00:00 AM"
"45031","9","11/30/2011 12:00:00 AM"
"45032","5","11/30/2011 12:00:00 AM"
"45032","9","11/30/2011 12:00:00 AM"
"45033","5","11/30/2011 12:00:00 AM"
"45033","9","11/30/2011 12:00:00 AM"
"45034","5","11/30/2011 12:00:00 AM"
"45034","9","11/30/2011 12:00:00 AM"
"45035","5","11/30/2011 12:00:00 AM"
"45035","9","11/30/2011 12:00:00 AM"
"45036","5","11/30/2011 12:00:00 AM"
"45036","9","11/30/2011 12:00:00 AM"
"45078","5","12/1/2011 12:00:00 AM"
"45078","9","12/1/2011 12:00:00 AM"
"45079","5","12/1/2011 12:00:00 AM"
"45079","9","12/1/2011 12:00:00 AM"
"45083","5","12/2/2011 12:00:00 AM"
"45083","9","12/2/2011 12:00:00 AM"
"45084","5","12/2/2011 12:00:00 AM"
"45084","9","12/2/2011 12:00:00 AM"
"45085","5","12/2/2011 12:00:00 AM"
"45085","9","12/2/2011 12:00:00 AM"
"45086","5","12/2/2011 12:00:00 AM"
"45086","9","12/2/2011 12:00:00 AM"
"45090","5","12/3/2011 12:00:00 AM"
"45090","9","12/3/2011 12:00:00 AM"
"45091","5","12/3/2011 12:00:00 AM"
"45091","9","12/3/2011 12:00:00 AM"
"45092","5","12/3/2011 12:00:00 AM"
"45092","9","12/3/2011 12:00:00 AM"
"45093","5","12/3/2011 12:00:00 AM"
"45093","9","12/3/2011 12:00:00 AM"
"45094","5","12/3/2011 12:00:00 AM"
"45094","9","12/3/2011 12:00:00 AM"
"45096","5","12/4/2011 12:00:00 AM"
"45096","9","12/4/2011 12:00:00 AM"
"45097","5","12/4/2011 12:00:00 AM"
"45097","9","12/4/2011 12:00:00 AM"
"45098","5","12/4/2011 12:00:00 AM"
"45098","9","12/4/2011 12:00:00 AM"
"45099","5","12/4/2011 12:00:00 AM"
"45099","9","12/4/2011 12:00:00 AM"
"45101","5","12/5/2011 12:00:00 AM"
"45101","9","12/5/2011 12:00:00 AM"
"45102","5","12/5/2011 12:00:00 AM"
"45102","9","12/5/2011 12:00:00 AM"
"45103","5","12/6/2011 12:00:00 AM"
"45103","9","12/6/2011 12:00:00 AM"
"45104","5","12/6/2011 12:00:00 AM"
"45104","9","12/6/2011 12:00:00 AM"
"45105","5","12/6/2011 12:00:00 AM"
"45105","9","12/6/2011 12:00:00 AM"
"45107","5","12/6/2011 12:00:00 AM"
"45107","9","12/6/2011 12:00:00 AM"
"45108","5","12/6/2011 12:00:00 AM"
"45108","9","12/6/2011 12:00:00 AM"
"45109","5","12/7/2011 12:00:00 AM"
"45109","9","12/7/2011 12:00:00 AM"
"45110","5","12/7/2011 12:00:00 AM"
"45110","9","12/7/2011 12:00:00 AM"
"45113","5","12/8/2011 12:00:00 AM"
"45113","9","12/8/2011 12:00:00 AM"
"45114","5","12/8/2011 12:00:00 AM"
"45114","9","12/8/2011 12:00:00 AM"
"45116","5","12/8/2011 12:00:00 AM"
"45116","9","12/8/2011 12:00:00 AM"
"45118","5","12/8/2011 12:00:00 AM"
"45118","9","12/8/2011 12:00:00 AM"
"45119","5","12/8/2011 12:00:00 AM"
"45119","9","12/8/2011 12:00:00 AM"
"45121","5","12/9/2011 12:00:00 AM"
"45121","9","12/9/2011 12:00:00 AM"
"45122","5","12/9/2011 12:00:00 AM"
"45122","9","12/9/2011 12:00:00 AM"
"45123","5","12/9/2011 12:00:00 AM"
"45123","9","12/9/2011 12:00:00 AM"
"45124","5","12/9/2011 12:00:00 AM"
"45124","9","12/9/2011 12:00:00 AM"
"45125","5","12/9/2011 12:00:00 AM"
"45125","9","12/9/2011 12:00:00 AM"
"45126","5","12/10/2011 12:00:00 AM"
"45126","9","12/10/2011 12:00:00 AM"
"45127","5","12/10/2011 12:00:00 AM"
"45127","9","12/10/2011 12:00:00 AM"
"45128","5","12/10/2011 12:00:00 AM"
"45128","9","12/10/2011 12:00:00 AM"
"45130","5","12/11/2011 12:00:00 AM"
"45130","9","12/11/2011 12:00:00 AM"
"45133","5","12/11/2011 12:00:00 AM"
"45133","9","12/11/2011 12:00:00 AM"
"45134","5","12/11/2011 12:00:00 AM"
"45134","9","12/11/2011 12:00:00 AM"
"45135","5","12/11/2011 12:00:00 AM"
"45135","9","12/11/2011 12:00:00 AM"
"45136","5","12/11/2011 12:00:00 AM"
"45136","9","12/11/2011 12:00:00 AM"
"45137","5","12/11/2011 12:00:00 AM"
"45137","9","12/11/2011 12:00:00 AM"
"45139","5","12/12/2011 12:00:00 AM"
"45139","9","12/12/2011 12:00:00 AM"
"45140","5","12/12/2011 12:00:00 AM"
"45140","9","12/12/2011 12:00:00 AM"
"45141","5","12/12/2011 12:00:00 AM"
"45141","9","12/12/2011 12:00:00 AM"
"45142","5","12/12/2011 12:00:00 AM"
"45142","9","12/12/2011 12:00:00 AM"
"45143","5","12/12/2011 12:00:00 AM"
"45143","9","12/12/2011 12:00:00 AM"
"45144","5","12/12/2011 12:00:00 AM"
"45144","9","12/12/2011 12:00:00 AM"
"45145","5","12/12/2011 12:00:00 AM"
"45145","9","12/12/2011 12:00:00 AM"
"45146","5","12/13/2011 12:00:00 AM"
"45146","9","12/13/2011 12:00:00 AM"
"45147","5","12/13/2011 12:00:00 AM"
"45147","9","12/13/2011 12:00:00 AM"
"45149","5","12/14/2011 12:00:00 AM"
"45149","9","12/14/2011 12:00:00 AM"
"45151","5","12/14/2011 12:00:00 AM"
"45151","9","12/14/2011 12:00:00 AM"
"45152","5","12/14/2011 12:00:00 AM"
"45152","9","12/14/2011 12:00:00 AM"
"45153","5","12/14/2011 12:00:00 AM"
"45153","9","12/14/2011 12:00:00 AM"
"45154","5","12/14/2011 12:00:00 AM"
"45154","9","12/14/2011 12:00:00 AM"
"45155","5","12/14/2011 12:00:00 AM"
"45155","9","12/14/2011 12:00:00 AM"
"45160","5","12/15/2011 12:00:00 AM"
"45160","9","12/15/2011 12:00:00 AM"
"45162","5","12/15/2011 12:00:00 AM"
"45162","9","12/15/2011 12:00:00 AM"
"45165","5","12/16/2011 12:00:00 AM"
"45165","9","12/16/2011 12:00:00 AM"
"45166","5","12/16/2011 12:00:00 AM"
"45166","9","12/16/2011 12:00:00 AM"
"45167","5","12/16/2011 12:00:00 AM"
"45167","9","12/16/2011 12:00:00 AM"
"45168","5","12/16/2011 12:00:00 AM"
"45168","9","12/16/2011 12:00:00 AM"
"45169","5","12/16/2011 12:00:00 AM"
"45169","9","12/16/2011 12:00:00 AM"
"45173","5","12/17/2011 12:00:00 AM"
"45173","9","12/17/2011 12:00:00 AM"
"45174","5","12/17/2011 12:00:00 AM"
"45174","9","12/17/2011 12:00:00 AM"
"45175","5","12/17/2011 12:00:00 AM"
"45175","9","12/17/2011 12:00:00 AM"
"45176","5","12/17/2011 12:00:00 AM"
"45176","9","12/17/2011 12:00:00 AM"
"45177","5","12/17/2011 12:00:00 AM"
"45177","9","12/17/2011 12:00:00 AM"
"45180","5","12/18/2011 12:00:00 AM"
"45180","9","12/18/2011 12:00:00 AM"
"45181","5","12/18/2011 12:00:00 AM"
"45181","9","12/18/2011 12:00:00 AM"
"45182","5","12/18/2011 12:00:00 AM"
"45182","9","12/18/2011 12:00:00 AM"
"45185","5","12/18/2011 12:00:00 AM"
"45185","9","12/18/2011 12:00:00 AM"
"45186","5","12/19/2011 12:00:00 AM"
"45186","9","12/19/2011 12:00:00 AM"
"45187","5","12/19/2011 12:00:00 AM"
"45187","9","12/19/2011 12:00:00 AM"
"45188","5","12/19/2011 12:00:00 AM"
"45188","9","12/19/2011 12:00:00 AM"
"45189","5","12/19/2011 12:00:00 AM"
"45189","9","12/19/2011 12:00:00 AM"
"45190","5","12/19/2011 12:00:00 AM"
"45190","9","12/19/2011 12:00:00 AM"
"45192","5","12/20/2011 12:00:00 AM"
"45192","9","12/20/2011 12:00:00 AM"
"45193","5","12/20/2011 12:00:00 AM"
"45193","9","12/20/2011 12:00:00 AM"
"45194","5","12/20/2011 12:00:00 AM"
"45194","9","12/20/2011 12:00:00 AM"
"45195","5","12/20/2011 12:00:00 AM"
"45195","9","12/20/2011 12:00:00 AM"
"45196","5","12/20/2011 12:00:00 AM"
"45196","9","12/20/2011 12:00:00 AM"
"45197","5","12/20/2011 12:00:00 AM"
"45197","9","12/20/2011 12:00:00 AM"
"45198","5","12/21/2011 12:00:00 AM"
"45198","9","12/21/2011 12:00:00 AM"
"45200","5","12/21/2011 12:00:00 AM"
"45200","9","12/21/2011 12:00:00 AM"
"45201","5","12/21/2011 12:00:00 AM"
"45201","9","12/21/2011 12:00:00 AM"
"45202","5","12/21/2011 12:00:00 AM"
"45202","9","12/21/2011 12:00:00 AM"
"45203","5","12/21/2011 12:00:00 AM"
"45203","9","12/21/2011 12:00:00 AM"
"45206","5","12/22/2011 12:00:00 AM"
"45206","9","12/22/2011 12:00:00 AM"
"45207","5","12/22/2011 12:00:00 AM"
"45207","9","12/22/2011 12:00:00 AM"
"45209","5","12/22/2011 12:00:00 AM"
"45209","9","12/22/2011 12:00:00 AM"
"45210","5","12/22/2011 12:00:00 AM"
"45210","9","12/22/2011 12:00:00 AM"
"45211","5","12/22/2011 12:00:00 AM"
"45211","9","12/22/2011 12:00:00 AM"
"45212","5","12/22/2011 12:00:00 AM"
"45212","9","12/22/2011 12:00:00 AM"
"45214","5","12/23/2011 12:00:00 AM"
"45214","9","12/23/2011 12:00:00 AM"
"45215","5","12/23/2011 12:00:00 AM"
"45215","9","12/23/2011 12:00:00 AM"
"45216","5","12/23/2011 12:00:00 AM"
"45216","9","12/23/2011 12:00:00 AM"
"45217","5","12/24/2011 12:00:00 AM"
"45217","9","12/24/2011 12:00:00 AM"
"45219","5","12/24/2011 12:00:00 AM"
"45219","9","12/24/2011 12:00:00 AM"
"45220","5","12/24/2011 12:00:00 AM"
"45220","9","12/24/2011 12:00:00 AM"
"45221","5","12/24/2011 12:00:00 AM"
"45221","9","12/24/2011 12:00:00 AM"
"45223","5","12/24/2011 12:00:00 AM"
"45223","9","12/24/2011 12:00:00 AM"
"45224","5","12/24/2011 12:00:00 AM"
"45224","9","12/24/2011 12:00:00 AM"
"45228","5","12/25/2011 12:00:00 AM"
"45228","9","12/25/2011 12:00:00 AM"
"45230","5","12/26/2011 12:00:00 AM"
"45230","9","12/26/2011 12:00:00 AM"
"45231","5","12/26/2011 12:00:00 AM"
"45231","9","12/26/2011 12:00:00 AM"
"45232","5","12/26/2011 12:00:00 AM"
"45232","9","12/26/2011 12:00:00 AM"
"45235","5","12/27/2011 12:00:00 AM"
"45235","9","12/27/2011 12:00:00 AM"
"45236","5","12/27/2011 12:00:00 AM"
"45236","9","12/27/2011 12:00:00 AM"
"45237","5","12/27/2011 12:00:00 AM"
"45237","9","12/27/2011 12:00:00 AM"
"45240","5","12/28/2011 12:00:00 AM"
"45240","9","12/28/2011 12:00:00 AM"
"45241","5","12/28/2011 12:00:00 AM"
"45241","9","12/28/2011 12:00:00 AM"
"45242","5","12/28/2011 12:00:00 AM"
"45242","9","12/28/2011 12:00:00 AM"
"45245","5","12/29/2011 12:00:00 AM"
"45245","9","12/29/2011 12:00:00 AM"
"45246","5","12/29/2011 12:00:00 AM"
"45246","9","12/29/2011 12:00:00 AM"
"45249","5","12/30/2011 12:00:00 AM"
"45249","9","12/30/2011 12:00:00 AM"
"45250","5","12/30/2011 12:00:00 AM"
"45250","9","12/30/2011 12:00:00 AM"
"45252","5","12/30/2011 12:00:00 AM"
"45252","9","12/30/2011 12:00:00 AM"
"45253","5","12/30/2011 12:00:00 AM"
"45253","9","12/30/2011 12:00:00 AM"
"45254","5","12/30/2011 12:00:00 AM"
"45254","9","12/30/2011 12:00:00 AM"
"45255","5","12/30/2011 12:00:00 AM"
"45255","9","12/30/2011 12:00:00 AM"
"45257","5","12/30/2011 12:00:00 AM"
"45257","9","12/30/2011 12:00:00 AM"
"45259","5","12/31/2011 12:00:00 AM"
"45259","9","12/31/2011 12:00:00 AM"
"45260","5","12/31/2011 12:00:00 AM"
"45260","9","12/31/2011 12:00:00 AM"
"45261","5","12/31/2011 12:00:00 AM"
"45261","9","12/31/2011 12:00:00 AM"
"45262","5","12/31/2011 12:00:00 AM"
"45262","9","12/31/2011 12:00:00 AM"
"45345","5","1/1/2012 12:00:00 AM"
"45345","9","1/1/2012 12:00:00 AM"
"45346","5","1/1/2012 12:00:00 AM"
"45346","9","1/1/2012 12:00:00 AM"
"45348","5","1/1/2012 12:00:00 AM"
"45348","9","1/1/2012 12:00:00 AM"
"45349","5","1/1/2012 12:00:00 AM"
"45349","9","1/1/2012 12:00:00 AM"
"45350","5","1/1/2012 12:00:00 AM"
"45350","9","1/1/2012 12:00:00 AM"
"45351","5","1/2/2012 12:00:00 AM"
"45351","9","1/2/2012 12:00:00 AM"
"45352","5","1/2/2012 12:00:00 AM"
"45352","9","1/2/2012 12:00:00 AM"
"45353","5","1/2/2012 12:00:00 AM"
"45353","9","1/2/2012 12:00:00 AM"
"45355","5","1/2/2012 12:00:00 AM"
"45355","9","1/2/2012 12:00:00 AM"
"45356","5","1/2/2012 12:00:00 AM"
"45356","9","1/2/2012 12:00:00 AM"
"45358","5","1/3/2012 12:00:00 AM"
"45358","9","1/3/2012 12:00:00 AM"
"45359","5","1/3/2012 12:00:00 AM"
"45359","9","1/3/2012 12:00:00 AM"
"45360","5","1/3/2012 12:00:00 AM"
"45360","9","1/3/2012 12:00:00 AM"
"45361","5","1/3/2012 12:00:00 AM"
"45361","9","1/3/2012 12:00:00 AM"
"45362","5","1/3/2012 12:00:00 AM"
"45362","9","1/3/2012 12:00:00 AM"
"45363","5","1/3/2012 12:00:00 AM"
"45363","9","1/3/2012 12:00:00 AM"
"45364","5","1/4/2012 12:00:00 AM"
"45364","9","1/4/2012 12:00:00 AM"
"45365","5","1/4/2012 12:00:00 AM"
"45365","9","1/4/2012 12:00:00 AM"
"45369","5","1/4/2012 12:00:00 AM"
"45369","9","1/4/2012 12:00:00 AM"
"45370","5","1/4/2012 12:00:00 AM"
"45370","9","1/4/2012 12:00:00 AM"
"45371","5","1/5/2012 12:00:00 AM"
"45371","9","1/5/2012 12:00:00 AM"
"45374","5","1/5/2012 12:00:00 AM"
"45374","9","1/5/2012 12:00:00 AM"
"45375","5","1/5/2012 12:00:00 AM"
"45375","9","1/5/2012 12:00:00 AM"
"45377","5","1/6/2012 12:00:00 AM"
"45377","9","1/6/2012 12:00:00 AM"
"45378","5","1/6/2012 12:00:00 AM"
"45378","9","1/6/2012 12:00:00 AM"
"45379","5","1/6/2012 12:00:00 AM"
"45379","9","1/6/2012 12:00:00 AM"
"45382","5","1/6/2012 12:00:00 AM"
"45382","9","1/6/2012 12:00:00 AM"
"45386","5","1/6/2012 12:00:00 AM"
"45386","9","1/6/2012 12:00:00 AM"
"45387","5","1/7/2012 12:00:00 AM"
"45387","9","1/7/2012 12:00:00 AM"
"45389","5","1/7/2012 12:00:00 AM"
"45389","9","1/7/2012 12:00:00 AM"
"45390","5","1/7/2012 12:00:00 AM"
"45390","9","1/7/2012 12:00:00 AM"
"45391","5","1/7/2012 12:00:00 AM"
"45391","9","1/7/2012 12:00:00 AM"
"45393","5","1/8/2012 12:00:00 AM"
"45393","9","1/8/2012 12:00:00 AM"
"45395","5","1/8/2012 12:00:00 AM"
"45395","9","1/8/2012 12:00:00 AM"
"45396","5","1/8/2012 12:00:00 AM"
"45396","9","1/8/2012 12:00:00 AM"
"45397","5","1/9/2012 12:00:00 AM"
"45397","9","1/9/2012 12:00:00 AM"
"45398","5","1/9/2012 12:00:00 AM"
"45398","9","1/9/2012 12:00:00 AM"
"45399","5","1/9/2012 12:00:00 AM"
"45399","9","1/9/2012 12:00:00 AM"
"45400","5","1/10/2012 12:00:00 AM"
"45400","9","1/10/2012 12:00:00 AM"
"45401","5","1/10/2012 12:00:00 AM"
"45401","9","1/10/2012 12:00:00 AM"
"45403","5","1/10/2012 12:00:00 AM"
"45403","9","1/10/2012 12:00:00 AM"
"45404","5","1/10/2012 12:00:00 AM"
"45404","9","1/10/2012 12:00:00 AM"
"45405","5","1/10/2012 12:00:00 AM"
"45405","9","1/10/2012 12:00:00 AM"
"45407","5","1/10/2012 12:00:00 AM"
"45407","9","1/10/2012 12:00:00 AM"
"45408","5","1/10/2012 12:00:00 AM"
"45408","9","1/10/2012 12:00:00 AM"
"45409","5","1/10/2012 12:00:00 AM"
"45409","9","1/10/2012 12:00:00 AM"
"45410","5","1/11/2012 12:00:00 AM"
"45410","9","1/11/2012 12:00:00 AM"
"45411","5","1/11/2012 12:00:00 AM"
"45411","9","1/11/2012 12:00:00 AM"
"45412","5","1/11/2012 12:00:00 AM"
"45412","9","1/11/2012 12:00:00 AM"
"45413","5","1/11/2012 12:00:00 AM"
"45413","9","1/11/2012 12:00:00 AM"
"45415","5","1/11/2012 12:00:00 AM"
"45415","9","1/11/2012 12:00:00 AM"
"45416","5","1/11/2012 12:00:00 AM"
"45416","9","1/11/2012 12:00:00 AM"
"45417","5","1/11/2012 12:00:00 AM"
"45417","9","1/11/2012 12:00:00 AM"
"45418","5","1/11/2012 12:00:00 AM"
"45418","9","1/11/2012 12:00:00 AM"
"45419","5","1/11/2012 12:00:00 AM"
"45419","9","1/11/2012 12:00:00 AM"
"45420","5","1/11/2012 12:00:00 AM"
"45420","9","1/11/2012 12:00:00 AM"
"45421","5","1/11/2012 12:00:00 AM"
"45421","9","1/11/2012 12:00:00 AM"
"45422","5","1/12/2012 12:00:00 AM"
"45422","9","1/12/2012 12:00:00 AM"
"45424","5","1/12/2012 12:00:00 AM"
"45424","9","1/12/2012 12:00:00 AM"
"45425","5","1/13/2012 12:00:00 AM"
"45425","9","1/13/2012 12:00:00 AM"
"45426","5","1/13/2012 12:00:00 AM"
"45426","9","1/13/2012 12:00:00 AM"
"45429","5","1/13/2012 12:00:00 AM"
"45429","9","1/13/2012 12:00:00 AM"
"45430","5","1/13/2012 12:00:00 AM"
"45430","9","1/13/2012 12:00:00 AM"
"45431","5","1/13/2012 12:00:00 AM"
"45431","9","1/13/2012 12:00:00 AM"
"45432","5","1/14/2012 12:00:00 AM"
"45432","9","1/14/2012 12:00:00 AM"
"45433","5","1/14/2012 12:00:00 AM"
"45433","9","1/14/2012 12:00:00 AM"
"45434","5","1/14/2012 12:00:00 AM"
"45434","9","1/14/2012 12:00:00 AM"
"45436","5","1/14/2012 12:00:00 AM"
"45436","9","1/14/2012 12:00:00 AM"
"45437","5","1/14/2012 12:00:00 AM"
"45437","9","1/14/2012 12:00:00 AM"
"45438","5","1/14/2012 12:00:00 AM"
"45438","9","1/14/2012 12:00:00 AM"
"45440","5","1/15/2012 12:00:00 AM"
"45440","9","1/15/2012 12:00:00 AM"
"45441","5","1/15/2012 12:00:00 AM"
"45441","9","1/15/2012 12:00:00 AM"
"45442","5","1/15/2012 12:00:00 AM"
"45442","9","1/15/2012 12:00:00 AM"
"45443","5","1/15/2012 12:00:00 AM"
"45443","9","1/15/2012 12:00:00 AM"
"45444","5","1/15/2012 12:00:00 AM"
"45444","9","1/15/2012 12:00:00 AM"
"45445","5","1/15/2012 12:00:00 AM"
"45445","9","1/15/2012 12:00:00 AM"
"45447","5","1/16/2012 12:00:00 AM"
"45447","9","1/16/2012 12:00:00 AM"
"45449","5","1/17/2012 12:00:00 AM"
"45449","9","1/17/2012 12:00:00 AM"
"45450","5","1/17/2012 12:00:00 AM"
"45450","9","1/17/2012 12:00:00 AM"
"45451","5","1/17/2012 12:00:00 AM"
"45451","9","1/17/2012 12:00:00 AM"
"45452","5","1/17/2012 12:00:00 AM"
"45452","9","1/17/2012 12:00:00 AM"
"45453","5","1/18/2012 12:00:00 AM"
"45453","9","1/18/2012 12:00:00 AM"
"45454","5","1/18/2012 12:00:00 AM"
"45454","9","1/18/2012 12:00:00 AM"
"45455","5","1/19/2012 12:00:00 AM"
"45455","9","1/19/2012 12:00:00 AM"
"45456","5","1/19/2012 12:00:00 AM"
"45456","9","1/19/2012 12:00:00 AM"
"45457","5","1/19/2012 12:00:00 AM"
"45457","9","1/19/2012 12:00:00 AM"
"45458","5","1/19/2012 12:00:00 AM"
"45458","9","1/19/2012 12:00:00 AM"
"45459","5","1/19/2012 12:00:00 AM"
"45459","9","1/19/2012 12:00:00 AM"
"45461","5","1/20/2012 12:00:00 AM"
"45461","9","1/20/2012 12:00:00 AM"
"45462","5","1/20/2012 12:00:00 AM"
"45462","9","1/20/2012 12:00:00 AM"
"45463","5","1/20/2012 12:00:00 AM"
"45463","9","1/20/2012 12:00:00 AM"
"45464","5","1/20/2012 12:00:00 AM"
"45464","9","1/20/2012 12:00:00 AM"
"45466","5","1/21/2012 12:00:00 AM"
"45466","9","1/21/2012 12:00:00 AM"
"45468","5","1/22/2012 12:00:00 AM"
"45468","9","1/22/2012 12:00:00 AM"
"45470","5","1/22/2012 12:00:00 AM"
"45470","9","1/22/2012 12:00:00 AM"
"45471","5","1/22/2012 12:00:00 AM"
"45471","9","1/22/2012 12:00:00 AM"
"45472","5","1/22/2012 12:00:00 AM"
"45472","9","1/22/2012 12:00:00 AM"
"45473","5","1/22/2012 12:00:00 AM"
"45473","9","1/22/2012 12:00:00 AM"
"45474","5","1/22/2012 12:00:00 AM"
"45474","9","1/22/2012 12:00:00 AM"
"45475","5","1/22/2012 12:00:00 AM"
"45475","9","1/22/2012 12:00:00 AM"
"45476","5","1/22/2012 12:00:00 AM"
"45476","9","1/22/2012 12:00:00 AM"
"45477","5","1/23/2012 12:00:00 AM"
"45477","9","1/23/2012 12:00:00 AM"
"45478","5","1/23/2012 12:00:00 AM"
"45478","9","1/23/2012 12:00:00 AM"
"45479","5","1/23/2012 12:00:00 AM"
"45479","9","1/23/2012 12:00:00 AM"
"45480","5","1/23/2012 12:00:00 AM"
"45480","9","1/23/2012 12:00:00 AM"
"45481","5","1/23/2012 12:00:00 AM"
"45481","9","1/23/2012 12:00:00 AM"
"45482","5","1/24/2012 12:00:00 AM"
"45482","9","1/24/2012 12:00:00 AM"
"45483","5","1/24/2012 12:00:00 AM"
"45483","9","1/24/2012 12:00:00 AM"
"45484","5","1/24/2012 12:00:00 AM"
"45484","9","1/24/2012 12:00:00 AM"
"45485","5","1/24/2012 12:00:00 AM"
"45485","9","1/24/2012 12:00:00 AM"
"45487","5","1/24/2012 12:00:00 AM"
"45487","9","1/24/2012 12:00:00 AM"
"45488","5","1/24/2012 12:00:00 AM"
"45488","9","1/24/2012 12:00:00 AM"
"45489","5","1/24/2012 12:00:00 AM"
"45489","9","1/24/2012 12:00:00 AM"
"45490","5","1/24/2012 12:00:00 AM"
"45490","9","1/24/2012 12:00:00 AM"
"45491","5","1/25/2012 12:00:00 AM"
"45491","9","1/25/2012 12:00:00 AM"
"45494","5","1/25/2012 12:00:00 AM"
"45494","9","1/25/2012 12:00:00 AM"
"45496","5","1/26/2012 12:00:00 AM"
"45496","9","1/26/2012 12:00:00 AM"
"45497","5","1/26/2012 12:00:00 AM"
"45497","9","1/26/2012 12:00:00 AM"
"45498","5","1/26/2012 12:00:00 AM"
"45498","9","1/26/2012 12:00:00 AM"
"45499","5","1/26/2012 12:00:00 AM"
"45499","9","1/26/2012 12:00:00 AM"
"45500","5","1/26/2012 12:00:00 AM"
"45500","9","1/26/2012 12:00:00 AM"
"45502","5","1/26/2012 12:00:00 AM"
"45502","9","1/26/2012 12:00:00 AM"
"45503","5","1/26/2012 12:00:00 AM"
"45503","9","1/26/2012 12:00:00 AM"
"45505","5","1/26/2012 12:00:00 AM"
"45505","9","1/26/2012 12:00:00 AM"
"45506","5","1/26/2012 12:00:00 AM"
"45506","9","1/26/2012 12:00:00 AM"
"45507","5","1/26/2012 12:00:00 AM"
"45507","9","1/26/2012 12:00:00 AM"
"45508","5","1/27/2012 12:00:00 AM"
"45508","9","1/27/2012 12:00:00 AM"
"45509","5","1/27/2012 12:00:00 AM"
"45509","9","1/27/2012 12:00:00 AM"
"45510","5","1/27/2012 12:00:00 AM"
"45510","9","1/27/2012 12:00:00 AM"
"45511","5","1/28/2012 12:00:00 AM"
"45511","9","1/28/2012 12:00:00 AM"
"45512","5","1/28/2012 12:00:00 AM"
"45512","9","1/28/2012 12:00:00 AM"
"45514","5","1/28/2012 12:00:00 AM"
"45514","9","1/28/2012 12:00:00 AM"
"45515","5","1/28/2012 12:00:00 AM"
"45515","9","1/28/2012 12:00:00 AM"
"45580","5","1/29/2012 12:00:00 AM"
"45580","9","1/29/2012 12:00:00 AM"
"45581","5","1/29/2012 12:00:00 AM"
"45581","9","1/29/2012 12:00:00 AM"
"45582","5","1/29/2012 12:00:00 AM"
"45582","9","1/29/2012 12:00:00 AM"
"45583","5","1/29/2012 12:00:00 AM"
"45583","9","1/29/2012 12:00:00 AM"
"45586","5","1/30/2012 12:00:00 AM"
"45586","9","1/30/2012 12:00:00 AM"
"45587","5","1/30/2012 12:00:00 AM"
"45587","9","1/30/2012 12:00:00 AM"
"45588","5","1/30/2012 12:00:00 AM"
"45588","9","1/30/2012 12:00:00 AM"
"45589","5","1/30/2012 12:00:00 AM"
"45589","9","1/30/2012 12:00:00 AM"
"45590","5","1/30/2012 12:00:00 AM"
"45590","9","1/30/2012 12:00:00 AM"
"45593","5","1/31/2012 12:00:00 AM"
"45593","9","1/31/2012 12:00:00 AM"
"45594","5","1/31/2012 12:00:00 AM"
"45594","9","1/31/2012 12:00:00 AM"
"45595","5","1/31/2012 12:00:00 AM"
"45595","9","1/31/2012 12:00:00 AM"
"45599","5","1/31/2012 12:00:00 AM"
"45599","9","1/31/2012 12:00:00 AM"
"45600","5","1/31/2012 12:00:00 AM"
"45600","9","1/31/2012 12:00:00 AM"
"45602","5","2/1/2012 12:00:00 AM"
"45602","9","2/1/2012 12:00:00 AM"
"45603","5","2/1/2012 12:00:00 AM"
"45603","9","2/1/2012 12:00:00 AM"
"45604","5","2/1/2012 12:00:00 AM"
"45604","9","2/1/2012 12:00:00 AM"
"45605","5","2/1/2012 12:00:00 AM"
"45605","9","2/1/2012 12:00:00 AM"
"45606","5","2/1/2012 12:00:00 AM"
"45606","9","2/1/2012 12:00:00 AM"
"45609","5","2/1/2012 12:00:00 AM"
"45609","9","2/1/2012 12:00:00 AM"
"45610","5","2/2/2012 12:00:00 AM"
"45610","9","2/2/2012 12:00:00 AM"
"45611","5","2/2/2012 12:00:00 AM"
"45611","9","2/2/2012 12:00:00 AM"
"45612","5","2/2/2012 12:00:00 AM"
"45612","9","2/2/2012 12:00:00 AM"
"45613","5","2/3/2012 12:00:00 AM"
"45613","9","2/3/2012 12:00:00 AM"
"45614","5","2/3/2012 12:00:00 AM"
"45614","9","2/3/2012 12:00:00 AM"
"45616","5","2/3/2012 12:00:00 AM"
"45616","9","2/3/2012 12:00:00 AM"
"45617","5","2/3/2012 12:00:00 AM"
"45617","9","2/3/2012 12:00:00 AM"
"45618","5","2/3/2012 12:00:00 AM"
"45618","9","2/3/2012 12:00:00 AM"
"45619","5","2/3/2012 12:00:00 AM"
"45619","9","2/3/2012 12:00:00 AM"
"45620","5","2/3/2012 12:00:00 AM"
"45620","9","2/3/2012 12:00:00 AM"
"45623","5","2/4/2012 12:00:00 AM"
"45623","9","2/4/2012 12:00:00 AM"
"45624","5","2/4/2012 12:00:00 AM"
"45624","9","2/4/2012 12:00:00 AM"
"45625","5","2/4/2012 12:00:00 AM"
"45625","9","2/4/2012 12:00:00 AM"
"45626","5","2/4/2012 12:00:00 AM"
"45626","9","2/4/2012 12:00:00 AM"
"45628","5","2/4/2012 12:00:00 AM"
"45628","9","2/4/2012 12:00:00 AM"
"45632","5","2/5/2012 12:00:00 AM"
"45632","9","2/5/2012 12:00:00 AM"
"45634","5","2/5/2012 12:00:00 AM"
"45634","9","2/5/2012 12:00:00 AM"
"45635","5","2/6/2012 12:00:00 AM"
"45635","9","2/6/2012 12:00:00 AM"
"45636","5","2/6/2012 12:00:00 AM"
"45636","9","2/6/2012 12:00:00 AM"
"45637","5","2/6/2012 12:00:00 AM"
"45637","9","2/6/2012 12:00:00 AM"
"45639","5","2/6/2012 12:00:00 AM"
"45639","9","2/6/2012 12:00:00 AM"
"45640","5","2/6/2012 12:00:00 AM"
"45640","9","2/6/2012 12:00:00 AM"
"45641","5","2/7/2012 12:00:00 AM"
"45641","9","2/7/2012 12:00:00 AM"
"45642","5","2/7/2012 12:00:00 AM"
"45642","9","2/7/2012 12:00:00 AM"
"45643","5","2/8/2012 12:00:00 AM"
"45643","9","2/8/2012 12:00:00 AM"
"45646","5","2/8/2012 12:00:00 AM"
"45646","9","2/8/2012 12:00:00 AM"
"45648","5","2/8/2012 12:00:00 AM"
"45648","9","2/8/2012 12:00:00 AM"
"45649","5","2/9/2012 12:00:00 AM"
"45649","9","2/9/2012 12:00:00 AM"
"45650","5","2/9/2012 12:00:00 AM"
"45650","9","2/9/2012 12:00:00 AM"
"45651","5","2/9/2012 12:00:00 AM"
"45651","9","2/9/2012 12:00:00 AM"
"45655","5","2/10/2012 12:00:00 AM"
"45655","9","2/10/2012 12:00:00 AM"
"45656","5","2/10/2012 12:00:00 AM"
"45656","9","2/10/2012 12:00:00 AM"
"45657","5","2/10/2012 12:00:00 AM"
"45657","9","2/10/2012 12:00:00 AM"
"45658","5","2/10/2012 12:00:00 AM"
"45658","9","2/10/2012 12:00:00 AM"
"45660","5","2/10/2012 12:00:00 AM"
"45660","9","2/10/2012 12:00:00 AM"
"45664","5","2/11/2012 12:00:00 AM"
"45664","9","2/11/2012 12:00:00 AM"
"45667","5","2/11/2012 12:00:00 AM"
"45667","9","2/11/2012 12:00:00 AM"
"45668","5","2/12/2012 12:00:00 AM"
"45668","9","2/12/2012 12:00:00 AM"
"45669","5","2/12/2012 12:00:00 AM"
"45669","9","2/12/2012 12:00:00 AM"
"45670","5","2/12/2012 12:00:00 AM"
"45670","9","2/12/2012 12:00:00 AM"
"45671","5","2/12/2012 12:00:00 AM"
"45671","9","2/12/2012 12:00:00 AM"
"45673","5","2/12/2012 12:00:00 AM"
"45673","9","2/12/2012 12:00:00 AM"
"45674","5","2/12/2012 12:00:00 AM"
"45674","9","2/12/2012 12:00:00 AM"
"45678","5","2/13/2012 12:00:00 AM"
"45678","9","2/13/2012 12:00:00 AM"
"45679","5","2/13/2012 12:00:00 AM"
"45679","9","2/13/2012 12:00:00 AM"
"45680","5","2/13/2012 12:00:00 AM"
"45680","9","2/13/2012 12:00:00 AM"
"45681","5","2/13/2012 12:00:00 AM"
"45681","9","2/13/2012 12:00:00 AM"
"45682","5","2/13/2012 12:00:00 AM"
"45682","9","2/13/2012 12:00:00 AM"
"45683","5","2/14/2012 12:00:00 AM"
"45683","9","2/14/2012 12:00:00 AM"
"45689","5","2/14/2012 12:00:00 AM"
"45689","9","2/14/2012 12:00:00 AM"
"45690","5","2/14/2012 12:00:00 AM"
"45690","9","2/14/2012 12:00:00 AM"
"45692","5","2/15/2012 12:00:00 AM"
"45692","9","2/15/2012 12:00:00 AM"
"45693","5","2/15/2012 12:00:00 AM"
"45693","9","2/15/2012 12:00:00 AM"
"45694","5","2/15/2012 12:00:00 AM"
"45694","9","2/15/2012 12:00:00 AM"
"45695","5","2/15/2012 12:00:00 AM"
"45695","9","2/15/2012 12:00:00 AM"
"45696","5","2/15/2012 12:00:00 AM"
"45696","9","2/15/2012 12:00:00 AM"
"45697","5","2/15/2012 12:00:00 AM"
"45697","9","2/15/2012 12:00:00 AM"
"45700","5","2/16/2012 12:00:00 AM"
"45700","9","2/16/2012 12:00:00 AM"
"45701","5","2/16/2012 12:00:00 AM"
"45701","9","2/16/2012 12:00:00 AM"
"45703","5","2/16/2012 12:00:00 AM"
"45703","9","2/16/2012 12:00:00 AM"
"45704","5","2/17/2012 12:00:00 AM"
"45704","9","2/17/2012 12:00:00 AM"
"45705","5","2/17/2012 12:00:00 AM"
"45705","9","2/17/2012 12:00:00 AM"
"45706","5","2/17/2012 12:00:00 AM"
"45706","9","2/17/2012 12:00:00 AM"
"45708","5","2/17/2012 12:00:00 AM"
"45708","9","2/17/2012 12:00:00 AM"
"45709","5","2/17/2012 12:00:00 AM"
"45709","9","2/17/2012 12:00:00 AM"
"45710","5","2/17/2012 12:00:00 AM"
"45710","9","2/17/2012 12:00:00 AM"
"45711","5","2/17/2012 12:00:00 AM"
"45711","9","2/17/2012 12:00:00 AM"
"45713","5","2/18/2012 12:00:00 AM"
"45713","9","2/18/2012 12:00:00 AM"
"45714","5","2/18/2012 12:00:00 AM"
"45714","9","2/18/2012 12:00:00 AM"
"45715","5","2/18/2012 12:00:00 AM"
"45715","9","2/18/2012 12:00:00 AM"
"45716","5","2/18/2012 12:00:00 AM"
"45716","9","2/18/2012 12:00:00 AM"
"45717","5","2/19/2012 12:00:00 AM"
"45717","9","2/19/2012 12:00:00 AM"
"45718","5","2/19/2012 12:00:00 AM"
"45718","9","2/19/2012 12:00:00 AM"
"45720","5","2/19/2012 12:00:00 AM"
"45720","9","2/19/2012 12:00:00 AM"
"45723","5","2/20/2012 12:00:00 AM"
"45723","9","2/20/2012 12:00:00 AM"
"45724","5","2/20/2012 12:00:00 AM"
"45724","9","2/20/2012 12:00:00 AM"
"45725","5","2/20/2012 12:00:00 AM"
"45725","9","2/20/2012 12:00:00 AM"
"45726","5","2/20/2012 12:00:00 AM"
"45726","9","2/20/2012 12:00:00 AM"
"45728","5","2/21/2012 12:00:00 AM"
"45728","9","2/21/2012 12:00:00 AM"
"45729","5","2/21/2012 12:00:00 AM"
"45729","9","2/21/2012 12:00:00 AM"
"45731","5","2/21/2012 12:00:00 AM"
"45731","9","2/21/2012 12:00:00 AM"
"45732","5","2/21/2012 12:00:00 AM"
"45732","9","2/21/2012 12:00:00 AM"
"45733","5","2/21/2012 12:00:00 AM"
"45733","9","2/21/2012 12:00:00 AM"
"45734","5","2/21/2012 12:00:00 AM"
"45734","9","2/21/2012 12:00:00 AM"
"45735","5","2/21/2012 12:00:00 AM"
"45735","9","2/21/2012 12:00:00 AM"
"45736","5","2/21/2012 12:00:00 AM"
"45736","9","2/21/2012 12:00:00 AM"
"45737","5","2/21/2012 12:00:00 AM"
"45737","9","2/21/2012 12:00:00 AM"
"45740","5","2/22/2012 12:00:00 AM"
"45740","9","2/22/2012 12:00:00 AM"
"45741","5","2/22/2012 12:00:00 AM"
"45741","9","2/22/2012 12:00:00 AM"
"45742","5","2/22/2012 12:00:00 AM"
"45742","9","2/22/2012 12:00:00 AM"
"45743","5","2/22/2012 12:00:00 AM"
"45743","9","2/22/2012 12:00:00 AM"
"45745","5","2/23/2012 12:00:00 AM"
"45745","9","2/23/2012 12:00:00 AM"
"45746","5","2/23/2012 12:00:00 AM"
"45746","9","2/23/2012 12:00:00 AM"
"45747","5","2/23/2012 12:00:00 AM"
"45747","9","2/23/2012 12:00:00 AM"
"45749","5","2/23/2012 12:00:00 AM"
"45749","9","2/23/2012 12:00:00 AM"
"45752","5","2/23/2012 12:00:00 AM"
"45752","9","2/23/2012 12:00:00 AM"
"45753","5","2/23/2012 12:00:00 AM"
"45753","9","2/23/2012 12:00:00 AM"
"45754","5","2/24/2012 12:00:00 AM"
"45754","9","2/24/2012 12:00:00 AM"
"45755","5","2/24/2012 12:00:00 AM"
"45755","9","2/24/2012 12:00:00 AM"
"45756","5","2/24/2012 12:00:00 AM"
"45756","9","2/24/2012 12:00:00 AM"
"45757","5","2/25/2012 12:00:00 AM"
"45757","9","2/25/2012 12:00:00 AM"
"45758","5","2/25/2012 12:00:00 AM"
"45758","9","2/25/2012 12:00:00 AM"
"45759","5","2/25/2012 12:00:00 AM"
"45759","9","2/25/2012 12:00:00 AM"
"45760","5","2/25/2012 12:00:00 AM"
"45760","9","2/25/2012 12:00:00 AM"
"45761","5","2/25/2012 12:00:00 AM"
"45761","9","2/25/2012 12:00:00 AM"
"45762","5","2/25/2012 12:00:00 AM"
"45762","9","2/25/2012 12:00:00 AM"
"45763","5","2/25/2012 12:00:00 AM"
"45763","9","2/25/2012 12:00:00 AM"
"45764","5","2/25/2012 12:00:00 AM"
"45764","9","2/25/2012 12:00:00 AM"
"45766","5","2/26/2012 12:00:00 AM"
"45766","9","2/26/2012 12:00:00 AM"
"45767","5","2/26/2012 12:00:00 AM"
"45767","9","2/26/2012 12:00:00 AM"
"45768","5","2/26/2012 12:00:00 AM"
"45768","9","2/26/2012 12:00:00 AM"
"45769","5","2/26/2012 12:00:00 AM"
"45769","9","2/26/2012 12:00:00 AM"
"45770","5","2/26/2012 12:00:00 AM"
"45770","9","2/26/2012 12:00:00 AM"
"45771","5","2/27/2012 12:00:00 AM"
"45771","9","2/27/2012 12:00:00 AM"
"45772","5","2/27/2012 12:00:00 AM"
"45772","9","2/27/2012 12:00:00 AM"
"45773","5","2/27/2012 12:00:00 AM"
"45773","9","2/27/2012 12:00:00 AM"
"45774","5","2/27/2012 12:00:00 AM"
"45774","9","2/27/2012 12:00:00 AM"
"45775","5","2/28/2012 12:00:00 AM"
"45775","9","2/28/2012 12:00:00 AM"
"45776","5","2/28/2012 12:00:00 AM"
"45776","9","2/28/2012 12:00:00 AM"
"45816","5","2/29/2012 12:00:00 AM"
"45816","9","2/29/2012 12:00:00 AM"
"45817","5","2/29/2012 12:00:00 AM"
"45817","9","2/29/2012 12:00:00 AM"
"45819","5","2/29/2012 12:00:00 AM"
"45819","9","2/29/2012 12:00:00 AM"
"45822","5","3/1/2012 12:00:00 AM"
"45822","9","3/1/2012 12:00:00 AM"
"45823","5","3/1/2012 12:00:00 AM"
"45823","9","3/1/2012 12:00:00 AM"
"45824","5","3/2/2012 12:00:00 AM"
"45824","9","3/2/2012 12:00:00 AM"
"45825","5","3/2/2012 12:00:00 AM"
"45825","9","3/2/2012 12:00:00 AM"
"45826","5","3/2/2012 12:00:00 AM"
"45826","9","3/2/2012 12:00:00 AM"
"45827","5","3/2/2012 12:00:00 AM"
"45827","9","3/2/2012 12:00:00 AM"
"45829","5","3/2/2012 12:00:00 AM"
"45829","9","3/2/2012 12:00:00 AM"
"45830","5","3/2/2012 12:00:00 AM"
"45830","9","3/2/2012 12:00:00 AM"
"45831","5","3/2/2012 12:00:00 AM"
"45831","9","3/2/2012 12:00:00 AM"
"45833","5","3/3/2012 12:00:00 AM"
"45833","9","3/3/2012 12:00:00 AM"
"45834","5","3/3/2012 12:00:00 AM"
"45834","9","3/3/2012 12:00:00 AM"
"45835","5","3/3/2012 12:00:00 AM"
"45835","9","3/3/2012 12:00:00 AM"
"45836","5","3/3/2012 12:00:00 AM"
"45836","9","3/3/2012 12:00:00 AM"
"45838","5","3/3/2012 12:00:00 AM"
"45838","9","3/3/2012 12:00:00 AM"
"45841","5","3/4/2012 12:00:00 AM"
"45841","9","3/4/2012 12:00:00 AM"
"45842","5","3/4/2012 12:00:00 AM"
"45842","9","3/4/2012 12:00:00 AM"
"45843","5","3/4/2012 12:00:00 AM"
"45843","9","3/4/2012 12:00:00 AM"
"45844","5","3/4/2012 12:00:00 AM"
"45844","9","3/4/2012 12:00:00 AM"
"45845","5","3/5/2012 12:00:00 AM"
"45845","9","3/5/2012 12:00:00 AM"
"45846","5","3/5/2012 12:00:00 AM"
"45846","9","3/5/2012 12:00:00 AM"
"45849","5","3/5/2012 12:00:00 AM"
"45849","9","3/5/2012 12:00:00 AM"
"45850","5","3/6/2012 12:00:00 AM"
"45850","9","3/6/2012 12:00:00 AM"
"45851","5","3/6/2012 12:00:00 AM"
"45851","9","3/6/2012 12:00:00 AM"
"45853","5","3/6/2012 12:00:00 AM"
"45853","9","3/6/2012 12:00:00 AM"
"45854","5","3/6/2012 12:00:00 AM"
"45854","9","3/6/2012 12:00:00 AM"
"45856","5","3/6/2012 12:00:00 AM"
"45856","9","3/6/2012 12:00:00 AM"
"45859","5","3/7/2012 12:00:00 AM"
"45859","9","3/7/2012 12:00:00 AM"
"45860","5","3/7/2012 12:00:00 AM"
"45860","9","3/7/2012 12:00:00 AM"
"45861","5","3/7/2012 12:00:00 AM"
"45861","9","3/7/2012 12:00:00 AM"
"45862","5","3/8/2012 12:00:00 AM"
"45862","9","3/8/2012 12:00:00 AM"
"45863","5","3/8/2012 12:00:00 AM"
"45863","9","3/8/2012 12:00:00 AM"
"45864","5","3/8/2012 12:00:00 AM"
"45864","9","3/8/2012 12:00:00 AM"
"45865","5","3/8/2012 12:00:00 AM"
"45865","9","3/8/2012 12:00:00 AM"
"45866","5","3/8/2012 12:00:00 AM"
"45866","9","3/8/2012 12:00:00 AM"
"45867","5","3/9/2012 12:00:00 AM"
"45867","9","3/9/2012 12:00:00 AM"
"45868","5","3/9/2012 12:00:00 AM"
"45868","9","3/9/2012 12:00:00 AM"
"45869","5","3/9/2012 12:00:00 AM"
"45869","9","3/9/2012 12:00:00 AM"
"45873","5","3/10/2012 12:00:00 AM"
"45873","9","3/10/2012 12:00:00 AM"
"45875","5","3/10/2012 12:00:00 AM"
"45875","9","3/10/2012 12:00:00 AM"
"45876","5","3/10/2012 12:00:00 AM"
"45876","9","3/10/2012 12:00:00 AM"
"45878","5","3/11/2012 12:00:00 AM"
"45878","9","3/11/2012 12:00:00 AM"
"45880","5","3/11/2012 12:00:00 AM"
"45880","9","3/11/2012 12:00:00 AM"
"45881","5","3/11/2012 12:00:00 AM"
"45881","9","3/11/2012 12:00:00 AM"
"45882","5","3/11/2012 12:00:00 AM"
"45882","9","3/11/2012 12:00:00 AM"
"45883","5","3/11/2012 12:00:00 AM"
"45883","9","3/11/2012 12:00:00 AM"
"45884","5","3/11/2012 12:00:00 AM"
"45884","9","3/11/2012 12:00:00 AM"
"45885","5","3/11/2012 12:00:00 AM"
"45885","9","3/11/2012 12:00:00 AM"
"45888","5","3/11/2012 12:00:00 AM"
"45888","9","3/11/2012 12:00:00 AM"
"45892","5","3/12/2012 12:00:00 AM"
"45892","9","3/12/2012 12:00:00 AM"
"45893","5","3/12/2012 12:00:00 AM"
"45893","9","3/12/2012 12:00:00 AM"
"45895","5","3/13/2012 12:00:00 AM"
"45895","9","3/13/2012 12:00:00 AM"
"45896","5","3/13/2012 12:00:00 AM"
"45896","9","3/13/2012 12:00:00 AM"
"45897","5","3/14/2012 12:00:00 AM"
"45897","9","3/14/2012 12:00:00 AM"
"45898","5","3/14/2012 12:00:00 AM"
"45898","9","3/14/2012 12:00:00 AM"
"45899","5","3/14/2012 12:00:00 AM"
"45899","9","3/14/2012 12:00:00 AM"
"45900","5","3/14/2012 12:00:00 AM"
"45900","9","3/14/2012 12:00:00 AM"
"45901","5","3/14/2012 12:00:00 AM"
"45901","9","3/14/2012 12:00:00 AM"
"45902","5","3/14/2012 12:00:00 AM"
"45902","9","3/14/2012 12:00:00 AM"
"45903","5","3/14/2012 12:00:00 AM"
"45903","9","3/14/2012 12:00:00 AM"
"45904","5","3/14/2012 12:00:00 AM"
"45904","9","3/14/2012 12:00:00 AM"
"45905","5","3/14/2012 12:00:00 AM"
"45905","9","3/14/2012 12:00:00 AM"
"45906","5","3/14/2012 12:00:00 AM"
"45906","9","3/14/2012 12:00:00 AM"
"45907","5","3/14/2012 12:00:00 AM"
"45907","9","3/14/2012 12:00:00 AM"
"45910","5","3/15/2012 12:00:00 AM"
"45910","9","3/15/2012 12:00:00 AM"
"45911","5","3/15/2012 12:00:00 AM"
"45911","9","3/15/2012 12:00:00 AM"
"45912","5","3/15/2012 12:00:00 AM"
"45912","9","3/15/2012 12:00:00 AM"
"45918","5","3/16/2012 12:00:00 AM"
"45918","9","3/16/2012 12:00:00 AM"
"45919","5","3/16/2012 12:00:00 AM"
"45919","9","3/16/2012 12:00:00 AM"
"45920","5","3/16/2012 12:00:00 AM"
"45920","9","3/16/2012 12:00:00 AM"
"45921","5","3/16/2012 12:00:00 AM"
"45921","9","3/16/2012 12:00:00 AM"
"45922","5","3/16/2012 12:00:00 AM"
"45922","9","3/16/2012 12:00:00 AM"
"45923","5","3/16/2012 12:00:00 AM"
"45923","9","3/16/2012 12:00:00 AM"
"45924","5","3/16/2012 12:00:00 AM"
"45924","9","3/16/2012 12:00:00 AM"
"45926","5","3/17/2012 12:00:00 AM"
"45926","9","3/17/2012 12:00:00 AM"
"45927","5","3/17/2012 12:00:00 AM"
"45927","9","3/17/2012 12:00:00 AM"
"45928","5","3/17/2012 12:00:00 AM"
"45928","9","3/17/2012 12:00:00 AM"
"45929","5","3/17/2012 12:00:00 AM"
"45929","9","3/17/2012 12:00:00 AM"
"45931","5","3/17/2012 12:00:00 AM"
"45931","9","3/17/2012 12:00:00 AM"
"45932","5","3/17/2012 12:00:00 AM"
"45932","9","3/17/2012 12:00:00 AM"
"45933","5","3/18/2012 12:00:00 AM"
"45933","9","3/18/2012 12:00:00 AM"
"45934","5","3/18/2012 12:00:00 AM"
"45934","9","3/18/2012 12:00:00 AM"
"45937","5","3/19/2012 12:00:00 AM"
"45937","9","3/19/2012 12:00:00 AM"
"45938","5","3/19/2012 12:00:00 AM"
"45938","9","3/19/2012 12:00:00 AM"
"45940","5","3/19/2012 12:00:00 AM"
"45940","9","3/19/2012 12:00:00 AM"
"45941","5","3/19/2012 12:00:00 AM"
"45941","9","3/19/2012 12:00:00 AM"
"45942","5","3/19/2012 12:00:00 AM"
"45942","9","3/19/2012 12:00:00 AM"
"45943","5","3/19/2012 12:00:00 AM"
"45943","9","3/19/2012 12:00:00 AM"
"45944","5","3/19/2012 12:00:00 AM"
"45944","9","3/19/2012 12:00:00 AM"
"45949","5","3/20/2012 12:00:00 AM"
"45949","9","3/20/2012 12:00:00 AM"
"45950","5","3/20/2012 12:00:00 AM"
"45950","9","3/20/2012 12:00:00 AM"
"45953","5","3/21/2012 12:00:00 AM"
"45953","9","3/21/2012 12:00:00 AM"
"45954","5","3/21/2012 12:00:00 AM"
"45954","9","3/21/2012 12:00:00 AM"
"45956","5","3/21/2012 12:00:00 AM"
"45956","9","3/21/2012 12:00:00 AM"
"45957","5","3/22/2012 12:00:00 AM"
"45957","9","3/22/2012 12:00:00 AM"
"45958","5","3/22/2012 12:00:00 AM"
"45958","9","3/22/2012 12:00:00 AM"
"45959","5","3/22/2012 12:00:00 AM"
"45959","9","3/22/2012 12:00:00 AM"
"45960","5","3/22/2012 12:00:00 AM"
"45960","9","3/22/2012 12:00:00 AM"
"45961","5","3/22/2012 12:00:00 AM"
"45961","9","3/22/2012 12:00:00 AM"
"45962","5","3/22/2012 12:00:00 AM"
"45962","9","3/22/2012 12:00:00 AM"
"45963","5","3/22/2012 12:00:00 AM"
"45963","9","3/22/2012 12:00:00 AM"
"45964","5","3/22/2012 12:00:00 AM"
"45964","9","3/22/2012 12:00:00 AM"
"45968","5","3/23/2012 12:00:00 AM"
"45968","9","3/23/2012 12:00:00 AM"
"45969","5","3/23/2012 12:00:00 AM"
"45969","9","3/23/2012 12:00:00 AM"
"45973","5","3/24/2012 12:00:00 AM"
"45973","9","3/24/2012 12:00:00 AM"
"45976","5","3/24/2012 12:00:00 AM"
"45976","9","3/24/2012 12:00:00 AM"
"45977","5","3/24/2012 12:00:00 AM"
"45977","9","3/24/2012 12:00:00 AM"
"45979","5","3/25/2012 12:00:00 AM"
"45979","9","3/25/2012 12:00:00 AM"
"45980","5","3/25/2012 12:00:00 AM"
"45980","9","3/25/2012 12:00:00 AM"
"45981","5","3/25/2012 12:00:00 AM"
"45981","9","3/25/2012 12:00:00 AM"
"45982","5","3/25/2012 12:00:00 AM"
"45982","9","3/25/2012 12:00:00 AM"
"45983","5","3/26/2012 12:00:00 AM"
"45983","9","3/26/2012 12:00:00 AM"
"45984","5","3/26/2012 12:00:00 AM"
"45984","9","3/26/2012 12:00:00 AM"
"45985","5","3/26/2012 12:00:00 AM"
"45985","9","3/26/2012 12:00:00 AM"
"45986","5","3/26/2012 12:00:00 AM"
"45986","9","3/26/2012 12:00:00 AM"
"45987","5","3/26/2012 12:00:00 AM"
"45987","9","3/26/2012 12:00:00 AM"
"45988","5","3/26/2012 12:00:00 AM"
"45988","9","3/26/2012 12:00:00 AM"
"45989","5","3/26/2012 12:00:00 AM"
"45989","9","3/26/2012 12:00:00 AM"
"45990","5","3/26/2012 12:00:00 AM"
"45990","9","3/26/2012 12:00:00 AM"
"45993","5","3/27/2012 12:00:00 AM"
"45993","9","3/27/2012 12:00:00 AM"
"45994","5","3/27/2012 12:00:00 AM"
"45994","9","3/27/2012 12:00:00 AM"
"45995","5","3/27/2012 12:00:00 AM"
"45995","9","3/27/2012 12:00:00 AM"
"45996","5","3/27/2012 12:00:00 AM"
"45996","9","3/27/2012 12:00:00 AM"
"45999","5","3/28/2012 12:00:00 AM"
"45999","9","3/28/2012 12:00:00 AM"
"46000","5","3/28/2012 12:00:00 AM"
"46000","9","3/28/2012 12:00:00 AM"
"46001","5","3/28/2012 12:00:00 AM"
"46001","9","3/28/2012 12:00:00 AM"
"46002","5","3/28/2012 12:00:00 AM"
"46002","9","3/28/2012 12:00:00 AM"
"46003","5","3/28/2012 12:00:00 AM"
"46003","9","3/28/2012 12:00:00 AM"
"46004","5","3/28/2012 12:00:00 AM"
"46004","9","3/28/2012 12:00:00 AM"
"46005","5","3/28/2012 12:00:00 AM"
"46005","9","3/28/2012 12:00:00 AM"
"46006","5","3/28/2012 12:00:00 AM"
"46006","9","3/28/2012 12:00:00 AM"
"46007","5","3/28/2012 12:00:00 AM"
"46007","9","3/28/2012 12:00:00 AM"
"46013","5","3/29/2012 12:00:00 AM"
"46013","9","3/29/2012 12:00:00 AM"
"46014","5","3/29/2012 12:00:00 AM"
"46014","9","3/29/2012 12:00:00 AM"
"46015","5","3/29/2012 12:00:00 AM"
"46015","9","3/29/2012 12:00:00 AM"
"46016","5","3/29/2012 12:00:00 AM"
"46016","9","3/29/2012 12:00:00 AM"
"46017","5","3/29/2012 12:00:00 AM"
"46017","9","3/29/2012 12:00:00 AM"
"46018","5","3/29/2012 12:00:00 AM"
"46018","9","3/29/2012 12:00:00 AM"
"46020","5","3/29/2012 12:00:00 AM"
"46020","9","3/29/2012 12:00:00 AM"
"46021","5","3/29/2012 12:00:00 AM"
"46021","9","3/29/2012 12:00:00 AM"
"46108","5","3/30/2012 12:00:00 AM"
"46108","9","3/30/2012 12:00:00 AM"
"46109","5","3/30/2012 12:00:00 AM"
"46109","9","3/30/2012 12:00:00 AM"
"46110","5","3/30/2012 12:00:00 AM"
"46110","9","3/30/2012 12:00:00 AM"
"46111","5","3/30/2012 12:00:00 AM"
"46111","9","3/30/2012 12:00:00 AM"
"46112","5","3/30/2012 12:00:00 AM"
"46112","9","3/30/2012 12:00:00 AM"
"46113","5","3/30/2012 12:00:00 AM"
"46113","9","3/30/2012 12:00:00 AM"
"46114","5","3/30/2012 12:00:00 AM"
"46114","9","3/30/2012 12:00:00 AM"
"46115","5","3/30/2012 12:00:00 AM"
"46115","9","3/30/2012 12:00:00 AM"
"46117","5","3/30/2012 12:00:00 AM"
"46117","9","3/30/2012 12:00:00 AM"
"46118","5","3/30/2012 12:00:00 AM"
"46118","9","3/30/2012 12:00:00 AM"
"46120","5","3/31/2012 12:00:00 AM"
"46120","9","3/31/2012 12:00:00 AM"
"46121","5","3/31/2012 12:00:00 AM"
"46121","9","3/31/2012 12:00:00 AM"
"46122","5","3/31/2012 12:00:00 AM"
"46122","9","3/31/2012 12:00:00 AM"
"46123","5","3/31/2012 12:00:00 AM"
"46123","9","3/31/2012 12:00:00 AM"
"46124","5","3/31/2012 12:00:00 AM"
"46124","9","3/31/2012 12:00:00 AM"
"46125","5","4/1/2012 12:00:00 AM"
"46125","9","4/1/2012 12:00:00 AM"
"46128","5","4/1/2012 12:00:00 AM"
"46128","9","4/1/2012 12:00:00 AM"
"46129","5","4/1/2012 12:00:00 AM"
"46129","9","4/1/2012 12:00:00 AM"
"46130","5","4/2/2012 12:00:00 AM"
"46130","9","4/2/2012 12:00:00 AM"
"46131","5","4/2/2012 12:00:00 AM"
"46131","9","4/2/2012 12:00:00 AM"
"46132","5","4/2/2012 12:00:00 AM"
"46132","9","4/2/2012 12:00:00 AM"
"46133","5","4/2/2012 12:00:00 AM"
"46133","9","4/2/2012 12:00:00 AM"
"46134","5","4/2/2012 12:00:00 AM"
"46134","9","4/2/2012 12:00:00 AM"
"46135","5","4/2/2012 12:00:00 AM"
"46135","9","4/2/2012 12:00:00 AM"
"46136","5","4/2/2012 12:00:00 AM"
"46136","9","4/2/2012 12:00:00 AM"
"46137","5","4/2/2012 12:00:00 AM"
"46137","9","4/2/2012 12:00:00 AM"
"46138","5","4/2/2012 12:00:00 AM"
"46138","9","4/2/2012 12:00:00 AM"
"46142","5","4/3/2012 12:00:00 AM"
"46142","9","4/3/2012 12:00:00 AM"
"46148","5","4/4/2012 12:00:00 AM"
"46148","9","4/4/2012 12:00:00 AM"
"46149","5","4/4/2012 12:00:00 AM"
"46149","9","4/4/2012 12:00:00 AM"
"46152","5","4/4/2012 12:00:00 AM"
"46152","9","4/4/2012 12:00:00 AM"
"46155","5","4/5/2012 12:00:00 AM"
"46155","9","4/5/2012 12:00:00 AM"
"46156","5","4/5/2012 12:00:00 AM"
"46156","9","4/5/2012 12:00:00 AM"
"46161","5","4/6/2012 12:00:00 AM"
"46161","9","4/6/2012 12:00:00 AM"
"46162","5","4/6/2012 12:00:00 AM"
"46162","9","4/6/2012 12:00:00 AM"
"46163","5","4/6/2012 12:00:00 AM"
"46163","9","4/6/2012 12:00:00 AM"
"46164","5","4/6/2012 12:00:00 AM"
"46164","9","4/6/2012 12:00:00 AM"
"46165","5","4/6/2012 12:00:00 AM"
"46165","9","4/6/2012 12:00:00 AM"
"46166","5","4/6/2012 12:00:00 AM"
"46166","9","4/6/2012 12:00:00 AM"
"46169","5","4/6/2012 12:00:00 AM"
"46169","9","4/6/2012 12:00:00 AM"
"46170","5","4/7/2012 12:00:00 AM"
"46170","9","4/7/2012 12:00:00 AM"
"46171","5","4/7/2012 12:00:00 AM"
"46171","9","4/7/2012 12:00:00 AM"
"46172","5","4/7/2012 12:00:00 AM"
"46172","9","4/7/2012 12:00:00 AM"
"46173","5","4/7/2012 12:00:00 AM"
"46173","9","4/7/2012 12:00:00 AM"
"46174","5","4/7/2012 12:00:00 AM"
"46174","9","4/7/2012 12:00:00 AM"
"46177","5","4/8/2012 12:00:00 AM"
"46177","9","4/8/2012 12:00:00 AM"
"46179","5","4/9/2012 12:00:00 AM"
"46179","9","4/9/2012 12:00:00 AM"
"46180","5","4/9/2012 12:00:00 AM"
"46180","9","4/9/2012 12:00:00 AM"
"46184","5","4/10/2012 12:00:00 AM"
"46184","9","4/10/2012 12:00:00 AM"
"46185","5","4/10/2012 12:00:00 AM"
"46185","9","4/10/2012 12:00:00 AM"
"46186","5","4/10/2012 12:00:00 AM"
"46186","9","4/10/2012 12:00:00 AM"
"46187","5","4/10/2012 12:00:00 AM"
"46187","9","4/10/2012 12:00:00 AM"
"46188","5","4/10/2012 12:00:00 AM"
"46188","9","4/10/2012 12:00:00 AM"
"46189","5","4/10/2012 12:00:00 AM"
"46189","9","4/10/2012 12:00:00 AM"
"46190","5","4/10/2012 12:00:00 AM"
"46190","9","4/10/2012 12:00:00 AM"
"46191","5","4/10/2012 12:00:00 AM"
"46191","9","4/10/2012 12:00:00 AM"
"46192","5","4/11/2012 12:00:00 AM"
"46192","9","4/11/2012 12:00:00 AM"
"46194","5","4/11/2012 12:00:00 AM"
"46194","9","4/11/2012 12:00:00 AM"
"46195","5","4/11/2012 12:00:00 AM"
"46195","9","4/11/2012 12:00:00 AM"
"46196","5","4/11/2012 12:00:00 AM"
"46196","9","4/11/2012 12:00:00 AM"
"46199","5","4/11/2012 12:00:00 AM"
"46199","9","4/11/2012 12:00:00 AM"
"46200","5","4/11/2012 12:00:00 AM"
"46200","9","4/11/2012 12:00:00 AM"
"46201","5","4/11/2012 12:00:00 AM"
"46201","9","4/11/2012 12:00:00 AM"
"46205","5","4/12/2012 12:00:00 AM"
"46205","9","4/12/2012 12:00:00 AM"
"46208","5","4/12/2012 12:00:00 AM"
"46208","9","4/12/2012 12:00:00 AM"
"46209","5","4/12/2012 12:00:00 AM"
"46209","9","4/12/2012 12:00:00 AM"
"46210","5","4/12/2012 12:00:00 AM"
"46210","9","4/12/2012 12:00:00 AM"
"46212","5","4/13/2012 12:00:00 AM"
"46212","9","4/13/2012 12:00:00 AM"
"46213","5","4/13/2012 12:00:00 AM"
"46213","9","4/13/2012 12:00:00 AM"
"46214","5","4/13/2012 12:00:00 AM"
"46214","9","4/13/2012 12:00:00 AM"
"46215","5","4/13/2012 12:00:00 AM"
"46215","9","4/13/2012 12:00:00 AM"
"46216","5","4/13/2012 12:00:00 AM"
"46216","9","4/13/2012 12:00:00 AM"
"46217","5","4/13/2012 12:00:00 AM"
"46217","9","4/13/2012 12:00:00 AM"
"46218","5","4/14/2012 12:00:00 AM"
"46218","9","4/14/2012 12:00:00 AM"
"46219","5","4/14/2012 12:00:00 AM"
"46219","9","4/14/2012 12:00:00 AM"
"46220","5","4/14/2012 12:00:00 AM"
"46220","9","4/14/2012 12:00:00 AM"
"46221","5","4/14/2012 12:00:00 AM"
"46221","9","4/14/2012 12:00:00 AM"
"46225","5","4/14/2012 12:00:00 AM"
"46225","9","4/14/2012 12:00:00 AM"
"46226","5","4/14/2012 12:00:00 AM"
"46226","9","4/14/2012 12:00:00 AM"
"46231","5","4/15/2012 12:00:00 AM"
"46231","9","4/15/2012 12:00:00 AM"
"46232","5","4/15/2012 12:00:00 AM"
"46232","9","4/15/2012 12:00:00 AM"
"46233","5","4/15/2012 12:00:00 AM"
"46233","9","4/15/2012 12:00:00 AM"
"46234","5","4/15/2012 12:00:00 AM"
"46234","9","4/15/2012 12:00:00 AM"
"46235","5","4/15/2012 12:00:00 AM"
"46235","9","4/15/2012 12:00:00 AM"
"46237","5","4/15/2012 12:00:00 AM"
"46237","9","4/15/2012 12:00:00 AM"
"46238","5","4/16/2012 12:00:00 AM"
"46238","9","4/16/2012 12:00:00 AM"
"46239","5","4/16/2012 12:00:00 AM"
"46239","9","4/16/2012 12:00:00 AM"
"46240","5","4/16/2012 12:00:00 AM"
"46240","9","4/16/2012 12:00:00 AM"
"46242","5","4/16/2012 12:00:00 AM"
"46242","9","4/16/2012 12:00:00 AM"
"46243","5","4/16/2012 12:00:00 AM"
"46243","9","4/16/2012 12:00:00 AM"
"46244","5","4/16/2012 12:00:00 AM"
"46244","9","4/16/2012 12:00:00 AM"
"46245","5","4/16/2012 12:00:00 AM"
"46245","9","4/16/2012 12:00:00 AM"
"46246","5","4/17/2012 12:00:00 AM"
"46246","9","4/17/2012 12:00:00 AM"
"46250","5","4/17/2012 12:00:00 AM"
"46250","9","4/17/2012 12:00:00 AM"
"46252","5","4/18/2012 12:00:00 AM"
"46252","9","4/18/2012 12:00:00 AM"
"46253","5","4/18/2012 12:00:00 AM"
"46253","9","4/18/2012 12:00:00 AM"
"46254","5","4/18/2012 12:00:00 AM"
"46254","9","4/18/2012 12:00:00 AM"
"46255","5","4/18/2012 12:00:00 AM"
"46255","9","4/18/2012 12:00:00 AM"
"46256","5","4/18/2012 12:00:00 AM"
"46256","9","4/18/2012 12:00:00 AM"
"46258","5","4/19/2012 12:00:00 AM"
"46258","9","4/19/2012 12:00:00 AM"
"46259","5","4/19/2012 12:00:00 AM"
"46259","9","4/19/2012 12:00:00 AM"
"46260","5","4/19/2012 12:00:00 AM"
"46260","9","4/19/2012 12:00:00 AM"
"46262","5","4/19/2012 12:00:00 AM"
"46262","9","4/19/2012 12:00:00 AM"
"46263","5","4/19/2012 12:00:00 AM"
"46263","9","4/19/2012 12:00:00 AM"
"46265","5","4/20/2012 12:00:00 AM"
"46265","9","4/20/2012 12:00:00 AM"
"46266","5","4/20/2012 12:00:00 AM"
"46266","9","4/20/2012 12:00:00 AM"
"46267","5","4/20/2012 12:00:00 AM"
"46267","9","4/20/2012 12:00:00 AM"
"46268","5","4/20/2012 12:00:00 AM"
"46268","9","4/20/2012 12:00:00 AM"
"46269","5","4/20/2012 12:00:00 AM"
"46269","9","4/20/2012 12:00:00 AM"
"46270","5","4/21/2012 12:00:00 AM"
"46270","9","4/21/2012 12:00:00 AM"
"46271","5","4/21/2012 12:00:00 AM"
"46271","9","4/21/2012 12:00:00 AM"
"46272","5","4/21/2012 12:00:00 AM"
"46272","9","4/21/2012 12:00:00 AM"
"46275","5","4/21/2012 12:00:00 AM"
"46275","9","4/21/2012 12:00:00 AM"
"46276","5","4/21/2012 12:00:00 AM"
"46276","9","4/21/2012 12:00:00 AM"
"46279","5","4/22/2012 12:00:00 AM"
"46279","9","4/22/2012 12:00:00 AM"
"46280","5","4/22/2012 12:00:00 AM"
"46280","9","4/22/2012 12:00:00 AM"
"46287","5","4/23/2012 12:00:00 AM"
"46287","9","4/23/2012 12:00:00 AM"
"46288","5","4/23/2012 12:00:00 AM"
"46288","9","4/23/2012 12:00:00 AM"
"46289","5","4/23/2012 12:00:00 AM"
"46289","9","4/23/2012 12:00:00 AM"
"46291","5","4/23/2012 12:00:00 AM"
"46291","9","4/23/2012 12:00:00 AM"
"46292","5","4/23/2012 12:00:00 AM"
"46292","9","4/23/2012 12:00:00 AM"
"46293","5","4/23/2012 12:00:00 AM"
"46293","9","4/23/2012 12:00:00 AM"
"46296","5","4/24/2012 12:00:00 AM"
"46296","9","4/24/2012 12:00:00 AM"
"46297","5","4/24/2012 12:00:00 AM"
"46297","9","4/24/2012 12:00:00 AM"
"46298","5","4/24/2012 12:00:00 AM"
"46298","9","4/24/2012 12:00:00 AM"
"46299","5","4/24/2012 12:00:00 AM"
"46299","9","4/24/2012 12:00:00 AM"
"46300","5","4/24/2012 12:00:00 AM"
"46300","9","4/24/2012 12:00:00 AM"
"46301","5","4/25/2012 12:00:00 AM"
"46301","9","4/25/2012 12:00:00 AM"
"46302","5","4/25/2012 12:00:00 AM"
"46302","9","4/25/2012 12:00:00 AM"
"46305","5","4/25/2012 12:00:00 AM"
"46305","9","4/25/2012 12:00:00 AM"
"46306","5","4/26/2012 12:00:00 AM"
"46306","9","4/26/2012 12:00:00 AM"
"46307","5","4/26/2012 12:00:00 AM"
"46307","9","4/26/2012 12:00:00 AM"
"46308","5","4/26/2012 12:00:00 AM"
"46308","9","4/26/2012 12:00:00 AM"
"46311","5","4/27/2012 12:00:00 AM"
"46311","9","4/27/2012 12:00:00 AM"
"46312","5","4/28/2012 12:00:00 AM"
"46312","9","4/28/2012 12:00:00 AM"
"46313","5","4/28/2012 12:00:00 AM"
"46313","9","4/28/2012 12:00:00 AM"
"46314","5","4/28/2012 12:00:00 AM"
"46314","9","4/28/2012 12:00:00 AM"
"46315","5","4/28/2012 12:00:00 AM"
"46315","9","4/28/2012 12:00:00 AM"
"46318","5","4/28/2012 12:00:00 AM"
"46318","9","4/28/2012 12:00:00 AM"
"46319","5","4/29/2012 12:00:00 AM"
"46319","9","4/29/2012 12:00:00 AM"
"46390","5","4/30/2012 12:00:00 AM"
"46390","9","4/30/2012 12:00:00 AM"
"46391","5","4/30/2012 12:00:00 AM"
"46391","9","4/30/2012 12:00:00 AM"
"46392","5","4/30/2012 12:00:00 AM"
"46392","9","4/30/2012 12:00:00 AM"
"46393","5","4/30/2012 12:00:00 AM"
"46393","9","4/30/2012 12:00:00 AM"
"46394","5","5/1/2012 12:00:00 AM"
"46394","9","5/1/2012 12:00:00 AM"
"46396","5","5/1/2012 12:00:00 AM"
"46396","9","5/1/2012 12:00:00 AM"
"46398","5","5/1/2012 12:00:00 AM"
"46398","9","5/1/2012 12:00:00 AM"
"46399","5","5/1/2012 12:00:00 AM"
"46399","9","5/1/2012 12:00:00 AM"
"46400","5","5/1/2012 12:00:00 AM"
"46400","9","5/1/2012 12:00:00 AM"
"46401","5","5/1/2012 12:00:00 AM"
"46401","9","5/1/2012 12:00:00 AM"
"46402","5","5/1/2012 12:00:00 AM"
"46402","9","5/1/2012 12:00:00 AM"
"46403","5","5/1/2012 12:00:00 AM"
"46403","9","5/1/2012 12:00:00 AM"
"46404","5","5/1/2012 12:00:00 AM"
"46404","9","5/1/2012 12:00:00 AM"
"46405","5","5/1/2012 12:00:00 AM"
"46405","9","5/1/2012 12:00:00 AM"
"46406","5","5/2/2012 12:00:00 AM"
"46406","9","5/2/2012 12:00:00 AM"
"46409","5","5/3/2012 12:00:00 AM"
"46409","9","5/3/2012 12:00:00 AM"
"46411","5","5/3/2012 12:00:00 AM"
"46411","9","5/3/2012 12:00:00 AM"
"46412","5","5/3/2012 12:00:00 AM"
"46412","9","5/3/2012 12:00:00 AM"
"46415","5","5/3/2012 12:00:00 AM"
"46415","9","5/3/2012 12:00:00 AM"
"46416","5","5/4/2012 12:00:00 AM"
"46416","9","5/4/2012 12:00:00 AM"
"46417","5","5/4/2012 12:00:00 AM"
"46417","9","5/4/2012 12:00:00 AM"
"46418","5","5/4/2012 12:00:00 AM"
"46418","9","5/4/2012 12:00:00 AM"
"46420","5","5/4/2012 12:00:00 AM"
"46420","9","5/4/2012 12:00:00 AM"
"46422","5","5/5/2012 12:00:00 AM"
"46422","9","5/5/2012 12:00:00 AM"
"46423","5","5/5/2012 12:00:00 AM"
"46423","9","5/5/2012 12:00:00 AM"
"46424","5","5/5/2012 12:00:00 AM"
"46424","9","5/5/2012 12:00:00 AM"
"46425","5","5/5/2012 12:00:00 AM"
"46425","9","5/5/2012 12:00:00 AM"
"46428","5","5/5/2012 12:00:00 AM"
"46428","9","5/5/2012 12:00:00 AM"
"46430","5","5/6/2012 12:00:00 AM"
"46430","9","5/6/2012 12:00:00 AM"
"46431","5","5/6/2012 12:00:00 AM"
"46431","9","5/6/2012 12:00:00 AM"
"46433","5","5/6/2012 12:00:00 AM"
"46433","9","5/6/2012 12:00:00 AM"
"46434","5","5/6/2012 12:00:00 AM"
"46434","9","5/6/2012 12:00:00 AM"
"46437","5","5/7/2012 12:00:00 AM"
"46437","9","5/7/2012 12:00:00 AM"
"46438","5","5/7/2012 12:00:00 AM"
"46438","9","5/7/2012 12:00:00 AM"
"46439","5","5/7/2012 12:00:00 AM"
"46439","9","5/7/2012 12:00:00 AM"
"46440","5","5/7/2012 12:00:00 AM"
"46440","9","5/7/2012 12:00:00 AM"
"46441","5","5/7/2012 12:00:00 AM"
"46441","9","5/7/2012 12:00:00 AM"
"46442","5","5/7/2012 12:00:00 AM"
"46442","9","5/7/2012 12:00:00 AM"
"46443","5","5/7/2012 12:00:00 AM"
"46443","9","5/7/2012 12:00:00 AM"
"46445","5","5/8/2012 12:00:00 AM"
"46445","9","5/8/2012 12:00:00 AM"
"46446","5","5/8/2012 12:00:00 AM"
"46446","9","5/8/2012 12:00:00 AM"
"46447","5","5/8/2012 12:00:00 AM"
"46447","9","5/8/2012 12:00:00 AM"
"46450","5","5/9/2012 12:00:00 AM"
"46450","9","5/9/2012 12:00:00 AM"
"46451","5","5/9/2012 12:00:00 AM"
"46451","9","5/9/2012 12:00:00 AM"
"46453","5","5/9/2012 12:00:00 AM"
"46453","9","5/9/2012 12:00:00 AM"
"46454","5","5/9/2012 12:00:00 AM"
"46454","9","5/9/2012 12:00:00 AM"
"46455","5","5/9/2012 12:00:00 AM"
"46455","9","5/9/2012 12:00:00 AM"
"46458","5","5/10/2012 12:00:00 AM"
"46458","9","5/10/2012 12:00:00 AM"
"46459","5","5/10/2012 12:00:00 AM"
"46459","9","5/10/2012 12:00:00 AM"
"46460","5","5/10/2012 12:00:00 AM"
"46460","9","5/10/2012 12:00:00 AM"
"46461","5","5/10/2012 12:00:00 AM"
"46461","9","5/10/2012 12:00:00 AM"
"46464","5","5/11/2012 12:00:00 AM"
"46464","9","5/11/2012 12:00:00 AM"
"46465","5","5/11/2012 12:00:00 AM"
"46465","9","5/11/2012 12:00:00 AM"
"46466","5","5/11/2012 12:00:00 AM"
"46466","9","5/11/2012 12:00:00 AM"
"46467","5","5/11/2012 12:00:00 AM"
"46467","9","5/11/2012 12:00:00 AM"
"46468","5","5/11/2012 12:00:00 AM"
"46468","9","5/11/2012 12:00:00 AM"
"46471","5","5/11/2012 12:00:00 AM"
"46471","9","5/11/2012 12:00:00 AM"
"46473","5","5/11/2012 12:00:00 AM"
"46473","9","5/11/2012 12:00:00 AM"
"46479","5","5/13/2012 12:00:00 AM"
"46479","9","5/13/2012 12:00:00 AM"
"46481","5","5/13/2012 12:00:00 AM"
"46481","9","5/13/2012 12:00:00 AM"
"46483","5","5/14/2012 12:00:00 AM"
"46483","9","5/14/2012 12:00:00 AM"
"46484","5","5/14/2012 12:00:00 AM"
"46484","9","5/14/2012 12:00:00 AM"
"46485","5","5/14/2012 12:00:00 AM"
"46485","9","5/14/2012 12:00:00 AM"
"46488","5","5/14/2012 12:00:00 AM"
"46488","9","5/14/2012 12:00:00 AM"
"46489","5","5/15/2012 12:00:00 AM"
"46489","9","5/15/2012 12:00:00 AM"
"46490","5","5/15/2012 12:00:00 AM"
"46490","9","5/15/2012 12:00:00 AM"
"46491","5","5/16/2012 12:00:00 AM"
"46491","9","5/16/2012 12:00:00 AM"
"46492","5","5/16/2012 12:00:00 AM"
"46492","9","5/16/2012 12:00:00 AM"
"46494","5","5/16/2012 12:00:00 AM"
"46494","9","5/16/2012 12:00:00 AM"
"46495","5","5/16/2012 12:00:00 AM"
"46495","9","5/16/2012 12:00:00 AM"
"46496","5","5/16/2012 12:00:00 AM"
"46496","9","5/16/2012 12:00:00 AM"
"46497","5","5/17/2012 12:00:00 AM"
"46497","9","5/17/2012 12:00:00 AM"
"46498","5","5/17/2012 12:00:00 AM"
"46498","9","5/17/2012 12:00:00 AM"
"46499","5","5/17/2012 12:00:00 AM"
"46499","9","5/17/2012 12:00:00 AM"
"46500","5","5/17/2012 12:00:00 AM"
"46500","9","5/17/2012 12:00:00 AM"
"46503","5","5/17/2012 12:00:00 AM"
"46503","9","5/17/2012 12:00:00 AM"
"46509","5","5/18/2012 12:00:00 AM"
"46509","9","5/18/2012 12:00:00 AM"
"46510","5","5/18/2012 12:00:00 AM"
"46510","9","5/18/2012 12:00:00 AM"
"46511","5","5/18/2012 12:00:00 AM"
"46511","9","5/18/2012 12:00:00 AM"
"46512","5","5/18/2012 12:00:00 AM"
"46512","9","5/18/2012 12:00:00 AM"
"46513","5","5/18/2012 12:00:00 AM"
"46513","9","5/18/2012 12:00:00 AM"
"46517","5","5/18/2012 12:00:00 AM"
"46517","9","5/18/2012 12:00:00 AM"
"46518","5","5/18/2012 12:00:00 AM"
"46518","9","5/18/2012 12:00:00 AM"
"46519","5","5/18/2012 12:00:00 AM"
"46519","9","5/18/2012 12:00:00 AM"
"46520","5","5/18/2012 12:00:00 AM"
"46520","9","5/18/2012 12:00:00 AM"
"46521","5","5/19/2012 12:00:00 AM"
"46521","9","5/19/2012 12:00:00 AM"
"46522","5","5/19/2012 12:00:00 AM"
"46522","9","5/19/2012 12:00:00 AM"
"46523","5","5/19/2012 12:00:00 AM"
"46523","9","5/19/2012 12:00:00 AM"
"46525","5","5/19/2012 12:00:00 AM"
"46525","9","5/19/2012 12:00:00 AM"
"46528","5","5/20/2012 12:00:00 AM"
"46528","9","5/20/2012 12:00:00 AM"
"46529","5","5/20/2012 12:00:00 AM"
"46529","9","5/20/2012 12:00:00 AM"
"46530","5","5/20/2012 12:00:00 AM"
"46530","9","5/20/2012 12:00:00 AM"
"46531","5","5/20/2012 12:00:00 AM"
"46531","9","5/20/2012 12:00:00 AM"
"46534","5","5/20/2012 12:00:00 AM"
"46534","9","5/20/2012 12:00:00 AM"
"46535","5","5/20/2012 12:00:00 AM"
"46535","9","5/20/2012 12:00:00 AM"
"46536","5","5/20/2012 12:00:00 AM"
"46536","9","5/20/2012 12:00:00 AM"
"46538","5","5/21/2012 12:00:00 AM"
"46538","9","5/21/2012 12:00:00 AM"
"46539","5","5/21/2012 12:00:00 AM"
"46539","9","5/21/2012 12:00:00 AM"
"46540","5","5/21/2012 12:00:00 AM"
"46540","9","5/21/2012 12:00:00 AM"
"46541","5","5/21/2012 12:00:00 AM"
"46541","9","5/21/2012 12:00:00 AM"
"46544","5","5/22/2012 12:00:00 AM"
"46544","9","5/22/2012 12:00:00 AM"
"46545","5","5/22/2012 12:00:00 AM"
"46545","9","5/22/2012 12:00:00 AM"
"46546","5","5/22/2012 12:00:00 AM"
"46546","9","5/22/2012 12:00:00 AM"
"46547","5","5/22/2012 12:00:00 AM"
"46547","9","5/22/2012 12:00:00 AM"
"46548","5","5/22/2012 12:00:00 AM"
"46548","9","5/22/2012 12:00:00 AM"
"46549","5","5/22/2012 12:00:00 AM"
"46549","9","5/22/2012 12:00:00 AM"
"46553","5","5/22/2012 12:00:00 AM"
"46553","9","5/22/2012 12:00:00 AM"
"46554","5","5/22/2012 12:00:00 AM"
"46554","9","5/22/2012 12:00:00 AM"
"46557","5","5/23/2012 12:00:00 AM"
"46557","9","5/23/2012 12:00:00 AM"
"46558","5","5/23/2012 12:00:00 AM"
"46558","9","5/23/2012 12:00:00 AM"
"46559","5","5/23/2012 12:00:00 AM"
"46559","9","5/23/2012 12:00:00 AM"
"46561","5","5/23/2012 12:00:00 AM"
"46561","9","5/23/2012 12:00:00 AM"
"46562","5","5/23/2012 12:00:00 AM"
"46562","9","5/23/2012 12:00:00 AM"
"46565","5","5/24/2012 12:00:00 AM"
"46565","9","5/24/2012 12:00:00 AM"
"46566","5","5/24/2012 12:00:00 AM"
"46566","9","5/24/2012 12:00:00 AM"
"46567","5","5/24/2012 12:00:00 AM"
"46567","9","5/24/2012 12:00:00 AM"
"46568","5","5/24/2012 12:00:00 AM"
"46568","9","5/24/2012 12:00:00 AM"
"46569","5","5/25/2012 12:00:00 AM"
"46569","9","5/25/2012 12:00:00 AM"
"46570","5","5/25/2012 12:00:00 AM"
"46570","9","5/25/2012 12:00:00 AM"
"46571","5","5/25/2012 12:00:00 AM"
"46571","9","5/25/2012 12:00:00 AM"
"46572","5","5/25/2012 12:00:00 AM"
"46572","9","5/25/2012 12:00:00 AM"
"46573","5","5/25/2012 12:00:00 AM"
"46573","9","5/25/2012 12:00:00 AM"
"46576","5","5/26/2012 12:00:00 AM"
"46576","9","5/26/2012 12:00:00 AM"
"46577","5","5/26/2012 12:00:00 AM"
"46577","9","5/26/2012 12:00:00 AM"
"46578","5","5/26/2012 12:00:00 AM"
"46578","9","5/26/2012 12:00:00 AM"
"46579","5","5/26/2012 12:00:00 AM"
"46579","9","5/26/2012 12:00:00 AM"
"46580","5","5/26/2012 12:00:00 AM"
"46580","9","5/26/2012 12:00:00 AM"
"46581","5","5/26/2012 12:00:00 AM"
"46581","9","5/26/2012 12:00:00 AM"
"46582","5","5/26/2012 12:00:00 AM"
"46582","9","5/26/2012 12:00:00 AM"
"46583","5","5/26/2012 12:00:00 AM"
"46583","9","5/26/2012 12:00:00 AM"
"46585","5","5/27/2012 12:00:00 AM"
"46585","9","5/27/2012 12:00:00 AM"
"46586","5","5/27/2012 12:00:00 AM"
"46586","9","5/27/2012 12:00:00 AM"
"46587","5","5/27/2012 12:00:00 AM"
"46587","9","5/27/2012 12:00:00 AM"
"46590","5","5/28/2012 12:00:00 AM"
"46590","9","5/28/2012 12:00:00 AM"
"46591","5","5/28/2012 12:00:00 AM"
"46591","9","5/28/2012 12:00:00 AM"
"46592","5","5/28/2012 12:00:00 AM"
"46592","9","5/28/2012 12:00:00 AM"
"46593","5","5/28/2012 12:00:00 AM"
"46593","9","5/28/2012 12:00:00 AM"
"46594","5","5/28/2012 12:00:00 AM"
"46594","9","5/28/2012 12:00:00 AM"
"46595","5","5/28/2012 12:00:00 AM"
"46595","9","5/28/2012 12:00:00 AM"
"46598","5","5/29/2012 12:00:00 AM"
"46598","9","5/29/2012 12:00:00 AM"
"46599","5","5/29/2012 12:00:00 AM"
"46599","9","5/29/2012 12:00:00 AM"
"46602","5","5/29/2012 12:00:00 AM"
"46602","9","5/29/2012 12:00:00 AM"
"46681","2","5/30/2012 12:00:00 AM"
"46682","2","5/30/2012 12:00:00 AM"
"46683","6","5/30/2012 12:00:00 AM"
"46688","2","6/1/2012 12:00:00 AM"
"46689","2","6/1/2012 12:00:00 AM"
"46690","2","6/1/2012 12:00:00 AM"
"46691","2","6/1/2012 12:00:00 AM"
"46692","2","6/1/2012 12:00:00 AM"
"46695","2","6/1/2012 12:00:00 AM"
"46696","2","6/1/2012 12:00:00 AM"
"46702","2","6/2/2012 12:00:00 AM"
"46704","2","6/2/2012 12:00:00 AM"
"46705","2","6/2/2012 12:00:00 AM"
"46706","6","6/2/2012 12:00:00 AM"
"46710","6","6/3/2012 12:00:00 AM"
"46711","2","6/3/2012 12:00:00 AM"
"46714","2","6/3/2012 12:00:00 AM"
"46717","2","6/3/2012 12:00:00 AM"
"46718","2","6/3/2012 12:00:00 AM"
"46719","2","6/4/2012 12:00:00 AM"
"46721","2","6/4/2012 12:00:00 AM"
"46723","2","6/4/2012 12:00:00 AM"
"46724","2","6/4/2012 12:00:00 AM"
"46725","2","6/4/2012 12:00:00 AM"
"46727","2","6/4/2012 12:00:00 AM"
"46728","2","6/4/2012 12:00:00 AM"
"46736","2","6/5/2012 12:00:00 AM"
"46737","6","6/5/2012 12:00:00 AM"
"46738","2","6/5/2012 12:00:00 AM"
"46741","2","6/6/2012 12:00:00 AM"
"46742","2","6/6/2012 12:00:00 AM"
"46744","2","6/6/2012 12:00:00 AM"
"46745","2","6/7/2012 12:00:00 AM"
"46746","2","6/7/2012 12:00:00 AM"
"46747","2","6/7/2012 12:00:00 AM"
"46748","2","6/7/2012 12:00:00 AM"
"46749","6","6/7/2012 12:00:00 AM"
"46757","6","6/9/2012 12:00:00 AM"
"46762","2","6/9/2012 12:00:00 AM"
"46764","2","6/9/2012 12:00:00 AM"
"46766","2","6/9/2012 12:00:00 AM"
"46767","2","6/9/2012 12:00:00 AM"
"46770","2","6/10/2012 12:00:00 AM"
"46775","6","6/10/2012 12:00:00 AM"
"46776","2","6/10/2012 12:00:00 AM"
"46777","6","6/11/2012 12:00:00 AM"
"46778","6","6/11/2012 12:00:00 AM"
"46786","6","6/11/2012 12:00:00 AM"
"46788","2","6/11/2012 12:00:00 AM"
"46789","2","6/12/2012 12:00:00 AM"
"46791","2","6/12/2012 12:00:00 AM"
"46795","2","6/12/2012 12:00:00 AM"
"46796","2","6/12/2012 12:00:00 AM"
"46798","2","6/12/2012 12:00:00 AM"
"46800","2","6/13/2012 12:00:00 AM"
"46801","2","6/13/2012 12:00:00 AM"
"46806","2","6/14/2012 12:00:00 AM"
"46807","6","6/14/2012 12:00:00 AM"
"46808","2","6/14/2012 12:00:00 AM"
"46810","2","6/15/2012 12:00:00 AM"
"46811","2","6/15/2012 12:00:00 AM"
"46816","2","6/15/2012 12:00:00 AM"
"46817","6","6/15/2012 12:00:00 AM"
"46818","2","6/15/2012 12:00:00 AM"
"46819","2","6/15/2012 12:00:00 AM"
"46820","6","6/16/2012 12:00:00 AM"
"46825","6","6/16/2012 12:00:00 AM"
"46826","2","6/16/2012 12:00:00 AM"
"46829","2","6/17/2012 12:00:00 AM"
"46831","2","6/17/2012 12:00:00 AM"
"46832","6","6/17/2012 12:00:00 AM"
"46833","6","6/17/2012 12:00:00 AM"
"46840","2","6/18/2012 12:00:00 AM"
"46844","2","6/18/2012 12:00:00 AM"
"46845","2","6/19/2012 12:00:00 AM"
"46849","2","6/19/2012 12:00:00 AM"
"46850","2","6/19/2012 12:00:00 AM"
"46851","2","6/19/2012 12:00:00 AM"
"46853","2","6/19/2012 12:00:00 AM"
"46856","2","6/20/2012 12:00:00 AM"
"46858","2","6/20/2012 12:00:00 AM"
"46859","2","6/20/2012 12:00:00 AM"
"46862","2","6/21/2012 12:00:00 AM"
"46863","2","6/21/2012 12:00:00 AM"
"46866","2","6/21/2012 12:00:00 AM"
"46868","2","6/21/2012 12:00:00 AM"
"46870","2","6/22/2012 12:00:00 AM"
"46871","2","6/22/2012 12:00:00 AM"
"46875","2","6/23/2012 12:00:00 AM"
"46877","2","6/23/2012 12:00:00 AM"
"46878","2","6/23/2012 12:00:00 AM"
"46881","6","6/23/2012 12:00:00 AM"
"46883","6","6/23/2012 12:00:00 AM"
"46884","2","6/24/2012 12:00:00 AM"
"46887","2","6/24/2012 12:00:00 AM"
"46890","2","6/25/2012 12:00:00 AM"
"46892","2","6/25/2012 12:00:00 AM"
"46893","2","6/25/2012 12:00:00 AM"
"46894","6","6/25/2012 12:00:00 AM"
"46895","6","6/25/2012 12:00:00 AM"
"46897","2","6/25/2012 12:00:00 AM"
"46898","2","6/25/2012 12:00:00 AM"
"46903","6","6/26/2012 12:00:00 AM"
"46906","2","6/27/2012 12:00:00 AM"
"46907","2","6/27/2012 12:00:00 AM"
"46908","2","6/27/2012 12:00:00 AM"
"46914","6","6/28/2012 12:00:00 AM"
"46915","2","6/28/2012 12:00:00 AM"
"46919","2","6/28/2012 12:00:00 AM"
"46920","2","6/29/2012 12:00:00 AM"
"46922","2","6/29/2012 12:00:00 AM"
"46923","2","6/29/2012 12:00:00 AM"
"46927","2","6/29/2012 12:00:00 AM"
"46928","6","6/29/2012 12:00:00 AM"
"47068","2","6/30/2012 12:00:00 AM"
"47071","2","6/30/2012 12:00:00 AM"
"47073","2","6/30/2012 12:00:00 AM"
"47074","2","6/30/2012 12:00:00 AM"
"47075","2","6/30/2012 12:00:00 AM"
"47076","2","6/30/2012 12:00:00 AM"
"47077","2","7/1/2012 12:00:00 AM"
"47080","2","7/1/2012 12:00:00 AM"
"47084","2","7/1/2012 12:00:00 AM"
"47088","2","7/2/2012 12:00:00 AM"
"47091","6","7/3/2012 12:00:00 AM"
"47092","2","7/3/2012 12:00:00 AM"
"47093","2","7/3/2012 12:00:00 AM"
"47095","2","7/3/2012 12:00:00 AM"
"47096","6","7/3/2012 12:00:00 AM"
"47097","2","7/3/2012 12:00:00 AM"
"47098","2","7/3/2012 12:00:00 AM"
"47100","2","7/4/2012 12:00:00 AM"
"47102","2","7/4/2012 12:00:00 AM"
"47103","2","7/4/2012 12:00:00 AM"
"47106","2","7/4/2012 12:00:00 AM"
"47107","6","7/5/2012 12:00:00 AM"
"47108","2","7/5/2012 12:00:00 AM"
"47110","2","7/5/2012 12:00:00 AM"
"47111","2","7/5/2012 12:00:00 AM"
"47112","6","7/5/2012 12:00:00 AM"
"47115","2","7/5/2012 12:00:00 AM"
"47117","6","7/5/2012 12:00:00 AM"
"47118","2","7/5/2012 12:00:00 AM"
"47119","2","7/6/2012 12:00:00 AM"
"47128","2","7/6/2012 12:00:00 AM"
"47129","6","7/6/2012 12:00:00 AM"
"47134","6","7/7/2012 12:00:00 AM"
"47140","6","7/8/2012 12:00:00 AM"
"47142","2","7/8/2012 12:00:00 AM"
"47143","2","7/8/2012 12:00:00 AM"
"47149","2","7/9/2012 12:00:00 AM"
"47150","2","7/10/2012 12:00:00 AM"
"47151","2","7/10/2012 12:00:00 AM"
"47152","2","7/10/2012 12:00:00 AM"
"47155","2","7/11/2012 12:00:00 AM"
"47157","2","7/11/2012 12:00:00 AM"
"47158","2","7/11/2012 12:00:00 AM"
"47159","2","7/11/2012 12:00:00 AM"
"47160","2","7/11/2012 12:00:00 AM"
"47163","2","7/11/2012 12:00:00 AM"
"47164","2","7/12/2012 12:00:00 AM"
"47165","2","7/12/2012 12:00:00 AM"
"47166","2","7/12/2012 12:00:00 AM"
"47169","6","7/12/2012 12:00:00 AM"
"47172","6","7/12/2012 12:00:00 AM"
"47173","6","7/12/2012 12:00:00 AM"
"47174","6","7/12/2012 12:00:00 AM"
"47175","2","7/12/2012 12:00:00 AM"
"47176","2","7/13/2012 12:00:00 AM"
"47180","2","7/13/2012 12:00:00 AM"
"47181","2","7/13/2012 12:00:00 AM"
"47182","6","7/13/2012 12:00:00 AM"
"47185","6","7/13/2012 12:00:00 AM"
"47190","2","7/14/2012 12:00:00 AM"
"47196","2","7/14/2012 12:00:00 AM"
"47198","2","7/15/2012 12:00:00 AM"
"47201","6","7/15/2012 12:00:00 AM"
"47202","6","7/15/2012 12:00:00 AM"
"47203","2","7/16/2012 12:00:00 AM"
"47205","6","7/16/2012 12:00:00 AM"
"47208","2","7/16/2012 12:00:00 AM"
"47209","2","7/16/2012 12:00:00 AM"
"47211","2","7/16/2012 12:00:00 AM"
"47212","2","7/16/2012 12:00:00 AM"
"47215","2","7/17/2012 12:00:00 AM"
"47216","2","7/17/2012 12:00:00 AM"
"47218","2","7/17/2012 12:00:00 AM"
"47219","2","7/17/2012 12:00:00 AM"
"47220","2","7/17/2012 12:00:00 AM"
"47221","2","7/18/2012 12:00:00 AM"
"47223","2","7/18/2012 12:00:00 AM"
"47224","2","7/18/2012 12:00:00 AM"
"47226","2","7/18/2012 12:00:00 AM"
"47229","2","7/18/2012 12:00:00 AM"
"47231","2","7/18/2012 12:00:00 AM"
"47237","2","7/19/2012 12:00:00 AM"
"47238","2","7/19/2012 12:00:00 AM"
"47241","2","7/19/2012 12:00:00 AM"
"47242","2","7/19/2012 12:00:00 AM"
"47252","6","7/20/2012 12:00:00 AM"
"47253","6","7/20/2012 12:00:00 AM"
"47255","2","7/21/2012 12:00:00 AM"
"47257","2","7/21/2012 12:00:00 AM"
"47261","2","7/21/2012 12:00:00 AM"
"47263","2","7/21/2012 12:00:00 AM"
"47264","2","7/22/2012 12:00:00 AM"
"47267","6","7/22/2012 12:00:00 AM"
"47269","2","7/23/2012 12:00:00 AM"
"47270","2","7/23/2012 12:00:00 AM"
"47273","2","7/23/2012 12:00:00 AM"
"47274","2","7/23/2012 12:00:00 AM"
"47279","2","7/23/2012 12:00:00 AM"
"47280","6","7/24/2012 12:00:00 AM"
"47284","2","7/24/2012 12:00:00 AM"
"47289","2","7/24/2012 12:00:00 AM"
"47290","2","7/24/2012 12:00:00 AM"
"47299","2","7/25/2012 12:00:00 AM"
"47301","2","7/25/2012 12:00:00 AM"
"47302","2","7/25/2012 12:00:00 AM"
"47305","2","7/26/2012 12:00:00 AM"
"47306","2","7/26/2012 12:00:00 AM"
"47310","6","7/26/2012 12:00:00 AM"
"47314","2","7/26/2012 12:00:00 AM"
"47316","2","7/27/2012 12:00:00 AM"
"47319","2","7/27/2012 12:00:00 AM"
"47323","2","7/28/2012 12:00:00 AM"
"47328","2","7/28/2012 12:00:00 AM"
"47330","2","7/29/2012 12:00:00 AM"
"47332","6","7/29/2012 12:00:00 AM"
"47333","2","7/29/2012 12:00:00 AM"
"47334","2","7/29/2012 12:00:00 AM"
"47335","6","7/29/2012 12:00:00 AM"
"47337","6","7/30/2012 12:00:00 AM"
"47340","2","7/30/2012 12:00:00 AM"
"47341","2","7/30/2012 12:00:00 AM"
"47342","2","7/30/2012 12:00:00 AM"
"47344","6","7/30/2012 12:00:00 AM"
"47345","6","7/30/2012 12:00:00 AM"
"47346","2","7/30/2012 12:00:00 AM"
"47461","6","7/31/2012 12:00:00 AM"
"47464","2","8/1/2012 12:00:00 AM"
"47470","2","8/2/2012 12:00:00 AM"
"47471","2","8/2/2012 12:00:00 AM"
"47473","2","8/2/2012 12:00:00 AM"
"47475","2","8/2/2012 12:00:00 AM"
"47476","6","8/2/2012 12:00:00 AM"
"47477","6","8/3/2012 12:00:00 AM"
"47482","2","8/3/2012 12:00:00 AM"
"47489","2","8/5/2012 12:00:00 AM"
"47491","2","8/6/2012 12:00:00 AM"
"47493","2","8/7/2012 12:00:00 AM"
"47495","2","8/7/2012 12:00:00 AM"
"47497","2","8/7/2012 12:00:00 AM"
"47500","2","8/7/2012 12:00:00 AM"
"47501","2","8/7/2012 12:00:00 AM"
"47504","2","8/8/2012 12:00:00 AM"
"47505","6","8/8/2012 12:00:00 AM"
"47506","6","8/8/2012 12:00:00 AM"
"47508","2","8/8/2012 12:00:00 AM"
"47509","2","8/8/2012 12:00:00 AM"
"47510","6","8/8/2012 12:00:00 AM"
"47513","2","8/9/2012 12:00:00 AM"
"47515","6","8/9/2012 12:00:00 AM"
"47516","2","8/9/2012 12:00:00 AM"
"47521","2","8/10/2012 12:00:00 AM"
"47524","2","8/10/2012 12:00:00 AM"
"47526","6","8/10/2012 12:00:00 AM"
"47527","2","8/10/2012 12:00:00 AM"
"47528","6","8/11/2012 12:00:00 AM"
"47540","2","8/12/2012 12:00:00 AM"
"47544","2","8/12/2012 12:00:00 AM"
"47545","6","8/12/2012 12:00:00 AM"
"47546","2","8/13/2012 12:00:00 AM"
"47552","2","8/13/2012 12:00:00 AM"
"47553","6","8/13/2012 12:00:00 AM"
"47554","2","8/13/2012 12:00:00 AM"
"47555","2","8/13/2012 12:00:00 AM"
"47558","2","8/14/2012 12:00:00 AM"
"47559","2","8/14/2012 12:00:00 AM"
"47563","2","8/15/2012 12:00:00 AM"
"47564","6","8/15/2012 12:00:00 AM"
"47570","6","8/17/2012 12:00:00 AM"
"47572","2","8/17/2012 12:00:00 AM"
"47573","2","8/17/2012 12:00:00 AM"
"47575","2","8/17/2012 12:00:00 AM"
"47577","2","8/17/2012 12:00:00 AM"
"47578","6","8/17/2012 12:00:00 AM"
"47590","6","8/19/2012 12:00:00 AM"
"47591","2","8/19/2012 12:00:00 AM"
"47595","2","8/20/2012 12:00:00 AM"
"47598","2","8/20/2012 12:00:00 AM"
"47599","2","8/20/2012 12:00:00 AM"
"47608","6","8/22/2012 12:00:00 AM"
"47612","2","8/23/2012 12:00:00 AM"
"47619","6","8/23/2012 12:00:00 AM"
"47620","6","8/23/2012 12:00:00 AM"
"47623","2","8/24/2012 12:00:00 AM"
"47627","2","8/25/2012 12:00:00 AM"
"47628","2","8/25/2012 12:00:00 AM"
"47629","2","8/25/2012 12:00:00 AM"
"47630","6","8/25/2012 12:00:00 AM"
"47631","6","8/25/2012 12:00:00 AM"
"47634","6","8/25/2012 12:00:00 AM"
"47635","6","8/25/2012 12:00:00 AM"
"47638","2","8/26/2012 12:00:00 AM"
"47640","6","8/27/2012 12:00:00 AM"
"47646","6","8/28/2012 12:00:00 AM"
"47647","2","8/28/2012 12:00:00 AM"
"47648","6","8/28/2012 12:00:00 AM"
"47650","2","8/29/2012 12:00:00 AM"
"47656","2","8/29/2012 12:00:00 AM"
"47731","2","8/30/2012 12:00:00 AM"
"47732","2","8/30/2012 12:00:00 AM"
"47736","2","8/30/2012 12:00:00 AM"
"47737","6","8/30/2012 12:00:00 AM"
"47743","2","8/31/2012 12:00:00 AM"
"47744","2","8/31/2012 12:00:00 AM"
"47745","2","8/31/2012 12:00:00 AM"
"47746","2","8/31/2012 12:00:00 AM"
"47748","6","9/1/2012 12:00:00 AM"
"47750","2","9/1/2012 12:00:00 AM"
"47751","2","9/1/2012 12:00:00 AM"
"47753","2","9/1/2012 12:00:00 AM"
"47756","6","9/2/2012 12:00:00 AM"
"47762","6","9/3/2012 12:00:00 AM"
"47764","6","9/4/2012 12:00:00 AM"
"47765","2","9/4/2012 12:00:00 AM"
"47766","2","9/4/2012 12:00:00 AM"
"47769","2","9/4/2012 12:00:00 AM"
"47772","2","9/5/2012 12:00:00 AM"
"47775","2","9/5/2012 12:00:00 AM"
"47776","6","9/5/2012 12:00:00 AM"
"47778","6","9/6/2012 12:00:00 AM"
"47784","6","9/6/2012 12:00:00 AM"
"47785","6","9/7/2012 12:00:00 AM"
"47786","2","9/7/2012 12:00:00 AM"
"47787","2","9/7/2012 12:00:00 AM"
"47791","2","9/8/2012 12:00:00 AM"
"47792","2","9/9/2012 12:00:00 AM"
"47793","2","9/9/2012 12:00:00 AM"
"47794","6","9/9/2012 12:00:00 AM"
"47798","6","9/9/2012 12:00:00 AM"
"47799","2","9/10/2012 12:00:00 AM"
"47804","2","9/10/2012 12:00:00 AM"
"47811","6","9/11/2012 12:00:00 AM"
"47814","2","9/11/2012 12:00:00 AM"
"47816","2","9/11/2012 12:00:00 AM"
"47820","6","9/11/2012 12:00:00 AM"
"47821","6","9/11/2012 12:00:00 AM"
"47822","6","9/11/2012 12:00:00 AM"
"47824","2","9/12/2012 12:00:00 AM"
"47826","2","9/12/2012 12:00:00 AM"
"47827","2","9/12/2012 12:00:00 AM"
"47828","2","9/12/2012 12:00:00 AM"
"47829","6","9/12/2012 12:00:00 AM"
"47831","2","9/13/2012 12:00:00 AM"
"47832","2","9/13/2012 12:00:00 AM"
"47836","6","9/14/2012 12:00:00 AM"
"47837","6","9/14/2012 12:00:00 AM"
"47841","2","9/14/2012 12:00:00 AM"
"47845","2","9/15/2012 12:00:00 AM"
"47846","2","9/15/2012 12:00:00 AM"
"47847","2","9/15/2012 12:00:00 AM"
"47848","2","9/15/2012 12:00:00 AM"
"47851","2","9/16/2012 12:00:00 AM"
"47852","6","9/16/2012 12:00:00 AM"
"47853","2","9/16/2012 12:00:00 AM"
"47855","6","9/16/2012 12:00:00 AM"
"47856","2","9/16/2012 12:00:00 AM"
"47857","2","9/16/2012 12:00:00 AM"
"47859","2","9/17/2012 12:00:00 AM"
"47860","6","9/17/2012 12:00:00 AM"
"47861","6","9/17/2012 12:00:00 AM"
"47865","6","9/17/2012 12:00:00 AM"
"47866","6","9/17/2012 12:00:00 AM"
"47867","2","9/17/2012 12:00:00 AM"
"47868","6","9/17/2012 12:00:00 AM"
"47878","2","9/18/2012 12:00:00 AM"
"47880","2","9/19/2012 12:00:00 AM"
"47883","6","9/19/2012 12:00:00 AM"
"47884","2","9/19/2012 12:00:00 AM"
"47886","2","9/19/2012 12:00:00 AM"
"47887","6","9/19/2012 12:00:00 AM"
"47888","6","9/19/2012 12:00:00 AM"
"47890","2","9/20/2012 12:00:00 AM"
"47894","2","9/20/2012 12:00:00 AM"
"47899","2","9/21/2012 12:00:00 AM"
"47900","2","9/21/2012 12:00:00 AM"
"47901","6","9/21/2012 12:00:00 AM"
"47902","2","9/21/2012 12:00:00 AM"
"47903","2","9/22/2012 12:00:00 AM"
"47907","2","9/22/2012 12:00:00 AM"
"47908","2","9/22/2012 12:00:00 AM"
"47909","6","9/22/2012 12:00:00 AM"
"47910","6","9/22/2012 12:00:00 AM"
"47911","2","9/22/2012 12:00:00 AM"
"47912","2","9/23/2012 12:00:00 AM"
"47913","2","9/23/2012 12:00:00 AM"
"47915","2","9/23/2012 12:00:00 AM"
"47917","2","9/23/2012 12:00:00 AM"
"47918","2","9/23/2012 12:00:00 AM"
"47920","2","9/24/2012 12:00:00 AM"
"47923","2","9/24/2012 12:00:00 AM"
"47926","2","9/24/2012 12:00:00 AM"
"47929","2","9/25/2012 12:00:00 AM"
"47931","2","9/26/2012 12:00:00 AM"
"47940","6","9/27/2012 12:00:00 AM"
"47941","6","9/27/2012 12:00:00 AM"
"47944","2","9/28/2012 12:00:00 AM"
"47945","2","9/28/2012 12:00:00 AM"
"47946","2","9/28/2012 12:00:00 AM"
"47948","2","9/28/2012 12:00:00 AM"
"47950","6","9/28/2012 12:00:00 AM"
"47951","6","9/28/2012 12:00:00 AM"
"47952","2","9/28/2012 12:00:00 AM"
"47953","2","9/28/2012 12:00:00 AM"
"47956","2","9/29/2012 12:00:00 AM"
"48094","2","9/30/2012 12:00:00 AM"
"48097","2","9/30/2012 12:00:00 AM"
"48099","2","10/1/2012 12:00:00 AM"
"48100","6","10/1/2012 12:00:00 AM"
"48101","2","10/1/2012 12:00:00 AM"
"48105","6","10/2/2012 12:00:00 AM"
"48106","2","10/2/2012 12:00:00 AM"
"48107","2","10/2/2012 12:00:00 AM"
"48109","2","10/3/2012 12:00:00 AM"
"48121","2","10/5/2012 12:00:00 AM"
"48122","2","10/5/2012 12:00:00 AM"
"48123","2","10/5/2012 12:00:00 AM"
"48128","6","10/6/2012 12:00:00 AM"
"48130","2","10/7/2012 12:00:00 AM"
"48131","2","10/7/2012 12:00:00 AM"
"48132","6","10/7/2012 12:00:00 AM"
"48136","6","10/7/2012 12:00:00 AM"
"48137","6","10/8/2012 12:00:00 AM"
"48139","2","10/8/2012 12:00:00 AM"
"48141","6","10/9/2012 12:00:00 AM"
"48142","2","10/9/2012 12:00:00 AM"
"48144","2","10/9/2012 12:00:00 AM"
"48145","2","10/9/2012 12:00:00 AM"
"48148","2","10/10/2012 12:00:00 AM"
"48150","2","10/10/2012 12:00:00 AM"
"48152","6","10/10/2012 12:00:00 AM"
"48153","2","10/10/2012 12:00:00 AM"
"48162","2","10/11/2012 12:00:00 AM"
"48166","2","10/12/2012 12:00:00 AM"
"48167","2","10/12/2012 12:00:00 AM"
"48170","6","10/13/2012 12:00:00 AM"
"48171","2","10/13/2012 12:00:00 AM"
"48172","2","10/13/2012 12:00:00 AM"
"48174","2","10/14/2012 12:00:00 AM"
"48175","6","10/14/2012 12:00:00 AM"
"48178","6","10/15/2012 12:00:00 AM"
"48179","2","10/15/2012 12:00:00 AM"
"48181","2","10/15/2012 12:00:00 AM"
"48182","2","10/15/2012 12:00:00 AM"
"48185","2","10/16/2012 12:00:00 AM"
"48193","6","10/17/2012 12:00:00 AM"
"48194","2","10/17/2012 12:00:00 AM"
"48200","2","10/18/2012 12:00:00 AM"
"48201","6","10/18/2012 12:00:00 AM"
"48202","6","10/19/2012 12:00:00 AM"
"48203","2","10/19/2012 12:00:00 AM"
"48205","2","10/19/2012 12:00:00 AM"
"48206","6","10/19/2012 12:00:00 AM"
"48208","2","10/19/2012 12:00:00 AM"
"48210","6","10/19/2012 12:00:00 AM"
"48212","2","10/20/2012 12:00:00 AM"
"48213","2","10/20/2012 12:00:00 AM"
"48214","2","10/20/2012 12:00:00 AM"
"48218","2","10/21/2012 12:00:00 AM"
"48219","6","10/21/2012 12:00:00 AM"
"48224","6","10/22/2012 12:00:00 AM"
"48227","2","10/23/2012 12:00:00 AM"
"48228","2","10/23/2012 12:00:00 AM"
"48229","6","10/23/2012 12:00:00 AM"
"48230","2","10/23/2012 12:00:00 AM"
"48231","2","10/23/2012 12:00:00 AM"
"48238","2","10/24/2012 12:00:00 AM"
"48241","2","10/24/2012 12:00:00 AM"
"48242","6","10/24/2012 12:00:00 AM"
"48245","6","10/25/2012 12:00:00 AM"
"48246","6","10/25/2012 12:00:00 AM"
"48250","2","10/25/2012 12:00:00 AM"
"48253","2","10/26/2012 12:00:00 AM"
"48265","2","10/27/2012 12:00:00 AM"
"48266","2","10/27/2012 12:00:00 AM"
"48268","2","10/27/2012 12:00:00 AM"
"48270","2","10/27/2012 12:00:00 AM"
"48271","6","10/28/2012 12:00:00 AM"
"48273","2","10/28/2012 12:00:00 AM"
"48274","2","10/28/2012 12:00:00 AM"
"48277","2","10/29/2012 12:00:00 AM"
"48278","2","10/29/2012 12:00:00 AM"
"48282","2","10/29/2012 12:00:00 AM"
"48405","6","10/30/2012 12:00:00 AM"
"48409","2","10/30/2012 12:00:00 AM"
"48410","2","10/30/2012 12:00:00 AM"
"48414","2","10/31/2012 12:00:00 AM"
"48415","6","10/31/2012 12:00:00 AM"
"48417","2","10/31/2012 12:00:00 AM"
"48418","6","10/31/2012 12:00:00 AM"
"48429","6","11/1/2012 12:00:00 AM"
"48430","2","11/1/2012 12:00:00 AM"
"48431","6","11/1/2012 12:00:00 AM"
"48438","2","11/2/2012 12:00:00 AM"
"48443","6","11/3/2012 12:00:00 AM"
"48444","2","11/3/2012 12:00:00 AM"
"48449","2","11/3/2012 12:00:00 AM"
"48450","2","11/3/2012 12:00:00 AM"
"48451","2","11/3/2012 12:00:00 AM"
"48452","2","11/4/2012 12:00:00 AM"
"48454","2","11/4/2012 12:00:00 AM"
"48455","2","11/4/2012 12:00:00 AM"
"48456","2","11/4/2012 12:00:00 AM"
"48457","2","11/4/2012 12:00:00 AM"
"48465","6","11/5/2012 12:00:00 AM"
"48473","6","11/5/2012 12:00:00 AM"
"48475","2","11/6/2012 12:00:00 AM"
"48477","6","11/6/2012 12:00:00 AM"
"48480","6","11/6/2012 12:00:00 AM"
"48481","2","11/6/2012 12:00:00 AM"
"48484","6","11/6/2012 12:00:00 AM"
"48488","6","11/7/2012 12:00:00 AM"
"48489","2","11/7/2012 12:00:00 AM"
"48491","2","11/7/2012 12:00:00 AM"
"48493","2","11/8/2012 12:00:00 AM"
"48495","2","11/8/2012 12:00:00 AM"
"48496","2","11/8/2012 12:00:00 AM"
"48497","2","11/8/2012 12:00:00 AM"
"48499","2","11/8/2012 12:00:00 AM"
"48500","2","11/8/2012 12:00:00 AM"
"48503","2","11/9/2012 12:00:00 AM"
"48509","6","11/9/2012 12:00:00 AM"
"48510","6","11/9/2012 12:00:00 AM"
"48511","2","11/9/2012 12:00:00 AM"
"48512","6","11/9/2012 12:00:00 AM"
"48516","6","11/9/2012 12:00:00 AM"
"48517","2","11/10/2012 12:00:00 AM"
"48522","2","11/10/2012 12:00:00 AM"
"48527","6","11/10/2012 12:00:00 AM"
"48529","2","11/10/2012 12:00:00 AM"
"48530","6","11/10/2012 12:00:00 AM"
"48531","2","11/10/2012 12:00:00 AM"
"48532","2","11/10/2012 12:00:00 AM"
"48537","2","11/11/2012 12:00:00 AM"
"48541","2","11/11/2012 12:00:00 AM"
"48542","2","11/11/2012 12:00:00 AM"
"48544","6","11/11/2012 12:00:00 AM"
"48545","2","11/11/2012 12:00:00 AM"
"48548","2","11/12/2012 12:00:00 AM"
"48553","2","11/12/2012 12:00:00 AM"
"48554","2","11/12/2012 12:00:00 AM"
"48557","2","11/12/2012 12:00:00 AM"
"48558","2","11/12/2012 12:00:00 AM"
"48559","6","11/12/2012 12:00:00 AM"
"48565","2","11/13/2012 12:00:00 AM"
"48572","2","11/14/2012 12:00:00 AM"
"48575","2","11/14/2012 12:00:00 AM"
"48576","2","11/14/2012 12:00:00 AM"
"48580","2","11/15/2012 12:00:00 AM"
"48581","6","11/15/2012 12:00:00 AM"
"48586","6","11/15/2012 12:00:00 AM"
"48590","6","11/16/2012 12:00:00 AM"
"48591","2","11/16/2012 12:00:00 AM"
"48592","6","11/16/2012 12:00:00 AM"
"48593","2","11/16/2012 12:00:00 AM"
"48594","2","11/16/2012 12:00:00 AM"
"48597","6","11/16/2012 12:00:00 AM"
"48598","6","11/16/2012 12:00:00 AM"
"48601","2","11/17/2012 12:00:00 AM"
"48602","6","11/17/2012 12:00:00 AM"
"48603","6","11/17/2012 12:00:00 AM"
"48604","6","11/17/2012 12:00:00 AM"
"48605","2","11/17/2012 12:00:00 AM"
"48606","2","11/17/2012 12:00:00 AM"
"48608","2","11/17/2012 12:00:00 AM"
"48609","6","11/17/2012 12:00:00 AM"
"48610","2","11/17/2012 12:00:00 AM"
"48611","2","11/17/2012 12:00:00 AM"
"48612","6","11/17/2012 12:00:00 AM"
"48619","2","11/18/2012 12:00:00 AM"
"48620","2","11/18/2012 12:00:00 AM"
"48621","2","11/18/2012 12:00:00 AM"
"48622","6","11/18/2012 12:00:00 AM"
"48623","6","11/18/2012 12:00:00 AM"
"48624","2","11/18/2012 12:00:00 AM"
"48627","2","11/19/2012 12:00:00 AM"
"48628","6","11/19/2012 12:00:00 AM"
"48630","2","11/20/2012 12:00:00 AM"
"48634","2","11/20/2012 12:00:00 AM"
"48635","2","11/20/2012 12:00:00 AM"
"48639","2","11/20/2012 12:00:00 AM"
"48640","6","11/20/2012 12:00:00 AM"
"48641","6","11/20/2012 12:00:00 AM"
"48646","2","11/21/2012 12:00:00 AM"
"48647","6","11/21/2012 12:00:00 AM"
"48648","6","11/21/2012 12:00:00 AM"
"48652","2","11/21/2012 12:00:00 AM"
"48653","2","11/21/2012 12:00:00 AM"
"48658","6","11/22/2012 12:00:00 AM"
"48659","2","11/22/2012 12:00:00 AM"
"48660","6","11/22/2012 12:00:00 AM"
"48662","2","11/22/2012 12:00:00 AM"
"48663","2","11/22/2012 12:00:00 AM"
"48664","6","11/22/2012 12:00:00 AM"
"48666","2","11/22/2012 12:00:00 AM"
"48671","2","11/23/2012 12:00:00 AM"
"48673","2","11/23/2012 12:00:00 AM"
"48676","2","11/24/2012 12:00:00 AM"
"48677","2","11/24/2012 12:00:00 AM"
"48678","2","11/24/2012 12:00:00 AM"
"48679","6","11/24/2012 12:00:00 AM"
"48681","6","11/24/2012 12:00:00 AM"
"48682","6","11/24/2012 12:00:00 AM"
"48685","2","11/25/2012 12:00:00 AM"
"48687","6","11/25/2012 12:00:00 AM"
"48690","2","11/25/2012 12:00:00 AM"
"48693","2","11/26/2012 12:00:00 AM"
"48694","2","11/26/2012 12:00:00 AM"
"48695","2","11/26/2012 12:00:00 AM"
"48696","2","11/26/2012 12:00:00 AM"
"48698","2","11/26/2012 12:00:00 AM"
"48699","2","11/26/2012 12:00:00 AM"
"48700","2","11/26/2012 12:00:00 AM"
"48701","2","11/26/2012 12:00:00 AM"
"48703","2","11/27/2012 12:00:00 AM"
"48704","2","11/27/2012 12:00:00 AM"
"48710","6","11/27/2012 12:00:00 AM"
"48717","6","11/28/2012 12:00:00 AM"
"48718","6","11/28/2012 12:00:00 AM"
"48719","2","11/28/2012 12:00:00 AM"
"48721","2","11/28/2012 12:00:00 AM"
"48722","2","11/28/2012 12:00:00 AM"
"48723","2","11/29/2012 12:00:00 AM"
"48727","2","11/29/2012 12:00:00 AM"
"48728","6","11/29/2012 12:00:00 AM"
"48798","2","11/30/2012 12:00:00 AM"
"48799","6","11/30/2012 12:00:00 AM"
"48804","6","12/1/2012 12:00:00 AM"
"48808","2","12/1/2012 12:00:00 AM"
"48809","2","12/1/2012 12:00:00 AM"
"48810","2","12/1/2012 12:00:00 AM"
"48812","6","12/1/2012 12:00:00 AM"
"48813","2","12/1/2012 12:00:00 AM"
"48814","2","12/1/2012 12:00:00 AM"
"48816","6","12/2/2012 12:00:00 AM"
"48819","6","12/2/2012 12:00:00 AM"
"48820","2","12/2/2012 12:00:00 AM"
"48823","2","12/3/2012 12:00:00 AM"
"48824","2","12/3/2012 12:00:00 AM"
"48826","2","12/3/2012 12:00:00 AM"
"48827","2","12/3/2012 12:00:00 AM"
"48828","2","12/3/2012 12:00:00 AM"
"48829","2","12/3/2012 12:00:00 AM"
"48834","6","12/4/2012 12:00:00 AM"
"48835","2","12/4/2012 12:00:00 AM"
"48836","2","12/4/2012 12:00:00 AM"
"48839","2","12/6/2012 12:00:00 AM"
"48840","2","12/6/2012 12:00:00 AM"
"48842","6","12/6/2012 12:00:00 AM"
"48845","2","12/6/2012 12:00:00 AM"
"48846","2","12/6/2012 12:00:00 AM"
"48849","2","12/7/2012 12:00:00 AM"
"48850","6","12/7/2012 12:00:00 AM"
"48851","6","12/7/2012 12:00:00 AM"
"48854","6","12/7/2012 12:00:00 AM"
"48855","6","12/7/2012 12:00:00 AM"
"48856","2","12/7/2012 12:00:00 AM"
"48858","2","12/8/2012 12:00:00 AM"
"48861","6","12/8/2012 12:00:00 AM"
"48862","6","12/8/2012 12:00:00 AM"
"48863","6","12/8/2012 12:00:00 AM"
"48864","6","12/8/2012 12:00:00 AM"
"48866","2","12/8/2012 12:00:00 AM"
"48871","2","12/9/2012 12:00:00 AM"
"48874","2","12/9/2012 12:00:00 AM"
"48879","2","12/10/2012 12:00:00 AM"
"48880","2","12/10/2012 12:00:00 AM"
"48882","2","12/10/2012 12:00:00 AM"
"48883","6","12/10/2012 12:00:00 AM"
"48886","6","12/11/2012 12:00:00 AM"
"48887","6","12/11/2012 12:00:00 AM"
"48889","2","12/11/2012 12:00:00 AM"
"48890","2","12/11/2012 12:00:00 AM"
"48891","2","12/11/2012 12:00:00 AM"
"48900","2","12/12/2012 12:00:00 AM"
"48901","6","12/12/2012 12:00:00 AM"
"48902","2","12/12/2012 12:00:00 AM"
"48904","2","12/13/2012 12:00:00 AM"
"48905","2","12/13/2012 12:00:00 AM"
"48906","6","12/13/2012 12:00:00 AM"
"48907","2","12/13/2012 12:00:00 AM"
"48908","2","12/13/2012 12:00:00 AM"
"48909","6","12/13/2012 12:00:00 AM"
"48913","2","12/14/2012 12:00:00 AM"
"48914","6","12/14/2012 12:00:00 AM"
"48916","2","12/14/2012 12:00:00 AM"
"48917","6","12/14/2012 12:00:00 AM"
"48918","2","12/14/2012 12:00:00 AM"
"48920","6","12/15/2012 12:00:00 AM"
"48921","2","12/15/2012 12:00:00 AM"
"48922","2","12/15/2012 12:00:00 AM"
"48924","2","12/15/2012 12:00:00 AM"
"48927","2","12/15/2012 12:00:00 AM"
"48929","6","12/15/2012 12:00:00 AM"
"48933","2","12/16/2012 12:00:00 AM"
"48934","6","12/16/2012 12:00:00 AM"
"48936","6","12/16/2012 12:00:00 AM"
"48937","6","12/16/2012 12:00:00 AM"
"48939","2","12/17/2012 12:00:00 AM"
"48941","2","12/17/2012 12:00:00 AM"
"48942","2","12/17/2012 12:00:00 AM"
"48943","6","12/17/2012 12:00:00 AM"
"48945","2","12/18/2012 12:00:00 AM"
"48946","2","12/18/2012 12:00:00 AM"
"48947","6","12/18/2012 12:00:00 AM"
"48948","6","12/18/2012 12:00:00 AM"
"48950","2","12/19/2012 12:00:00 AM"
"48951","6","12/19/2012 12:00:00 AM"
"48952","2","12/19/2012 12:00:00 AM"
"48953","2","12/19/2012 12:00:00 AM"
"48954","2","12/19/2012 12:00:00 AM"
"48955","2","12/19/2012 12:00:00 AM"
"48956","6","12/19/2012 12:00:00 AM"
"48960","6","12/20/2012 12:00:00 AM"
"48961","2","12/20/2012 12:00:00 AM"
"48962","2","12/20/2012 12:00:00 AM"
"48971","2","12/21/2012 12:00:00 AM"
"48972","2","12/21/2012 12:00:00 AM"
"48976","6","12/22/2012 12:00:00 AM"
"48980","2","12/22/2012 12:00:00 AM"
"48981","2","12/22/2012 12:00:00 AM"
"48984","6","12/22/2012 12:00:00 AM"
"48985","2","12/22/2012 12:00:00 AM"
"48988","2","12/23/2012 12:00:00 AM"
"48989","2","12/23/2012 12:00:00 AM"
"48990","2","12/23/2012 12:00:00 AM"
"48991","6","12/23/2012 12:00:00 AM"
"48995","6","12/24/2012 12:00:00 AM"
"48997","2","12/24/2012 12:00:00 AM"
"49000","2","12/25/2012 12:00:00 AM"
"49001","6","12/25/2012 12:00:00 AM"
"49003","2","12/25/2012 12:00:00 AM"
"49004","2","12/25/2012 12:00:00 AM"
"49005","2","12/25/2012 12:00:00 AM"
"49006","2","12/25/2012 12:00:00 AM"
"49007","2","12/25/2012 12:00:00 AM"
"49010","2","12/26/2012 12:00:00 AM"
"49011","2","12/26/2012 12:00:00 AM"
"49012","2","12/27/2012 12:00:00 AM"
"49013","2","12/27/2012 12:00:00 AM"
"49014","2","12/27/2012 12:00:00 AM"
"49015","6","12/27/2012 12:00:00 AM"
"49016","2","12/27/2012 12:00:00 AM"
"49026","2","12/29/2012 12:00:00 AM"
"49028","2","12/29/2012 12:00:00 AM"
"49031","2","12/30/2012 12:00:00 AM"
"49032","2","12/30/2012 12:00:00 AM"
"49034","2","12/30/2012 12:00:00 AM"
"49036","2","12/30/2012 12:00:00 AM"
"49037","6","12/30/2012 12:00:00 AM"
"49038","2","12/30/2012 12:00:00 AM"
"49172","2","12/31/2012 12:00:00 AM"
"49173","6","12/31/2012 12:00:00 AM"
"49174","6","12/31/2012 12:00:00 AM"
"49175","2","12/31/2012 12:00:00 AM"
"49176","6","12/31/2012 12:00:00 AM"
"49177","6","12/31/2012 12:00:00 AM"
"49182","2","1/1/2013 12:00:00 AM"
"49183","2","1/1/2013 12:00:00 AM"
"49184","2","1/1/2013 12:00:00 AM"
"49185","2","1/1/2013 12:00:00 AM"
"49186","2","1/1/2013 12:00:00 AM"
"49188","2","1/1/2013 12:00:00 AM"
"49193","2","1/2/2013 12:00:00 AM"
"49196","6","1/2/2013 12:00:00 AM"
"49197","2","1/2/2013 12:00:00 AM"
"49200","2","1/3/2013 12:00:00 AM"
"49201","2","1/3/2013 12:00:00 AM"
"49204","6","1/3/2013 12:00:00 AM"
"49205","2","1/3/2013 12:00:00 AM"
"49207","2","1/3/2013 12:00:00 AM"
"49210","6","1/3/2013 12:00:00 AM"
"49211","6","1/3/2013 12:00:00 AM"
"49219","2","1/4/2013 12:00:00 AM"
"49220","6","1/4/2013 12:00:00 AM"
"49222","6","1/4/2013 12:00:00 AM"
"49223","2","1/4/2013 12:00:00 AM"
"49224","2","1/4/2013 12:00:00 AM"
"49226","2","1/5/2013 12:00:00 AM"
"49227","2","1/5/2013 12:00:00 AM"
"49228","2","1/5/2013 12:00:00 AM"
"49229","6","1/5/2013 12:00:00 AM"
"49230","2","1/5/2013 12:00:00 AM"
"49231","2","1/5/2013 12:00:00 AM"
"49239","6","1/6/2013 12:00:00 AM"
"49240","6","1/6/2013 12:00:00 AM"
"49241","6","1/6/2013 12:00:00 AM"
"49242","2","1/6/2013 12:00:00 AM"
"49243","2","1/6/2013 12:00:00 AM"
"49244","2","1/6/2013 12:00:00 AM"
"49247","2","1/7/2013 12:00:00 AM"
"49252","6","1/7/2013 12:00:00 AM"
"49253","2","1/7/2013 12:00:00 AM"
"49254","2","1/7/2013 12:00:00 AM"
"49256","6","1/7/2013 12:00:00 AM"
"49258","2","1/8/2013 12:00:00 AM"
"49259","2","1/8/2013 12:00:00 AM"
"49260","2","1/8/2013 12:00:00 AM"
"49261","2","1/8/2013 12:00:00 AM"
"49264","6","1/8/2013 12:00:00 AM"
"49265","6","1/8/2013 12:00:00 AM"
"49266","2","1/8/2013 12:00:00 AM"
"49267","6","1/8/2013 12:00:00 AM"
"49268","6","1/8/2013 12:00:00 AM"
"49270","6","1/9/2013 12:00:00 AM"
"49271","6","1/9/2013 12:00:00 AM"
"49272","2","1/9/2013 12:00:00 AM"
"49273","6","1/9/2013 12:00:00 AM"
"49274","2","1/9/2013 12:00:00 AM"
"49275","2","1/9/2013 12:00:00 AM"
"49277","6","1/10/2013 12:00:00 AM"
"49278","2","1/10/2013 12:00:00 AM"
"49279","2","1/10/2013 12:00:00 AM"
"49280","2","1/11/2013 12:00:00 AM"
"49282","2","1/11/2013 12:00:00 AM"
"49283","6","1/11/2013 12:00:00 AM"
"49285","6","1/11/2013 12:00:00 AM"
"49286","6","1/11/2013 12:00:00 AM"
"49287","6","1/11/2013 12:00:00 AM"
"49288","6","1/11/2013 12:00:00 AM"
"49290","2","1/12/2013 12:00:00 AM"
"49293","2","1/12/2013 12:00:00 AM"
"49294","2","1/12/2013 12:00:00 AM"
"49295","2","1/12/2013 12:00:00 AM"
"49296","6","1/12/2013 12:00:00 AM"
"49297","2","1/12/2013 12:00:00 AM"
"49298","6","1/12/2013 12:00:00 AM"
"49307","2","1/13/2013 12:00:00 AM"
"49308","6","1/13/2013 12:00:00 AM"
"49312","2","1/14/2013 12:00:00 AM"
"49313","2","1/14/2013 12:00:00 AM"
"49314","2","1/14/2013 12:00:00 AM"
"49315","2","1/14/2013 12:00:00 AM"
"49321","6","1/14/2013 12:00:00 AM"
"49323","2","1/15/2013 12:00:00 AM"
"49324","6","1/15/2013 12:00:00 AM"
"49325","6","1/15/2013 12:00:00 AM"
"49326","2","1/15/2013 12:00:00 AM"
"49327","2","1/16/2013 12:00:00 AM"
"49330","6","1/16/2013 12:00:00 AM"
"49331","2","1/16/2013 12:00:00 AM"
"49332","6","1/16/2013 12:00:00 AM"
"49333","6","1/16/2013 12:00:00 AM"
"49334","2","1/16/2013 12:00:00 AM"
"49337","2","1/16/2013 12:00:00 AM"
"49338","2","1/16/2013 12:00:00 AM"
"49339","2","1/17/2013 12:00:00 AM"
"49342","6","1/17/2013 12:00:00 AM"
"49343","6","1/17/2013 12:00:00 AM"
"49344","6","1/17/2013 12:00:00 AM"
"49345","2","1/17/2013 12:00:00 AM"
"49346","2","1/17/2013 12:00:00 AM"
"49347","2","1/17/2013 12:00:00 AM"
"49348","2","1/17/2013 12:00:00 AM"
"49349","2","1/17/2013 12:00:00 AM"
"49355","2","1/18/2013 12:00:00 AM"
"49356","2","1/18/2013 12:00:00 AM"
"49358","6","1/18/2013 12:00:00 AM"
"49360","2","1/18/2013 12:00:00 AM"
"49362","2","1/19/2013 12:00:00 AM"
"49363","2","1/19/2013 12:00:00 AM"
"49365","2","1/19/2013 12:00:00 AM"
"49367","2","1/19/2013 12:00:00 AM"
"49372","2","1/20/2013 12:00:00 AM"
"49375","6","1/20/2013 12:00:00 AM"
"49376","6","1/20/2013 12:00:00 AM"
"49378","2","1/20/2013 12:00:00 AM"
"49379","2","1/20/2013 12:00:00 AM"
"49384","6","1/20/2013 12:00:00 AM"
"49387","2","1/21/2013 12:00:00 AM"
"49388","6","1/21/2013 12:00:00 AM"
"49392","2","1/21/2013 12:00:00 AM"
"49395","2","1/21/2013 12:00:00 AM"
"49396","2","1/22/2013 12:00:00 AM"
"49401","2","1/23/2013 12:00:00 AM"
"49402","6","1/23/2013 12:00:00 AM"
"49403","2","1/23/2013 12:00:00 AM"
"49405","2","1/23/2013 12:00:00 AM"
"49406","6","1/23/2013 12:00:00 AM"
"49409","2","1/23/2013 12:00:00 AM"
"49410","2","1/24/2013 12:00:00 AM"
"49411","2","1/24/2013 12:00:00 AM"
"49413","2","1/24/2013 12:00:00 AM"
"49414","2","1/24/2013 12:00:00 AM"
"49415","2","1/24/2013 12:00:00 AM"
"49417","2","1/24/2013 12:00:00 AM"
"49418","6","1/24/2013 12:00:00 AM"
"49419","2","1/24/2013 12:00:00 AM"
"49422","2","1/24/2013 12:00:00 AM"
"49425","2","1/25/2013 12:00:00 AM"
"49428","2","1/25/2013 12:00:00 AM"
"49429","2","1/25/2013 12:00:00 AM"
"49438","6","1/27/2013 12:00:00 AM"
"49439","6","1/27/2013 12:00:00 AM"
"49440","2","1/27/2013 12:00:00 AM"
"49441","2","1/27/2013 12:00:00 AM"
"49552","2","1/28/2013 12:00:00 AM"
"49553","6","1/28/2013 12:00:00 AM"
"49559","2","1/29/2013 12:00:00 AM"
"49561","2","1/29/2013 12:00:00 AM"
"49562","6","1/29/2013 12:00:00 AM"
"49563","6","1/29/2013 12:00:00 AM"
"49565","6","1/29/2013 12:00:00 AM"
"49567","6","1/29/2013 12:00:00 AM"
"49570","2","1/30/2013 12:00:00 AM"
"49571","2","1/30/2013 12:00:00 AM"
"49572","6","1/30/2013 12:00:00 AM"
"49575","2","1/31/2013 12:00:00 AM"
"49579","2","1/31/2013 12:00:00 AM"
"49580","2","1/31/2013 12:00:00 AM"
"49581","2","2/1/2013 12:00:00 AM"
"49584","2","2/1/2013 12:00:00 AM"
"49585","2","2/1/2013 12:00:00 AM"
"49586","6","2/1/2013 12:00:00 AM"
"49587","6","2/1/2013 12:00:00 AM"
"49588","6","2/1/2013 12:00:00 AM"
"49589","2","2/1/2013 12:00:00 AM"
"49590","2","2/1/2013 12:00:00 AM"
"49591","6","2/1/2013 12:00:00 AM"
"49597","2","2/1/2013 12:00:00 AM"
"49599","2","2/2/2013 12:00:00 AM"
"49603","2","2/2/2013 12:00:00 AM"
"49604","2","2/3/2013 12:00:00 AM"
"49607","6","2/3/2013 12:00:00 AM"
"49608","6","2/3/2013 12:00:00 AM"
"49610","2","2/3/2013 12:00:00 AM"
"49616","6","2/4/2013 12:00:00 AM"
"49617","2","2/4/2013 12:00:00 AM"
"49618","6","2/4/2013 12:00:00 AM"
"49619","2","2/4/2013 12:00:00 AM"
"49620","6","2/4/2013 12:00:00 AM"
"49621","6","2/4/2013 12:00:00 AM"
"49622","6","2/4/2013 12:00:00 AM"
"49623","6","2/4/2013 12:00:00 AM"
"49627","2","2/5/2013 12:00:00 AM"
"49628","2","2/5/2013 12:00:00 AM"
"49631","6","2/5/2013 12:00:00 AM"
"49634","2","2/6/2013 12:00:00 AM"
"49635","6","2/6/2013 12:00:00 AM"
"49636","2","2/6/2013 12:00:00 AM"
"49640","2","2/7/2013 12:00:00 AM"
"49641","2","2/7/2013 12:00:00 AM"
"49642","6","2/7/2013 12:00:00 AM"
"49645","2","2/8/2013 12:00:00 AM"
"49647","2","2/8/2013 12:00:00 AM"
"49650","2","2/8/2013 12:00:00 AM"
"49651","6","2/8/2013 12:00:00 AM"
"49652","2","2/8/2013 12:00:00 AM"
"49653","6","2/8/2013 12:00:00 AM"
"49654","2","2/8/2013 12:00:00 AM"
"49655","6","2/8/2013 12:00:00 AM"
"49656","2","2/8/2013 12:00:00 AM"
"49659","6","2/8/2013 12:00:00 AM"
"49661","2","2/8/2013 12:00:00 AM"
"49664","2","2/9/2013 12:00:00 AM"
"49665","2","2/9/2013 12:00:00 AM"
"49666","2","2/9/2013 12:00:00 AM"
"49667","6","2/9/2013 12:00:00 AM"
"49668","2","2/9/2013 12:00:00 AM"
"49669","6","2/9/2013 12:00:00 AM"
"49674","2","2/10/2013 12:00:00 AM"
"49675","2","2/10/2013 12:00:00 AM"
"49676","6","2/10/2013 12:00:00 AM"
"49677","2","2/10/2013 12:00:00 AM"
"49678","2","2/10/2013 12:00:00 AM"
"49680","2","2/11/2013 12:00:00 AM"
"49682","6","2/11/2013 12:00:00 AM"
"49683","6","2/11/2013 12:00:00 AM"
"49684","2","2/11/2013 12:00:00 AM"
"49688","2","2/12/2013 12:00:00 AM"
"49693","2","2/13/2013 12:00:00 AM"
"49694","2","2/13/2013 12:00:00 AM"
"49695","2","2/13/2013 12:00:00 AM"
"49696","6","2/13/2013 12:00:00 AM"
"49697","2","2/13/2013 12:00:00 AM"
"49698","6","2/13/2013 12:00:00 AM"
"49701","2","2/14/2013 12:00:00 AM"
"49705","2","2/14/2013 12:00:00 AM"
"49708","6","2/14/2013 12:00:00 AM"
"49709","6","2/14/2013 12:00:00 AM"
"49710","2","2/14/2013 12:00:00 AM"
"49711","2","2/14/2013 12:00:00 AM"
"49712","2","2/14/2013 12:00:00 AM"
"49713","6","2/14/2013 12:00:00 AM"
"49717","2","2/15/2013 12:00:00 AM"
"49720","2","2/15/2013 12:00:00 AM"
"49721","6","2/15/2013 12:00:00 AM"
"49722","6","2/15/2013 12:00:00 AM"
"49724","6","2/15/2013 12:00:00 AM"
"49725","2","2/15/2013 12:00:00 AM"
"49728","2","2/16/2013 12:00:00 AM"
"49731","2","2/16/2013 12:00:00 AM"
"49732","6","2/16/2013 12:00:00 AM"
"49733","2","2/16/2013 12:00:00 AM"
"49734","2","2/16/2013 12:00:00 AM"
"49740","6","2/17/2013 12:00:00 AM"
"49743","2","2/17/2013 12:00:00 AM"
"49746","2","2/18/2013 12:00:00 AM"
"49747","6","2/18/2013 12:00:00 AM"
"49751","2","2/19/2013 12:00:00 AM"
"49752","2","2/19/2013 12:00:00 AM"
"49753","2","2/19/2013 12:00:00 AM"
"49754","2","2/19/2013 12:00:00 AM"
"49755","2","2/19/2013 12:00:00 AM"
"49760","2","2/20/2013 12:00:00 AM"
"49762","2","2/21/2013 12:00:00 AM"
"49763","6","2/21/2013 12:00:00 AM"
"49764","6","2/21/2013 12:00:00 AM"
"49765","6","2/21/2013 12:00:00 AM"
"49767","6","2/22/2013 12:00:00 AM"
"49768","2","2/22/2013 12:00:00 AM"
"49769","6","2/22/2013 12:00:00 AM"
"49774","2","2/23/2013 12:00:00 AM"
"49775","6","2/23/2013 12:00:00 AM"
"49778","2","2/24/2013 12:00:00 AM"
"49779","2","2/24/2013 12:00:00 AM"
"49781","2","2/24/2013 12:00:00 AM"
"49784","2","2/24/2013 12:00:00 AM"
"49785","2","2/24/2013 12:00:00 AM"
"49786","2","2/24/2013 12:00:00 AM"
"49787","2","2/24/2013 12:00:00 AM"
"49788","2","2/24/2013 12:00:00 AM"
"49791","2","2/25/2013 12:00:00 AM"
"49793","6","2/25/2013 12:00:00 AM"
"49794","6","2/25/2013 12:00:00 AM"
"49795","6","2/25/2013 12:00:00 AM"
"49802","2","2/26/2013 12:00:00 AM"
"49803","2","2/26/2013 12:00:00 AM"
"49805","2","2/26/2013 12:00:00 AM"
"49806","2","2/26/2013 12:00:00 AM"
"49807","6","2/26/2013 12:00:00 AM"
"49808","6","2/26/2013 12:00:00 AM"
"49809","2","2/26/2013 12:00:00 AM"
"49812","2","2/27/2013 12:00:00 AM"
"49814","6","2/27/2013 12:00:00 AM"
"49815","2","2/27/2013 12:00:00 AM"
"49817","6","2/27/2013 12:00:00 AM"
"49819","2","2/27/2013 12:00:00 AM"
"49898","2","2/28/2013 12:00:00 AM"
"49899","2","2/28/2013 12:00:00 AM"
"49902","6","2/28/2013 12:00:00 AM"
"49906","2","3/1/2013 12:00:00 AM"
"49907","2","3/1/2013 12:00:00 AM"
"49908","2","3/1/2013 12:00:00 AM"
"49909","2","3/1/2013 12:00:00 AM"
"49911","2","3/1/2013 12:00:00 AM"
"49912","6","3/1/2013 12:00:00 AM"
"49913","2","3/1/2013 12:00:00 AM"
"49914","6","3/1/2013 12:00:00 AM"
"49915","6","3/1/2013 12:00:00 AM"
"49916","6","3/1/2013 12:00:00 AM"
"49922","2","3/2/2013 12:00:00 AM"
"49924","2","3/3/2013 12:00:00 AM"
"49926","2","3/3/2013 12:00:00 AM"
"49929","2","3/3/2013 12:00:00 AM"
"49930","2","3/3/2013 12:00:00 AM"
"49933","6","3/3/2013 12:00:00 AM"
"49936","2","3/4/2013 12:00:00 AM"
"49937","2","3/4/2013 12:00:00 AM"
"49939","2","3/4/2013 12:00:00 AM"
"49940","6","3/4/2013 12:00:00 AM"
"49941","6","3/4/2013 12:00:00 AM"
"49944","6","3/4/2013 12:00:00 AM"
"49948","2","3/5/2013 12:00:00 AM"
"49951","2","3/6/2013 12:00:00 AM"
"49953","2","3/6/2013 12:00:00 AM"
"49954","2","3/6/2013 12:00:00 AM"
"49955","2","3/6/2013 12:00:00 AM"
"49958","2","3/6/2013 12:00:00 AM"
"49959","2","3/6/2013 12:00:00 AM"
"49962","2","3/7/2013 12:00:00 AM"
"49963","2","3/7/2013 12:00:00 AM"
"49966","6","3/7/2013 12:00:00 AM"
"49967","6","3/7/2013 12:00:00 AM"
"49968","6","3/7/2013 12:00:00 AM"
"49971","2","3/7/2013 12:00:00 AM"
"49972","6","3/7/2013 12:00:00 AM"
"49975","2","3/8/2013 12:00:00 AM"
"49978","6","3/8/2013 12:00:00 AM"
"49979","6","3/8/2013 12:00:00 AM"
"49980","2","3/8/2013 12:00:00 AM"
"49981","2","3/8/2013 12:00:00 AM"
"49983","6","3/8/2013 12:00:00 AM"
"49985","2","3/9/2013 12:00:00 AM"
"49986","2","3/9/2013 12:00:00 AM"
"49987","2","3/9/2013 12:00:00 AM"
"49988","2","3/9/2013 12:00:00 AM"
"49989","2","3/9/2013 12:00:00 AM"
"49990","6","3/9/2013 12:00:00 AM"
"49991","6","3/10/2013 12:00:00 AM"
"49992","2","3/10/2013 12:00:00 AM"
"49993","2","3/10/2013 12:00:00 AM"
"49996","2","3/10/2013 12:00:00 AM"
"49997","6","3/10/2013 12:00:00 AM"
"49998","2","3/10/2013 12:00:00 AM"
"50000","6","3/10/2013 12:00:00 AM"
"50001","6","3/10/2013 12:00:00 AM"
"50002","2","3/10/2013 12:00:00 AM"
"50004","6","3/11/2013 12:00:00 AM"
"50007","6","3/11/2013 12:00:00 AM"
"50008","6","3/11/2013 12:00:00 AM"
"50010","2","3/11/2013 12:00:00 AM"
"50011","2","3/12/2013 12:00:00 AM"
"50012","2","3/12/2013 12:00:00 AM"
"50014","2","3/12/2013 12:00:00 AM"
"50020","2","3/12/2013 12:00:00 AM"
"50021","2","3/12/2013 12:00:00 AM"
"50022","2","3/12/2013 12:00:00 AM"
"50026","6","3/12/2013 12:00:00 AM"
"50029","6","3/13/2013 12:00:00 AM"
"50030","6","3/13/2013 12:00:00 AM"
"50032","2","3/13/2013 12:00:00 AM"
"50033","6","3/13/2013 12:00:00 AM"
"50034","6","3/13/2013 12:00:00 AM"
"50036","6","3/14/2013 12:00:00 AM"
"50039","2","3/14/2013 12:00:00 AM"
"50040","6","3/14/2013 12:00:00 AM"
"50044","2","3/14/2013 12:00:00 AM"
"50046","2","3/15/2013 12:00:00 AM"
"50049","6","3/15/2013 12:00:00 AM"
"50050","6","3/15/2013 12:00:00 AM"
"50051","6","3/15/2013 12:00:00 AM"
"50052","6","3/15/2013 12:00:00 AM"
"50054","2","3/16/2013 12:00:00 AM"
"50060","2","3/16/2013 12:00:00 AM"
"50065","2","3/16/2013 12:00:00 AM"
"50070","2","3/17/2013 12:00:00 AM"
"50071","2","3/17/2013 12:00:00 AM"
"50072","2","3/17/2013 12:00:00 AM"
"50074","6","3/17/2013 12:00:00 AM"
"50075","6","3/17/2013 12:00:00 AM"
"50077","2","3/17/2013 12:00:00 AM"
"50078","2","3/17/2013 12:00:00 AM"
"50080","6","3/18/2013 12:00:00 AM"
"50084","2","3/18/2013 12:00:00 AM"
"50086","2","3/18/2013 12:00:00 AM"
"50087","2","3/19/2013 12:00:00 AM"
"50092","6","3/19/2013 12:00:00 AM"
"50094","6","3/19/2013 12:00:00 AM"
"50095","2","3/19/2013 12:00:00 AM"
"50101","2","3/21/2013 12:00:00 AM"
"50102","2","3/21/2013 12:00:00 AM"
"50107","2","3/22/2013 12:00:00 AM"
"50113","2","3/23/2013 12:00:00 AM"
"50114","6","3/23/2013 12:00:00 AM"
"50120","6","3/23/2013 12:00:00 AM"
"50121","6","3/23/2013 12:00:00 AM"
"50124","6","3/23/2013 12:00:00 AM"
"50125","2","3/23/2013 12:00:00 AM"
"50126","6","3/23/2013 12:00:00 AM"
"50127","2","3/23/2013 12:00:00 AM"
"50128","6","3/24/2013 12:00:00 AM"
"50133","2","3/24/2013 12:00:00 AM"
"50134","6","3/24/2013 12:00:00 AM"
"50135","6","3/24/2013 12:00:00 AM"
"50139","6","3/24/2013 12:00:00 AM"
"50140","2","3/24/2013 12:00:00 AM"
"50141","2","3/24/2013 12:00:00 AM"
"50143","2","3/25/2013 12:00:00 AM"
"50149","6","3/25/2013 12:00:00 AM"
"50155","6","3/26/2013 12:00:00 AM"
"50156","2","3/26/2013 12:00:00 AM"
"50157","6","3/26/2013 12:00:00 AM"
"50158","6","3/26/2013 12:00:00 AM"
"50159","2","3/26/2013 12:00:00 AM"
"50163","6","3/27/2013 12:00:00 AM"
"50168","6","3/27/2013 12:00:00 AM"
"50169","6","3/27/2013 12:00:00 AM"
"50178","6","3/29/2013 12:00:00 AM"
"50180","2","3/29/2013 12:00:00 AM"
"50184","2","3/29/2013 12:00:00 AM"
"50185","2","3/29/2013 12:00:00 AM"
"50187","2","3/29/2013 12:00:00 AM"
"50323","6","3/30/2013 12:00:00 AM"
"50325","6","3/30/2013 12:00:00 AM"
"50326","6","3/30/2013 12:00:00 AM"
"50328","6","3/30/2013 12:00:00 AM"
"50329","6","3/30/2013 12:00:00 AM"
"50333","6","3/30/2013 12:00:00 AM"
"50334","2","3/30/2013 12:00:00 AM"
"50335","6","3/30/2013 12:00:00 AM"
"50336","2","3/31/2013 12:00:00 AM"
"50337","2","3/31/2013 12:00:00 AM"
"50341","6","3/31/2013 12:00:00 AM"
"50342","2","3/31/2013 12:00:00 AM"
"50345","6","3/31/2013 12:00:00 AM"
"50346","6","3/31/2013 12:00:00 AM"
"50347","6","4/1/2013 12:00:00 AM"
"50355","6","4/1/2013 12:00:00 AM"
"50356","6","4/1/2013 12:00:00 AM"
"50357","6","4/1/2013 12:00:00 AM"
"50359","2","4/1/2013 12:00:00 AM"
"50360","2","4/1/2013 12:00:00 AM"
"50362","2","4/2/2013 12:00:00 AM"
"50363","2","4/2/2013 12:00:00 AM"
"50365","2","4/2/2013 12:00:00 AM"
"50366","2","4/2/2013 12:00:00 AM"
"50368","2","4/2/2013 12:00:00 AM"
"50369","6","4/2/2013 12:00:00 AM"
"50372","2","4/3/2013 12:00:00 AM"
"50373","2","4/3/2013 12:00:00 AM"
"50379","2","4/3/2013 12:00:00 AM"
"50380","6","4/3/2013 12:00:00 AM"
"50381","6","4/3/2013 12:00:00 AM"
"50382","2","4/3/2013 12:00:00 AM"
"50385","6","4/4/2013 12:00:00 AM"
"50387","6","4/4/2013 12:00:00 AM"
"50388","6","4/4/2013 12:00:00 AM"
"50389","2","4/4/2013 12:00:00 AM"
"50390","6","4/4/2013 12:00:00 AM"
"50396","2","4/4/2013 12:00:00 AM"
"50397","2","4/4/2013 12:00:00 AM"
"50398","2","4/4/2013 12:00:00 AM"
"50400","2","4/5/2013 12:00:00 AM"
"50402","2","4/5/2013 12:00:00 AM"
"50404","2","4/5/2013 12:00:00 AM"
"50406","2","4/5/2013 12:00:00 AM"
"50412","2","4/6/2013 12:00:00 AM"
"50413","6","4/6/2013 12:00:00 AM"
"50416","2","4/6/2013 12:00:00 AM"
"50417","2","4/6/2013 12:00:00 AM"
"50421","2","4/6/2013 12:00:00 AM"
"50422","6","4/6/2013 12:00:00 AM"
"50423","2","4/6/2013 12:00:00 AM"
"50425","2","4/7/2013 12:00:00 AM"
"50426","6","4/7/2013 12:00:00 AM"
"50431","2","4/7/2013 12:00:00 AM"
"50435","6","4/8/2013 12:00:00 AM"
"50437","2","4/8/2013 12:00:00 AM"
"50439","2","4/9/2013 12:00:00 AM"
"50442","6","4/9/2013 12:00:00 AM"
"50443","2","4/9/2013 12:00:00 AM"
"50447","2","4/9/2013 12:00:00 AM"
"50448","2","4/9/2013 12:00:00 AM"
"50449","6","4/9/2013 12:00:00 AM"
"50450","2","4/10/2013 12:00:00 AM"
"50451","2","4/10/2013 12:00:00 AM"
"50452","2","4/10/2013 12:00:00 AM"
"50456","2","4/10/2013 12:00:00 AM"
"50457","2","4/10/2013 12:00:00 AM"
"50458","6","4/10/2013 12:00:00 AM"
"50459","2","4/10/2013 12:00:00 AM"
"50463","2","4/11/2013 12:00:00 AM"
"50467","6","4/11/2013 12:00:00 AM"
"50471","6","4/11/2013 12:00:00 AM"
"50472","2","4/12/2013 12:00:00 AM"
"50474","2","4/12/2013 12:00:00 AM"
"50477","6","4/12/2013 12:00:00 AM"
"50481","6","4/12/2013 12:00:00 AM"
"50483","6","4/12/2013 12:00:00 AM"
"50485","2","4/13/2013 12:00:00 AM"
"50489","2","4/13/2013 12:00:00 AM"
"50490","6","4/13/2013 12:00:00 AM"
"50491","6","4/13/2013 12:00:00 AM"
"50492","2","4/13/2013 12:00:00 AM"
"50493","2","4/14/2013 12:00:00 AM"
"50499","6","4/14/2013 12:00:00 AM"
"50500","6","4/14/2013 12:00:00 AM"
"50504","6","4/15/2013 12:00:00 AM"
"50505","2","4/15/2013 12:00:00 AM"
"50509","2","4/16/2013 12:00:00 AM"
"50511","2","4/17/2013 12:00:00 AM"
"50512","6","4/17/2013 12:00:00 AM"
"50513","2","4/17/2013 12:00:00 AM"
"50515","2","4/17/2013 12:00:00 AM"
"50516","2","4/17/2013 12:00:00 AM"
"50517","6","4/17/2013 12:00:00 AM"
"50520","6","4/18/2013 12:00:00 AM"
"50521","6","4/18/2013 12:00:00 AM"
"50523","2","4/18/2013 12:00:00 AM"
"50529","2","4/19/2013 12:00:00 AM"
"50533","2","4/19/2013 12:00:00 AM"
"50534","6","4/19/2013 12:00:00 AM"
"50536","2","4/19/2013 12:00:00 AM"
"50538","2","4/20/2013 12:00:00 AM"
"50539","2","4/20/2013 12:00:00 AM"
"50541","2","4/20/2013 12:00:00 AM"
"50544","2","4/20/2013 12:00:00 AM"
"50545","6","4/20/2013 12:00:00 AM"
"50546","6","4/20/2013 12:00:00 AM"
"50550","6","4/21/2013 12:00:00 AM"
"50557","2","4/21/2013 12:00:00 AM"
"50558","2","4/21/2013 12:00:00 AM"
"50559","2","4/21/2013 12:00:00 AM"
"50560","2","4/21/2013 12:00:00 AM"
"50564","2","4/22/2013 12:00:00 AM"
"50565","2","4/22/2013 12:00:00 AM"
"50566","2","4/22/2013 12:00:00 AM"
"50567","6","4/22/2013 12:00:00 AM"
"50574","2","4/22/2013 12:00:00 AM"
"50576","2","4/22/2013 12:00:00 AM"
"50583","6","4/23/2013 12:00:00 AM"
"50584","2","4/23/2013 12:00:00 AM"
"50585","6","4/24/2013 12:00:00 AM"
"50586","2","4/24/2013 12:00:00 AM"
"50587","2","4/24/2013 12:00:00 AM"
"50588","2","4/24/2013 12:00:00 AM"
"50589","2","4/24/2013 12:00:00 AM"
"50590","6","4/24/2013 12:00:00 AM"
"50591","2","4/24/2013 12:00:00 AM"
"50593","6","4/24/2013 12:00:00 AM"
"50594","2","4/24/2013 12:00:00 AM"
"50596","2","4/25/2013 12:00:00 AM"
"50597","2","4/25/2013 12:00:00 AM"
"50598","6","4/25/2013 12:00:00 AM"
"50601","6","4/25/2013 12:00:00 AM"
"50602","2","4/25/2013 12:00:00 AM"
"50603","2","4/25/2013 12:00:00 AM"
"50605","6","4/26/2013 12:00:00 AM"
"50606","6","4/26/2013 12:00:00 AM"
"50611","2","4/26/2013 12:00:00 AM"
"50612","2","4/26/2013 12:00:00 AM"
"50613","2","4/26/2013 12:00:00 AM"
"50616","2","4/26/2013 12:00:00 AM"
"50617","6","4/27/2013 12:00:00 AM"
"50618","2","4/27/2013 12:00:00 AM"
"50619","6","4/27/2013 12:00:00 AM"
"50620","6","4/27/2013 12:00:00 AM"
"50625","2","4/27/2013 12:00:00 AM"
"50627","2","4/28/2013 12:00:00 AM"
"50628","2","4/28/2013 12:00:00 AM"
"50634","2","4/28/2013 12:00:00 AM"
"50635","6","4/28/2013 12:00:00 AM"
"50636","6","4/28/2013 12:00:00 AM"
"50639","2","4/28/2013 12:00:00 AM"
"50640","2","4/28/2013 12:00:00 AM"
"50641","6","4/29/2013 12:00:00 AM"
"50643","6","4/29/2013 12:00:00 AM"
"50644","2","4/29/2013 12:00:00 AM"
"50648","2","4/29/2013 12:00:00 AM"
"50650","2","4/29/2013 12:00:00 AM"
"50655","2","4/29/2013 12:00:00 AM"
"50657","2","4/29/2013 12:00:00 AM"
"50760","6","4/30/2013 12:00:00 AM"
"50766","2","4/30/2013 12:00:00 AM"
"50768","2","4/30/2013 12:00:00 AM"
"50769","2","4/30/2013 12:00:00 AM"
"50771","2","4/30/2013 12:00:00 AM"
"50772","2","4/30/2013 12:00:00 AM"
"50775","2","5/1/2013 12:00:00 AM"
"50777","6","5/1/2013 12:00:00 AM"
"50778","6","5/1/2013 12:00:00 AM"
"50781","2","5/1/2013 12:00:00 AM"
"50782","2","5/1/2013 12:00:00 AM"
"50783","2","5/1/2013 12:00:00 AM"
"50785","6","5/1/2013 12:00:00 AM"
"50786","6","5/1/2013 12:00:00 AM"
"50787","2","5/1/2013 12:00:00 AM"
"50788","6","5/2/2013 12:00:00 AM"
"50789","6","5/2/2013 12:00:00 AM"
"50800","2","5/3/2013 12:00:00 AM"
"50803","2","5/3/2013 12:00:00 AM"
"50806","2","5/4/2013 12:00:00 AM"
"50807","2","5/4/2013 12:00:00 AM"
"50808","6","5/4/2013 12:00:00 AM"
"50813","2","5/4/2013 12:00:00 AM"
"50814","6","5/5/2013 12:00:00 AM"
"50815","6","5/5/2013 12:00:00 AM"
"50819","6","5/5/2013 12:00:00 AM"
"50820","2","5/5/2013 12:00:00 AM"
"50821","6","5/5/2013 12:00:00 AM"
"50822","2","5/5/2013 12:00:00 AM"
"50825","6","5/6/2013 12:00:00 AM"
"50828","2","5/6/2013 12:00:00 AM"
"50833","6","5/6/2013 12:00:00 AM"
"50834","2","5/6/2013 12:00:00 AM"
"50836","2","5/7/2013 12:00:00 AM"
"50837","6","5/7/2013 12:00:00 AM"
"50838","6","5/7/2013 12:00:00 AM"
"50842","6","5/7/2013 12:00:00 AM"
"50843","2","5/7/2013 12:00:00 AM"
"50846","2","5/7/2013 12:00:00 AM"
"50849","2","5/7/2013 12:00:00 AM"
"50850","2","5/7/2013 12:00:00 AM"
"50851","2","5/7/2013 12:00:00 AM"
"50852","2","5/7/2013 12:00:00 AM"
"50853","6","5/8/2013 12:00:00 AM"
"50854","2","5/8/2013 12:00:00 AM"
"50855","2","5/8/2013 12:00:00 AM"
"50857","2","5/8/2013 12:00:00 AM"
"50858","6","5/8/2013 12:00:00 AM"
"50859","2","5/8/2013 12:00:00 AM"
"50860","6","5/9/2013 12:00:00 AM"
"50861","6","5/9/2013 12:00:00 AM"
"50862","6","5/9/2013 12:00:00 AM"
"50863","6","5/9/2013 12:00:00 AM"
"50864","6","5/9/2013 12:00:00 AM"
"50865","2","5/9/2013 12:00:00 AM"
"50870","6","5/9/2013 12:00:00 AM"
"50871","6","5/9/2013 12:00:00 AM"
"50874","2","5/10/2013 12:00:00 AM"
"50875","2","5/10/2013 12:00:00 AM"
"50876","6","5/10/2013 12:00:00 AM"
"50877","6","5/10/2013 12:00:00 AM"
"50878","2","5/10/2013 12:00:00 AM"
"50879","6","5/10/2013 12:00:00 AM"
"50881","2","5/10/2013 12:00:00 AM"
"50884","2","5/11/2013 12:00:00 AM"
"50885","6","5/11/2013 12:00:00 AM"
"50886","2","5/11/2013 12:00:00 AM"
"50889","6","5/11/2013 12:00:00 AM"
"50890","2","5/11/2013 12:00:00 AM"
"50892","2","5/11/2013 12:00:00 AM"
"50893","6","5/11/2013 12:00:00 AM"
"50894","2","5/11/2013 12:00:00 AM"
"50895","2","5/12/2013 12:00:00 AM"
"50896","6","5/12/2013 12:00:00 AM"
"50897","6","5/12/2013 12:00:00 AM"
"50901","6","5/12/2013 12:00:00 AM"
"50902","2","5/12/2013 12:00:00 AM"
"50903","2","5/12/2013 12:00:00 AM"
"50905","6","5/13/2013 12:00:00 AM"
"50908","2","5/13/2013 12:00:00 AM"
"50909","6","5/13/2013 12:00:00 AM"
"50911","6","5/13/2013 12:00:00 AM"
"50913","2","5/13/2013 12:00:00 AM"
"50916","6","5/14/2013 12:00:00 AM"
"50918","2","5/14/2013 12:00:00 AM"
"50920","6","5/14/2013 12:00:00 AM"
"50924","6","5/14/2013 12:00:00 AM"
"50925","6","5/14/2013 12:00:00 AM"
"50926","6","5/14/2013 12:00:00 AM"
"50927","2","5/14/2013 12:00:00 AM"
"50934","6","5/15/2013 12:00:00 AM"
"50936","2","5/15/2013 12:00:00 AM"
"50937","6","5/16/2013 12:00:00 AM"
"50940","2","5/16/2013 12:00:00 AM"
"50942","6","5/16/2013 12:00:00 AM"
"50943","2","5/16/2013 12:00:00 AM"
"50944","2","5/16/2013 12:00:00 AM"
"50947","6","5/17/2013 12:00:00 AM"
"50948","2","5/17/2013 12:00:00 AM"
"50949","2","5/17/2013 12:00:00 AM"
"50950","6","5/17/2013 12:00:00 AM"
"50951","6","5/17/2013 12:00:00 AM"
"50954","2","5/17/2013 12:00:00 AM"
"50955","6","5/18/2013 12:00:00 AM"
"50956","6","5/18/2013 12:00:00 AM"
"50961","2","5/18/2013 12:00:00 AM"
"50963","2","5/18/2013 12:00:00 AM"
"50964","6","5/18/2013 12:00:00 AM"
"50969","6","5/19/2013 12:00:00 AM"
"50970","2","5/19/2013 12:00:00 AM"
"50975","6","5/19/2013 12:00:00 AM"
"50976","2","5/19/2013 12:00:00 AM"
"50977","6","5/19/2013 12:00:00 AM"
"50978","2","5/19/2013 12:00:00 AM"
"50979","2","5/20/2013 12:00:00 AM"
"50980","6","5/20/2013 12:00:00 AM"
"50981","2","5/20/2013 12:00:00 AM"
"50982","2","5/20/2013 12:00:00 AM"
"50988","2","5/20/2013 12:00:00 AM"
"50995","2","5/21/2013 12:00:00 AM"
"50996","6","5/21/2013 12:00:00 AM"
"50997","2","5/21/2013 12:00:00 AM"
"51001","2","5/22/2013 12:00:00 AM"
"51004","2","5/22/2013 12:00:00 AM"
"51008","6","5/22/2013 12:00:00 AM"
"51009","6","5/22/2013 12:00:00 AM"
"51010","2","5/23/2013 12:00:00 AM"
"51011","2","5/23/2013 12:00:00 AM"
"51012","6","5/23/2013 12:00:00 AM"
"51013","2","5/23/2013 12:00:00 AM"
"51014","6","5/23/2013 12:00:00 AM"
"51018","6","5/23/2013 12:00:00 AM"
"51019","2","5/23/2013 12:00:00 AM"
"51020","6","5/23/2013 12:00:00 AM"
"51021","2","5/24/2013 12:00:00 AM"
"51022","6","5/24/2013 12:00:00 AM"
"51023","2","5/24/2013 12:00:00 AM"
"51027","2","5/24/2013 12:00:00 AM"
"51030","2","5/25/2013 12:00:00 AM"
"51031","2","5/25/2013 12:00:00 AM"
"51033","2","5/25/2013 12:00:00 AM"
"51038","2","5/26/2013 12:00:00 AM"
"51040","2","5/26/2013 12:00:00 AM"
"51043","2","5/26/2013 12:00:00 AM"
"51044","2","5/26/2013 12:00:00 AM"
"51045","2","5/26/2013 12:00:00 AM"
"51047","2","5/26/2013 12:00:00 AM"
"51048","6","5/26/2013 12:00:00 AM"
"51049","2","5/26/2013 12:00:00 AM"
"51050","6","5/26/2013 12:00:00 AM"
"51051","6","5/27/2013 12:00:00 AM"
"51052","2","5/27/2013 12:00:00 AM"
"51053","6","5/27/2013 12:00:00 AM"
"51054","6","5/27/2013 12:00:00 AM"
"51059","6","5/27/2013 12:00:00 AM"
"51060","6","5/27/2013 12:00:00 AM"
"51061","2","5/27/2013 12:00:00 AM"
"51064","2","5/28/2013 12:00:00 AM"
"51065","2","5/28/2013 12:00:00 AM"
"51066","2","5/28/2013 12:00:00 AM"
"51068","2","5/28/2013 12:00:00 AM"
"51069","2","5/28/2013 12:00:00 AM"
"51071","2","5/29/2013 12:00:00 AM"
"51072","6","5/29/2013 12:00:00 AM"
"51074","2","5/29/2013 12:00:00 AM"
"51075","6","5/29/2013 12:00:00 AM"
"51077","6","5/29/2013 12:00:00 AM"
"51078","2","5/29/2013 12:00:00 AM"
"51079","2","5/29/2013 12:00:00 AM"
"51176","1","5/30/2013 12:00:00 AM"
"51178","1","5/30/2013 12:00:00 AM"
"51178","2","5/30/2013 12:00:00 AM"
"51179","1","5/30/2013 12:00:00 AM"
"51179","2","5/30/2013 12:00:00 AM"
"51180","1","5/30/2013 12:00:00 AM"
"51181","1","5/30/2013 12:00:00 AM"
"51182","1","5/30/2013 12:00:00 AM"
"51183","1","5/30/2013 12:00:00 AM"
"51184","1","5/30/2013 12:00:00 AM"
"51185","1","5/30/2013 12:00:00 AM"
"51186","5","5/30/2013 12:00:00 AM"
"51187","1","5/30/2013 12:00:00 AM"
"51187","2","5/30/2013 12:00:00 AM"
"51189","1","5/31/2013 12:00:00 AM"
"51190","1","5/31/2013 12:00:00 AM"
"51190","2","5/31/2013 12:00:00 AM"
"51191","1","5/31/2013 12:00:00 AM"
"51193","1","5/31/2013 12:00:00 AM"
"51193","2","5/31/2013 12:00:00 AM"
"51194","1","5/31/2013 12:00:00 AM"
"51195","1","5/31/2013 12:00:00 AM"
"51196","1","5/31/2013 12:00:00 AM"
"51197","1","5/31/2013 12:00:00 AM"
"51198","1","5/31/2013 12:00:00 AM"
"51198","2","5/31/2013 12:00:00 AM"
"51199","1","5/31/2013 12:00:00 AM"
"51203","1","6/1/2013 12:00:00 AM"
"51204","2","6/1/2013 12:00:00 AM"
"51205","1","6/1/2013 12:00:00 AM"
"51206","1","6/1/2013 12:00:00 AM"
"51207","1","6/1/2013 12:00:00 AM"
"51209","1","6/1/2013 12:00:00 AM"
"51211","1","6/1/2013 12:00:00 AM"
"51212","1","6/1/2013 12:00:00 AM"
"51212","2","6/1/2013 12:00:00 AM"
"51214","1","6/1/2013 12:00:00 AM"
"51214","2","6/1/2013 12:00:00 AM"
"51214","10","6/1/2013 12:00:00 AM"
"51216","1","6/1/2013 12:00:00 AM"
"51217","1","6/1/2013 12:00:00 AM"
"51219","1","6/1/2013 12:00:00 AM"
"51220","1","6/1/2013 12:00:00 AM"
"51221","1","6/1/2013 12:00:00 AM"
"51221","2","6/1/2013 12:00:00 AM"
"51222","1","6/1/2013 12:00:00 AM"
"51222","2","6/1/2013 12:00:00 AM"
"51223","1","6/1/2013 12:00:00 AM"
"51223","2","6/1/2013 12:00:00 AM"
"51225","1","6/2/2013 12:00:00 AM"
"51226","2","6/2/2013 12:00:00 AM"
"51227","1","6/2/2013 12:00:00 AM"
"51227","2","6/2/2013 12:00:00 AM"
"51228","1","6/2/2013 12:00:00 AM"
"51229","2","6/2/2013 12:00:00 AM"
"51230","1","6/2/2013 12:00:00 AM"
"51231","1","6/2/2013 12:00:00 AM"
"51233","2","6/2/2013 12:00:00 AM"
"51235","2","6/2/2013 12:00:00 AM"
"51236","2","6/2/2013 12:00:00 AM"
"51237","1","6/2/2013 12:00:00 AM"
"51238","2","6/2/2013 12:00:00 AM"
"51239","2","6/2/2013 12:00:00 AM"
"51241","1","6/2/2013 12:00:00 AM"
"51243","1","6/2/2013 12:00:00 AM"
"51244","1","6/2/2013 12:00:00 AM"
"51245","1","6/2/2013 12:00:00 AM"
"51246","1","6/2/2013 12:00:00 AM"
"51247","1","6/3/2013 12:00:00 AM"
"51248","2","6/3/2013 12:00:00 AM"
"51249","1","6/3/2013 12:00:00 AM"
"51249","2","6/3/2013 12:00:00 AM"
"51250","1","6/3/2013 12:00:00 AM"
"51251","2","6/3/2013 12:00:00 AM"
"51252","1","6/3/2013 12:00:00 AM"
"51253","1","6/3/2013 12:00:00 AM"
"51254","1","6/3/2013 12:00:00 AM"
"51255","1","6/3/2013 12:00:00 AM"
"51255","2","6/3/2013 12:00:00 AM"
"51256","1","6/3/2013 12:00:00 AM"
"51256","2","6/3/2013 12:00:00 AM"
"51259","1","6/3/2013 12:00:00 AM"
"51260","1","6/3/2013 12:00:00 AM"
"51262","1","6/4/2013 12:00:00 AM"
"51262","2","6/4/2013 12:00:00 AM"
"51263","1","6/4/2013 12:00:00 AM"
"51263","2","6/4/2013 12:00:00 AM"
"51264","1","6/4/2013 12:00:00 AM"
"51265","1","6/4/2013 12:00:00 AM"
"51266","5","6/4/2013 12:00:00 AM"
"51267","1","6/4/2013 12:00:00 AM"
"51268","1","6/5/2013 12:00:00 AM"
"51269","1","6/5/2013 12:00:00 AM"
"51270","1","6/5/2013 12:00:00 AM"
"51271","1","6/5/2013 12:00:00 AM"
"51272","2","6/5/2013 12:00:00 AM"
"51274","1","6/5/2013 12:00:00 AM"
"51274","2","6/5/2013 12:00:00 AM"
"51275","1","6/5/2013 12:00:00 AM"
"51276","1","6/5/2013 12:00:00 AM"
"51278","1","6/5/2013 12:00:00 AM"
"51280","6","6/5/2013 12:00:00 AM"
"51281","2","6/5/2013 12:00:00 AM"
"51282","1","6/5/2013 12:00:00 AM"
"51283","1","6/5/2013 12:00:00 AM"
"51284","1","6/5/2013 12:00:00 AM"
"51285","1","6/6/2013 12:00:00 AM"
"51286","1","6/6/2013 12:00:00 AM"
"51286","10","6/6/2013 12:00:00 AM"
"51287","1","6/6/2013 12:00:00 AM"
"51287","2","6/6/2013 12:00:00 AM"
"51288","1","6/6/2013 12:00:00 AM"
"51289","1","6/6/2013 12:00:00 AM"
"51290","1","6/6/2013 12:00:00 AM"
"51291","1","6/6/2013 12:00:00 AM"
"51292","2","6/6/2013 12:00:00 AM"
"51293","2","6/6/2013 12:00:00 AM"
"51294","1","6/6/2013 12:00:00 AM"
"51297","1","6/6/2013 12:00:00 AM"
"51298","1","6/6/2013 12:00:00 AM"
"51298","2","6/6/2013 12:00:00 AM"
"51298","10","6/6/2013 12:00:00 AM"
"51300","2","6/7/2013 12:00:00 AM"
"51301","1","6/7/2013 12:00:00 AM"
"51301","2","6/7/2013 12:00:00 AM"
"51302","6","6/7/2013 12:00:00 AM"
"51303","1","6/7/2013 12:00:00 AM"
"51303","2","6/7/2013 12:00:00 AM"
"51303","10","6/7/2013 12:00:00 AM"
"51304","1","6/7/2013 12:00:00 AM"
"51305","2","6/7/2013 12:00:00 AM"
"51306","1","6/7/2013 12:00:00 AM"
"51307","1","6/7/2013 12:00:00 AM"
"51308","1","6/7/2013 12:00:00 AM"
"51309","1","6/7/2013 12:00:00 AM"
"51309","2","6/7/2013 12:00:00 AM"
"51310","2","6/7/2013 12:00:00 AM"
"51311","1","6/7/2013 12:00:00 AM"
"51312","1","6/7/2013 12:00:00 AM"
"51312","2","6/7/2013 12:00:00 AM"
"51313","5","6/7/2013 12:00:00 AM"
"51314","1","6/7/2013 12:00:00 AM"
"51314","2","6/7/2013 12:00:00 AM"
"51314","10","6/7/2013 12:00:00 AM"
"51315","1","6/7/2013 12:00:00 AM"
"51316","1","6/7/2013 12:00:00 AM"
"51317","1","6/7/2013 12:00:00 AM"
"51318","1","6/7/2013 12:00:00 AM"
"51318","10","6/7/2013 12:00:00 AM"
"51319","1","6/7/2013 12:00:00 AM"
"51319","2","6/7/2013 12:00:00 AM"
"51319","10","6/7/2013 12:00:00 AM"
"51321","1","6/8/2013 12:00:00 AM"
"51322","1","6/8/2013 12:00:00 AM"
"51324","2","6/8/2013 12:00:00 AM"
"51325","1","6/8/2013 12:00:00 AM"
"51327","1","6/8/2013 12:00:00 AM"
"51329","1","6/8/2013 12:00:00 AM"
"51331","1","6/8/2013 12:00:00 AM"
"51331","2","6/8/2013 12:00:00 AM"
"51333","1","6/8/2013 12:00:00 AM"
"51335","1","6/8/2013 12:00:00 AM"
"51335","2","6/8/2013 12:00:00 AM"
"51336","1","6/9/2013 12:00:00 AM"
"51336","2","6/9/2013 12:00:00 AM"
"51337","2","6/9/2013 12:00:00 AM"
"51339","1","6/9/2013 12:00:00 AM"
"51340","1","6/9/2013 12:00:00 AM"
"51341","1","6/9/2013 12:00:00 AM"
"51343","1","6/9/2013 12:00:00 AM"
"51344","1","6/9/2013 12:00:00 AM"
"51345","1","6/9/2013 12:00:00 AM"
"51346","1","6/9/2013 12:00:00 AM"
"51347","1","6/9/2013 12:00:00 AM"
"51349","1","6/9/2013 12:00:00 AM"
"51350","2","6/9/2013 12:00:00 AM"
"51352","1","6/9/2013 12:00:00 AM"
"51353","1","6/9/2013 12:00:00 AM"
"51354","2","6/9/2013 12:00:00 AM"
"51355","1","6/9/2013 12:00:00 AM"
"51356","1","6/9/2013 12:00:00 AM"
"51357","1","6/9/2013 12:00:00 AM"
"51357","2","6/9/2013 12:00:00 AM"
"51358","1","6/9/2013 12:00:00 AM"
"51359","1","6/10/2013 12:00:00 AM"
"51360","1","6/10/2013 12:00:00 AM"
"51361","1","6/10/2013 12:00:00 AM"
"51362","1","6/10/2013 12:00:00 AM"
"51363","1","6/10/2013 12:00:00 AM"
"51365","1","6/10/2013 12:00:00 AM"
"51366","2","6/10/2013 12:00:00 AM"
"51367","1","6/10/2013 12:00:00 AM"
"51369","1","6/10/2013 12:00:00 AM"
"51370","1","6/10/2013 12:00:00 AM"
"51371","1","6/10/2013 12:00:00 AM"
"51372","1","6/10/2013 12:00:00 AM"
"51376","2","6/11/2013 12:00:00 AM"
"51378","1","6/11/2013 12:00:00 AM"
"51378","2","6/11/2013 12:00:00 AM"
"51379","1","6/11/2013 12:00:00 AM"
"51379","2","6/11/2013 12:00:00 AM"
"51380","1","6/11/2013 12:00:00 AM"
"51380","2","6/11/2013 12:00:00 AM"
"51381","2","6/11/2013 12:00:00 AM"
"51382","2","6/11/2013 12:00:00 AM"
"51384","1","6/11/2013 12:00:00 AM"
"51385","1","6/11/2013 12:00:00 AM"
"51386","1","6/11/2013 12:00:00 AM"
"51386","2","6/11/2013 12:00:00 AM"
"51387","1","6/11/2013 12:00:00 AM"
"51387","2","6/11/2013 12:00:00 AM"
"51388","2","6/11/2013 12:00:00 AM"
"51389","1","6/11/2013 12:00:00 AM"
"51390","1","6/11/2013 12:00:00 AM"
"51390","2","6/11/2013 12:00:00 AM"
"51391","1","6/12/2013 12:00:00 AM"
"51391","2","6/12/2013 12:00:00 AM"
"51392","1","6/12/2013 12:00:00 AM"
"51394","2","6/12/2013 12:00:00 AM"
"51395","2","6/12/2013 12:00:00 AM"
"51397","1","6/12/2013 12:00:00 AM"
"51398","2","6/12/2013 12:00:00 AM"
"51399","1","6/12/2013 12:00:00 AM"
"51399","2","6/12/2013 12:00:00 AM"
"51401","1","6/12/2013 12:00:00 AM"
"51401","2","6/12/2013 12:00:00 AM"
"51402","1","6/12/2013 12:00:00 AM"
"51402","2","6/12/2013 12:00:00 AM"
"51404","1","6/12/2013 12:00:00 AM"
"51405","1","6/12/2013 12:00:00 AM"
"51405","2","6/12/2013 12:00:00 AM"
"51406","1","6/12/2013 12:00:00 AM"
"51406","2","6/12/2013 12:00:00 AM"
"51407","1","6/13/2013 12:00:00 AM"
"51408","1","6/13/2013 12:00:00 AM"
"51409","1","6/13/2013 12:00:00 AM"
"51409","2","6/13/2013 12:00:00 AM"
"51410","1","6/13/2013 12:00:00 AM"
"51411","1","6/13/2013 12:00:00 AM"
"51412","1","6/13/2013 12:00:00 AM"
"51413","1","6/13/2013 12:00:00 AM"
"51414","1","6/13/2013 12:00:00 AM"
"51415","1","6/13/2013 12:00:00 AM"
"51417","1","6/13/2013 12:00:00 AM"
"51418","1","6/13/2013 12:00:00 AM"
"51418","2","6/13/2013 12:00:00 AM"
"51419","1","6/13/2013 12:00:00 AM"
"51420","1","6/13/2013 12:00:00 AM"
"51421","2","6/13/2013 12:00:00 AM"
"51422","1","6/13/2013 12:00:00 AM"
"51423","1","6/13/2013 12:00:00 AM"
"51424","1","6/13/2013 12:00:00 AM"
"51428","1","6/14/2013 12:00:00 AM"
"51429","6","6/14/2013 12:00:00 AM"
"51430","1","6/14/2013 12:00:00 AM"
"51431","1","6/14/2013 12:00:00 AM"
"51432","1","6/14/2013 12:00:00 AM"
"51432","2","6/14/2013 12:00:00 AM"
"51435","1","6/14/2013 12:00:00 AM"
"51435","2","6/14/2013 12:00:00 AM"
"51437","1","6/14/2013 12:00:00 AM"
"51439","1","6/14/2013 12:00:00 AM"
"51439","10","6/14/2013 12:00:00 AM"
"51440","2","6/15/2013 12:00:00 AM"
"51441","1","6/15/2013 12:00:00 AM"
"51442","1","6/15/2013 12:00:00 AM"
"51443","1","6/15/2013 12:00:00 AM"
"51443","2","6/15/2013 12:00:00 AM"
"51444","1","6/15/2013 12:00:00 AM"
"51445","1","6/15/2013 12:00:00 AM"
"51447","1","6/15/2013 12:00:00 AM"
"51448","1","6/15/2013 12:00:00 AM"
"51448","2","6/15/2013 12:00:00 AM"
"51452","1","6/15/2013 12:00:00 AM"
"51452","2","6/15/2013 12:00:00 AM"
"51452","10","6/15/2013 12:00:00 AM"
"51453","1","6/15/2013 12:00:00 AM"
"51453","2","6/15/2013 12:00:00 AM"
"51454","1","6/15/2013 12:00:00 AM"
"51455","1","6/15/2013 12:00:00 AM"
"51456","1","6/16/2013 12:00:00 AM"
"51457","1","6/16/2013 12:00:00 AM"
"51458","1","6/16/2013 12:00:00 AM"
"51459","1","6/16/2013 12:00:00 AM"
"51460","1","6/16/2013 12:00:00 AM"
"51461","1","6/16/2013 12:00:00 AM"
"51462","1","6/16/2013 12:00:00 AM"
"51465","1","6/17/2013 12:00:00 AM"
"51466","1","6/17/2013 12:00:00 AM"
"51467","1","6/17/2013 12:00:00 AM"
"51469","1","6/17/2013 12:00:00 AM"
"51472","1","6/17/2013 12:00:00 AM"
"51473","1","6/17/2013 12:00:00 AM"
"51474","1","6/17/2013 12:00:00 AM"
"51475","1","6/17/2013 12:00:00 AM"
"51475","2","6/17/2013 12:00:00 AM"
"51476","1","6/17/2013 12:00:00 AM"
"51476","2","6/17/2013 12:00:00 AM"
"51477","5","6/17/2013 12:00:00 AM"
"51478","1","6/18/2013 12:00:00 AM"
"51479","1","6/18/2013 12:00:00 AM"
"51480","1","6/18/2013 12:00:00 AM"
"51480","2","6/18/2013 12:00:00 AM"
"51481","1","6/18/2013 12:00:00 AM"
"51483","1","6/18/2013 12:00:00 AM"
"51485","1","6/18/2013 12:00:00 AM"
"51486","1","6/18/2013 12:00:00 AM"
"51487","1","6/18/2013 12:00:00 AM"
"51488","1","6/18/2013 12:00:00 AM"
"51489","1","6/18/2013 12:00:00 AM"
"51489","2","6/18/2013 12:00:00 AM"
"51490","1","6/18/2013 12:00:00 AM"
"51490","2","6/18/2013 12:00:00 AM"
"51491","2","6/18/2013 12:00:00 AM"
"51492","1","6/18/2013 12:00:00 AM"
"51492","2","6/18/2013 12:00:00 AM"
"51493","1","6/18/2013 12:00:00 AM"
"51494","1","6/18/2013 12:00:00 AM"
"51495","1","6/18/2013 12:00:00 AM"
"51495","2","6/18/2013 12:00:00 AM"
"51496","1","6/18/2013 12:00:00 AM"
"51497","1","6/18/2013 12:00:00 AM"
"51500","1","6/18/2013 12:00:00 AM"
"51500","2","6/18/2013 12:00:00 AM"
"51502","1","6/19/2013 12:00:00 AM"
"51502","2","6/19/2013 12:00:00 AM"
"51503","2","6/19/2013 12:00:00 AM"
"51504","6","6/19/2013 12:00:00 AM"
"51506","1","6/19/2013 12:00:00 AM"
"51507","1","6/19/2013 12:00:00 AM"
"51509","1","6/19/2013 12:00:00 AM"
"51511","1","6/20/2013 12:00:00 AM"
"51511","2","6/20/2013 12:00:00 AM"
"51512","1","6/20/2013 12:00:00 AM"
"51513","1","6/20/2013 12:00:00 AM"
"51514","1","6/20/2013 12:00:00 AM"
"51515","2","6/20/2013 12:00:00 AM"
"51516","2","6/20/2013 12:00:00 AM"
"51517","1","6/20/2013 12:00:00 AM"
"51518","1","6/20/2013 12:00:00 AM"
"51519","2","6/20/2013 12:00:00 AM"
"51520","1","6/20/2013 12:00:00 AM"
"51520","2","6/20/2013 12:00:00 AM"
"51521","2","6/20/2013 12:00:00 AM"
"51522","1","6/20/2013 12:00:00 AM"
"51522","2","6/20/2013 12:00:00 AM"
"51523","1","6/20/2013 12:00:00 AM"
"51523","2","6/20/2013 12:00:00 AM"
"51524","1","6/20/2013 12:00:00 AM"
"51528","1","6/21/2013 12:00:00 AM"
"51529","1","6/21/2013 12:00:00 AM"
"51530","2","6/21/2013 12:00:00 AM"
"51531","1","6/21/2013 12:00:00 AM"
"51531","2","6/21/2013 12:00:00 AM"
"51533","2","6/21/2013 12:00:00 AM"
"51534","1","6/21/2013 12:00:00 AM"
"51534","2","6/21/2013 12:00:00 AM"
"51535","2","6/21/2013 12:00:00 AM"
"51536","6","6/21/2013 12:00:00 AM"
"51538","1","6/21/2013 12:00:00 AM"
"51538","2","6/21/2013 12:00:00 AM"
"51539","1","6/21/2013 12:00:00 AM"
"51539","2","6/21/2013 12:00:00 AM"
"51541","1","6/21/2013 12:00:00 AM"
"51543","1","6/22/2013 12:00:00 AM"
"51545","2","6/22/2013 12:00:00 AM"
"51546","1","6/22/2013 12:00:00 AM"
"51548","1","6/22/2013 12:00:00 AM"
"51549","1","6/22/2013 12:00:00 AM"
"51551","1","6/22/2013 12:00:00 AM"
"51552","1","6/22/2013 12:00:00 AM"
"51553","1","6/22/2013 12:00:00 AM"
"51554","1","6/22/2013 12:00:00 AM"
"51555","1","6/22/2013 12:00:00 AM"
"51555","2","6/22/2013 12:00:00 AM"
"51556","1","6/22/2013 12:00:00 AM"
"51557","2","6/22/2013 12:00:00 AM"
"51558","1","6/22/2013 12:00:00 AM"
"51559","1","6/22/2013 12:00:00 AM"
"51561","1","6/22/2013 12:00:00 AM"
"51562","1","6/22/2013 12:00:00 AM"
"51563","1","6/22/2013 12:00:00 AM"
"51563","2","6/22/2013 12:00:00 AM"
"51564","1","6/22/2013 12:00:00 AM"
"51565","1","6/22/2013 12:00:00 AM"
"51566","1","6/22/2013 12:00:00 AM"
"51567","1","6/22/2013 12:00:00 AM"
"51568","1","6/22/2013 12:00:00 AM"
"51568","2","6/22/2013 12:00:00 AM"
"51569","1","6/22/2013 12:00:00 AM"
"51569","2","6/22/2013 12:00:00 AM"
"51572","2","6/23/2013 12:00:00 AM"
"51575","2","6/23/2013 12:00:00 AM"
"51576","2","6/23/2013 12:00:00 AM"
"51577","2","6/23/2013 12:00:00 AM"
"51578","1","6/23/2013 12:00:00 AM"
"51578","2","6/23/2013 12:00:00 AM"
"51579","1","6/23/2013 12:00:00 AM"
"51580","1","6/23/2013 12:00:00 AM"
"51580","2","6/23/2013 12:00:00 AM"
"51580","10","6/23/2013 12:00:00 AM"
"51581","1","6/23/2013 12:00:00 AM"
"51582","1","6/23/2013 12:00:00 AM"
"51586","1","6/24/2013 12:00:00 AM"
"51587","1","6/24/2013 12:00:00 AM"
"51587","2","6/24/2013 12:00:00 AM"
"51588","1","6/24/2013 12:00:00 AM"
"51589","1","6/24/2013 12:00:00 AM"
"51589","2","6/24/2013 12:00:00 AM"
"51590","1","6/24/2013 12:00:00 AM"
"51591","1","6/24/2013 12:00:00 AM"
"51591","2","6/24/2013 12:00:00 AM"
"51594","1","6/24/2013 12:00:00 AM"
"51594","2","6/24/2013 12:00:00 AM"
"51595","1","6/24/2013 12:00:00 AM"
"51597","1","6/24/2013 12:00:00 AM"
"51598","5","6/24/2013 12:00:00 AM"
"51603","1","6/24/2013 12:00:00 AM"
"51603","2","6/24/2013 12:00:00 AM"
"51604","1","6/25/2013 12:00:00 AM"
"51605","1","6/25/2013 12:00:00 AM"
"51606","2","6/25/2013 12:00:00 AM"
"51607","2","6/25/2013 12:00:00 AM"
"51608","1","6/25/2013 12:00:00 AM"
"51609","1","6/25/2013 12:00:00 AM"
"51609","10","6/25/2013 12:00:00 AM"
"51610","1","6/25/2013 12:00:00 AM"
"51611","1","6/25/2013 12:00:00 AM"
"51611","2","6/25/2013 12:00:00 AM"
"51612","1","6/25/2013 12:00:00 AM"
"51613","1","6/25/2013 12:00:00 AM"
"51613","2","6/25/2013 12:00:00 AM"
"51614","2","6/25/2013 12:00:00 AM"
"51615","1","6/25/2013 12:00:00 AM"
"51615","2","6/25/2013 12:00:00 AM"
"51616","1","6/25/2013 12:00:00 AM"
"51617","1","6/25/2013 12:00:00 AM"
"51619","1","6/26/2013 12:00:00 AM"
"51620","1","6/26/2013 12:00:00 AM"
"51621","1","6/26/2013 12:00:00 AM"
"51622","1","6/26/2013 12:00:00 AM"
"51622","2","6/26/2013 12:00:00 AM"
"51623","1","6/26/2013 12:00:00 AM"
"51623","2","6/26/2013 12:00:00 AM"
"51624","1","6/26/2013 12:00:00 AM"
"51624","2","6/26/2013 12:00:00 AM"
"51625","1","6/26/2013 12:00:00 AM"
"51626","1","6/26/2013 12:00:00 AM"
"51627","1","6/26/2013 12:00:00 AM"
"51629","1","6/26/2013 12:00:00 AM"
"51630","1","6/26/2013 12:00:00 AM"
"51634","1","6/26/2013 12:00:00 AM"
"51635","1","6/27/2013 12:00:00 AM"
"51636","1","6/27/2013 12:00:00 AM"
"51637","1","6/27/2013 12:00:00 AM"
"51638","1","6/27/2013 12:00:00 AM"
"51639","1","6/27/2013 12:00:00 AM"
"51639","10","6/27/2013 12:00:00 AM"
"51640","1","6/27/2013 12:00:00 AM"
"51642","2","6/27/2013 12:00:00 AM"
"51644","2","6/27/2013 12:00:00 AM"
"51645","1","6/27/2013 12:00:00 AM"
"51645","10","6/27/2013 12:00:00 AM"
"51646","1","6/27/2013 12:00:00 AM"
"51647","1","6/27/2013 12:00:00 AM"
"51647","2","6/27/2013 12:00:00 AM"
"51648","1","6/27/2013 12:00:00 AM"
"51649","1","6/27/2013 12:00:00 AM"
"51650","2","6/27/2013 12:00:00 AM"
"51651","2","6/27/2013 12:00:00 AM"
"51652","1","6/27/2013 12:00:00 AM"
"51654","1","6/27/2013 12:00:00 AM"
"51655","1","6/27/2013 12:00:00 AM"
"51657","1","6/27/2013 12:00:00 AM"
"51659","1","6/27/2013 12:00:00 AM"
"51660","1","6/28/2013 12:00:00 AM"
"51661","1","6/28/2013 12:00:00 AM"
"51662","2","6/28/2013 12:00:00 AM"
"51663","1","6/28/2013 12:00:00 AM"
"51664","1","6/28/2013 12:00:00 AM"
"51664","10","6/28/2013 12:00:00 AM"
"51665","1","6/28/2013 12:00:00 AM"
"51665","2","6/28/2013 12:00:00 AM"
"51666","1","6/28/2013 12:00:00 AM"
"51666","2","6/28/2013 12:00:00 AM"
"51666","10","6/28/2013 12:00:00 AM"
"51667","2","6/28/2013 12:00:00 AM"
"51668","2","6/28/2013 12:00:00 AM"
"51669","1","6/28/2013 12:00:00 AM"
"51670","1","6/28/2013 12:00:00 AM"
"51670","2","6/28/2013 12:00:00 AM"
"51672","1","6/29/2013 12:00:00 AM"
"51673","1","6/29/2013 12:00:00 AM"
"51674","1","6/29/2013 12:00:00 AM"
"51675","1","6/29/2013 12:00:00 AM"
"51679","1","6/29/2013 12:00:00 AM"
"51679","2","6/29/2013 12:00:00 AM"
"51681","1","6/29/2013 12:00:00 AM"
"51682","2","6/29/2013 12:00:00 AM"
"51683","1","6/29/2013 12:00:00 AM"
"51683","2","6/29/2013 12:00:00 AM"
"51684","1","6/29/2013 12:00:00 AM"
"51686","1","6/29/2013 12:00:00 AM"
"51687","1","6/29/2013 12:00:00 AM"
"51689","1","6/29/2013 12:00:00 AM"
"51877","1","6/30/2013 12:00:00 AM"
"51878","2","6/30/2013 12:00:00 AM"
"51879","1","6/30/2013 12:00:00 AM"
"51880","1","6/30/2013 12:00:00 AM"
"51881","1","6/30/2013 12:00:00 AM"
"51882","1","6/30/2013 12:00:00 AM"
"51883","4","6/30/2013 12:00:00 AM"
"51884","1","6/30/2013 12:00:00 AM"
"51885","1","6/30/2013 12:00:00 AM"
"51886","1","6/30/2013 12:00:00 AM"
"51887","1","6/30/2013 12:00:00 AM"
"51888","1","6/30/2013 12:00:00 AM"
"51889","1","6/30/2013 12:00:00 AM"
"51890","1","6/30/2013 12:00:00 AM"
"51891","1","6/30/2013 12:00:00 AM"
"51892","1","6/30/2013 12:00:00 AM"
"51893","4","6/30/2013 12:00:00 AM"
"51894","1","6/30/2013 12:00:00 AM"
"51895","1","6/30/2013 12:00:00 AM"
"51896","1","6/30/2013 12:00:00 AM"
"51897","1","6/30/2013 12:00:00 AM"
"51898","1","6/30/2013 12:00:00 AM"
"51899","1","6/30/2013 12:00:00 AM"
"51899","10","6/30/2013 12:00:00 AM"
"51900","1","6/30/2013 12:00:00 AM"
"51901","1","6/30/2013 12:00:00 AM"
"51902","1","6/30/2013 12:00:00 AM"
"51903","1","6/30/2013 12:00:00 AM"
"51904","1","6/30/2013 12:00:00 AM"
"51905","1","6/30/2013 12:00:00 AM"
"51907","1","6/30/2013 12:00:00 AM"
"51908","1","6/30/2013 12:00:00 AM"
"51909","1","6/30/2013 12:00:00 AM"
"51910","1","6/30/2013 12:00:00 AM"
"51911","1","6/30/2013 12:00:00 AM"
"51912","4","6/30/2013 12:00:00 AM"
"51913","1","6/30/2013 12:00:00 AM"
"51914","1","6/30/2013 12:00:00 AM"
"51915","1","6/30/2013 12:00:00 AM"
"51915","2","6/30/2013 12:00:00 AM"
"51916","2","6/30/2013 12:00:00 AM"
"51917","1","6/30/2013 12:00:00 AM"
"51917","2","6/30/2013 12:00:00 AM"
"51918","1","6/30/2013 12:00:00 AM"
"51919","1","6/30/2013 12:00:00 AM"
"51919","2","6/30/2013 12:00:00 AM"
"51920","1","6/30/2013 12:00:00 AM"
"51923","1","7/1/2013 12:00:00 AM"
"51924","1","7/1/2013 12:00:00 AM"
"51924","10","7/1/2013 12:00:00 AM"
"51925","1","7/1/2013 12:00:00 AM"
"51926","1","7/1/2013 12:00:00 AM"
"51927","1","7/1/2013 12:00:00 AM"
"51928","1","7/1/2013 12:00:00 AM"
"51929","4","7/1/2013 12:00:00 AM"
"51930","4","7/1/2013 12:00:00 AM"
"51931","1","7/1/2013 12:00:00 AM"
"51931","10","7/1/2013 12:00:00 AM"
"51932","1","7/1/2013 12:00:00 AM"
"51933","1","7/1/2013 12:00:00 AM"
"51934","1","7/1/2013 12:00:00 AM"
"51935","1","7/1/2013 12:00:00 AM"
"51936","1","7/1/2013 12:00:00 AM"
"51937","1","7/1/2013 12:00:00 AM"
"51937","10","7/1/2013 12:00:00 AM"
"51938","4","7/1/2013 12:00:00 AM"
"51938","10","7/1/2013 12:00:00 AM"
"51939","1","7/1/2013 12:00:00 AM"
"51940","1","7/1/2013 12:00:00 AM"
"51941","1","7/1/2013 12:00:00 AM"
"51942","1","7/1/2013 12:00:00 AM"
"51942","10","7/1/2013 12:00:00 AM"
"51943","1","7/1/2013 12:00:00 AM"
"51943","10","7/1/2013 12:00:00 AM"
"51944","1","7/1/2013 12:00:00 AM"
"51945","1","7/1/2013 12:00:00 AM"
"51946","1","7/1/2013 12:00:00 AM"
"51947","1","7/1/2013 12:00:00 AM"
"51948","1","7/1/2013 12:00:00 AM"
"51949","1","7/1/2013 12:00:00 AM"
"51949","10","7/1/2013 12:00:00 AM"
"51950","1","7/1/2013 12:00:00 AM"
"51950","10","7/1/2013 12:00:00 AM"
"51951","1","7/1/2013 12:00:00 AM"
"51952","1","7/1/2013 12:00:00 AM"
"51953","1","7/1/2013 12:00:00 AM"
"51954","1","7/1/2013 12:00:00 AM"
"51955","1","7/1/2013 12:00:00 AM"
"51956","1","7/1/2013 12:00:00 AM"
"51957","1","7/1/2013 12:00:00 AM"
"51958","1","7/1/2013 12:00:00 AM"
"51959","1","7/1/2013 12:00:00 AM"
"51960","1","7/1/2013 12:00:00 AM"
"51960","2","7/1/2013 12:00:00 AM"
"51962","1","7/1/2013 12:00:00 AM"
"51963","1","7/1/2013 12:00:00 AM"
"51964","1","7/1/2013 12:00:00 AM"
"51964","2","7/1/2013 12:00:00 AM"
"51965","1","7/2/2013 12:00:00 AM"
"51965","2","7/2/2013 12:00:00 AM"
"51966","1","7/2/2013 12:00:00 AM"
"51967","1","7/2/2013 12:00:00 AM"
"51968","6","7/2/2013 12:00:00 AM"
"51969","1","7/2/2013 12:00:00 AM"
"51970","1","7/2/2013 12:00:00 AM"
"51971","1","7/2/2013 12:00:00 AM"
"51972","4","7/2/2013 12:00:00 AM"
"51973","1","7/2/2013 12:00:00 AM"
"51974","4","7/2/2013 12:00:00 AM"
"51975","1","7/2/2013 12:00:00 AM"
"51975","10","7/2/2013 12:00:00 AM"
"51976","1","7/2/2013 12:00:00 AM"
"51977","1","7/2/2013 12:00:00 AM"
"51978","1","7/2/2013 12:00:00 AM"
"51980","4","7/2/2013 12:00:00 AM"
"51981","4","7/2/2013 12:00:00 AM"
"51982","1","7/2/2013 12:00:00 AM"
"51983","1","7/2/2013 12:00:00 AM"
"51984","1","7/2/2013 12:00:00 AM"
"51985","1","7/2/2013 12:00:00 AM"
"51986","1","7/2/2013 12:00:00 AM"
"51987","1","7/2/2013 12:00:00 AM"
"51988","1","7/2/2013 12:00:00 AM"
"51989","1","7/2/2013 12:00:00 AM"
"51990","1","7/2/2013 12:00:00 AM"
"51991","1","7/2/2013 12:00:00 AM"
"51992","1","7/2/2013 12:00:00 AM"
"51993","6","7/2/2013 12:00:00 AM"
"51994","1","7/2/2013 12:00:00 AM"
"51995","1","7/2/2013 12:00:00 AM"
"51996","1","7/2/2013 12:00:00 AM"
"51996","10","7/2/2013 12:00:00 AM"
"51997","1","7/2/2013 12:00:00 AM"
"51998","1","7/2/2013 12:00:00 AM"
"51998","10","7/2/2013 12:00:00 AM"
"51999","1","7/2/2013 12:00:00 AM"
"52000","1","7/2/2013 12:00:00 AM"
"52001","1","7/2/2013 12:00:00 AM"
"52002","1","7/2/2013 12:00:00 AM"
"52003","1","7/2/2013 12:00:00 AM"
"52004","1","7/2/2013 12:00:00 AM"
"52004","2","7/2/2013 12:00:00 AM"
"52005","1","7/2/2013 12:00:00 AM"
"52005","2","7/2/2013 12:00:00 AM"
"52006","2","7/2/2013 12:00:00 AM"
"52007","2","7/2/2013 12:00:00 AM"
"52008","1","7/2/2013 12:00:00 AM"
"52009","1","7/2/2013 12:00:00 AM"
"52010","1","7/2/2013 12:00:00 AM"
"52011","1","7/2/2013 12:00:00 AM"
"52013","1","7/2/2013 12:00:00 AM"
"52017","1","7/2/2013 12:00:00 AM"
"52018","2","7/2/2013 12:00:00 AM"
"52019","1","7/3/2013 12:00:00 AM"
"52020","1","7/3/2013 12:00:00 AM"
"52021","1","7/3/2013 12:00:00 AM"
"52022","1","7/3/2013 12:00:00 AM"
"52023","4","7/3/2013 12:00:00 AM"
"52024","1","7/3/2013 12:00:00 AM"
"52025","1","7/3/2013 12:00:00 AM"
"52026","1","7/3/2013 12:00:00 AM"
"52027","1","7/3/2013 12:00:00 AM"
"52028","1","7/3/2013 12:00:00 AM"
"52029","1","7/3/2013 12:00:00 AM"
"52030","1","7/3/2013 12:00:00 AM"
"52030","10","7/3/2013 12:00:00 AM"
"52031","1","7/3/2013 12:00:00 AM"
"52032","5","7/3/2013 12:00:00 AM"
"52033","1","7/3/2013 12:00:00 AM"
"52034","4","7/3/2013 12:00:00 AM"
"52035","1","7/3/2013 12:00:00 AM"
"52036","1","7/3/2013 12:00:00 AM"
"52037","1","7/3/2013 12:00:00 AM"
"52038","4","7/3/2013 12:00:00 AM"
"52039","1","7/3/2013 12:00:00 AM"
"52040","1","7/3/2013 12:00:00 AM"
"52042","1","7/3/2013 12:00:00 AM"
"52043","1","7/3/2013 12:00:00 AM"
"52044","1","7/3/2013 12:00:00 AM"
"52045","1","7/3/2013 12:00:00 AM"
"52046","1","7/3/2013 12:00:00 AM"
"52047","1","7/3/2013 12:00:00 AM"
"52048","1","7/3/2013 12:00:00 AM"
"52049","1","7/3/2013 12:00:00 AM"
"52050","1","7/3/2013 12:00:00 AM"
"52051","1","7/3/2013 12:00:00 AM"
"52052","1","7/3/2013 12:00:00 AM"
"52053","1","7/3/2013 12:00:00 AM"
"52054","1","7/3/2013 12:00:00 AM"
"52055","1","7/3/2013 12:00:00 AM"
"52056","2","7/3/2013 12:00:00 AM"
"52056","10","7/3/2013 12:00:00 AM"
"52057","2","7/3/2013 12:00:00 AM"
"52058","1","7/3/2013 12:00:00 AM"
"52059","2","7/3/2013 12:00:00 AM"
"52060","1","7/3/2013 12:00:00 AM"
"52060","2","7/3/2013 12:00:00 AM"
"52062","1","7/3/2013 12:00:00 AM"
"52062","2","7/3/2013 12:00:00 AM"
"52063","1","7/3/2013 12:00:00 AM"
"52063","2","7/3/2013 12:00:00 AM"
"52064","1","7/3/2013 12:00:00 AM"
"52066","1","7/4/2013 12:00:00 AM"
"52066","10","7/4/2013 12:00:00 AM"
"52067","1","7/4/2013 12:00:00 AM"
"52067","10","7/4/2013 12:00:00 AM"
"52068","1","7/4/2013 12:00:00 AM"
"52068","10","7/4/2013 12:00:00 AM"
"52069","1","7/4/2013 12:00:00 AM"
"52070","1","7/4/2013 12:00:00 AM"
"52071","1","7/4/2013 12:00:00 AM"
"52072","1","7/4/2013 12:00:00 AM"
"52073","1","7/4/2013 12:00:00 AM"
"52074","1","7/4/2013 12:00:00 AM"
"52076","1","7/4/2013 12:00:00 AM"
"52077","1","7/4/2013 12:00:00 AM"
"52078","1","7/4/2013 12:00:00 AM"
"52079","1","7/4/2013 12:00:00 AM"
"52080","1","7/4/2013 12:00:00 AM"
"52081","1","7/4/2013 12:00:00 AM"
"52082","1","7/4/2013 12:00:00 AM"
"52083","1","7/4/2013 12:00:00 AM"
"52083","10","7/4/2013 12:00:00 AM"
"52084","1","7/4/2013 12:00:00 AM"
"52085","1","7/4/2013 12:00:00 AM"
"52086","1","7/4/2013 12:00:00 AM"
"52087","1","7/4/2013 12:00:00 AM"
"52088","1","7/4/2013 12:00:00 AM"
"52089","6","7/4/2013 12:00:00 AM"
"52090","1","7/4/2013 12:00:00 AM"
"52092","6","7/4/2013 12:00:00 AM"
"52093","1","7/4/2013 12:00:00 AM"
"52094","1","7/4/2013 12:00:00 AM"
"52095","1","7/4/2013 12:00:00 AM"
"52096","1","7/4/2013 12:00:00 AM"
"52097","1","7/4/2013 12:00:00 AM"
"52098","1","7/4/2013 12:00:00 AM"
"52099","1","7/4/2013 12:00:00 AM"
"52100","1","7/4/2013 12:00:00 AM"
"52100","10","7/4/2013 12:00:00 AM"
"52101","1","7/4/2013 12:00:00 AM"
"52102","1","7/4/2013 12:00:00 AM"
"52103","1","7/4/2013 12:00:00 AM"
"52103","10","7/4/2013 12:00:00 AM"
"52104","1","7/4/2013 12:00:00 AM"
"52105","1","7/4/2013 12:00:00 AM"
"52108","1","7/5/2013 12:00:00 AM"
"52110","1","7/5/2013 12:00:00 AM"
"52112","1","7/5/2013 12:00:00 AM"
"52113","4","7/5/2013 12:00:00 AM"
"52114","1","7/5/2013 12:00:00 AM"
"52115","1","7/5/2013 12:00:00 AM"
"52116","1","7/5/2013 12:00:00 AM"
"52117","6","7/5/2013 12:00:00 AM"
"52118","1","7/5/2013 12:00:00 AM"
"52119","1","7/5/2013 12:00:00 AM"
"52120","6","7/5/2013 12:00:00 AM"
"52121","1","7/5/2013 12:00:00 AM"
"52122","1","7/5/2013 12:00:00 AM"
"52123","6","7/5/2013 12:00:00 AM"
"52124","1","7/5/2013 12:00:00 AM"
"52125","1","7/5/2013 12:00:00 AM"
"52126","1","7/5/2013 12:00:00 AM"
"52127","1","7/5/2013 12:00:00 AM"
"52128","1","7/5/2013 12:00:00 AM"
"52129","1","7/5/2013 12:00:00 AM"
"52130","1","7/5/2013 12:00:00 AM"
"52131","6","7/5/2013 12:00:00 AM"
"52132","1","7/5/2013 12:00:00 AM"
"52133","1","7/5/2013 12:00:00 AM"
"52134","1","7/5/2013 12:00:00 AM"
"52135","1","7/5/2013 12:00:00 AM"
"52136","1","7/5/2013 12:00:00 AM"
"52137","1","7/5/2013 12:00:00 AM"
"52137","10","7/5/2013 12:00:00 AM"
"52138","1","7/5/2013 12:00:00 AM"
"52139","1","7/5/2013 12:00:00 AM"
"52140","1","7/5/2013 12:00:00 AM"
"52140","10","7/5/2013 12:00:00 AM"
"52141","1","7/5/2013 12:00:00 AM"
"52142","1","7/5/2013 12:00:00 AM"
"52143","1","7/5/2013 12:00:00 AM"
"52144","1","7/5/2013 12:00:00 AM"
"52145","1","7/5/2013 12:00:00 AM"
"52146","1","7/5/2013 12:00:00 AM"
"52146","2","7/5/2013 12:00:00 AM"
"52147","1","7/5/2013 12:00:00 AM"
"52147","2","7/5/2013 12:00:00 AM"
"52148","6","7/5/2013 12:00:00 AM"
"52150","1","7/5/2013 12:00:00 AM"
"52152","1","7/5/2013 12:00:00 AM"
"52152","2","7/5/2013 12:00:00 AM"
"52153","2","7/6/2013 12:00:00 AM"
"52154","1","7/6/2013 12:00:00 AM"
"52155","2","7/6/2013 12:00:00 AM"
"52156","1","7/6/2013 12:00:00 AM"
"52156","2","7/6/2013 12:00:00 AM"
"52158","1","7/6/2013 12:00:00 AM"
"52158","2","7/6/2013 12:00:00 AM"
"52159","1","7/6/2013 12:00:00 AM"
"52160","1","7/6/2013 12:00:00 AM"
"52160","2","7/6/2013 12:00:00 AM"
"52161","1","7/6/2013 12:00:00 AM"
"52161","2","7/6/2013 12:00:00 AM"
"52162","1","7/6/2013 12:00:00 AM"
"52163","4","7/6/2013 12:00:00 AM"
"52164","1","7/6/2013 12:00:00 AM"
"52165","1","7/6/2013 12:00:00 AM"
"52166","1","7/6/2013 12:00:00 AM"
"52167","1","7/6/2013 12:00:00 AM"
"52168","1","7/6/2013 12:00:00 AM"
"52169","4","7/6/2013 12:00:00 AM"
"52171","1","7/6/2013 12:00:00 AM"
"52172","1","7/6/2013 12:00:00 AM"
"52173","1","7/6/2013 12:00:00 AM"
"52174","1","7/6/2013 12:00:00 AM"
"52175","1","7/6/2013 12:00:00 AM"
"52175","10","7/6/2013 12:00:00 AM"
"52176","4","7/6/2013 12:00:00 AM"
"52177","1","7/6/2013 12:00:00 AM"
"52178","1","7/6/2013 12:00:00 AM"
"52179","1","7/6/2013 12:00:00 AM"
"52180","6","7/6/2013 12:00:00 AM"
"52181","1","7/6/2013 12:00:00 AM"
"52182","1","7/6/2013 12:00:00 AM"
"52183","1","7/6/2013 12:00:00 AM"
"52184","6","7/6/2013 12:00:00 AM"
"52185","1","7/6/2013 12:00:00 AM"
"52186","1","7/6/2013 12:00:00 AM"
"52187","1","7/6/2013 12:00:00 AM"
"52188","1","7/6/2013 12:00:00 AM"
"52189","1","7/6/2013 12:00:00 AM"
"52190","1","7/6/2013 12:00:00 AM"
"52191","1","7/6/2013 12:00:00 AM"
"52192","1","7/6/2013 12:00:00 AM"
"52193","1","7/6/2013 12:00:00 AM"
"52193","10","7/6/2013 12:00:00 AM"
"52194","1","7/6/2013 12:00:00 AM"
"52195","1","7/6/2013 12:00:00 AM"
"52196","1","7/6/2013 12:00:00 AM"
"52197","1","7/6/2013 12:00:00 AM"
"52198","1","7/6/2013 12:00:00 AM"
"52199","1","7/6/2013 12:00:00 AM"
"52200","1","7/6/2013 12:00:00 AM"
"52201","1","7/6/2013 12:00:00 AM"
"52202","1","7/6/2013 12:00:00 AM"
"52203","1","7/6/2013 12:00:00 AM"
"52204","1","7/6/2013 12:00:00 AM"
"52204","2","7/6/2013 12:00:00 AM"
"52205","1","7/6/2013 12:00:00 AM"
"52206","1","7/6/2013 12:00:00 AM"
"52207","1","7/6/2013 12:00:00 AM"
"52208","1","7/6/2013 12:00:00 AM"
"52209","1","7/6/2013 12:00:00 AM"
"52210","1","7/6/2013 12:00:00 AM"
"52211","1","7/7/2013 12:00:00 AM"
"52212","2","7/7/2013 12:00:00 AM"
"52213","1","7/7/2013 12:00:00 AM"
"52215","1","7/7/2013 12:00:00 AM"
"52216","1","7/7/2013 12:00:00 AM"
"52217","1","7/7/2013 12:00:00 AM"
"52218","1","7/7/2013 12:00:00 AM"
"52219","1","7/7/2013 12:00:00 AM"
"52220","1","7/7/2013 12:00:00 AM"
"52220","10","7/7/2013 12:00:00 AM"
"52221","4","7/7/2013 12:00:00 AM"
"52222","1","7/7/2013 12:00:00 AM"
"52222","2","7/7/2013 12:00:00 AM"
"52223","1","7/7/2013 12:00:00 AM"
"52224","1","7/7/2013 12:00:00 AM"
"52225","1","7/7/2013 12:00:00 AM"
"52226","1","7/7/2013 12:00:00 AM"
"52227","1","7/7/2013 12:00:00 AM"
"52228","1","7/7/2013 12:00:00 AM"
"52229","1","7/7/2013 12:00:00 AM"
"52230","1","7/7/2013 12:00:00 AM"
"52231","4","7/7/2013 12:00:00 AM"
"52231","10","7/7/2013 12:00:00 AM"
"52232","1","7/7/2013 12:00:00 AM"
"52233","1","7/7/2013 12:00:00 AM"
"52233","10","7/7/2013 12:00:00 AM"
"52234","1","7/7/2013 12:00:00 AM"
"52235","1","7/7/2013 12:00:00 AM"
"52236","1","7/7/2013 12:00:00 AM"
"52237","1","7/7/2013 12:00:00 AM"
"52238","1","7/7/2013 12:00:00 AM"
"52239","6","7/7/2013 12:00:00 AM"
"52240","1","7/7/2013 12:00:00 AM"
"52241","1","7/7/2013 12:00:00 AM"
"52242","1","7/7/2013 12:00:00 AM"
"52243","1","7/7/2013 12:00:00 AM"
"52244","1","7/7/2013 12:00:00 AM"
"52245","1","7/7/2013 12:00:00 AM"
"52245","10","7/7/2013 12:00:00 AM"
"52246","1","7/7/2013 12:00:00 AM"
"52247","6","7/7/2013 12:00:00 AM"
"52248","1","7/7/2013 12:00:00 AM"
"52249","1","7/7/2013 12:00:00 AM"
"52249","10","7/7/2013 12:00:00 AM"
"52250","1","7/7/2013 12:00:00 AM"
"52250","10","7/7/2013 12:00:00 AM"
"52251","1","7/7/2013 12:00:00 AM"
"52252","1","7/7/2013 12:00:00 AM"
"52253","1","7/7/2013 12:00:00 AM"
"52254","1","7/7/2013 12:00:00 AM"
"52255","1","7/7/2013 12:00:00 AM"
"52256","1","7/7/2013 12:00:00 AM"
"52257","1","7/7/2013 12:00:00 AM"
"52258","1","7/7/2013 12:00:00 AM"
"52259","1","7/7/2013 12:00:00 AM"
"52260","1","7/7/2013 12:00:00 AM"
"52260","10","7/7/2013 12:00:00 AM"
"52261","1","7/7/2013 12:00:00 AM"
"52262","1","7/7/2013 12:00:00 AM"
"52263","1","7/7/2013 12:00:00 AM"
"52263","10","7/7/2013 12:00:00 AM"
"52264","1","7/7/2013 12:00:00 AM"
"52264","2","7/7/2013 12:00:00 AM"
"52265","1","7/7/2013 12:00:00 AM"
"52266","1","7/7/2013 12:00:00 AM"
"52267","1","7/7/2013 12:00:00 AM"
"52268","1","7/7/2013 12:00:00 AM"
"52268","2","7/7/2013 12:00:00 AM"
"52269","5","7/7/2013 12:00:00 AM"
"52270","1","7/7/2013 12:00:00 AM"
"52270","2","7/7/2013 12:00:00 AM"
"52271","1","7/7/2013 12:00:00 AM"
"52273","1","7/7/2013 12:00:00 AM"
"52274","1","7/7/2013 12:00:00 AM"
"52275","1","7/7/2013 12:00:00 AM"
"52275","2","7/7/2013 12:00:00 AM"
"52275","10","7/7/2013 12:00:00 AM"
"52276","1","7/7/2013 12:00:00 AM"
"52277","1","7/7/2013 12:00:00 AM"
"52277","2","7/7/2013 12:00:00 AM"
"52278","1","7/8/2013 12:00:00 AM"
"52279","1","7/8/2013 12:00:00 AM"
"52280","1","7/8/2013 12:00:00 AM"
"52281","1","7/8/2013 12:00:00 AM"
"52281","2","7/8/2013 12:00:00 AM"
"52283","1","7/8/2013 12:00:00 AM"
"52284","1","7/8/2013 12:00:00 AM"
"52284","10","7/8/2013 12:00:00 AM"
"52285","1","7/8/2013 12:00:00 AM"
"52285","10","7/8/2013 12:00:00 AM"
"52286","1","7/8/2013 12:00:00 AM"
"52287","1","7/8/2013 12:00:00 AM"
"52288","4","7/8/2013 12:00:00 AM"
"52289","1","7/8/2013 12:00:00 AM"
"52290","1","7/8/2013 12:00:00 AM"
"52291","1","7/8/2013 12:00:00 AM"
"52292","1","7/8/2013 12:00:00 AM"
"52293","1","7/8/2013 12:00:00 AM"
"52294","2","7/8/2013 12:00:00 AM"
"52295","6","7/8/2013 12:00:00 AM"
"52297","1","7/8/2013 12:00:00 AM"
"52298","1","7/8/2013 12:00:00 AM"
"52299","1","7/8/2013 12:00:00 AM"
"52300","1","7/8/2013 12:00:00 AM"
"52301","1","7/8/2013 12:00:00 AM"
"52302","1","7/8/2013 12:00:00 AM"
"52303","4","7/8/2013 12:00:00 AM"
"52304","1","7/8/2013 12:00:00 AM"
"52305","1","7/8/2013 12:00:00 AM"
"52306","1","7/8/2013 12:00:00 AM"
"52307","1","7/8/2013 12:00:00 AM"
"52308","1","7/8/2013 12:00:00 AM"
"52309","1","7/8/2013 12:00:00 AM"
"52309","10","7/8/2013 12:00:00 AM"
"52310","1","7/8/2013 12:00:00 AM"
"52311","1","7/8/2013 12:00:00 AM"
"52312","1","7/8/2013 12:00:00 AM"
"52314","1","7/8/2013 12:00:00 AM"
"52315","1","7/8/2013 12:00:00 AM"
"52316","4","7/8/2013 12:00:00 AM"
"52317","1","7/8/2013 12:00:00 AM"
"52318","1","7/8/2013 12:00:00 AM"
"52318","2","7/8/2013 12:00:00 AM"
"52319","1","7/8/2013 12:00:00 AM"
"52320","1","7/8/2013 12:00:00 AM"
"52321","1","7/8/2013 12:00:00 AM"
"52322","1","7/8/2013 12:00:00 AM"
"52323","1","7/8/2013 12:00:00 AM"
"52323","2","7/8/2013 12:00:00 AM"
"52324","1","7/8/2013 12:00:00 AM"
"52326","1","7/8/2013 12:00:00 AM"
"52327","1","7/8/2013 12:00:00 AM"
"52328","1","7/8/2013 12:00:00 AM"
"52329","1","7/9/2013 12:00:00 AM"
"52330","1","7/9/2013 12:00:00 AM"
"52331","1","7/9/2013 12:00:00 AM"
"52332","1","7/9/2013 12:00:00 AM"
"52333","4","7/9/2013 12:00:00 AM"
"52334","1","7/9/2013 12:00:00 AM"
"52335","1","7/9/2013 12:00:00 AM"
"52336","1","7/9/2013 12:00:00 AM"
"52337","1","7/9/2013 12:00:00 AM"
"52338","1","7/9/2013 12:00:00 AM"
"52339","1","7/9/2013 12:00:00 AM"
"52340","1","7/9/2013 12:00:00 AM"
"52341","1","7/9/2013 12:00:00 AM"
"52342","1","7/9/2013 12:00:00 AM"
"52343","6","7/9/2013 12:00:00 AM"
"52344","1","7/9/2013 12:00:00 AM"
"52345","1","7/9/2013 12:00:00 AM"
"52346","1","7/9/2013 12:00:00 AM"
"52347","1","7/9/2013 12:00:00 AM"
"52348","1","7/9/2013 12:00:00 AM"
"52349","1","7/9/2013 12:00:00 AM"
"52350","1","7/9/2013 12:00:00 AM"
"52351","1","7/9/2013 12:00:00 AM"
"52351","10","7/9/2013 12:00:00 AM"
"52352","1","7/9/2013 12:00:00 AM"
"52352","10","7/9/2013 12:00:00 AM"
"52353","1","7/9/2013 12:00:00 AM"
"52354","1","7/9/2013 12:00:00 AM"
"52355","1","7/9/2013 12:00:00 AM"
"52356","1","7/9/2013 12:00:00 AM"
"52357","1","7/9/2013 12:00:00 AM"
"52358","1","7/9/2013 12:00:00 AM"
"52359","4","7/9/2013 12:00:00 AM"
"52360","1","7/9/2013 12:00:00 AM"
"52361","1","7/9/2013 12:00:00 AM"
"52363","1","7/9/2013 12:00:00 AM"
"52363","2","7/9/2013 12:00:00 AM"
"52364","1","7/9/2013 12:00:00 AM"
"52365","1","7/10/2013 12:00:00 AM"
"52366","1","7/10/2013 12:00:00 AM"
"52367","1","7/10/2013 12:00:00 AM"
"52368","1","7/10/2013 12:00:00 AM"
"52369","1","7/10/2013 12:00:00 AM"
"52370","2","7/10/2013 12:00:00 AM"
"52371","1","7/10/2013 12:00:00 AM"
"52372","1","7/10/2013 12:00:00 AM"
"52373","1","7/10/2013 12:00:00 AM"
"52373","10","7/10/2013 12:00:00 AM"
"52374","1","7/10/2013 12:00:00 AM"
"52375","1","7/10/2013 12:00:00 AM"
"52376","1","7/10/2013 12:00:00 AM"
"52377","1","7/10/2013 12:00:00 AM"
"52378","1","7/10/2013 12:00:00 AM"
"52379","1","7/10/2013 12:00:00 AM"
"52380","1","7/10/2013 12:00:00 AM"
"52381","1","7/10/2013 12:00:00 AM"
"52382","1","7/10/2013 12:00:00 AM"
"52382","10","7/10/2013 12:00:00 AM"
"52383","1","7/10/2013 12:00:00 AM"
"52384","1","7/10/2013 12:00:00 AM"
"52386","1","7/10/2013 12:00:00 AM"
"52387","1","7/10/2013 12:00:00 AM"
"52388","1","7/10/2013 12:00:00 AM"
"52389","1","7/10/2013 12:00:00 AM"
"52390","1","7/10/2013 12:00:00 AM"
"52391","1","7/10/2013 12:00:00 AM"
"52392","1","7/10/2013 12:00:00 AM"
"52393","1","7/10/2013 12:00:00 AM"
"52394","1","7/10/2013 12:00:00 AM"
"52395","4","7/10/2013 12:00:00 AM"
"52396","1","7/10/2013 12:00:00 AM"
"52397","1","7/10/2013 12:00:00 AM"
"52398","1","7/10/2013 12:00:00 AM"
"52400","1","7/10/2013 12:00:00 AM"
"52402","1","7/10/2013 12:00:00 AM"
"52402","2","7/10/2013 12:00:00 AM"
"52403","1","7/10/2013 12:00:00 AM"
"52405","1","7/10/2013 12:00:00 AM"
"52406","5","7/10/2013 12:00:00 AM"
"52407","2","7/10/2013 12:00:00 AM"
"52408","2","7/11/2013 12:00:00 AM"
"52409","1","7/11/2013 12:00:00 AM"
"52410","1","7/11/2013 12:00:00 AM"
"52411","1","7/11/2013 12:00:00 AM"
"52412","1","7/11/2013 12:00:00 AM"
"52413","1","7/11/2013 12:00:00 AM"
"52414","1","7/11/2013 12:00:00 AM"
"52415","1","7/11/2013 12:00:00 AM"
"52416","1","7/11/2013 12:00:00 AM"
"52418","1","7/11/2013 12:00:00 AM"
"52419","4","7/11/2013 12:00:00 AM"
"52420","4","7/11/2013 12:00:00 AM"
"52421","1","7/11/2013 12:00:00 AM"
"52422","1","7/11/2013 12:00:00 AM"
"52423","1","7/11/2013 12:00:00 AM"
"52424","1","7/11/2013 12:00:00 AM"
"52425","1","7/11/2013 12:00:00 AM"
"52426","1","7/11/2013 12:00:00 AM"
"52427","1","7/11/2013 12:00:00 AM"
"52428","1","7/11/2013 12:00:00 AM"
"52429","1","7/11/2013 12:00:00 AM"
"52429","10","7/11/2013 12:00:00 AM"
"52430","1","7/11/2013 12:00:00 AM"
"52431","1","7/11/2013 12:00:00 AM"
"52432","1","7/11/2013 12:00:00 AM"
"52433","1","7/11/2013 12:00:00 AM"
"52434","1","7/11/2013 12:00:00 AM"
"52434","10","7/11/2013 12:00:00 AM"
"52435","1","7/11/2013 12:00:00 AM"
"52436","1","7/11/2013 12:00:00 AM"
"52437","1","7/11/2013 12:00:00 AM"
"52438","1","7/11/2013 12:00:00 AM"
"52439","1","7/11/2013 12:00:00 AM"
"52440","1","7/11/2013 12:00:00 AM"
"52442","1","7/11/2013 12:00:00 AM"
"52443","1","7/11/2013 12:00:00 AM"
"52444","1","7/11/2013 12:00:00 AM"
"52445","1","7/11/2013 12:00:00 AM"
"52446","1","7/11/2013 12:00:00 AM"
"52447","1","7/11/2013 12:00:00 AM"
"52448","1","7/11/2013 12:00:00 AM"
"52449","1","7/11/2013 12:00:00 AM"
"52450","6","7/11/2013 12:00:00 AM"
"52451","1","7/11/2013 12:00:00 AM"
"52451","2","7/11/2013 12:00:00 AM"
"52452","1","7/11/2013 12:00:00 AM"
"52452","2","7/11/2013 12:00:00 AM"
"52453","1","7/11/2013 12:00:00 AM"
"52454","1","7/11/2013 12:00:00 AM"
"52455","1","7/11/2013 12:00:00 AM"
"52455","2","7/11/2013 12:00:00 AM"
"52456","2","7/11/2013 12:00:00 AM"
"52457","1","7/11/2013 12:00:00 AM"
"52458","1","7/11/2013 12:00:00 AM"
"52458","2","7/11/2013 12:00:00 AM"
"52459","1","7/11/2013 12:00:00 AM"
"52460","1","7/11/2013 12:00:00 AM"
"52460","2","7/11/2013 12:00:00 AM"
"52461","1","7/11/2013 12:00:00 AM"
"52461","2","7/11/2013 12:00:00 AM"
"52462","1","7/11/2013 12:00:00 AM"
"52462","2","7/11/2013 12:00:00 AM"
"52463","1","7/11/2013 12:00:00 AM"
"52464","1","7/11/2013 12:00:00 AM"
"52464","2","7/11/2013 12:00:00 AM"
"52465","1","7/11/2013 12:00:00 AM"
"52465","2","7/11/2013 12:00:00 AM"
"52465","10","7/11/2013 12:00:00 AM"
"52466","5","7/11/2013 12:00:00 AM"
"52468","1","7/11/2013 12:00:00 AM"
"52468","2","7/11/2013 12:00:00 AM"
"52469","1","7/12/2013 12:00:00 AM"
"52470","1","7/12/2013 12:00:00 AM"
"52471","1","7/12/2013 12:00:00 AM"
"52472","1","7/12/2013 12:00:00 AM"
"52473","4","7/12/2013 12:00:00 AM"
"52474","1","7/12/2013 12:00:00 AM"
"52475","1","7/12/2013 12:00:00 AM"
"52476","6","7/12/2013 12:00:00 AM"
"52477","1","7/12/2013 12:00:00 AM"
"52479","1","7/12/2013 12:00:00 AM"
"52481","1","7/12/2013 12:00:00 AM"
"52482","1","7/12/2013 12:00:00 AM"
"52482","2","7/12/2013 12:00:00 AM"
"52483","1","7/12/2013 12:00:00 AM"
"52484","1","7/12/2013 12:00:00 AM"
"52485","1","7/12/2013 12:00:00 AM"
"52486","1","7/12/2013 12:00:00 AM"
"52487","1","7/12/2013 12:00:00 AM"
"52488","1","7/12/2013 12:00:00 AM"
"52489","1","7/12/2013 12:00:00 AM"
"52490","1","7/12/2013 12:00:00 AM"
"52490","10","7/12/2013 12:00:00 AM"
"52491","1","7/12/2013 12:00:00 AM"
"52492","1","7/12/2013 12:00:00 AM"
"52493","6","7/12/2013 12:00:00 AM"
"52494","1","7/12/2013 12:00:00 AM"
"52495","1","7/12/2013 12:00:00 AM"
"52496","1","7/12/2013 12:00:00 AM"
"52497","1","7/12/2013 12:00:00 AM"
"52498","6","7/12/2013 12:00:00 AM"
"52499","1","7/12/2013 12:00:00 AM"
"52500","1","7/12/2013 12:00:00 AM"
"52501","1","7/12/2013 12:00:00 AM"
"52502","1","7/12/2013 12:00:00 AM"
"52503","1","7/12/2013 12:00:00 AM"
"52504","1","7/12/2013 12:00:00 AM"
"52505","1","7/12/2013 12:00:00 AM"
"52506","1","7/12/2013 12:00:00 AM"
"52507","1","7/12/2013 12:00:00 AM"
"52508","1","7/12/2013 12:00:00 AM"
"52509","1","7/12/2013 12:00:00 AM"
"52510","1","7/12/2013 12:00:00 AM"
"52511","1","7/12/2013 12:00:00 AM"
"52512","1","7/12/2013 12:00:00 AM"
"52513","1","7/12/2013 12:00:00 AM"
"52514","2","7/12/2013 12:00:00 AM"
"52515","1","7/12/2013 12:00:00 AM"
"52516","1","7/12/2013 12:00:00 AM"
"52517","1","7/12/2013 12:00:00 AM"
"52518","1","7/12/2013 12:00:00 AM"
"52518","2","7/12/2013 12:00:00 AM"
"52519","1","7/12/2013 12:00:00 AM"
"52520","1","7/12/2013 12:00:00 AM"
"52520","2","7/12/2013 12:00:00 AM"
"52521","1","7/12/2013 12:00:00 AM"
"52522","1","7/13/2013 12:00:00 AM"
"52522","2","7/13/2013 12:00:00 AM"
"52523","1","7/13/2013 12:00:00 AM"
"52524","4","7/13/2013 12:00:00 AM"
"52525","1","7/13/2013 12:00:00 AM"
"52526","1","7/13/2013 12:00:00 AM"
"52527","1","7/13/2013 12:00:00 AM"
"52528","1","7/13/2013 12:00:00 AM"
"52529","1","7/13/2013 12:00:00 AM"
"52531","1","7/13/2013 12:00:00 AM"
"52532","1","7/13/2013 12:00:00 AM"
"52533","1","7/13/2013 12:00:00 AM"
"52534","1","7/13/2013 12:00:00 AM"
"52534","10","7/13/2013 12:00:00 AM"
"52535","1","7/13/2013 12:00:00 AM"
"52536","1","7/13/2013 12:00:00 AM"
"52536","10","7/13/2013 12:00:00 AM"
"52537","1","7/13/2013 12:00:00 AM"
"52538","1","7/13/2013 12:00:00 AM"
"52539","1","7/13/2013 12:00:00 AM"
"52540","1","7/13/2013 12:00:00 AM"
"52541","1","7/13/2013 12:00:00 AM"
"52542","1","7/13/2013 12:00:00 AM"
"52543","1","7/13/2013 12:00:00 AM"
"52544","1","7/13/2013 12:00:00 AM"
"52545","1","7/13/2013 12:00:00 AM"
"52546","1","7/13/2013 12:00:00 AM"
"52547","1","7/13/2013 12:00:00 AM"
"52548","1","7/13/2013 12:00:00 AM"
"52549","1","7/13/2013 12:00:00 AM"
"52550","1","7/13/2013 12:00:00 AM"
"52551","1","7/13/2013 12:00:00 AM"
"52552","1","7/13/2013 12:00:00 AM"
"52553","1","7/13/2013 12:00:00 AM"
"52554","1","7/13/2013 12:00:00 AM"
"52555","1","7/13/2013 12:00:00 AM"
"52556","1","7/13/2013 12:00:00 AM"
"52557","1","7/13/2013 12:00:00 AM"
"52558","1","7/13/2013 12:00:00 AM"
"52559","1","7/13/2013 12:00:00 AM"
"52560","1","7/13/2013 12:00:00 AM"
"52561","1","7/13/2013 12:00:00 AM"
"52562","1","7/13/2013 12:00:00 AM"
"52563","1","7/13/2013 12:00:00 AM"
"52563","10","7/13/2013 12:00:00 AM"
"52564","1","7/13/2013 12:00:00 AM"
"52566","1","7/13/2013 12:00:00 AM"
"52567","2","7/13/2013 12:00:00 AM"
"52568","1","7/13/2013 12:00:00 AM"
"52568","2","7/13/2013 12:00:00 AM"
"52569","1","7/13/2013 12:00:00 AM"
"52570","1","7/13/2013 12:00:00 AM"
"52571","1","7/13/2013 12:00:00 AM"
"52572","1","7/13/2013 12:00:00 AM"
"52572","2","7/13/2013 12:00:00 AM"
"52575","1","7/13/2013 12:00:00 AM"
"52575","2","7/13/2013 12:00:00 AM"
"52577","1","7/14/2013 12:00:00 AM"
"52577","2","7/14/2013 12:00:00 AM"
"52578","4","7/14/2013 12:00:00 AM"
"52579","1","7/14/2013 12:00:00 AM"
"52580","1","7/14/2013 12:00:00 AM"
"52581","1","7/14/2013 12:00:00 AM"
"52582","1","7/14/2013 12:00:00 AM"
"52583","1","7/14/2013 12:00:00 AM"
"52583","10","7/14/2013 12:00:00 AM"
"52584","1","7/14/2013 12:00:00 AM"
"52584","10","7/14/2013 12:00:00 AM"
"52585","1","7/14/2013 12:00:00 AM"
"52586","1","7/14/2013 12:00:00 AM"
"52587","1","7/14/2013 12:00:00 AM"
"52589","1","7/14/2013 12:00:00 AM"
"52590","1","7/14/2013 12:00:00 AM"
"52591","1","7/14/2013 12:00:00 AM"
"52592","1","7/14/2013 12:00:00 AM"
"52593","1","7/14/2013 12:00:00 AM"
"52594","1","7/14/2013 12:00:00 AM"
"52595","1","7/14/2013 12:00:00 AM"
"52596","1","7/14/2013 12:00:00 AM"
"52597","1","7/14/2013 12:00:00 AM"
"52598","1","7/14/2013 12:00:00 AM"
"52599","1","7/14/2013 12:00:00 AM"
"52600","1","7/14/2013 12:00:00 AM"
"52601","1","7/14/2013 12:00:00 AM"
"52602","1","7/14/2013 12:00:00 AM"
"52603","1","7/14/2013 12:00:00 AM"
"52604","1","7/14/2013 12:00:00 AM"
"52605","1","7/14/2013 12:00:00 AM"
"52606","1","7/14/2013 12:00:00 AM"
"52607","1","7/14/2013 12:00:00 AM"
"52607","10","7/14/2013 12:00:00 AM"
"52608","1","7/14/2013 12:00:00 AM"
"52609","1","7/14/2013 12:00:00 AM"
"52609","2","7/14/2013 12:00:00 AM"
"52610","1","7/14/2013 12:00:00 AM"
"52611","1","7/14/2013 12:00:00 AM"
"52612","1","7/14/2013 12:00:00 AM"
"52613","1","7/14/2013 12:00:00 AM"
"52613","2","7/14/2013 12:00:00 AM"
"52614","1","7/14/2013 12:00:00 AM"
"52614","2","7/14/2013 12:00:00 AM"
"52614","10","7/14/2013 12:00:00 AM"
"52615","1","7/15/2013 12:00:00 AM"
"52616","1","7/15/2013 12:00:00 AM"
"52617","1","7/15/2013 12:00:00 AM"
"52617","10","7/15/2013 12:00:00 AM"
"52618","1","7/15/2013 12:00:00 AM"
"52619","1","7/15/2013 12:00:00 AM"
"52619","10","7/15/2013 12:00:00 AM"
"52620","1","7/15/2013 12:00:00 AM"
"52621","1","7/15/2013 12:00:00 AM"
"52622","4","7/15/2013 12:00:00 AM"
"52623","4","7/15/2013 12:00:00 AM"
"52624","4","7/15/2013 12:00:00 AM"
"52625","2","7/15/2013 12:00:00 AM"
"52626","1","7/15/2013 12:00:00 AM"
"52627","1","7/15/2013 12:00:00 AM"
"52627","10","7/15/2013 12:00:00 AM"
"52628","1","7/15/2013 12:00:00 AM"
"52629","1","7/15/2013 12:00:00 AM"
"52630","1","7/15/2013 12:00:00 AM"
"52630","10","7/15/2013 12:00:00 AM"
"52631","1","7/15/2013 12:00:00 AM"
"52632","1","7/15/2013 12:00:00 AM"
"52633","1","7/15/2013 12:00:00 AM"
"52634","1","7/15/2013 12:00:00 AM"
"52635","1","7/15/2013 12:00:00 AM"
"52636","1","7/15/2013 12:00:00 AM"
"52637","1","7/15/2013 12:00:00 AM"
"52638","1","7/15/2013 12:00:00 AM"
"52639","1","7/15/2013 12:00:00 AM"
"52640","1","7/15/2013 12:00:00 AM"
"52641","1","7/15/2013 12:00:00 AM"
"52642","1","7/15/2013 12:00:00 AM"
"52643","1","7/15/2013 12:00:00 AM"
"52644","1","7/15/2013 12:00:00 AM"
"52645","1","7/15/2013 12:00:00 AM"
"52646","1","7/15/2013 12:00:00 AM"
"52647","1","7/15/2013 12:00:00 AM"
"52648","1","7/15/2013 12:00:00 AM"
"52649","1","7/15/2013 12:00:00 AM"
"52650","1","7/15/2013 12:00:00 AM"
"52651","1","7/15/2013 12:00:00 AM"
"52652","4","7/15/2013 12:00:00 AM"
"52653","1","7/15/2013 12:00:00 AM"
"52654","1","7/15/2013 12:00:00 AM"
"52655","1","7/15/2013 12:00:00 AM"
"52656","1","7/15/2013 12:00:00 AM"
"52657","2","7/15/2013 12:00:00 AM"
"52658","1","7/15/2013 12:00:00 AM"
"52659","1","7/15/2013 12:00:00 AM"
"52660","6","7/15/2013 12:00:00 AM"
"52661","1","7/15/2013 12:00:00 AM"
"52662","1","7/15/2013 12:00:00 AM"
"52662","2","7/15/2013 12:00:00 AM"
"52663","1","7/15/2013 12:00:00 AM"
"52664","1","7/15/2013 12:00:00 AM"
"52665","1","7/15/2013 12:00:00 AM"
"52666","1","7/15/2013 12:00:00 AM"
"52667","1","7/15/2013 12:00:00 AM"
"52668","1","7/15/2013 12:00:00 AM"
"52669","1","7/15/2013 12:00:00 AM"
"52669","2","7/15/2013 12:00:00 AM"
"52671","1","7/16/2013 12:00:00 AM"
"52672","1","7/16/2013 12:00:00 AM"
"52673","1","7/16/2013 12:00:00 AM"
"52674","1","7/16/2013 12:00:00 AM"
"52675","1","7/16/2013 12:00:00 AM"
"52676","1","7/16/2013 12:00:00 AM"
"52677","1","7/16/2013 12:00:00 AM"
"52678","1","7/16/2013 12:00:00 AM"
"52679","1","7/16/2013 12:00:00 AM"
"52680","1","7/16/2013 12:00:00 AM"
"52681","1","7/16/2013 12:00:00 AM"
"52682","1","7/16/2013 12:00:00 AM"
"52683","1","7/16/2013 12:00:00 AM"
"52684","1","7/16/2013 12:00:00 AM"
"52685","1","7/16/2013 12:00:00 AM"
"52686","1","7/16/2013 12:00:00 AM"
"52687","1","7/16/2013 12:00:00 AM"
"52689","1","7/16/2013 12:00:00 AM"
"52690","1","7/16/2013 12:00:00 AM"
"52691","1","7/16/2013 12:00:00 AM"
"52692","1","7/16/2013 12:00:00 AM"
"52693","6","7/16/2013 12:00:00 AM"
"52694","1","7/16/2013 12:00:00 AM"
"52695","1","7/16/2013 12:00:00 AM"
"52696","1","7/16/2013 12:00:00 AM"
"52697","1","7/16/2013 12:00:00 AM"
"52698","1","7/16/2013 12:00:00 AM"
"52699","1","7/16/2013 12:00:00 AM"
"52701","4","7/16/2013 12:00:00 AM"
"52701","10","7/16/2013 12:00:00 AM"
"52702","6","7/16/2013 12:00:00 AM"
"52703","1","7/16/2013 12:00:00 AM"
"52704","1","7/16/2013 12:00:00 AM"
"52705","1","7/16/2013 12:00:00 AM"
"52706","1","7/16/2013 12:00:00 AM"
"52707","1","7/16/2013 12:00:00 AM"
"52708","1","7/16/2013 12:00:00 AM"
"52709","4","7/16/2013 12:00:00 AM"
"52710","1","7/16/2013 12:00:00 AM"
"52711","1","7/16/2013 12:00:00 AM"
"52712","1","7/16/2013 12:00:00 AM"
"52713","1","7/16/2013 12:00:00 AM"
"52714","1","7/16/2013 12:00:00 AM"
"52714","10","7/16/2013 12:00:00 AM"
"52715","1","7/16/2013 12:00:00 AM"
"52717","1","7/16/2013 12:00:00 AM"
"52718","2","7/16/2013 12:00:00 AM"
"52719","1","7/16/2013 12:00:00 AM"
"52722","1","7/16/2013 12:00:00 AM"
"52723","1","7/16/2013 12:00:00 AM"
"52724","1","7/16/2013 12:00:00 AM"
"52725","1","7/16/2013 12:00:00 AM"
"52726","1","7/17/2013 12:00:00 AM"
"52727","1","7/17/2013 12:00:00 AM"
"52728","1","7/17/2013 12:00:00 AM"
"52729","6","7/17/2013 12:00:00 AM"
"52730","1","7/17/2013 12:00:00 AM"
"52730","2","7/17/2013 12:00:00 AM"
"52731","1","7/17/2013 12:00:00 AM"
"52732","1","7/17/2013 12:00:00 AM"
"52734","4","7/17/2013 12:00:00 AM"
"52735","1","7/17/2013 12:00:00 AM"
"52736","1","7/17/2013 12:00:00 AM"
"52737","1","7/17/2013 12:00:00 AM"
"52738","1","7/17/2013 12:00:00 AM"
"52739","1","7/17/2013 12:00:00 AM"
"52740","4","7/17/2013 12:00:00 AM"
"52741","1","7/17/2013 12:00:00 AM"
"52742","6","7/17/2013 12:00:00 AM"
"52743","1","7/17/2013 12:00:00 AM"
"52744","1","7/17/2013 12:00:00 AM"
"52745","1","7/17/2013 12:00:00 AM"
"52746","1","7/17/2013 12:00:00 AM"
"52747","1","7/17/2013 12:00:00 AM"
"52748","1","7/17/2013 12:00:00 AM"
"52749","1","7/17/2013 12:00:00 AM"
"52750","1","7/17/2013 12:00:00 AM"
"52751","1","7/17/2013 12:00:00 AM"
"52752","1","7/17/2013 12:00:00 AM"
"52753","1","7/17/2013 12:00:00 AM"
"52754","1","7/17/2013 12:00:00 AM"
"52754","10","7/17/2013 12:00:00 AM"
"52755","1","7/17/2013 12:00:00 AM"
"52756","1","7/17/2013 12:00:00 AM"
"52757","1","7/17/2013 12:00:00 AM"
"52758","1","7/17/2013 12:00:00 AM"
"52758","2","7/17/2013 12:00:00 AM"
"52759","2","7/17/2013 12:00:00 AM"
"52760","1","7/17/2013 12:00:00 AM"
"52761","1","7/17/2013 12:00:00 AM"
"52762","1","7/17/2013 12:00:00 AM"
"52764","5","7/17/2013 12:00:00 AM"
"52765","1","7/17/2013 12:00:00 AM"
"52766","1","7/17/2013 12:00:00 AM"
"52766","2","7/17/2013 12:00:00 AM"
"52767","1","7/17/2013 12:00:00 AM"
"52769","1","7/17/2013 12:00:00 AM"
"52770","1","7/17/2013 12:00:00 AM"
"52771","1","7/17/2013 12:00:00 AM"
"52772","1","7/17/2013 12:00:00 AM"
"52774","1","7/17/2013 12:00:00 AM"
"52775","1","7/17/2013 12:00:00 AM"
"52775","2","7/17/2013 12:00:00 AM"
"52776","2","7/17/2013 12:00:00 AM"
"52777","1","7/17/2013 12:00:00 AM"
"52778","1","7/18/2013 12:00:00 AM"
"52779","1","7/18/2013 12:00:00 AM"
"52780","1","7/18/2013 12:00:00 AM"
"52781","4","7/18/2013 12:00:00 AM"
"52782","1","7/18/2013 12:00:00 AM"
"52783","1","7/18/2013 12:00:00 AM"
"52783","10","7/18/2013 12:00:00 AM"
"52784","2","7/18/2013 12:00:00 AM"
"52785","1","7/18/2013 12:00:00 AM"
"52786","1","7/18/2013 12:00:00 AM"
"52787","1","7/18/2013 12:00:00 AM"
"52788","1","7/18/2013 12:00:00 AM"
"52789","1","7/18/2013 12:00:00 AM"
"52790","1","7/18/2013 12:00:00 AM"
"52791","1","7/18/2013 12:00:00 AM"
"52792","1","7/18/2013 12:00:00 AM"
"52793","1","7/18/2013 12:00:00 AM"
"52794","1","7/18/2013 12:00:00 AM"
"52795","1","7/18/2013 12:00:00 AM"
"52796","1","7/18/2013 12:00:00 AM"
"52798","1","7/18/2013 12:00:00 AM"
"52799","1","7/18/2013 12:00:00 AM"
"52800","1","7/18/2013 12:00:00 AM"
"52801","1","7/18/2013 12:00:00 AM"
"52802","1","7/18/2013 12:00:00 AM"
"52803","1","7/18/2013 12:00:00 AM"
"52804","1","7/18/2013 12:00:00 AM"
"52805","1","7/18/2013 12:00:00 AM"
"52806","1","7/18/2013 12:00:00 AM"
"52807","1","7/18/2013 12:00:00 AM"
"52808","1","7/18/2013 12:00:00 AM"
"52809","1","7/18/2013 12:00:00 AM"
"52810","1","7/18/2013 12:00:00 AM"
"52811","4","7/18/2013 12:00:00 AM"
"52811","10","7/18/2013 12:00:00 AM"
"52812","1","7/18/2013 12:00:00 AM"
"52813","1","7/18/2013 12:00:00 AM"
"52814","1","7/18/2013 12:00:00 AM"
"52815","1","7/18/2013 12:00:00 AM"
"52816","1","7/18/2013 12:00:00 AM"
"52817","1","7/18/2013 12:00:00 AM"
"52818","1","7/18/2013 12:00:00 AM"
"52819","1","7/18/2013 12:00:00 AM"
"52820","1","7/18/2013 12:00:00 AM"
"52821","1","7/18/2013 12:00:00 AM"
"52822","1","7/18/2013 12:00:00 AM"
"52823","1","7/18/2013 12:00:00 AM"
"52824","1","7/18/2013 12:00:00 AM"
"52825","2","7/18/2013 12:00:00 AM"
"52826","1","7/18/2013 12:00:00 AM"
"52827","1","7/18/2013 12:00:00 AM"
"52828","1","7/18/2013 12:00:00 AM"
"52830","1","7/18/2013 12:00:00 AM"
"52830","2","7/18/2013 12:00:00 AM"
"52831","1","7/18/2013 12:00:00 AM"
"52832","1","7/18/2013 12:00:00 AM"
"52832","2","7/18/2013 12:00:00 AM"
"52833","1","7/18/2013 12:00:00 AM"
"52833","2","7/18/2013 12:00:00 AM"
"52833","10","7/18/2013 12:00:00 AM"
"52834","1","7/18/2013 12:00:00 AM"
"52836","1","7/18/2013 12:00:00 AM"
"52838","1","7/18/2013 12:00:00 AM"
"52839","1","7/18/2013 12:00:00 AM"
"52841","1","7/19/2013 12:00:00 AM"
"52842","1","7/19/2013 12:00:00 AM"
"52845","1","7/19/2013 12:00:00 AM"
"52846","2","7/19/2013 12:00:00 AM"
"52847","1","7/19/2013 12:00:00 AM"
"52848","6","7/19/2013 12:00:00 AM"
"52849","1","7/19/2013 12:00:00 AM"
"52850","1","7/19/2013 12:00:00 AM"
"52851","1","7/19/2013 12:00:00 AM"
"52852","1","7/19/2013 12:00:00 AM"
"52853","1","7/19/2013 12:00:00 AM"
"52854","1","7/19/2013 12:00:00 AM"
"52856","1","7/19/2013 12:00:00 AM"
"52857","1","7/19/2013 12:00:00 AM"
"52858","4","7/19/2013 12:00:00 AM"
"52859","1","7/19/2013 12:00:00 AM"
"52860","1","7/19/2013 12:00:00 AM"
"52860","10","7/19/2013 12:00:00 AM"
"52861","1","7/19/2013 12:00:00 AM"
"52862","1","7/19/2013 12:00:00 AM"
"52863","1","7/19/2013 12:00:00 AM"
"52864","1","7/19/2013 12:00:00 AM"
"52865","1","7/19/2013 12:00:00 AM"
"52866","1","7/19/2013 12:00:00 AM"
"52867","1","7/19/2013 12:00:00 AM"
"52868","1","7/19/2013 12:00:00 AM"
"52869","1","7/19/2013 12:00:00 AM"
"52869","10","7/19/2013 12:00:00 AM"
"52870","1","7/19/2013 12:00:00 AM"
"52871","1","7/19/2013 12:00:00 AM"
"52872","1","7/19/2013 12:00:00 AM"
"52873","1","7/19/2013 12:00:00 AM"
"52874","1","7/19/2013 12:00:00 AM"
"52875","6","7/19/2013 12:00:00 AM"
"52876","1","7/19/2013 12:00:00 AM"
"52877","1","7/19/2013 12:00:00 AM"
"52877","10","7/19/2013 12:00:00 AM"
"52883","1","7/20/2013 12:00:00 AM"
"52884","1","7/20/2013 12:00:00 AM"
"52885","1","7/20/2013 12:00:00 AM"
"52886","1","7/20/2013 12:00:00 AM"
"52887","1","7/20/2013 12:00:00 AM"
"52887","10","7/20/2013 12:00:00 AM"
"52888","1","7/20/2013 12:00:00 AM"
"52889","4","7/20/2013 12:00:00 AM"
"52890","6","7/20/2013 12:00:00 AM"
"52891","6","7/20/2013 12:00:00 AM"
"52892","1","7/20/2013 12:00:00 AM"
"52893","1","7/20/2013 12:00:00 AM"
"52894","1","7/20/2013 12:00:00 AM"
"52895","1","7/20/2013 12:00:00 AM"
"52895","10","7/20/2013 12:00:00 AM"
"52896","1","7/20/2013 12:00:00 AM"
"52897","1","7/20/2013 12:00:00 AM"
"52898","1","7/20/2013 12:00:00 AM"
"52899","1","7/20/2013 12:00:00 AM"
"52900","1","7/20/2013 12:00:00 AM"
"52901","1","7/20/2013 12:00:00 AM"
"52903","1","7/20/2013 12:00:00 AM"
"52904","1","7/20/2013 12:00:00 AM"
"52904","10","7/20/2013 12:00:00 AM"
"52905","1","7/20/2013 12:00:00 AM"
"52906","1","7/20/2013 12:00:00 AM"
"52906","10","7/20/2013 12:00:00 AM"
"52907","1","7/20/2013 12:00:00 AM"
"52908","1","7/20/2013 12:00:00 AM"
"52909","1","7/20/2013 12:00:00 AM"
"52910","1","7/20/2013 12:00:00 AM"
"52911","1","7/20/2013 12:00:00 AM"
"52912","1","7/20/2013 12:00:00 AM"
"52913","1","7/20/2013 12:00:00 AM"
"52914","1","7/20/2013 12:00:00 AM"
"52915","1","7/20/2013 12:00:00 AM"
"52916","1","7/20/2013 12:00:00 AM"
"52917","1","7/20/2013 12:00:00 AM"
"52918","1","7/20/2013 12:00:00 AM"
"52919","2","7/20/2013 12:00:00 AM"
"52921","6","7/20/2013 12:00:00 AM"
"52922","1","7/20/2013 12:00:00 AM"
"52923","1","7/20/2013 12:00:00 AM"
"52925","1","7/20/2013 12:00:00 AM"
"52926","1","7/20/2013 12:00:00 AM"
"52928","1","7/20/2013 12:00:00 AM"
"52928","10","7/20/2013 12:00:00 AM"
"52929","1","7/20/2013 12:00:00 AM"
"52931","1","7/21/2013 12:00:00 AM"
"52931","10","7/21/2013 12:00:00 AM"
"52932","1","7/21/2013 12:00:00 AM"
"52933","1","7/21/2013 12:00:00 AM"
"52934","4","7/21/2013 12:00:00 AM"
"52935","1","7/21/2013 12:00:00 AM"
"52936","1","7/21/2013 12:00:00 AM"
"52937","6","7/21/2013 12:00:00 AM"
"52938","1","7/21/2013 12:00:00 AM"
"52939","1","7/21/2013 12:00:00 AM"
"52939","10","7/21/2013 12:00:00 AM"
"52940","1","7/21/2013 12:00:00 AM"
"52941","1","7/21/2013 12:00:00 AM"
"52942","1","7/21/2013 12:00:00 AM"
"52943","1","7/21/2013 12:00:00 AM"
"52944","1","7/21/2013 12:00:00 AM"
"52945","1","7/21/2013 12:00:00 AM"
"52946","1","7/21/2013 12:00:00 AM"
"52947","1","7/21/2013 12:00:00 AM"
"52948","1","7/21/2013 12:00:00 AM"
"52949","1","7/21/2013 12:00:00 AM"
"52950","1","7/21/2013 12:00:00 AM"
"52951","1","7/21/2013 12:00:00 AM"
"52951","10","7/21/2013 12:00:00 AM"
"52952","1","7/21/2013 12:00:00 AM"
"52953","1","7/21/2013 12:00:00 AM"
"52954","1","7/21/2013 12:00:00 AM"
"52955","2","7/21/2013 12:00:00 AM"
"52956","2","7/21/2013 12:00:00 AM"
"52959","1","7/21/2013 12:00:00 AM"
"52960","1","7/21/2013 12:00:00 AM"
"52960","2","7/21/2013 12:00:00 AM"
"52960","10","7/21/2013 12:00:00 AM"
"52961","1","7/21/2013 12:00:00 AM"
"52963","1","7/22/2013 12:00:00 AM"
"52964","1","7/22/2013 12:00:00 AM"
"52964","2","7/22/2013 12:00:00 AM"
"52966","2","7/22/2013 12:00:00 AM"
"52967","1","7/22/2013 12:00:00 AM"
"52968","4","7/22/2013 12:00:00 AM"
"52969","1","7/22/2013 12:00:00 AM"
"52970","1","7/22/2013 12:00:00 AM"
"52971","4","7/22/2013 12:00:00 AM"
"52972","1","7/22/2013 12:00:00 AM"
"52973","1","7/22/2013 12:00:00 AM"
"52974","1","7/22/2013 12:00:00 AM"
"52976","1","7/22/2013 12:00:00 AM"
"52977","1","7/22/2013 12:00:00 AM"
"52979","1","7/22/2013 12:00:00 AM"
"52980","1","7/22/2013 12:00:00 AM"
"52981","4","7/22/2013 12:00:00 AM"
"52982","1","7/22/2013 12:00:00 AM"
"52983","1","7/22/2013 12:00:00 AM"
"52984","1","7/22/2013 12:00:00 AM"
"52985","1","7/22/2013 12:00:00 AM"
"52986","1","7/22/2013 12:00:00 AM"
"52987","1","7/22/2013 12:00:00 AM"
"52988","1","7/22/2013 12:00:00 AM"
"52989","1","7/22/2013 12:00:00 AM"
"52990","1","7/22/2013 12:00:00 AM"
"52991","1","7/22/2013 12:00:00 AM"
"52992","1","7/22/2013 12:00:00 AM"
"52993","1","7/22/2013 12:00:00 AM"
"52994","1","7/22/2013 12:00:00 AM"
"52995","1","7/22/2013 12:00:00 AM"
"52995","10","7/22/2013 12:00:00 AM"
"52996","1","7/22/2013 12:00:00 AM"
"52997","1","7/22/2013 12:00:00 AM"
"52997","2","7/22/2013 12:00:00 AM"
"52998","1","7/22/2013 12:00:00 AM"
"52999","2","7/22/2013 12:00:00 AM"
"53000","2","7/22/2013 12:00:00 AM"
"53003","1","7/22/2013 12:00:00 AM"
"53004","1","7/23/2013 12:00:00 AM"
"53004","2","7/23/2013 12:00:00 AM"
"53006","1","7/23/2013 12:00:00 AM"
"53007","1","7/23/2013 12:00:00 AM"
"53008","1","7/23/2013 12:00:00 AM"
"53009","1","7/23/2013 12:00:00 AM"
"53011","1","7/23/2013 12:00:00 AM"
"53012","1","7/23/2013 12:00:00 AM"
"53013","1","7/23/2013 12:00:00 AM"
"53013","10","7/23/2013 12:00:00 AM"
"53014","1","7/23/2013 12:00:00 AM"
"53015","1","7/23/2013 12:00:00 AM"
"53016","1","7/23/2013 12:00:00 AM"
"53017","1","7/23/2013 12:00:00 AM"
"53018","1","7/23/2013 12:00:00 AM"
"53019","1","7/23/2013 12:00:00 AM"
"53020","1","7/23/2013 12:00:00 AM"
"53021","1","7/23/2013 12:00:00 AM"
"53022","1","7/23/2013 12:00:00 AM"
"53023","1","7/23/2013 12:00:00 AM"
"53024","1","7/23/2013 12:00:00 AM"
"53025","1","7/23/2013 12:00:00 AM"
"53026","1","7/23/2013 12:00:00 AM"
"53027","1","7/23/2013 12:00:00 AM"
"53028","1","7/23/2013 12:00:00 AM"
"53029","1","7/23/2013 12:00:00 AM"
"53030","1","7/23/2013 12:00:00 AM"
"53031","1","7/23/2013 12:00:00 AM"
"53032","6","7/23/2013 12:00:00 AM"
"53033","1","7/23/2013 12:00:00 AM"
"53034","1","7/23/2013 12:00:00 AM"
"53035","1","7/23/2013 12:00:00 AM"
"53036","1","7/23/2013 12:00:00 AM"
"53036","10","7/23/2013 12:00:00 AM"
"53037","1","7/23/2013 12:00:00 AM"
"53037","10","7/23/2013 12:00:00 AM"
"53038","1","7/23/2013 12:00:00 AM"
"53039","1","7/23/2013 12:00:00 AM"
"53040","1","7/23/2013 12:00:00 AM"
"53041","1","7/23/2013 12:00:00 AM"
"53042","1","7/23/2013 12:00:00 AM"
"53043","1","7/23/2013 12:00:00 AM"
"53043","10","7/23/2013 12:00:00 AM"
"53044","1","7/23/2013 12:00:00 AM"
"53045","1","7/23/2013 12:00:00 AM"
"53046","1","7/23/2013 12:00:00 AM"
"53047","1","7/23/2013 12:00:00 AM"
"53047","2","7/23/2013 12:00:00 AM"
"53048","1","7/23/2013 12:00:00 AM"
"53048","2","7/23/2013 12:00:00 AM"
"53049","1","7/23/2013 12:00:00 AM"
"53050","1","7/23/2013 12:00:00 AM"
"53051","2","7/23/2013 12:00:00 AM"
"53052","1","7/23/2013 12:00:00 AM"
"53052","2","7/23/2013 12:00:00 AM"
"53054","1","7/23/2013 12:00:00 AM"
"53055","1","7/23/2013 12:00:00 AM"
"53056","1","7/23/2013 12:00:00 AM"
"53057","2","7/23/2013 12:00:00 AM"
"53058","1","7/23/2013 12:00:00 AM"
"53058","2","7/23/2013 12:00:00 AM"
"53060","1","7/23/2013 12:00:00 AM"
"53062","1","7/23/2013 12:00:00 AM"
"53063","1","7/23/2013 12:00:00 AM"
"53063","2","7/23/2013 12:00:00 AM"
"53064","1","7/23/2013 12:00:00 AM"
"53064","2","7/23/2013 12:00:00 AM"
"53065","1","7/23/2013 12:00:00 AM"
"53065","2","7/23/2013 12:00:00 AM"
"53066","1","7/23/2013 12:00:00 AM"
"53066","2","7/23/2013 12:00:00 AM"
"53068","2","7/24/2013 12:00:00 AM"
"53069","6","7/24/2013 12:00:00 AM"
"53070","1","7/24/2013 12:00:00 AM"
"53071","1","7/24/2013 12:00:00 AM"
"53072","1","7/24/2013 12:00:00 AM"
"53073","1","7/24/2013 12:00:00 AM"
"53073","10","7/24/2013 12:00:00 AM"
"53074","1","7/24/2013 12:00:00 AM"
"53075","1","7/24/2013 12:00:00 AM"
"53076","1","7/24/2013 12:00:00 AM"
"53077","1","7/24/2013 12:00:00 AM"
"53078","1","7/24/2013 12:00:00 AM"
"53079","1","7/24/2013 12:00:00 AM"
"53080","1","7/24/2013 12:00:00 AM"
"53080","10","7/24/2013 12:00:00 AM"
"53081","1","7/24/2013 12:00:00 AM"
"53082","1","7/24/2013 12:00:00 AM"
"53083","1","7/24/2013 12:00:00 AM"
"53083","2","7/24/2013 12:00:00 AM"
"53084","1","7/24/2013 12:00:00 AM"
"53085","1","7/24/2013 12:00:00 AM"
"53086","1","7/24/2013 12:00:00 AM"
"53087","1","7/24/2013 12:00:00 AM"
"53088","1","7/24/2013 12:00:00 AM"
"53089","1","7/24/2013 12:00:00 AM"
"53090","1","7/24/2013 12:00:00 AM"
"53091","1","7/24/2013 12:00:00 AM"
"53092","1","7/24/2013 12:00:00 AM"
"53093","1","7/24/2013 12:00:00 AM"
"53094","4","7/24/2013 12:00:00 AM"
"53095","1","7/24/2013 12:00:00 AM"
"53096","1","7/24/2013 12:00:00 AM"
"53097","1","7/24/2013 12:00:00 AM"
"53098","6","7/24/2013 12:00:00 AM"
"53100","1","7/24/2013 12:00:00 AM"
"53101","1","7/24/2013 12:00:00 AM"
"53102","1","7/24/2013 12:00:00 AM"
"53103","1","7/24/2013 12:00:00 AM"
"53104","1","7/24/2013 12:00:00 AM"
"53104","10","7/24/2013 12:00:00 AM"
"53105","1","7/24/2013 12:00:00 AM"
"53106","1","7/24/2013 12:00:00 AM"
"53107","1","7/24/2013 12:00:00 AM"
"53108","1","7/24/2013 12:00:00 AM"
"53109","1","7/24/2013 12:00:00 AM"
"53110","1","7/24/2013 12:00:00 AM"
"53111","1","7/24/2013 12:00:00 AM"
"53112","1","7/24/2013 12:00:00 AM"
"53113","1","7/24/2013 12:00:00 AM"
"53114","1","7/24/2013 12:00:00 AM"
"53115","1","7/24/2013 12:00:00 AM"
"53116","1","7/24/2013 12:00:00 AM"
"53117","1","7/24/2013 12:00:00 AM"
"53117","10","7/24/2013 12:00:00 AM"
"53118","1","7/24/2013 12:00:00 AM"
"53118","10","7/24/2013 12:00:00 AM"
"53119","2","7/24/2013 12:00:00 AM"
"53120","1","7/24/2013 12:00:00 AM"
"53121","1","7/24/2013 12:00:00 AM"
"53122","1","7/24/2013 12:00:00 AM"
"53123","1","7/24/2013 12:00:00 AM"
"53124","1","7/24/2013 12:00:00 AM"
"53125","1","7/24/2013 12:00:00 AM"
"53126","2","7/24/2013 12:00:00 AM"
"53127","1","7/24/2013 12:00:00 AM"
"53128","1","7/24/2013 12:00:00 AM"
"53128","2","7/24/2013 12:00:00 AM"
"53129","1","7/24/2013 12:00:00 AM"
"53130","1","7/24/2013 12:00:00 AM"
"53131","1","7/24/2013 12:00:00 AM"
"53131","2","7/24/2013 12:00:00 AM"
"53131","10","7/24/2013 12:00:00 AM"
"53134","1","7/25/2013 12:00:00 AM"
"53135","1","7/25/2013 12:00:00 AM"
"53136","1","7/25/2013 12:00:00 AM"
"53137","1","7/25/2013 12:00:00 AM"
"53138","4","7/25/2013 12:00:00 AM"
"53138","10","7/25/2013 12:00:00 AM"
"53139","1","7/25/2013 12:00:00 AM"
"53139","10","7/25/2013 12:00:00 AM"
"53140","1","7/25/2013 12:00:00 AM"
"53141","1","7/25/2013 12:00:00 AM"
"53141","2","7/25/2013 12:00:00 AM"
"53142","4","7/25/2013 12:00:00 AM"
"53143","1","7/25/2013 12:00:00 AM"
"53144","1","7/25/2013 12:00:00 AM"
"53145","1","7/25/2013 12:00:00 AM"
"53145","10","7/25/2013 12:00:00 AM"
"53146","1","7/25/2013 12:00:00 AM"
"53147","1","7/25/2013 12:00:00 AM"
"53147","10","7/25/2013 12:00:00 AM"
"53148","1","7/25/2013 12:00:00 AM"
"53149","1","7/25/2013 12:00:00 AM"
"53150","1","7/25/2013 12:00:00 AM"
"53151","1","7/25/2013 12:00:00 AM"
"53152","6","7/25/2013 12:00:00 AM"
"53153","1","7/25/2013 12:00:00 AM"
"53154","1","7/25/2013 12:00:00 AM"
"53155","1","7/25/2013 12:00:00 AM"
"53156","4","7/25/2013 12:00:00 AM"
"53157","1","7/25/2013 12:00:00 AM"
"53158","1","7/25/2013 12:00:00 AM"
"53159","1","7/25/2013 12:00:00 AM"
"53160","1","7/25/2013 12:00:00 AM"
"53161","1","7/25/2013 12:00:00 AM"
"53162","1","7/25/2013 12:00:00 AM"
"53163","1","7/25/2013 12:00:00 AM"
"53164","1","7/25/2013 12:00:00 AM"
"53165","1","7/25/2013 12:00:00 AM"
"53166","1","7/25/2013 12:00:00 AM"
"53167","1","7/25/2013 12:00:00 AM"
"53168","1","7/25/2013 12:00:00 AM"
"53169","1","7/25/2013 12:00:00 AM"
"53170","1","7/25/2013 12:00:00 AM"
"53171","1","7/25/2013 12:00:00 AM"
"53173","2","7/25/2013 12:00:00 AM"
"53174","1","7/25/2013 12:00:00 AM"
"53174","2","7/25/2013 12:00:00 AM"
"53175","1","7/25/2013 12:00:00 AM"
"53175","2","7/25/2013 12:00:00 AM"
"53176","2","7/25/2013 12:00:00 AM"
"53177","1","7/25/2013 12:00:00 AM"
"53178","1","7/25/2013 12:00:00 AM"
"53180","1","7/25/2013 12:00:00 AM"
"53185","1","7/26/2013 12:00:00 AM"
"53186","1","7/26/2013 12:00:00 AM"
"53186","10","7/26/2013 12:00:00 AM"
"53187","1","7/26/2013 12:00:00 AM"
"53188","1","7/26/2013 12:00:00 AM"
"53189","1","7/26/2013 12:00:00 AM"
"53190","1","7/26/2013 12:00:00 AM"
"53191","1","7/26/2013 12:00:00 AM"
"53192","6","7/26/2013 12:00:00 AM"
"53193","1","7/26/2013 12:00:00 AM"
"53193","10","7/26/2013 12:00:00 AM"
"53194","1","7/26/2013 12:00:00 AM"
"53195","1","7/26/2013 12:00:00 AM"
"53197","4","7/26/2013 12:00:00 AM"
"53198","1","7/26/2013 12:00:00 AM"
"53199","1","7/26/2013 12:00:00 AM"
"53200","1","7/26/2013 12:00:00 AM"
"53201","4","7/26/2013 12:00:00 AM"
"53201","10","7/26/2013 12:00:00 AM"
"53203","1","7/26/2013 12:00:00 AM"
"53204","1","7/26/2013 12:00:00 AM"
"53204","10","7/26/2013 12:00:00 AM"
"53205","1","7/26/2013 12:00:00 AM"
"53205","10","7/26/2013 12:00:00 AM"
"53206","1","7/26/2013 12:00:00 AM"
"53207","1","7/26/2013 12:00:00 AM"
"53208","1","7/26/2013 12:00:00 AM"
"53209","1","7/26/2013 12:00:00 AM"
"53210","1","7/26/2013 12:00:00 AM"
"53211","1","7/26/2013 12:00:00 AM"
"53212","1","7/26/2013 12:00:00 AM"
"53213","1","7/26/2013 12:00:00 AM"
"53214","1","7/26/2013 12:00:00 AM"
"53215","1","7/26/2013 12:00:00 AM"
"53216","1","7/26/2013 12:00:00 AM"
"53217","6","7/26/2013 12:00:00 AM"
"53218","1","7/26/2013 12:00:00 AM"
"53219","1","7/26/2013 12:00:00 AM"
"53219","10","7/26/2013 12:00:00 AM"
"53220","1","7/26/2013 12:00:00 AM"
"53221","1","7/26/2013 12:00:00 AM"
"53222","1","7/26/2013 12:00:00 AM"
"53223","1","7/26/2013 12:00:00 AM"
"53225","1","7/26/2013 12:00:00 AM"
"53228","1","7/26/2013 12:00:00 AM"
"53229","1","7/26/2013 12:00:00 AM"
"53230","1","7/26/2013 12:00:00 AM"
"53231","1","7/26/2013 12:00:00 AM"
"53232","1","7/26/2013 12:00:00 AM"
"53233","6","7/26/2013 12:00:00 AM"
"53234","1","7/26/2013 12:00:00 AM"
"53235","1","7/26/2013 12:00:00 AM"
"53236","1","7/26/2013 12:00:00 AM"
"53239","1","7/26/2013 12:00:00 AM"
"53240","2","7/27/2013 12:00:00 AM"
"53241","1","7/27/2013 12:00:00 AM"
"53241","2","7/27/2013 12:00:00 AM"
"53243","4","7/27/2013 12:00:00 AM"
"53244","1","7/27/2013 12:00:00 AM"
"53245","1","7/27/2013 12:00:00 AM"
"53246","1","7/27/2013 12:00:00 AM"
"53247","4","7/27/2013 12:00:00 AM"
"53248","1","7/27/2013 12:00:00 AM"
"53249","1","7/27/2013 12:00:00 AM"
"53250","1","7/27/2013 12:00:00 AM"
"53251","1","7/27/2013 12:00:00 AM"
"53252","1","7/27/2013 12:00:00 AM"
"53252","10","7/27/2013 12:00:00 AM"
"53253","1","7/27/2013 12:00:00 AM"
"53254","1","7/27/2013 12:00:00 AM"
"53255","1","7/27/2013 12:00:00 AM"
"53255","10","7/27/2013 12:00:00 AM"
"53256","1","7/27/2013 12:00:00 AM"
"53257","1","7/27/2013 12:00:00 AM"
"53258","1","7/27/2013 12:00:00 AM"
"53259","1","7/27/2013 12:00:00 AM"
"53260","1","7/27/2013 12:00:00 AM"
"53261","6","7/27/2013 12:00:00 AM"
"53262","1","7/27/2013 12:00:00 AM"
"53263","1","7/27/2013 12:00:00 AM"
"53264","1","7/27/2013 12:00:00 AM"
"53265","1","7/27/2013 12:00:00 AM"
"53266","1","7/27/2013 12:00:00 AM"
"53267","1","7/27/2013 12:00:00 AM"
"53268","1","7/27/2013 12:00:00 AM"
"53269","1","7/27/2013 12:00:00 AM"
"53270","1","7/27/2013 12:00:00 AM"
"53271","1","7/27/2013 12:00:00 AM"
"53272","1","7/27/2013 12:00:00 AM"
"53273","1","7/27/2013 12:00:00 AM"
"53274","1","7/27/2013 12:00:00 AM"
"53275","1","7/27/2013 12:00:00 AM"
"53276","1","7/27/2013 12:00:00 AM"
"53277","1","7/27/2013 12:00:00 AM"
"53278","1","7/27/2013 12:00:00 AM"
"53279","1","7/27/2013 12:00:00 AM"
"53280","1","7/27/2013 12:00:00 AM"
"53281","1","7/27/2013 12:00:00 AM"
"53282","1","7/27/2013 12:00:00 AM"
"53283","1","7/27/2013 12:00:00 AM"
"53283","2","7/27/2013 12:00:00 AM"
"53284","1","7/27/2013 12:00:00 AM"
"53286","1","7/27/2013 12:00:00 AM"
"53288","1","7/27/2013 12:00:00 AM"
"53289","1","7/28/2013 12:00:00 AM"
"53291","1","7/28/2013 12:00:00 AM"
"53292","1","7/28/2013 12:00:00 AM"
"53293","1","7/28/2013 12:00:00 AM"
"53294","1","7/28/2013 12:00:00 AM"
"53295","1","7/28/2013 12:00:00 AM"
"53296","1","7/28/2013 12:00:00 AM"
"53296","10","7/28/2013 12:00:00 AM"
"53297","1","7/28/2013 12:00:00 AM"
"53298","1","7/28/2013 12:00:00 AM"
"53299","1","7/28/2013 12:00:00 AM"
"53299","10","7/28/2013 12:00:00 AM"
"53300","1","7/28/2013 12:00:00 AM"
"53301","1","7/28/2013 12:00:00 AM"
"53302","1","7/28/2013 12:00:00 AM"
"53303","1","7/28/2013 12:00:00 AM"
"53304","1","7/28/2013 12:00:00 AM"
"53305","1","7/28/2013 12:00:00 AM"
"53306","4","7/28/2013 12:00:00 AM"
"53307","1","7/28/2013 12:00:00 AM"
"53308","1","7/28/2013 12:00:00 AM"
"53309","1","7/28/2013 12:00:00 AM"
"53310","6","7/28/2013 12:00:00 AM"
"53311","1","7/28/2013 12:00:00 AM"
"53312","1","7/28/2013 12:00:00 AM"
"53313","1","7/28/2013 12:00:00 AM"
"53314","1","7/28/2013 12:00:00 AM"
"53315","1","7/28/2013 12:00:00 AM"
"53316","1","7/28/2013 12:00:00 AM"
"53317","1","7/28/2013 12:00:00 AM"
"53318","1","7/28/2013 12:00:00 AM"
"53319","1","7/28/2013 12:00:00 AM"
"53320","1","7/28/2013 12:00:00 AM"
"53321","1","7/28/2013 12:00:00 AM"
"53322","1","7/28/2013 12:00:00 AM"
"53323","1","7/28/2013 12:00:00 AM"
"53324","1","7/28/2013 12:00:00 AM"
"53325","4","7/28/2013 12:00:00 AM"
"53326","1","7/28/2013 12:00:00 AM"
"53327","1","7/28/2013 12:00:00 AM"
"53328","1","7/28/2013 12:00:00 AM"
"53329","1","7/28/2013 12:00:00 AM"
"53329","2","7/28/2013 12:00:00 AM"
"53330","6","7/28/2013 12:00:00 AM"
"53332","1","7/28/2013 12:00:00 AM"
"53332","10","7/28/2013 12:00:00 AM"
"53333","1","7/28/2013 12:00:00 AM"
"53333","2","7/28/2013 12:00:00 AM"
"53334","1","7/28/2013 12:00:00 AM"
"53335","1","7/28/2013 12:00:00 AM"
"53336","1","7/28/2013 12:00:00 AM"
"53337","1","7/28/2013 12:00:00 AM"
"53338","5","7/28/2013 12:00:00 AM"
"53344","1","7/28/2013 12:00:00 AM"
"53344","2","7/28/2013 12:00:00 AM"
"53345","1","7/29/2013 12:00:00 AM"
"53345","2","7/29/2013 12:00:00 AM"
"53346","1","7/29/2013 12:00:00 AM"
"53347","1","7/29/2013 12:00:00 AM"
"53348","1","7/29/2013 12:00:00 AM"
"53349","1","7/29/2013 12:00:00 AM"
"53349","2","7/29/2013 12:00:00 AM"
"53350","1","7/29/2013 12:00:00 AM"
"53351","1","7/29/2013 12:00:00 AM"
"53351","10","7/29/2013 12:00:00 AM"
"53352","1","7/29/2013 12:00:00 AM"
"53353","1","7/29/2013 12:00:00 AM"
"53354","1","7/29/2013 12:00:00 AM"
"53355","6","7/29/2013 12:00:00 AM"
"53356","1","7/29/2013 12:00:00 AM"
"53357","1","7/29/2013 12:00:00 AM"
"53358","1","7/29/2013 12:00:00 AM"
"53359","1","7/29/2013 12:00:00 AM"
"53360","6","7/29/2013 12:00:00 AM"
"53361","1","7/29/2013 12:00:00 AM"
"53362","1","7/29/2013 12:00:00 AM"
"53363","1","7/29/2013 12:00:00 AM"
"53364","1","7/29/2013 12:00:00 AM"
"53365","1","7/29/2013 12:00:00 AM"
"53366","4","7/29/2013 12:00:00 AM"
"53367","4","7/29/2013 12:00:00 AM"
"53368","1","7/29/2013 12:00:00 AM"
"53369","1","7/29/2013 12:00:00 AM"
"53370","1","7/29/2013 12:00:00 AM"
"53371","1","7/29/2013 12:00:00 AM"
"53372","1","7/29/2013 12:00:00 AM"
"53373","1","7/29/2013 12:00:00 AM"
"53374","1","7/29/2013 12:00:00 AM"
"53375","1","7/29/2013 12:00:00 AM"
"53375","10","7/29/2013 12:00:00 AM"
"53376","1","7/29/2013 12:00:00 AM"
"53377","4","7/29/2013 12:00:00 AM"
"53377","10","7/29/2013 12:00:00 AM"
"53378","1","7/29/2013 12:00:00 AM"
"53379","1","7/29/2013 12:00:00 AM"
"53380","1","7/29/2013 12:00:00 AM"
"53381","1","7/29/2013 12:00:00 AM"
"53382","1","7/29/2013 12:00:00 AM"
"53383","1","7/29/2013 12:00:00 AM"
"53384","1","7/29/2013 12:00:00 AM"
"53385","1","7/29/2013 12:00:00 AM"
"53386","1","7/29/2013 12:00:00 AM"
"53387","1","7/29/2013 12:00:00 AM"
"53388","1","7/29/2013 12:00:00 AM"
"53389","1","7/29/2013 12:00:00 AM"
"53390","1","7/29/2013 12:00:00 AM"
"53392","2","7/29/2013 12:00:00 AM"
"53393","1","7/29/2013 12:00:00 AM"
"53393","2","7/29/2013 12:00:00 AM"
"53394","1","7/29/2013 12:00:00 AM"
"53395","1","7/29/2013 12:00:00 AM"
"53397","1","7/29/2013 12:00:00 AM"
"53397","2","7/29/2013 12:00:00 AM"
"53399","1","7/30/2013 12:00:00 AM"
"53400","1","7/30/2013 12:00:00 AM"
"53401","1","7/30/2013 12:00:00 AM"
"53401","10","7/30/2013 12:00:00 AM"
"53402","1","7/30/2013 12:00:00 AM"
"53403","1","7/30/2013 12:00:00 AM"
"53403","10","7/30/2013 12:00:00 AM"
"53404","1","7/30/2013 12:00:00 AM"
"53405","1","7/30/2013 12:00:00 AM"
"53406","4","7/30/2013 12:00:00 AM"
"53407","1","7/30/2013 12:00:00 AM"
"53408","1","7/30/2013 12:00:00 AM"
"53409","1","7/30/2013 12:00:00 AM"
"53410","1","7/30/2013 12:00:00 AM"
"53411","1","7/30/2013 12:00:00 AM"
"53412","4","7/30/2013 12:00:00 AM"
"53413","1","7/30/2013 12:00:00 AM"
"53414","1","7/30/2013 12:00:00 AM"
"53415","1","7/30/2013 12:00:00 AM"
"53416","1","7/30/2013 12:00:00 AM"
"53417","1","7/30/2013 12:00:00 AM"
"53418","6","7/30/2013 12:00:00 AM"
"53419","6","7/30/2013 12:00:00 AM"
"53420","1","7/30/2013 12:00:00 AM"
"53421","1","7/30/2013 12:00:00 AM"
"53422","1","7/30/2013 12:00:00 AM"
"53423","1","7/30/2013 12:00:00 AM"
"53424","1","7/30/2013 12:00:00 AM"
"53425","1","7/30/2013 12:00:00 AM"
"53426","1","7/30/2013 12:00:00 AM"
"53427","1","7/30/2013 12:00:00 AM"
"53428","1","7/30/2013 12:00:00 AM"
"53429","1","7/30/2013 12:00:00 AM"
"53430","1","7/30/2013 12:00:00 AM"
"53431","1","7/30/2013 12:00:00 AM"
"53432","1","7/30/2013 12:00:00 AM"
"53433","1","7/30/2013 12:00:00 AM"
"53434","1","7/30/2013 12:00:00 AM"
"53434","10","7/30/2013 12:00:00 AM"
"53435","2","7/30/2013 12:00:00 AM"
"53436","1","7/30/2013 12:00:00 AM"
"53436","10","7/30/2013 12:00:00 AM"
"53437","1","7/30/2013 12:00:00 AM"
"53438","1","7/30/2013 12:00:00 AM"
"53441","1","7/30/2013 12:00:00 AM"
"53442","1","7/30/2013 12:00:00 AM"
"53442","2","7/30/2013 12:00:00 AM"
"53443","1","7/30/2013 12:00:00 AM"
"53443","2","7/30/2013 12:00:00 AM"
"53446","1","7/30/2013 12:00:00 AM"
"53447","1","7/30/2013 12:00:00 AM"
"53447","2","7/30/2013 12:00:00 AM"
"53448","1","7/30/2013 12:00:00 AM"
"53626","1","7/31/2013 12:00:00 AM"
"53626","10","7/31/2013 12:00:00 AM"
"53627","1","7/31/2013 12:00:00 AM"
"53628","2","7/31/2013 12:00:00 AM"
"53629","1","7/31/2013 12:00:00 AM"
"53630","1","7/31/2013 12:00:00 AM"
"53631","1","7/31/2013 12:00:00 AM"
"53631","10","7/31/2013 12:00:00 AM"
"53632","1","7/31/2013 12:00:00 AM"
"53633","1","7/31/2013 12:00:00 AM"
"53634","1","7/31/2013 12:00:00 AM"
"53635","1","7/31/2013 12:00:00 AM"
"53635","10","7/31/2013 12:00:00 AM"
"53636","1","7/31/2013 12:00:00 AM"
"53637","1","7/31/2013 12:00:00 AM"
"53638","1","7/31/2013 12:00:00 AM"
"53639","1","7/31/2013 12:00:00 AM"
"53640","6","7/31/2013 12:00:00 AM"
"53641","1","7/31/2013 12:00:00 AM"
"53642","1","7/31/2013 12:00:00 AM"
"53643","1","7/31/2013 12:00:00 AM"
"53644","1","7/31/2013 12:00:00 AM"
"53645","1","7/31/2013 12:00:00 AM"
"53646","1","7/31/2013 12:00:00 AM"
"53647","1","7/31/2013 12:00:00 AM"
"53648","1","7/31/2013 12:00:00 AM"
"53649","1","7/31/2013 12:00:00 AM"
"53650","1","7/31/2013 12:00:00 AM"
"53651","1","7/31/2013 12:00:00 AM"
"53653","1","7/31/2013 12:00:00 AM"
"53654","2","7/31/2013 12:00:00 AM"
"53655","1","7/31/2013 12:00:00 AM"
"53656","2","7/31/2013 12:00:00 AM"
"53661","1","7/31/2013 12:00:00 AM"
"53663","1","8/1/2013 12:00:00 AM"
"53663","2","8/1/2013 12:00:00 AM"
"53664","2","8/1/2013 12:00:00 AM"
"53665","1","8/1/2013 12:00:00 AM"
"53666","6","8/1/2013 12:00:00 AM"
"53667","1","8/1/2013 12:00:00 AM"
"53668","1","8/1/2013 12:00:00 AM"
"53668","10","8/1/2013 12:00:00 AM"
"53669","1","8/1/2013 12:00:00 AM"
"53670","1","8/1/2013 12:00:00 AM"
"53670","10","8/1/2013 12:00:00 AM"
"53671","1","8/1/2013 12:00:00 AM"
"53672","1","8/1/2013 12:00:00 AM"
"53673","1","8/1/2013 12:00:00 AM"
"53674","1","8/1/2013 12:00:00 AM"
"53675","1","8/1/2013 12:00:00 AM"
"53676","2","8/1/2013 12:00:00 AM"
"53677","1","8/1/2013 12:00:00 AM"
"53678","1","8/1/2013 12:00:00 AM"
"53679","1","8/1/2013 12:00:00 AM"
"53680","1","8/1/2013 12:00:00 AM"
"53681","1","8/1/2013 12:00:00 AM"
"53682","1","8/1/2013 12:00:00 AM"
"53683","1","8/1/2013 12:00:00 AM"
"53684","1","8/1/2013 12:00:00 AM"
"53685","1","8/1/2013 12:00:00 AM"
"53686","1","8/1/2013 12:00:00 AM"
"53687","6","8/1/2013 12:00:00 AM"
"53688","1","8/1/2013 12:00:00 AM"
"53689","1","8/1/2013 12:00:00 AM"
"53689","10","8/1/2013 12:00:00 AM"
"53690","1","8/1/2013 12:00:00 AM"
"53691","1","8/1/2013 12:00:00 AM"
"53691","10","8/1/2013 12:00:00 AM"
"53692","1","8/1/2013 12:00:00 AM"
"53693","1","8/1/2013 12:00:00 AM"
"53694","4","8/1/2013 12:00:00 AM"
"53695","1","8/1/2013 12:00:00 AM"
"53696","1","8/1/2013 12:00:00 AM"
"53696","10","8/1/2013 12:00:00 AM"
"53697","1","8/1/2013 12:00:00 AM"
"53698","4","8/1/2013 12:00:00 AM"
"53699","1","8/1/2013 12:00:00 AM"
"53700","4","8/1/2013 12:00:00 AM"
"53701","1","8/1/2013 12:00:00 AM"
"53702","1","8/1/2013 12:00:00 AM"
"53703","1","8/1/2013 12:00:00 AM"
"53704","1","8/1/2013 12:00:00 AM"
"53705","1","8/1/2013 12:00:00 AM"
"53706","1","8/1/2013 12:00:00 AM"
"53706","2","8/1/2013 12:00:00 AM"
"53708","1","8/1/2013 12:00:00 AM"
"53708","2","8/1/2013 12:00:00 AM"
"53710","2","8/1/2013 12:00:00 AM"
"53711","1","8/1/2013 12:00:00 AM"
"53712","1","8/1/2013 12:00:00 AM"
"53713","1","8/1/2013 12:00:00 AM"
"53714","1","8/1/2013 12:00:00 AM"
"53714","2","8/1/2013 12:00:00 AM"
"53714","10","8/1/2013 12:00:00 AM"
"53715","1","8/1/2013 12:00:00 AM"
"53717","1","8/1/2013 12:00:00 AM"
"53717","2","8/1/2013 12:00:00 AM"
"53717","10","8/1/2013 12:00:00 AM"
"53718","1","8/1/2013 12:00:00 AM"
"53718","2","8/1/2013 12:00:00 AM"
"53719","1","8/1/2013 12:00:00 AM"
"53719","2","8/1/2013 12:00:00 AM"
"53720","1","8/2/2013 12:00:00 AM"
"53721","2","8/2/2013 12:00:00 AM"
"53722","1","8/2/2013 12:00:00 AM"
"53723","4","8/2/2013 12:00:00 AM"
"53724","1","8/2/2013 12:00:00 AM"
"53725","1","8/2/2013 12:00:00 AM"
"53726","1","8/2/2013 12:00:00 AM"
"53727","1","8/2/2013 12:00:00 AM"
"53728","1","8/2/2013 12:00:00 AM"
"53729","1","8/2/2013 12:00:00 AM"
"53730","2","8/2/2013 12:00:00 AM"
"53731","1","8/2/2013 12:00:00 AM"
"53732","1","8/2/2013 12:00:00 AM"
"53733","1","8/2/2013 12:00:00 AM"
"53734","1","8/2/2013 12:00:00 AM"
"53735","1","8/2/2013 12:00:00 AM"
"53736","1","8/2/2013 12:00:00 AM"
"53737","1","8/2/2013 12:00:00 AM"
"53738","1","8/2/2013 12:00:00 AM"
"53739","1","8/2/2013 12:00:00 AM"
"53740","1","8/2/2013 12:00:00 AM"
"53741","1","8/2/2013 12:00:00 AM"
"53742","1","8/2/2013 12:00:00 AM"
"53743","1","8/2/2013 12:00:00 AM"
"53743","10","8/2/2013 12:00:00 AM"
"53744","1","8/2/2013 12:00:00 AM"
"53745","1","8/2/2013 12:00:00 AM"
"53745","10","8/2/2013 12:00:00 AM"
"53746","1","8/2/2013 12:00:00 AM"
"53747","1","8/2/2013 12:00:00 AM"
"53748","1","8/2/2013 12:00:00 AM"
"53749","1","8/2/2013 12:00:00 AM"
"53750","1","8/2/2013 12:00:00 AM"
"53751","1","8/2/2013 12:00:00 AM"
"53752","1","8/2/2013 12:00:00 AM"
"53753","4","8/2/2013 12:00:00 AM"
"53754","1","8/2/2013 12:00:00 AM"
"53755","1","8/2/2013 12:00:00 AM"
"53756","1","8/2/2013 12:00:00 AM"
"53756","2","8/2/2013 12:00:00 AM"
"53757","1","8/2/2013 12:00:00 AM"
"53758","1","8/2/2013 12:00:00 AM"
"53760","1","8/2/2013 12:00:00 AM"
"53761","1","8/2/2013 12:00:00 AM"
"53763","2","8/2/2013 12:00:00 AM"
"53766","2","8/2/2013 12:00:00 AM"
"53767","1","8/2/2013 12:00:00 AM"
"53768","2","8/2/2013 12:00:00 AM"
"53769","1","8/2/2013 12:00:00 AM"
"53772","2","8/3/2013 12:00:00 AM"
"53774","1","8/3/2013 12:00:00 AM"
"53775","1","8/3/2013 12:00:00 AM"
"53776","1","8/3/2013 12:00:00 AM"
"53777","1","8/3/2013 12:00:00 AM"
"53778","1","8/3/2013 12:00:00 AM"
"53779","1","8/3/2013 12:00:00 AM"
"53780","1","8/3/2013 12:00:00 AM"
"53781","1","8/3/2013 12:00:00 AM"
"53782","1","8/3/2013 12:00:00 AM"
"53783","1","8/3/2013 12:00:00 AM"
"53783","2","8/3/2013 12:00:00 AM"
"53784","2","8/3/2013 12:00:00 AM"
"53785","1","8/3/2013 12:00:00 AM"
"53786","1","8/3/2013 12:00:00 AM"
"53787","1","8/3/2013 12:00:00 AM"
"53788","1","8/3/2013 12:00:00 AM"
"53790","1","8/3/2013 12:00:00 AM"
"53791","1","8/3/2013 12:00:00 AM"
"53792","1","8/3/2013 12:00:00 AM"
"53793","1","8/3/2013 12:00:00 AM"
"53794","1","8/3/2013 12:00:00 AM"
"53795","6","8/3/2013 12:00:00 AM"
"53796","1","8/3/2013 12:00:00 AM"
"53797","1","8/3/2013 12:00:00 AM"
"53798","1","8/3/2013 12:00:00 AM"
"53799","1","8/3/2013 12:00:00 AM"
"53800","1","8/3/2013 12:00:00 AM"
"53801","1","8/3/2013 12:00:00 AM"
"53802","1","8/3/2013 12:00:00 AM"
"53803","1","8/3/2013 12:00:00 AM"
"53804","1","8/3/2013 12:00:00 AM"
"53805","1","8/3/2013 12:00:00 AM"
"53806","1","8/3/2013 12:00:00 AM"
"53807","1","8/3/2013 12:00:00 AM"
"53808","1","8/3/2013 12:00:00 AM"
"53809","1","8/3/2013 12:00:00 AM"
"53810","1","8/3/2013 12:00:00 AM"
"53811","1","8/3/2013 12:00:00 AM"
"53811","10","8/3/2013 12:00:00 AM"
"53812","1","8/3/2013 12:00:00 AM"
"53813","1","8/3/2013 12:00:00 AM"
"53814","1","8/3/2013 12:00:00 AM"
"53815","1","8/3/2013 12:00:00 AM"
"53816","1","8/3/2013 12:00:00 AM"
"53817","1","8/3/2013 12:00:00 AM"
"53818","1","8/3/2013 12:00:00 AM"
"53819","1","8/3/2013 12:00:00 AM"
"53820","1","8/3/2013 12:00:00 AM"
"53821","2","8/3/2013 12:00:00 AM"
"53822","1","8/3/2013 12:00:00 AM"
"53823","1","8/3/2013 12:00:00 AM"
"53824","1","8/3/2013 12:00:00 AM"
"53825","1","8/3/2013 12:00:00 AM"
"53825","2","8/3/2013 12:00:00 AM"
"53825","10","8/3/2013 12:00:00 AM"
"53826","1","8/3/2013 12:00:00 AM"
"53826","2","8/3/2013 12:00:00 AM"
"53826","10","8/3/2013 12:00:00 AM"
"53828","1","8/3/2013 12:00:00 AM"
"53831","1","8/4/2013 12:00:00 AM"
"53831","10","8/4/2013 12:00:00 AM"
"53832","1","8/4/2013 12:00:00 AM"
"53833","6","8/4/2013 12:00:00 AM"
"53834","4","8/4/2013 12:00:00 AM"
"53835","1","8/4/2013 12:00:00 AM"
"53836","4","8/4/2013 12:00:00 AM"
"53836","10","8/4/2013 12:00:00 AM"
"53837","1","8/4/2013 12:00:00 AM"
"53837","10","8/4/2013 12:00:00 AM"
"53838","1","8/4/2013 12:00:00 AM"
"53839","1","8/4/2013 12:00:00 AM"
"53840","1","8/4/2013 12:00:00 AM"
"53841","1","8/4/2013 12:00:00 AM"
"53842","1","8/4/2013 12:00:00 AM"
"53843","6","8/4/2013 12:00:00 AM"
"53844","1","8/4/2013 12:00:00 AM"
"53845","1","8/4/2013 12:00:00 AM"
"53846","6","8/4/2013 12:00:00 AM"
"53847","1","8/4/2013 12:00:00 AM"
"53848","1","8/4/2013 12:00:00 AM"
"53849","1","8/4/2013 12:00:00 AM"
"53850","1","8/4/2013 12:00:00 AM"
"53851","1","8/4/2013 12:00:00 AM"
"53852","1","8/4/2013 12:00:00 AM"
"53853","1","8/4/2013 12:00:00 AM"
"53853","2","8/4/2013 12:00:00 AM"
"53854","1","8/4/2013 12:00:00 AM"
"53855","1","8/4/2013 12:00:00 AM"
"53857","1","8/4/2013 12:00:00 AM"
"53857","2","8/4/2013 12:00:00 AM"
"53858","1","8/4/2013 12:00:00 AM"
"53858","2","8/4/2013 12:00:00 AM"
"53859","1","8/4/2013 12:00:00 AM"
"53860","1","8/4/2013 12:00:00 AM"
"53862","6","8/4/2013 12:00:00 AM"
"53863","1","8/4/2013 12:00:00 AM"
"53863","2","8/4/2013 12:00:00 AM"
"53863","10","8/4/2013 12:00:00 AM"
"53865","2","8/4/2013 12:00:00 AM"
"53866","1","8/4/2013 12:00:00 AM"
"53868","5","8/4/2013 12:00:00 AM"
"53870","1","8/4/2013 12:00:00 AM"
"53870","2","8/4/2013 12:00:00 AM"
"53872","1","8/4/2013 12:00:00 AM"
"53873","1","8/4/2013 12:00:00 AM"
"53873","2","8/4/2013 12:00:00 AM"
"53875","1","8/5/2013 12:00:00 AM"
"53876","1","8/5/2013 12:00:00 AM"
"53876","2","8/5/2013 12:00:00 AM"
"53878","1","8/5/2013 12:00:00 AM"
"53878","2","8/5/2013 12:00:00 AM"
"53879","1","8/5/2013 12:00:00 AM"
"53880","4","8/5/2013 12:00:00 AM"
"53881","1","8/5/2013 12:00:00 AM"
"53881","10","8/5/2013 12:00:00 AM"
"53882","1","8/5/2013 12:00:00 AM"
"53883","1","8/5/2013 12:00:00 AM"
"53884","1","8/5/2013 12:00:00 AM"
"53885","1","8/5/2013 12:00:00 AM"
"53886","1","8/5/2013 12:00:00 AM"
"53887","1","8/5/2013 12:00:00 AM"
"53887","10","8/5/2013 12:00:00 AM"
"53888","1","8/5/2013 12:00:00 AM"
"53889","1","8/5/2013 12:00:00 AM"
"53890","1","8/5/2013 12:00:00 AM"
"53891","6","8/5/2013 12:00:00 AM"
"53892","6","8/5/2013 12:00:00 AM"
"53893","1","8/5/2013 12:00:00 AM"
"53894","1","8/5/2013 12:00:00 AM"
"53895","1","8/5/2013 12:00:00 AM"
"53896","1","8/5/2013 12:00:00 AM"
"53897","1","8/5/2013 12:00:00 AM"
"53898","1","8/5/2013 12:00:00 AM"
"53898","10","8/5/2013 12:00:00 AM"
"53899","1","8/5/2013 12:00:00 AM"
"53900","1","8/5/2013 12:00:00 AM"
"53901","1","8/5/2013 12:00:00 AM"
"53902","1","8/5/2013 12:00:00 AM"
"53903","1","8/5/2013 12:00:00 AM"
"53904","1","8/5/2013 12:00:00 AM"
"53905","1","8/5/2013 12:00:00 AM"
"53906","4","8/5/2013 12:00:00 AM"
"53907","1","8/5/2013 12:00:00 AM"
"53908","1","8/5/2013 12:00:00 AM"
"53909","1","8/5/2013 12:00:00 AM"
"53910","1","8/5/2013 12:00:00 AM"
"53912","1","8/5/2013 12:00:00 AM"
"53913","1","8/5/2013 12:00:00 AM"
"53913","2","8/5/2013 12:00:00 AM"
"53914","1","8/5/2013 12:00:00 AM"
"53915","2","8/5/2013 12:00:00 AM"
"53916","1","8/5/2013 12:00:00 AM"
"53918","1","8/5/2013 12:00:00 AM"
"53922","1","8/6/2013 12:00:00 AM"
"53923","1","8/6/2013 12:00:00 AM"
"53924","1","8/6/2013 12:00:00 AM"
"53925","6","8/6/2013 12:00:00 AM"
"53926","1","8/6/2013 12:00:00 AM"
"53927","1","8/6/2013 12:00:00 AM"
"53928","1","8/6/2013 12:00:00 AM"
"53929","1","8/6/2013 12:00:00 AM"
"53930","1","8/6/2013 12:00:00 AM"
"53931","1","8/6/2013 12:00:00 AM"
"53933","1","8/6/2013 12:00:00 AM"
"53933","10","8/6/2013 12:00:00 AM"
"53934","4","8/6/2013 12:00:00 AM"
"53934","10","8/6/2013 12:00:00 AM"
"53935","4","8/6/2013 12:00:00 AM"
"53936","1","8/6/2013 12:00:00 AM"
"53937","1","8/6/2013 12:00:00 AM"
"53938","1","8/6/2013 12:00:00 AM"
"53939","1","8/6/2013 12:00:00 AM"
"53940","1","8/6/2013 12:00:00 AM"
"53941","1","8/6/2013 12:00:00 AM"
"53942","1","8/6/2013 12:00:00 AM"
"53943","1","8/6/2013 12:00:00 AM"
"53944","1","8/6/2013 12:00:00 AM"
"53945","1","8/6/2013 12:00:00 AM"
"53946","1","8/6/2013 12:00:00 AM"
"53947","1","8/6/2013 12:00:00 AM"
"53948","4","8/6/2013 12:00:00 AM"
"53949","1","8/6/2013 12:00:00 AM"
"53950","1","8/6/2013 12:00:00 AM"
"53950","10","8/6/2013 12:00:00 AM"
"53951","1","8/6/2013 12:00:00 AM"
"53951","10","8/6/2013 12:00:00 AM"
"53952","1","8/6/2013 12:00:00 AM"
"53953","1","8/6/2013 12:00:00 AM"
"53954","1","8/6/2013 12:00:00 AM"
"53955","1","8/6/2013 12:00:00 AM"
"53956","1","8/6/2013 12:00:00 AM"
"53957","1","8/6/2013 12:00:00 AM"
"53958","1","8/6/2013 12:00:00 AM"
"53959","1","8/6/2013 12:00:00 AM"
"53960","1","8/6/2013 12:00:00 AM"
"53961","1","8/6/2013 12:00:00 AM"
"53962","1","8/6/2013 12:00:00 AM"
"53963","1","8/6/2013 12:00:00 AM"
"53964","1","8/6/2013 12:00:00 AM"
"53965","1","8/6/2013 12:00:00 AM"
"53965","2","8/6/2013 12:00:00 AM"
"53966","2","8/6/2013 12:00:00 AM"
"53967","1","8/6/2013 12:00:00 AM"
"53967","2","8/6/2013 12:00:00 AM"
"53967","10","8/6/2013 12:00:00 AM"
"53969","1","8/6/2013 12:00:00 AM"
"53970","1","8/6/2013 12:00:00 AM"
"53971","1","8/6/2013 12:00:00 AM"
"53971","2","8/6/2013 12:00:00 AM"
"53972","2","8/6/2013 12:00:00 AM"
"53973","1","8/6/2013 12:00:00 AM"
"53974","1","8/6/2013 12:00:00 AM"
"53976","5","8/6/2013 12:00:00 AM"
"53978","1","8/7/2013 12:00:00 AM"
"53979","1","8/7/2013 12:00:00 AM"
"53980","1","8/7/2013 12:00:00 AM"
"53980","10","8/7/2013 12:00:00 AM"
"53981","4","8/7/2013 12:00:00 AM"
"53982","1","8/7/2013 12:00:00 AM"
"53983","1","8/7/2013 12:00:00 AM"
"53984","1","8/7/2013 12:00:00 AM"
"53985","1","8/7/2013 12:00:00 AM"
"53986","1","8/7/2013 12:00:00 AM"
"53987","1","8/7/2013 12:00:00 AM"
"53988","1","8/7/2013 12:00:00 AM"
"53989","4","8/7/2013 12:00:00 AM"
"53990","1","8/7/2013 12:00:00 AM"
"53991","1","8/7/2013 12:00:00 AM"
"53992","4","8/7/2013 12:00:00 AM"
"53993","1","8/7/2013 12:00:00 AM"
"53994","1","8/7/2013 12:00:00 AM"
"53995","1","8/7/2013 12:00:00 AM"
"53996","1","8/7/2013 12:00:00 AM"
"53997","1","8/7/2013 12:00:00 AM"
"53998","1","8/7/2013 12:00:00 AM"
"53999","1","8/7/2013 12:00:00 AM"
"53999","10","8/7/2013 12:00:00 AM"
"54000","1","8/7/2013 12:00:00 AM"
"54001","1","8/7/2013 12:00:00 AM"
"54002","1","8/7/2013 12:00:00 AM"
"54003","1","8/7/2013 12:00:00 AM"
"54003","10","8/7/2013 12:00:00 AM"
"54004","1","8/7/2013 12:00:00 AM"
"54005","1","8/7/2013 12:00:00 AM"
"54006","1","8/7/2013 12:00:00 AM"
"54006","10","8/7/2013 12:00:00 AM"
"54007","1","8/7/2013 12:00:00 AM"
"54008","1","8/7/2013 12:00:00 AM"
"54009","1","8/7/2013 12:00:00 AM"
"54010","1","8/7/2013 12:00:00 AM"
"54011","1","8/7/2013 12:00:00 AM"
"54012","1","8/7/2013 12:00:00 AM"
"54013","1","8/7/2013 12:00:00 AM"
"54014","1","8/7/2013 12:00:00 AM"
"54015","1","8/7/2013 12:00:00 AM"
"54016","1","8/7/2013 12:00:00 AM"
"54017","4","8/7/2013 12:00:00 AM"
"54018","1","8/7/2013 12:00:00 AM"
"54019","1","8/7/2013 12:00:00 AM"
"54020","1","8/7/2013 12:00:00 AM"
"54021","1","8/7/2013 12:00:00 AM"
"54022","1","8/7/2013 12:00:00 AM"
"54023","1","8/7/2013 12:00:00 AM"
"54024","1","8/7/2013 12:00:00 AM"
"54025","1","8/7/2013 12:00:00 AM"
"54027","1","8/7/2013 12:00:00 AM"
"54028","5","8/7/2013 12:00:00 AM"
"54029","1","8/7/2013 12:00:00 AM"
"54030","2","8/7/2013 12:00:00 AM"
"54031","1","8/7/2013 12:00:00 AM"
"54032","5","8/7/2013 12:00:00 AM"
"54033","5","8/7/2013 12:00:00 AM"
"54035","1","8/7/2013 12:00:00 AM"
"54037","1","8/7/2013 12:00:00 AM"
"54038","1","8/7/2013 12:00:00 AM"
"54039","2","8/8/2013 12:00:00 AM"
"54040","1","8/8/2013 12:00:00 AM"
"54041","1","8/8/2013 12:00:00 AM"
"54042","1","8/8/2013 12:00:00 AM"
"54043","1","8/8/2013 12:00:00 AM"
"54043","10","8/8/2013 12:00:00 AM"
"54044","1","8/8/2013 12:00:00 AM"
"54045","1","8/8/2013 12:00:00 AM"
"54046","1","8/8/2013 12:00:00 AM"
"54047","1","8/8/2013 12:00:00 AM"
"54048","1","8/8/2013 12:00:00 AM"
"54049","2","8/8/2013 12:00:00 AM"
"54050","4","8/8/2013 12:00:00 AM"
"54051","1","8/8/2013 12:00:00 AM"
"54052","1","8/8/2013 12:00:00 AM"
"54053","1","8/8/2013 12:00:00 AM"
"54054","1","8/8/2013 12:00:00 AM"
"54054","10","8/8/2013 12:00:00 AM"
"54055","1","8/8/2013 12:00:00 AM"
"54055","10","8/8/2013 12:00:00 AM"
"54056","1","8/8/2013 12:00:00 AM"
"54057","1","8/8/2013 12:00:00 AM"
"54058","1","8/8/2013 12:00:00 AM"
"54059","1","8/8/2013 12:00:00 AM"
"54060","6","8/8/2013 12:00:00 AM"
"54062","1","8/8/2013 12:00:00 AM"
"54063","1","8/8/2013 12:00:00 AM"
"54064","1","8/8/2013 12:00:00 AM"
"54065","1","8/8/2013 12:00:00 AM"
"54066","1","8/8/2013 12:00:00 AM"
"54067","1","8/8/2013 12:00:00 AM"
"54068","1","8/8/2013 12:00:00 AM"
"54069","1","8/8/2013 12:00:00 AM"
"54070","1","8/8/2013 12:00:00 AM"
"54071","1","8/8/2013 12:00:00 AM"
"54072","1","8/8/2013 12:00:00 AM"
"54073","1","8/8/2013 12:00:00 AM"
"54074","1","8/8/2013 12:00:00 AM"
"54075","1","8/8/2013 12:00:00 AM"
"54076","1","8/8/2013 12:00:00 AM"
"54077","1","8/8/2013 12:00:00 AM"
"54078","4","8/8/2013 12:00:00 AM"
"54079","1","8/8/2013 12:00:00 AM"
"54080","1","8/8/2013 12:00:00 AM"
"54081","1","8/8/2013 12:00:00 AM"
"54082","1","8/8/2013 12:00:00 AM"
"54083","1","8/8/2013 12:00:00 AM"
"54084","1","8/8/2013 12:00:00 AM"
"54085","2","8/8/2013 12:00:00 AM"
"54087","1","8/8/2013 12:00:00 AM"
"54088","1","8/8/2013 12:00:00 AM"
"54089","1","8/8/2013 12:00:00 AM"
"54090","1","8/8/2013 12:00:00 AM"
"54092","1","8/8/2013 12:00:00 AM"
"54092","2","8/8/2013 12:00:00 AM"
"54094","1","8/8/2013 12:00:00 AM"
"54096","1","8/8/2013 12:00:00 AM"
"54097","2","8/8/2013 12:00:00 AM"
"54098","1","8/8/2013 12:00:00 AM"
"54098","2","8/8/2013 12:00:00 AM"
"54102","1","8/8/2013 12:00:00 AM"
"54102","2","8/8/2013 12:00:00 AM"
"54103","1","8/9/2013 12:00:00 AM"
"54104","1","8/9/2013 12:00:00 AM"
"54105","1","8/9/2013 12:00:00 AM"
"54106","1","8/9/2013 12:00:00 AM"
"54106","10","8/9/2013 12:00:00 AM"
"54107","1","8/9/2013 12:00:00 AM"
"54108","4","8/9/2013 12:00:00 AM"
"54109","1","8/9/2013 12:00:00 AM"
"54110","1","8/9/2013 12:00:00 AM"
"54110","2","8/9/2013 12:00:00 AM"
"54111","1","8/9/2013 12:00:00 AM"
"54112","1","8/9/2013 12:00:00 AM"
"54113","1","8/9/2013 12:00:00 AM"
"54114","1","8/9/2013 12:00:00 AM"
"54115","1","8/9/2013 12:00:00 AM"
"54116","1","8/9/2013 12:00:00 AM"
"54117","1","8/9/2013 12:00:00 AM"
"54118","1","8/9/2013 12:00:00 AM"
"54119","1","8/9/2013 12:00:00 AM"
"54119","10","8/9/2013 12:00:00 AM"
"54120","1","8/9/2013 12:00:00 AM"
"54121","1","8/9/2013 12:00:00 AM"
"54122","1","8/9/2013 12:00:00 AM"
"54123","1","8/9/2013 12:00:00 AM"
"54124","1","8/9/2013 12:00:00 AM"
"54125","1","8/9/2013 12:00:00 AM"
"54125","10","8/9/2013 12:00:00 AM"
"54126","1","8/9/2013 12:00:00 AM"
"54127","1","8/9/2013 12:00:00 AM"
"54128","1","8/9/2013 12:00:00 AM"
"54129","1","8/9/2013 12:00:00 AM"
"54130","1","8/9/2013 12:00:00 AM"
"54131","1","8/9/2013 12:00:00 AM"
"54132","2","8/9/2013 12:00:00 AM"
"54133","1","8/9/2013 12:00:00 AM"
"54134","1","8/9/2013 12:00:00 AM"
"54134","2","8/9/2013 12:00:00 AM"
"54135","1","8/9/2013 12:00:00 AM"
"54135","2","8/9/2013 12:00:00 AM"
"54136","1","8/9/2013 12:00:00 AM"
"54137","1","8/9/2013 12:00:00 AM"
"54137","2","8/9/2013 12:00:00 AM"
"54138","1","8/9/2013 12:00:00 AM"
"54139","1","8/9/2013 12:00:00 AM"
"54140","1","8/9/2013 12:00:00 AM"
"54140","2","8/9/2013 12:00:00 AM"
"54141","1","8/9/2013 12:00:00 AM"
"54143","1","8/9/2013 12:00:00 AM"
"54145","1","8/9/2013 12:00:00 AM"
"54146","1","8/9/2013 12:00:00 AM"
"54146","2","8/9/2013 12:00:00 AM"
"54148","1","8/10/2013 12:00:00 AM"
"54150","1","8/10/2013 12:00:00 AM"
"54151","1","8/10/2013 12:00:00 AM"
"54152","1","8/10/2013 12:00:00 AM"
"54153","1","8/10/2013 12:00:00 AM"
"54154","1","8/10/2013 12:00:00 AM"
"54155","4","8/10/2013 12:00:00 AM"
"54156","1","8/10/2013 12:00:00 AM"
"54157","1","8/10/2013 12:00:00 AM"
"54158","1","8/10/2013 12:00:00 AM"
"54159","1","8/10/2013 12:00:00 AM"
"54160","1","8/10/2013 12:00:00 AM"
"54161","1","8/10/2013 12:00:00 AM"
"54162","1","8/10/2013 12:00:00 AM"
"54163","1","8/10/2013 12:00:00 AM"
"54164","1","8/10/2013 12:00:00 AM"
"54165","1","8/10/2013 12:00:00 AM"
"54166","1","8/10/2013 12:00:00 AM"
"54167","1","8/10/2013 12:00:00 AM"
"54168","1","8/10/2013 12:00:00 AM"
"54169","1","8/10/2013 12:00:00 AM"
"54170","1","8/10/2013 12:00:00 AM"
"54171","1","8/10/2013 12:00:00 AM"
"54172","1","8/10/2013 12:00:00 AM"
"54172","2","8/10/2013 12:00:00 AM"
"54174","1","8/10/2013 12:00:00 AM"
"54175","1","8/10/2013 12:00:00 AM"
"54176","6","8/10/2013 12:00:00 AM"
"54177","1","8/10/2013 12:00:00 AM"
"54179","1","8/10/2013 12:00:00 AM"
"54183","1","8/10/2013 12:00:00 AM"
"54183","2","8/10/2013 12:00:00 AM"
"54186","1","8/11/2013 12:00:00 AM"
"54187","1","8/11/2013 12:00:00 AM"
"54187","2","8/11/2013 12:00:00 AM"
"54189","2","8/11/2013 12:00:00 AM"
"54190","1","8/11/2013 12:00:00 AM"
"54191","1","8/11/2013 12:00:00 AM"
"54191","10","8/11/2013 12:00:00 AM"
"54192","1","8/11/2013 12:00:00 AM"
"54193","1","8/11/2013 12:00:00 AM"
"54194","1","8/11/2013 12:00:00 AM"
"54195","1","8/11/2013 12:00:00 AM"
"54196","1","8/11/2013 12:00:00 AM"
"54197","1","8/11/2013 12:00:00 AM"
"54198","6","8/11/2013 12:00:00 AM"
"54199","1","8/11/2013 12:00:00 AM"
"54200","1","8/11/2013 12:00:00 AM"
"54201","1","8/11/2013 12:00:00 AM"
"54202","1","8/11/2013 12:00:00 AM"
"54203","1","8/11/2013 12:00:00 AM"
"54203","2","8/11/2013 12:00:00 AM"
"54204","1","8/11/2013 12:00:00 AM"
"54205","1","8/11/2013 12:00:00 AM"
"54206","1","8/11/2013 12:00:00 AM"
"54207","1","8/11/2013 12:00:00 AM"
"54208","1","8/11/2013 12:00:00 AM"
"54209","1","8/11/2013 12:00:00 AM"
"54209","10","8/11/2013 12:00:00 AM"
"54210","1","8/11/2013 12:00:00 AM"
"54211","1","8/11/2013 12:00:00 AM"
"54212","1","8/11/2013 12:00:00 AM"
"54213","1","8/11/2013 12:00:00 AM"
"54214","1","8/11/2013 12:00:00 AM"
"54214","10","8/11/2013 12:00:00 AM"
"54215","1","8/11/2013 12:00:00 AM"
"54216","1","8/11/2013 12:00:00 AM"
"54217","1","8/11/2013 12:00:00 AM"
"54218","1","8/11/2013 12:00:00 AM"
"54219","1","8/11/2013 12:00:00 AM"
"54220","1","8/11/2013 12:00:00 AM"
"54221","1","8/11/2013 12:00:00 AM"
"54222","6","8/11/2013 12:00:00 AM"
"54223","1","8/11/2013 12:00:00 AM"
"54224","1","8/11/2013 12:00:00 AM"
"54225","1","8/11/2013 12:00:00 AM"
"54225","10","8/11/2013 12:00:00 AM"
"54226","1","8/11/2013 12:00:00 AM"
"54227","1","8/11/2013 12:00:00 AM"
"54228","1","8/11/2013 12:00:00 AM"
"54229","1","8/11/2013 12:00:00 AM"
"54230","1","8/11/2013 12:00:00 AM"
"54231","1","8/11/2013 12:00:00 AM"
"54232","1","8/11/2013 12:00:00 AM"
"54233","1","8/11/2013 12:00:00 AM"
"54235","6","8/11/2013 12:00:00 AM"
"54236","1","8/11/2013 12:00:00 AM"
"54239","1","8/11/2013 12:00:00 AM"
"54239","2","8/11/2013 12:00:00 AM"
"54240","1","8/11/2013 12:00:00 AM"
"54240","2","8/11/2013 12:00:00 AM"
"54241","1","8/11/2013 12:00:00 AM"
"54241","2","8/11/2013 12:00:00 AM"
"54242","1","8/11/2013 12:00:00 AM"
"54243","1","8/11/2013 12:00:00 AM"
"54243","10","8/11/2013 12:00:00 AM"
"54244","1","8/11/2013 12:00:00 AM"
"54244","10","8/11/2013 12:00:00 AM"
"54246","1","8/11/2013 12:00:00 AM"
"54247","1","8/11/2013 12:00:00 AM"
"54247","2","8/11/2013 12:00:00 AM"
"54250","1","8/12/2013 12:00:00 AM"
"54250","2","8/12/2013 12:00:00 AM"
"54251","1","8/12/2013 12:00:00 AM"
"54251","2","8/12/2013 12:00:00 AM"
"54253","2","8/12/2013 12:00:00 AM"
"54254","1","8/12/2013 12:00:00 AM"
"54254","2","8/12/2013 12:00:00 AM"
"54255","2","8/12/2013 12:00:00 AM"
"54256","1","8/12/2013 12:00:00 AM"
"54256","2","8/12/2013 12:00:00 AM"
"54257","1","8/12/2013 12:00:00 AM"
"54257","10","8/12/2013 12:00:00 AM"
"54258","6","8/12/2013 12:00:00 AM"
"54259","1","8/12/2013 12:00:00 AM"
"54260","1","8/12/2013 12:00:00 AM"
"54261","1","8/12/2013 12:00:00 AM"
"54262","4","8/12/2013 12:00:00 AM"
"54262","10","8/12/2013 12:00:00 AM"
"54263","1","8/12/2013 12:00:00 AM"
"54264","2","8/12/2013 12:00:00 AM"
"54266","1","8/12/2013 12:00:00 AM"
"54266","2","8/12/2013 12:00:00 AM"
"54267","1","8/12/2013 12:00:00 AM"
"54268","1","8/12/2013 12:00:00 AM"
"54269","1","8/12/2013 12:00:00 AM"
"54270","1","8/12/2013 12:00:00 AM"
"54271","1","8/12/2013 12:00:00 AM"
"54271","10","8/12/2013 12:00:00 AM"
"54272","4","8/12/2013 12:00:00 AM"
"54273","4","8/12/2013 12:00:00 AM"
"54274","1","8/12/2013 12:00:00 AM"
"54274","10","8/12/2013 12:00:00 AM"
"54275","1","8/12/2013 12:00:00 AM"
"54276","1","8/12/2013 12:00:00 AM"
"54277","1","8/12/2013 12:00:00 AM"
"54278","6","8/12/2013 12:00:00 AM"
"54279","1","8/12/2013 12:00:00 AM"
"54281","1","8/12/2013 12:00:00 AM"
"54282","1","8/12/2013 12:00:00 AM"
"54283","1","8/12/2013 12:00:00 AM"
"54284","1","8/12/2013 12:00:00 AM"
"54285","1","8/12/2013 12:00:00 AM"
"54286","1","8/12/2013 12:00:00 AM"
"54287","4","8/12/2013 12:00:00 AM"
"54289","1","8/12/2013 12:00:00 AM"
"54289","10","8/12/2013 12:00:00 AM"
"54290","1","8/12/2013 12:00:00 AM"
"54291","1","8/12/2013 12:00:00 AM"
"54292","4","8/12/2013 12:00:00 AM"
"54293","1","8/12/2013 12:00:00 AM"
"54294","1","8/12/2013 12:00:00 AM"
"54295","1","8/12/2013 12:00:00 AM"
"54296","1","8/12/2013 12:00:00 AM"
"54297","1","8/12/2013 12:00:00 AM"
"54298","1","8/12/2013 12:00:00 AM"
"54299","1","8/12/2013 12:00:00 AM"
"54300","1","8/12/2013 12:00:00 AM"
"54300","2","8/12/2013 12:00:00 AM"
"54302","1","8/12/2013 12:00:00 AM"
"54302","2","8/12/2013 12:00:00 AM"
"54303","1","8/12/2013 12:00:00 AM"
"54304","1","8/12/2013 12:00:00 AM"
"54305","1","8/12/2013 12:00:00 AM"
"54306","2","8/12/2013 12:00:00 AM"
"54307","1","8/12/2013 12:00:00 AM"
"54308","1","8/12/2013 12:00:00 AM"
"54310","1","8/12/2013 12:00:00 AM"
"54310","2","8/12/2013 12:00:00 AM"
"54314","1","8/12/2013 12:00:00 AM"
"54314","2","8/12/2013 12:00:00 AM"
"54315","1","8/12/2013 12:00:00 AM"
"54318","1","8/13/2013 12:00:00 AM"
"54319","1","8/13/2013 12:00:00 AM"
"54319","10","8/13/2013 12:00:00 AM"
"54320","1","8/13/2013 12:00:00 AM"
"54321","1","8/13/2013 12:00:00 AM"
"54322","1","8/13/2013 12:00:00 AM"
"54322","10","8/13/2013 12:00:00 AM"
"54323","1","8/13/2013 12:00:00 AM"
"54324","1","8/13/2013 12:00:00 AM"
"54325","1","8/13/2013 12:00:00 AM"
"54326","1","8/13/2013 12:00:00 AM"
"54327","2","8/13/2013 12:00:00 AM"
"54328","1","8/13/2013 12:00:00 AM"
"54329","1","8/13/2013 12:00:00 AM"
"54330","4","8/13/2013 12:00:00 AM"
"54331","4","8/13/2013 12:00:00 AM"
"54332","1","8/13/2013 12:00:00 AM"
"54333","1","8/13/2013 12:00:00 AM"
"54334","1","8/13/2013 12:00:00 AM"
"54335","1","8/13/2013 12:00:00 AM"
"54336","1","8/13/2013 12:00:00 AM"
"54337","6","8/13/2013 12:00:00 AM"
"54338","6","8/13/2013 12:00:00 AM"
"54339","1","8/13/2013 12:00:00 AM"
"54340","1","8/13/2013 12:00:00 AM"
"54341","1","8/13/2013 12:00:00 AM"
"54342","1","8/13/2013 12:00:00 AM"
"54343","4","8/13/2013 12:00:00 AM"
"54344","1","8/13/2013 12:00:00 AM"
"54345","1","8/13/2013 12:00:00 AM"
"54345","10","8/13/2013 12:00:00 AM"
"54346","1","8/13/2013 12:00:00 AM"
"54347","1","8/13/2013 12:00:00 AM"
"54348","1","8/13/2013 12:00:00 AM"
"54349","1","8/13/2013 12:00:00 AM"
"54350","1","8/13/2013 12:00:00 AM"
"54351","1","8/13/2013 12:00:00 AM"
"54352","1","8/13/2013 12:00:00 AM"
"54353","1","8/13/2013 12:00:00 AM"
"54354","4","8/13/2013 12:00:00 AM"
"54355","1","8/13/2013 12:00:00 AM"
"54356","1","8/13/2013 12:00:00 AM"
"54357","1","8/13/2013 12:00:00 AM"
"54358","1","8/13/2013 12:00:00 AM"
"54359","2","8/13/2013 12:00:00 AM"
"54360","1","8/13/2013 12:00:00 AM"
"54360","2","8/13/2013 12:00:00 AM"
"54361","6","8/13/2013 12:00:00 AM"
"54362","1","8/13/2013 12:00:00 AM"
"54364","1","8/13/2013 12:00:00 AM"
"54364","2","8/13/2013 12:00:00 AM"
"54365","2","8/13/2013 12:00:00 AM"
"54366","2","8/13/2013 12:00:00 AM"
"54367","2","8/13/2013 12:00:00 AM"
"54369","1","8/13/2013 12:00:00 AM"
"54369","2","8/13/2013 12:00:00 AM"
"54370","1","8/13/2013 12:00:00 AM"
"54371","1","8/13/2013 12:00:00 AM"
"54373","1","8/13/2013 12:00:00 AM"
"54376","2","8/14/2013 12:00:00 AM"
"54377","1","8/14/2013 12:00:00 AM"
"54378","1","8/14/2013 12:00:00 AM"
"54378","2","8/14/2013 12:00:00 AM"
"54379","1","8/14/2013 12:00:00 AM"
"54380","1","8/14/2013 12:00:00 AM"
"54381","1","8/14/2013 12:00:00 AM"
"54381","10","8/14/2013 12:00:00 AM"
"54382","1","8/14/2013 12:00:00 AM"
"54382","10","8/14/2013 12:00:00 AM"
"54383","1","8/14/2013 12:00:00 AM"
"54384","1","8/14/2013 12:00:00 AM"
"54385","4","8/14/2013 12:00:00 AM"
"54386","1","8/14/2013 12:00:00 AM"
"54386","2","8/14/2013 12:00:00 AM"
"54387","1","8/14/2013 12:00:00 AM"
"54388","1","8/14/2013 12:00:00 AM"
"54389","1","8/14/2013 12:00:00 AM"
"54390","1","8/14/2013 12:00:00 AM"
"54391","1","8/14/2013 12:00:00 AM"
"54392","1","8/14/2013 12:00:00 AM"
"54393","1","8/14/2013 12:00:00 AM"
"54394","4","8/14/2013 12:00:00 AM"
"54394","10","8/14/2013 12:00:00 AM"
"54395","1","8/14/2013 12:00:00 AM"
"54396","1","8/14/2013 12:00:00 AM"
"54397","1","8/14/2013 12:00:00 AM"
"54398","1","8/14/2013 12:00:00 AM"
"54399","1","8/14/2013 12:00:00 AM"
"54400","1","8/14/2013 12:00:00 AM"
"54401","1","8/14/2013 12:00:00 AM"
"54402","1","8/14/2013 12:00:00 AM"
"54403","1","8/14/2013 12:00:00 AM"
"54404","1","8/14/2013 12:00:00 AM"
"54405","1","8/14/2013 12:00:00 AM"
"54406","1","8/14/2013 12:00:00 AM"
"54407","1","8/14/2013 12:00:00 AM"
"54408","1","8/14/2013 12:00:00 AM"
"54409","1","8/14/2013 12:00:00 AM"
"54410","1","8/14/2013 12:00:00 AM"
"54411","1","8/14/2013 12:00:00 AM"
"54412","1","8/14/2013 12:00:00 AM"
"54413","1","8/14/2013 12:00:00 AM"
"54413","10","8/14/2013 12:00:00 AM"
"54414","1","8/14/2013 12:00:00 AM"
"54415","1","8/14/2013 12:00:00 AM"
"54416","1","8/14/2013 12:00:00 AM"
"54417","1","8/14/2013 12:00:00 AM"
"54418","1","8/14/2013 12:00:00 AM"
"54419","1","8/14/2013 12:00:00 AM"
"54421","1","8/14/2013 12:00:00 AM"
"54421","2","8/14/2013 12:00:00 AM"
"54422","1","8/14/2013 12:00:00 AM"
"54423","2","8/14/2013 12:00:00 AM"
"54424","1","8/14/2013 12:00:00 AM"
"54425","1","8/14/2013 12:00:00 AM"
"54430","1","8/15/2013 12:00:00 AM"
"54431","1","8/15/2013 12:00:00 AM"
"54432","1","8/15/2013 12:00:00 AM"
"54432","10","8/15/2013 12:00:00 AM"
"54433","1","8/15/2013 12:00:00 AM"
"54434","1","8/15/2013 12:00:00 AM"
"54435","6","8/15/2013 12:00:00 AM"
"54436","1","8/15/2013 12:00:00 AM"
"54437","1","8/15/2013 12:00:00 AM"
"54437","2","8/15/2013 12:00:00 AM"
"54438","1","8/15/2013 12:00:00 AM"
"54439","1","8/15/2013 12:00:00 AM"
"54440","1","8/15/2013 12:00:00 AM"
"54441","1","8/15/2013 12:00:00 AM"
"54442","1","8/15/2013 12:00:00 AM"
"54443","1","8/15/2013 12:00:00 AM"
"54444","1","8/15/2013 12:00:00 AM"
"54445","1","8/15/2013 12:00:00 AM"
"54446","1","8/15/2013 12:00:00 AM"
"54447","1","8/15/2013 12:00:00 AM"
"54448","1","8/15/2013 12:00:00 AM"
"54449","1","8/15/2013 12:00:00 AM"
"54450","1","8/15/2013 12:00:00 AM"
"54451","1","8/15/2013 12:00:00 AM"
"54451","10","8/15/2013 12:00:00 AM"
"54452","1","8/15/2013 12:00:00 AM"
"54453","4","8/15/2013 12:00:00 AM"
"54454","1","8/15/2013 12:00:00 AM"
"54455","1","8/15/2013 12:00:00 AM"
"54456","1","8/15/2013 12:00:00 AM"
"54456","10","8/15/2013 12:00:00 AM"
"54457","1","8/15/2013 12:00:00 AM"
"54458","1","8/15/2013 12:00:00 AM"
"54459","1","8/15/2013 12:00:00 AM"
"54460","1","8/15/2013 12:00:00 AM"
"54461","1","8/15/2013 12:00:00 AM"
"54462","1","8/15/2013 12:00:00 AM"
"54463","1","8/15/2013 12:00:00 AM"
"54464","1","8/15/2013 12:00:00 AM"
"54465","1","8/15/2013 12:00:00 AM"
"54466","1","8/15/2013 12:00:00 AM"
"54467","4","8/15/2013 12:00:00 AM"
"54468","1","8/15/2013 12:00:00 AM"
"54469","2","8/15/2013 12:00:00 AM"
"54471","1","8/15/2013 12:00:00 AM"
"54472","1","8/15/2013 12:00:00 AM"
"54472","2","8/15/2013 12:00:00 AM"
"54474","1","8/15/2013 12:00:00 AM"
"54476","1","8/15/2013 12:00:00 AM"
"54478","1","8/16/2013 12:00:00 AM"
"54479","1","8/16/2013 12:00:00 AM"
"54480","1","8/16/2013 12:00:00 AM"
"54481","1","8/16/2013 12:00:00 AM"
"54482","1","8/16/2013 12:00:00 AM"
"54483","1","8/16/2013 12:00:00 AM"
"54484","1","8/16/2013 12:00:00 AM"
"54485","1","8/16/2013 12:00:00 AM"
"54487","1","8/16/2013 12:00:00 AM"
"54488","1","8/16/2013 12:00:00 AM"
"54489","6","8/16/2013 12:00:00 AM"
"54490","1","8/16/2013 12:00:00 AM"
"54491","1","8/16/2013 12:00:00 AM"
"54492","1","8/16/2013 12:00:00 AM"
"54493","1","8/16/2013 12:00:00 AM"
"54494","1","8/16/2013 12:00:00 AM"
"54495","1","8/16/2013 12:00:00 AM"
"54496","1","8/16/2013 12:00:00 AM"
"54496","10","8/16/2013 12:00:00 AM"
"54497","1","8/16/2013 12:00:00 AM"
"54498","1","8/16/2013 12:00:00 AM"
"54499","1","8/16/2013 12:00:00 AM"
"54500","1","8/16/2013 12:00:00 AM"
"54501","1","8/16/2013 12:00:00 AM"
"54502","1","8/16/2013 12:00:00 AM"
"54502","10","8/16/2013 12:00:00 AM"
"54503","1","8/16/2013 12:00:00 AM"
"54504","1","8/16/2013 12:00:00 AM"
"54505","4","8/16/2013 12:00:00 AM"
"54506","1","8/16/2013 12:00:00 AM"
"54507","1","8/16/2013 12:00:00 AM"
"54508","1","8/16/2013 12:00:00 AM"
"54509","1","8/16/2013 12:00:00 AM"
"54510","1","8/16/2013 12:00:00 AM"
"54511","1","8/16/2013 12:00:00 AM"
"54512","1","8/16/2013 12:00:00 AM"
"54513","1","8/16/2013 12:00:00 AM"
"54514","1","8/16/2013 12:00:00 AM"
"54515","1","8/16/2013 12:00:00 AM"
"54515","2","8/16/2013 12:00:00 AM"
"54515","10","8/16/2013 12:00:00 AM"
"54516","1","8/16/2013 12:00:00 AM"
"54517","1","8/16/2013 12:00:00 AM"
"54518","1","8/16/2013 12:00:00 AM"
"54519","1","8/16/2013 12:00:00 AM"
"54520","5","8/16/2013 12:00:00 AM"
"54521","1","8/16/2013 12:00:00 AM"
"54522","1","8/16/2013 12:00:00 AM"
"54523","1","8/16/2013 12:00:00 AM"
"54523","2","8/16/2013 12:00:00 AM"
"54526","1","8/16/2013 12:00:00 AM"
"54526","10","8/16/2013 12:00:00 AM"
"54527","2","8/17/2013 12:00:00 AM"
"54528","1","8/17/2013 12:00:00 AM"
"54529","1","8/17/2013 12:00:00 AM"
"54530","1","8/17/2013 12:00:00 AM"
"54531","6","8/17/2013 12:00:00 AM"
"54532","1","8/17/2013 12:00:00 AM"
"54533","1","8/17/2013 12:00:00 AM"
"54534","1","8/17/2013 12:00:00 AM"
"54537","1","8/17/2013 12:00:00 AM"
"54538","1","8/17/2013 12:00:00 AM"
"54539","1","8/17/2013 12:00:00 AM"
"54540","1","8/17/2013 12:00:00 AM"
"54541","1","8/17/2013 12:00:00 AM"
"54542","1","8/17/2013 12:00:00 AM"
"54543","1","8/17/2013 12:00:00 AM"
"54544","4","8/17/2013 12:00:00 AM"
"54545","1","8/17/2013 12:00:00 AM"
"54545","10","8/17/2013 12:00:00 AM"
"54546","1","8/17/2013 12:00:00 AM"
"54547","1","8/17/2013 12:00:00 AM"
"54548","1","8/17/2013 12:00:00 AM"
"54549","1","8/17/2013 12:00:00 AM"
"54550","1","8/17/2013 12:00:00 AM"
"54551","1","8/17/2013 12:00:00 AM"
"54552","1","8/17/2013 12:00:00 AM"
"54553","1","8/17/2013 12:00:00 AM"
"54554","6","8/17/2013 12:00:00 AM"
"54555","1","8/17/2013 12:00:00 AM"
"54556","1","8/17/2013 12:00:00 AM"
"54557","1","8/17/2013 12:00:00 AM"
"54558","1","8/17/2013 12:00:00 AM"
"54559","1","8/17/2013 12:00:00 AM"
"54560","1","8/17/2013 12:00:00 AM"
"54561","1","8/17/2013 12:00:00 AM"
"54561","10","8/17/2013 12:00:00 AM"
"54562","1","8/17/2013 12:00:00 AM"
"54563","1","8/17/2013 12:00:00 AM"
"54564","1","8/17/2013 12:00:00 AM"
"54566","1","8/17/2013 12:00:00 AM"
"54567","1","8/17/2013 12:00:00 AM"
"54568","1","8/17/2013 12:00:00 AM"
"54569","1","8/17/2013 12:00:00 AM"
"54570","1","8/17/2013 12:00:00 AM"
"54572","1","8/17/2013 12:00:00 AM"
"54573","1","8/17/2013 12:00:00 AM"
"54575","1","8/17/2013 12:00:00 AM"
"54576","1","8/17/2013 12:00:00 AM"
"54577","2","8/17/2013 12:00:00 AM"
"54578","1","8/17/2013 12:00:00 AM"
"54579","1","8/17/2013 12:00:00 AM"
"54580","1","8/17/2013 12:00:00 AM"
"54580","2","8/17/2013 12:00:00 AM"
"54581","1","8/17/2013 12:00:00 AM"
"54581","2","8/17/2013 12:00:00 AM"
"54582","1","8/17/2013 12:00:00 AM"
"54583","1","8/17/2013 12:00:00 AM"
"54584","1","8/17/2013 12:00:00 AM"
"54585","2","8/18/2013 12:00:00 AM"
"54586","1","8/18/2013 12:00:00 AM"
"54588","1","8/18/2013 12:00:00 AM"
"54589","2","8/18/2013 12:00:00 AM"
"54590","2","8/18/2013 12:00:00 AM"
"54591","1","8/18/2013 12:00:00 AM"
"54592","1","8/18/2013 12:00:00 AM"
"54593","1","8/18/2013 12:00:00 AM"
"54594","1","8/18/2013 12:00:00 AM"
"54594","10","8/18/2013 12:00:00 AM"
"54595","1","8/18/2013 12:00:00 AM"
"54596","1","8/18/2013 12:00:00 AM"
"54598","1","8/18/2013 12:00:00 AM"
"54599","1","8/18/2013 12:00:00 AM"
"54600","1","8/18/2013 12:00:00 AM"
"54601","1","8/18/2013 12:00:00 AM"
"54602","1","8/18/2013 12:00:00 AM"
"54602","2","8/18/2013 12:00:00 AM"
"54603","2","8/18/2013 12:00:00 AM"
"54604","1","8/18/2013 12:00:00 AM"
"54604","2","8/18/2013 12:00:00 AM"
"54605","1","8/18/2013 12:00:00 AM"
"54606","1","8/18/2013 12:00:00 AM"
"54607","1","8/18/2013 12:00:00 AM"
"54608","1","8/18/2013 12:00:00 AM"
"54609","1","8/18/2013 12:00:00 AM"
"54610","1","8/18/2013 12:00:00 AM"
"54611","1","8/18/2013 12:00:00 AM"
"54612","1","8/18/2013 12:00:00 AM"
"54613","1","8/18/2013 12:00:00 AM"
"54614","1","8/18/2013 12:00:00 AM"
"54615","1","8/18/2013 12:00:00 AM"
"54616","1","8/18/2013 12:00:00 AM"
"54617","1","8/18/2013 12:00:00 AM"
"54618","1","8/18/2013 12:00:00 AM"
"54619","6","8/18/2013 12:00:00 AM"
"54620","6","8/18/2013 12:00:00 AM"
"54621","1","8/18/2013 12:00:00 AM"
"54622","6","8/18/2013 12:00:00 AM"
"54623","1","8/18/2013 12:00:00 AM"
"54624","1","8/18/2013 12:00:00 AM"
"54625","1","8/18/2013 12:00:00 AM"
"54626","1","8/18/2013 12:00:00 AM"
"54627","1","8/18/2013 12:00:00 AM"
"54628","1","8/18/2013 12:00:00 AM"
"54628","10","8/18/2013 12:00:00 AM"
"54629","1","8/18/2013 12:00:00 AM"
"54629","10","8/18/2013 12:00:00 AM"
"54630","1","8/18/2013 12:00:00 AM"
"54630","10","8/18/2013 12:00:00 AM"
"54631","1","8/18/2013 12:00:00 AM"
"54632","1","8/18/2013 12:00:00 AM"
"54634","1","8/18/2013 12:00:00 AM"
"54635","1","8/18/2013 12:00:00 AM"
"54636","1","8/18/2013 12:00:00 AM"
"54637","1","8/18/2013 12:00:00 AM"
"54638","1","8/18/2013 12:00:00 AM"
"54638","10","8/18/2013 12:00:00 AM"
"54639","1","8/18/2013 12:00:00 AM"
"54640","1","8/18/2013 12:00:00 AM"
"54641","1","8/18/2013 12:00:00 AM"
"54641","2","8/18/2013 12:00:00 AM"
"54642","1","8/18/2013 12:00:00 AM"
"54642","2","8/18/2013 12:00:00 AM"
"54643","1","8/18/2013 12:00:00 AM"
"54644","1","8/18/2013 12:00:00 AM"
"54645","1","8/18/2013 12:00:00 AM"
"54646","1","8/18/2013 12:00:00 AM"
"54647","1","8/18/2013 12:00:00 AM"
"54648","1","8/18/2013 12:00:00 AM"
"54649","2","8/18/2013 12:00:00 AM"
"54653","1","8/18/2013 12:00:00 AM"
"54653","2","8/18/2013 12:00:00 AM"
"54655","1","8/18/2013 12:00:00 AM"
"54656","1","8/18/2013 12:00:00 AM"
"54657","2","8/19/2013 12:00:00 AM"
"54658","1","8/19/2013 12:00:00 AM"
"54660","1","8/19/2013 12:00:00 AM"
"54661","1","8/19/2013 12:00:00 AM"
"54662","1","8/19/2013 12:00:00 AM"
"54662","10","8/19/2013 12:00:00 AM"
"54663","1","8/19/2013 12:00:00 AM"
"54664","1","8/19/2013 12:00:00 AM"
"54665","1","8/19/2013 12:00:00 AM"
"54666","1","8/19/2013 12:00:00 AM"
"54667","1","8/19/2013 12:00:00 AM"
"54668","4","8/19/2013 12:00:00 AM"
"54669","1","8/19/2013 12:00:00 AM"
"54671","1","8/19/2013 12:00:00 AM"
"54672","1","8/19/2013 12:00:00 AM"
"54673","1","8/19/2013 12:00:00 AM"
"54674","4","8/19/2013 12:00:00 AM"
"54675","1","8/19/2013 12:00:00 AM"
"54676","1","8/19/2013 12:00:00 AM"
"54677","1","8/19/2013 12:00:00 AM"
"54678","1","8/19/2013 12:00:00 AM"
"54679","1","8/19/2013 12:00:00 AM"
"54680","1","8/19/2013 12:00:00 AM"
"54681","1","8/19/2013 12:00:00 AM"
"54681","10","8/19/2013 12:00:00 AM"
"54682","1","8/19/2013 12:00:00 AM"
"54683","1","8/19/2013 12:00:00 AM"
"54684","1","8/19/2013 12:00:00 AM"
"54685","1","8/19/2013 12:00:00 AM"
"54686","4","8/19/2013 12:00:00 AM"
"54686","10","8/19/2013 12:00:00 AM"
"54687","4","8/19/2013 12:00:00 AM"
"54687","10","8/19/2013 12:00:00 AM"
"54688","1","8/19/2013 12:00:00 AM"
"54689","1","8/19/2013 12:00:00 AM"
"54690","1","8/19/2013 12:00:00 AM"
"54691","1","8/19/2013 12:00:00 AM"
"54691","10","8/19/2013 12:00:00 AM"
"54692","1","8/19/2013 12:00:00 AM"
"54693","1","8/19/2013 12:00:00 AM"
"54694","1","8/19/2013 12:00:00 AM"
"54695","1","8/19/2013 12:00:00 AM"
"54696","1","8/19/2013 12:00:00 AM"
"54697","1","8/19/2013 12:00:00 AM"
"54698","1","8/19/2013 12:00:00 AM"
"54699","1","8/19/2013 12:00:00 AM"
"54700","1","8/19/2013 12:00:00 AM"
"54701","1","8/19/2013 12:00:00 AM"
"54702","1","8/19/2013 12:00:00 AM"
"54704","6","8/19/2013 12:00:00 AM"
"54706","5","8/19/2013 12:00:00 AM"
"54707","1","8/19/2013 12:00:00 AM"
"54708","1","8/19/2013 12:00:00 AM"
"54708","2","8/19/2013 12:00:00 AM"
"54709","1","8/19/2013 12:00:00 AM"
"54709","2","8/19/2013 12:00:00 AM"
"54710","1","8/19/2013 12:00:00 AM"
"54710","2","8/19/2013 12:00:00 AM"
"54712","1","8/19/2013 12:00:00 AM"
"54712","2","8/19/2013 12:00:00 AM"
"54712","10","8/19/2013 12:00:00 AM"
"54715","1","8/19/2013 12:00:00 AM"
"54715","2","8/19/2013 12:00:00 AM"
"54716","1","8/20/2013 12:00:00 AM"
"54717","1","8/20/2013 12:00:00 AM"
"54718","4","8/20/2013 12:00:00 AM"
"54719","1","8/20/2013 12:00:00 AM"
"54720","1","8/20/2013 12:00:00 AM"
"54721","4","8/20/2013 12:00:00 AM"
"54722","1","8/20/2013 12:00:00 AM"
"54723","1","8/20/2013 12:00:00 AM"
"54724","1","8/20/2013 12:00:00 AM"
"54725","1","8/20/2013 12:00:00 AM"
"54726","1","8/20/2013 12:00:00 AM"
"54727","1","8/20/2013 12:00:00 AM"
"54728","1","8/20/2013 12:00:00 AM"
"54729","1","8/20/2013 12:00:00 AM"
"54730","1","8/20/2013 12:00:00 AM"
"54731","1","8/20/2013 12:00:00 AM"
"54731","10","8/20/2013 12:00:00 AM"
"54732","1","8/20/2013 12:00:00 AM"
"54732","10","8/20/2013 12:00:00 AM"
"54733","1","8/20/2013 12:00:00 AM"
"54733","10","8/20/2013 12:00:00 AM"
"54734","1","8/20/2013 12:00:00 AM"
"54735","1","8/20/2013 12:00:00 AM"
"54736","1","8/20/2013 12:00:00 AM"
"54737","1","8/20/2013 12:00:00 AM"
"54738","1","8/20/2013 12:00:00 AM"
"54739","1","8/20/2013 12:00:00 AM"
"54740","1","8/20/2013 12:00:00 AM"
"54741","1","8/20/2013 12:00:00 AM"
"54741","10","8/20/2013 12:00:00 AM"
"54742","1","8/20/2013 12:00:00 AM"
"54742","10","8/20/2013 12:00:00 AM"
"54743","1","8/20/2013 12:00:00 AM"
"54744","1","8/20/2013 12:00:00 AM"
"54745","1","8/20/2013 12:00:00 AM"
"54745","10","8/20/2013 12:00:00 AM"
"54746","1","8/20/2013 12:00:00 AM"
"54748","1","8/20/2013 12:00:00 AM"
"54749","1","8/20/2013 12:00:00 AM"
"54750","1","8/20/2013 12:00:00 AM"
"54751","1","8/20/2013 12:00:00 AM"
"54752","1","8/20/2013 12:00:00 AM"
"54753","1","8/20/2013 12:00:00 AM"
"54754","1","8/20/2013 12:00:00 AM"
"54755","1","8/20/2013 12:00:00 AM"
"54756","2","8/20/2013 12:00:00 AM"
"54757","1","8/20/2013 12:00:00 AM"
"54758","1","8/20/2013 12:00:00 AM"
"54759","1","8/20/2013 12:00:00 AM"
"54761","1","8/20/2013 12:00:00 AM"
"54761","2","8/20/2013 12:00:00 AM"
"54762","1","8/20/2013 12:00:00 AM"
"54763","1","8/20/2013 12:00:00 AM"
"54764","1","8/20/2013 12:00:00 AM"
"54765","1","8/20/2013 12:00:00 AM"
"54765","2","8/20/2013 12:00:00 AM"
"54767","1","8/20/2013 12:00:00 AM"
"54767","2","8/20/2013 12:00:00 AM"
"54767","10","8/20/2013 12:00:00 AM"
"54769","1","8/20/2013 12:00:00 AM"
"54770","1","8/21/2013 12:00:00 AM"
"54770","2","8/21/2013 12:00:00 AM"
"54771","1","8/21/2013 12:00:00 AM"
"54772","1","8/21/2013 12:00:00 AM"
"54773","1","8/21/2013 12:00:00 AM"
"54774","6","8/21/2013 12:00:00 AM"
"54775","1","8/21/2013 12:00:00 AM"
"54776","1","8/21/2013 12:00:00 AM"
"54777","1","8/21/2013 12:00:00 AM"
"54778","1","8/21/2013 12:00:00 AM"
"54779","1","8/21/2013 12:00:00 AM"
"54780","1","8/21/2013 12:00:00 AM"
"54781","1","8/21/2013 12:00:00 AM"
"54782","4","8/21/2013 12:00:00 AM"
"54783","1","8/21/2013 12:00:00 AM"
"54783","10","8/21/2013 12:00:00 AM"
"54784","1","8/21/2013 12:00:00 AM"
"54785","1","8/21/2013 12:00:00 AM"
"54786","1","8/21/2013 12:00:00 AM"
"54787","1","8/21/2013 12:00:00 AM"
"54788","1","8/21/2013 12:00:00 AM"
"54789","1","8/21/2013 12:00:00 AM"
"54790","1","8/21/2013 12:00:00 AM"
"54790","10","8/21/2013 12:00:00 AM"
"54791","1","8/21/2013 12:00:00 AM"
"54792","6","8/21/2013 12:00:00 AM"
"54793","1","8/21/2013 12:00:00 AM"
"54794","1","8/21/2013 12:00:00 AM"
"54795","1","8/21/2013 12:00:00 AM"
"54796","1","8/21/2013 12:00:00 AM"
"54797","1","8/21/2013 12:00:00 AM"
"54798","1","8/21/2013 12:00:00 AM"
"54798","10","8/21/2013 12:00:00 AM"
"54799","1","8/21/2013 12:00:00 AM"
"54800","1","8/21/2013 12:00:00 AM"
"54801","1","8/21/2013 12:00:00 AM"
"54802","1","8/21/2013 12:00:00 AM"
"54803","1","8/21/2013 12:00:00 AM"
"54804","1","8/21/2013 12:00:00 AM"
"54805","1","8/21/2013 12:00:00 AM"
"54806","1","8/21/2013 12:00:00 AM"
"54807","1","8/21/2013 12:00:00 AM"
"54808","2","8/21/2013 12:00:00 AM"
"54809","2","8/21/2013 12:00:00 AM"
"54810","2","8/21/2013 12:00:00 AM"
"54812","1","8/21/2013 12:00:00 AM"
"54812","2","8/21/2013 12:00:00 AM"
"54813","1","8/21/2013 12:00:00 AM"
"54813","2","8/21/2013 12:00:00 AM"
"54817","1","8/21/2013 12:00:00 AM"
"54818","1","8/21/2013 12:00:00 AM"
"54818","2","8/21/2013 12:00:00 AM"
"54819","1","8/21/2013 12:00:00 AM"
"54822","2","8/22/2013 12:00:00 AM"
"54823","1","8/22/2013 12:00:00 AM"
"54823","10","8/22/2013 12:00:00 AM"
"54824","1","8/22/2013 12:00:00 AM"
"54825","1","8/22/2013 12:00:00 AM"
"54826","1","8/22/2013 12:00:00 AM"
"54827","1","8/22/2013 12:00:00 AM"
"54828","1","8/22/2013 12:00:00 AM"
"54829","1","8/22/2013 12:00:00 AM"
"54830","1","8/22/2013 12:00:00 AM"
"54831","1","8/22/2013 12:00:00 AM"
"54832","1","8/22/2013 12:00:00 AM"
"54833","1","8/22/2013 12:00:00 AM"
"54834","1","8/22/2013 12:00:00 AM"
"54835","4","8/22/2013 12:00:00 AM"
"54835","10","8/22/2013 12:00:00 AM"
"54836","1","8/22/2013 12:00:00 AM"
"54837","1","8/22/2013 12:00:00 AM"
"54838","1","8/22/2013 12:00:00 AM"
"54839","1","8/22/2013 12:00:00 AM"
"54840","1","8/22/2013 12:00:00 AM"
"54841","1","8/22/2013 12:00:00 AM"
"54842","1","8/22/2013 12:00:00 AM"
"54843","1","8/22/2013 12:00:00 AM"
"54844","1","8/22/2013 12:00:00 AM"
"54845","1","8/22/2013 12:00:00 AM"
"54846","1","8/22/2013 12:00:00 AM"
"54847","1","8/22/2013 12:00:00 AM"
"54848","1","8/22/2013 12:00:00 AM"
"54849","1","8/22/2013 12:00:00 AM"
"54849","10","8/22/2013 12:00:00 AM"
"54850","1","8/22/2013 12:00:00 AM"
"54851","1","8/22/2013 12:00:00 AM"
"54852","1","8/22/2013 12:00:00 AM"
"54853","1","8/22/2013 12:00:00 AM"
"54854","1","8/22/2013 12:00:00 AM"
"54855","1","8/22/2013 12:00:00 AM"
"54856","1","8/22/2013 12:00:00 AM"
"54857","1","8/22/2013 12:00:00 AM"
"54858","1","8/22/2013 12:00:00 AM"
"54859","1","8/22/2013 12:00:00 AM"
"54860","1","8/22/2013 12:00:00 AM"
"54861","1","8/22/2013 12:00:00 AM"
"54862","1","8/22/2013 12:00:00 AM"
"54863","2","8/22/2013 12:00:00 AM"
"54865","1","8/22/2013 12:00:00 AM"
"54865","2","8/22/2013 12:00:00 AM"
"54866","1","8/22/2013 12:00:00 AM"
"54867","1","8/22/2013 12:00:00 AM"
"54868","1","8/22/2013 12:00:00 AM"
"54871","1","8/22/2013 12:00:00 AM"
"54871","2","8/22/2013 12:00:00 AM"
"54872","1","8/22/2013 12:00:00 AM"
"54873","1","8/22/2013 12:00:00 AM"
"54873","2","8/22/2013 12:00:00 AM"
"54876","1","8/22/2013 12:00:00 AM"
"54876","2","8/22/2013 12:00:00 AM"
"54877","1","8/22/2013 12:00:00 AM"
"54877","2","8/22/2013 12:00:00 AM"
"54878","1","8/22/2013 12:00:00 AM"
"54878","2","8/22/2013 12:00:00 AM"
"54879","1","8/22/2013 12:00:00 AM"
"54880","1","8/22/2013 12:00:00 AM"
"54880","2","8/22/2013 12:00:00 AM"
"54883","1","8/23/2013 12:00:00 AM"
"54884","4","8/23/2013 12:00:00 AM"
"54885","4","8/23/2013 12:00:00 AM"
"54886","1","8/23/2013 12:00:00 AM"
"54887","1","8/23/2013 12:00:00 AM"
"54888","1","8/23/2013 12:00:00 AM"
"54889","1","8/23/2013 12:00:00 AM"
"54890","1","8/23/2013 12:00:00 AM"
"54891","1","8/23/2013 12:00:00 AM"
"54892","1","8/23/2013 12:00:00 AM"
"54893","1","8/23/2013 12:00:00 AM"
"54894","6","8/23/2013 12:00:00 AM"
"54895","1","8/23/2013 12:00:00 AM"
"54897","1","8/23/2013 12:00:00 AM"
"54898","1","8/23/2013 12:00:00 AM"
"54899","1","8/23/2013 12:00:00 AM"
"54900","1","8/23/2013 12:00:00 AM"
"54900","10","8/23/2013 12:00:00 AM"
"54901","1","8/23/2013 12:00:00 AM"
"54902","1","8/23/2013 12:00:00 AM"
"54903","1","8/23/2013 12:00:00 AM"
"54904","1","8/23/2013 12:00:00 AM"
"54905","1","8/23/2013 12:00:00 AM"
"54906","1","8/23/2013 12:00:00 AM"
"54907","1","8/23/2013 12:00:00 AM"
"54908","1","8/23/2013 12:00:00 AM"
"54909","1","8/23/2013 12:00:00 AM"
"54910","6","8/23/2013 12:00:00 AM"
"54911","1","8/23/2013 12:00:00 AM"
"54912","1","8/23/2013 12:00:00 AM"
"54913","1","8/23/2013 12:00:00 AM"
"54914","1","8/23/2013 12:00:00 AM"
"54915","1","8/23/2013 12:00:00 AM"
"54916","1","8/23/2013 12:00:00 AM"
"54916","10","8/23/2013 12:00:00 AM"
"54917","1","8/23/2013 12:00:00 AM"
"54918","4","8/23/2013 12:00:00 AM"
"54919","1","8/23/2013 12:00:00 AM"
"54920","1","8/23/2013 12:00:00 AM"
"54920","2","8/23/2013 12:00:00 AM"
"54921","2","8/23/2013 12:00:00 AM"
"54922","6","8/23/2013 12:00:00 AM"
"54923","1","8/23/2013 12:00:00 AM"
"54923","2","8/23/2013 12:00:00 AM"
"54924","6","8/23/2013 12:00:00 AM"
"54925","1","8/23/2013 12:00:00 AM"
"54926","1","8/23/2013 12:00:00 AM"
"54927","2","8/23/2013 12:00:00 AM"
"54928","1","8/23/2013 12:00:00 AM"
"54930","1","8/23/2013 12:00:00 AM"
"54931","1","8/23/2013 12:00:00 AM"
"54933","1","8/24/2013 12:00:00 AM"
"54934","1","8/24/2013 12:00:00 AM"
"54935","1","8/24/2013 12:00:00 AM"
"54936","1","8/24/2013 12:00:00 AM"
"54937","1","8/24/2013 12:00:00 AM"
"54939","1","8/24/2013 12:00:00 AM"
"54940","1","8/24/2013 12:00:00 AM"
"54941","1","8/24/2013 12:00:00 AM"
"54942","4","8/24/2013 12:00:00 AM"
"54943","1","8/24/2013 12:00:00 AM"
"54944","1","8/24/2013 12:00:00 AM"
"54945","1","8/24/2013 12:00:00 AM"
"54946","1","8/24/2013 12:00:00 AM"
"54947","1","8/24/2013 12:00:00 AM"
"54948","6","8/24/2013 12:00:00 AM"
"54949","6","8/24/2013 12:00:00 AM"
"54950","1","8/24/2013 12:00:00 AM"
"54951","1","8/24/2013 12:00:00 AM"
"54952","1","8/24/2013 12:00:00 AM"
"54953","1","8/24/2013 12:00:00 AM"
"54954","1","8/24/2013 12:00:00 AM"
"54955","1","8/24/2013 12:00:00 AM"
"54956","1","8/24/2013 12:00:00 AM"
"54957","1","8/24/2013 12:00:00 AM"
"54958","1","8/24/2013 12:00:00 AM"
"54959","1","8/24/2013 12:00:00 AM"
"54960","1","8/24/2013 12:00:00 AM"
"54961","1","8/24/2013 12:00:00 AM"
"54962","1","8/24/2013 12:00:00 AM"
"54963","6","8/24/2013 12:00:00 AM"
"54964","2","8/24/2013 12:00:00 AM"
"54965","1","8/24/2013 12:00:00 AM"
"54966","1","8/24/2013 12:00:00 AM"
"54967","1","8/24/2013 12:00:00 AM"
"54967","2","8/24/2013 12:00:00 AM"
"54968","2","8/24/2013 12:00:00 AM"
"54970","1","8/24/2013 12:00:00 AM"
"54971","1","8/24/2013 12:00:00 AM"
"54972","1","8/24/2013 12:00:00 AM"
"54974","1","8/24/2013 12:00:00 AM"
"54975","1","8/24/2013 12:00:00 AM"
"54977","1","8/25/2013 12:00:00 AM"
"54977","10","8/25/2013 12:00:00 AM"
"54978","1","8/25/2013 12:00:00 AM"
"54978","10","8/25/2013 12:00:00 AM"
"54979","1","8/25/2013 12:00:00 AM"
"54980","4","8/25/2013 12:00:00 AM"
"54981","4","8/25/2013 12:00:00 AM"
"54982","1","8/25/2013 12:00:00 AM"
"54982","2","8/25/2013 12:00:00 AM"
"54983","1","8/25/2013 12:00:00 AM"
"54983","2","8/25/2013 12:00:00 AM"
"54984","1","8/25/2013 12:00:00 AM"
"54985","4","8/25/2013 12:00:00 AM"
"54986","1","8/25/2013 12:00:00 AM"
"54987","1","8/25/2013 12:00:00 AM"
"54988","1","8/25/2013 12:00:00 AM"
"54989","1","8/25/2013 12:00:00 AM"
"54990","1","8/25/2013 12:00:00 AM"
"54991","1","8/25/2013 12:00:00 AM"
"54991","10","8/25/2013 12:00:00 AM"
"54992","1","8/25/2013 12:00:00 AM"
"54993","1","8/25/2013 12:00:00 AM"
"54994","1","8/25/2013 12:00:00 AM"
"54995","1","8/25/2013 12:00:00 AM"
"54996","6","8/25/2013 12:00:00 AM"
"54997","1","8/25/2013 12:00:00 AM"
"54998","1","8/25/2013 12:00:00 AM"
"54999","1","8/25/2013 12:00:00 AM"
"55000","1","8/25/2013 12:00:00 AM"
"55001","1","8/25/2013 12:00:00 AM"
"55003","1","8/25/2013 12:00:00 AM"
"55004","1","8/25/2013 12:00:00 AM"
"55004","10","8/25/2013 12:00:00 AM"
"55005","1","8/25/2013 12:00:00 AM"
"55005","10","8/25/2013 12:00:00 AM"
"55006","1","8/25/2013 12:00:00 AM"
"55006","10","8/25/2013 12:00:00 AM"
"55007","1","8/25/2013 12:00:00 AM"
"55008","1","8/25/2013 12:00:00 AM"
"55009","1","8/25/2013 12:00:00 AM"
"55010","1","8/25/2013 12:00:00 AM"
"55011","1","8/25/2013 12:00:00 AM"
"55012","1","8/25/2013 12:00:00 AM"
"55013","1","8/25/2013 12:00:00 AM"
"55014","1","8/25/2013 12:00:00 AM"
"55015","1","8/25/2013 12:00:00 AM"
"55016","1","8/25/2013 12:00:00 AM"
"55017","1","8/25/2013 12:00:00 AM"
"55018","1","8/25/2013 12:00:00 AM"
"55019","1","8/25/2013 12:00:00 AM"
"55019","2","8/25/2013 12:00:00 AM"
"55020","1","8/25/2013 12:00:00 AM"
"55020","2","8/25/2013 12:00:00 AM"
"55022","1","8/25/2013 12:00:00 AM"
"55023","1","8/25/2013 12:00:00 AM"
"55024","1","8/25/2013 12:00:00 AM"
"55024","2","8/25/2013 12:00:00 AM"
"55025","1","8/25/2013 12:00:00 AM"
"55026","1","8/25/2013 12:00:00 AM"
"55028","1","8/25/2013 12:00:00 AM"
"55028","2","8/25/2013 12:00:00 AM"
"55029","1","8/25/2013 12:00:00 AM"
"55030","1","8/26/2013 12:00:00 AM"
"55034","1","8/26/2013 12:00:00 AM"
"55034","10","8/26/2013 12:00:00 AM"
"55035","1","8/26/2013 12:00:00 AM"
"55035","10","8/26/2013 12:00:00 AM"
"55036","1","8/26/2013 12:00:00 AM"
"55037","1","8/26/2013 12:00:00 AM"
"55038","4","8/26/2013 12:00:00 AM"
"55039","1","8/26/2013 12:00:00 AM"
"55040","4","8/26/2013 12:00:00 AM"
"55041","1","8/26/2013 12:00:00 AM"
"55042","1","8/26/2013 12:00:00 AM"
"55043","1","8/26/2013 12:00:00 AM"
"55044","1","8/26/2013 12:00:00 AM"
"55045","1","8/26/2013 12:00:00 AM"
"55046","1","8/26/2013 12:00:00 AM"
"55047","1","8/26/2013 12:00:00 AM"
"55048","1","8/26/2013 12:00:00 AM"
"55049","1","8/26/2013 12:00:00 AM"
"55050","1","8/26/2013 12:00:00 AM"
"55051","1","8/26/2013 12:00:00 AM"
"55052","1","8/26/2013 12:00:00 AM"
"55053","1","8/26/2013 12:00:00 AM"
"55054","1","8/26/2013 12:00:00 AM"
"55055","1","8/26/2013 12:00:00 AM"
"55056","1","8/26/2013 12:00:00 AM"
"55057","1","8/26/2013 12:00:00 AM"
"55058","1","8/26/2013 12:00:00 AM"
"55059","1","8/26/2013 12:00:00 AM"
"55059","10","8/26/2013 12:00:00 AM"
"55060","6","8/26/2013 12:00:00 AM"
"55061","6","8/26/2013 12:00:00 AM"
"55062","1","8/26/2013 12:00:00 AM"
"55063","1","8/26/2013 12:00:00 AM"
"55064","1","8/26/2013 12:00:00 AM"
"55064","10","8/26/2013 12:00:00 AM"
"55065","4","8/26/2013 12:00:00 AM"
"55066","1","8/26/2013 12:00:00 AM"
"55067","1","8/26/2013 12:00:00 AM"
"55068","1","8/26/2013 12:00:00 AM"
"55069","1","8/26/2013 12:00:00 AM"
"55070","1","8/26/2013 12:00:00 AM"
"55071","1","8/26/2013 12:00:00 AM"
"55072","1","8/26/2013 12:00:00 AM"
"55073","1","8/26/2013 12:00:00 AM"
"55074","1","8/26/2013 12:00:00 AM"
"55075","1","8/26/2013 12:00:00 AM"
"55076","6","8/26/2013 12:00:00 AM"
"55077","1","8/26/2013 12:00:00 AM"
"55078","1","8/26/2013 12:00:00 AM"
"55079","1","8/26/2013 12:00:00 AM"
"55080","1","8/26/2013 12:00:00 AM"
"55081","1","8/26/2013 12:00:00 AM"
"55082","1","8/26/2013 12:00:00 AM"
"55084","1","8/26/2013 12:00:00 AM"
"55085","1","8/26/2013 12:00:00 AM"
"55088","1","8/26/2013 12:00:00 AM"
"55088","2","8/26/2013 12:00:00 AM"
"55089","1","8/26/2013 12:00:00 AM"
"55093","1","8/27/2013 12:00:00 AM"
"55094","1","8/27/2013 12:00:00 AM"
"55095","1","8/27/2013 12:00:00 AM"
"55096","1","8/27/2013 12:00:00 AM"
"55097","1","8/27/2013 12:00:00 AM"
"55099","1","8/27/2013 12:00:00 AM"
"55100","1","8/27/2013 12:00:00 AM"
"55101","1","8/27/2013 12:00:00 AM"
"55102","1","8/27/2013 12:00:00 AM"
"55103","1","8/27/2013 12:00:00 AM"
"55104","1","8/27/2013 12:00:00 AM"
"55105","1","8/27/2013 12:00:00 AM"
"55106","4","8/27/2013 12:00:00 AM"
"55107","1","8/27/2013 12:00:00 AM"
"55108","1","8/27/2013 12:00:00 AM"
"55109","1","8/27/2013 12:00:00 AM"
"55110","1","8/27/2013 12:00:00 AM"
"55111","1","8/27/2013 12:00:00 AM"
"55112","1","8/27/2013 12:00:00 AM"
"55113","1","8/27/2013 12:00:00 AM"
"55114","1","8/27/2013 12:00:00 AM"
"55115","1","8/27/2013 12:00:00 AM"
"55116","1","8/27/2013 12:00:00 AM"
"55117","6","8/27/2013 12:00:00 AM"
"55118","1","8/27/2013 12:00:00 AM"
"55119","1","8/27/2013 12:00:00 AM"
"55120","1","8/27/2013 12:00:00 AM"
"55120","10","8/27/2013 12:00:00 AM"
"55121","1","8/27/2013 12:00:00 AM"
"55122","1","8/27/2013 12:00:00 AM"
"55123","1","8/27/2013 12:00:00 AM"
"55124","1","8/27/2013 12:00:00 AM"
"55124","10","8/27/2013 12:00:00 AM"
"55125","1","8/27/2013 12:00:00 AM"
"55126","1","8/27/2013 12:00:00 AM"
"55127","1","8/27/2013 12:00:00 AM"
"55128","1","8/27/2013 12:00:00 AM"
"55129","1","8/27/2013 12:00:00 AM"
"55130","1","8/27/2013 12:00:00 AM"
"55131","6","8/27/2013 12:00:00 AM"
"55132","1","8/27/2013 12:00:00 AM"
"55133","1","8/27/2013 12:00:00 AM"
"55134","1","8/27/2013 12:00:00 AM"
"55135","1","8/27/2013 12:00:00 AM"
"55136","1","8/27/2013 12:00:00 AM"
"55136","2","8/27/2013 12:00:00 AM"
"55138","1","8/27/2013 12:00:00 AM"
"55138","2","8/27/2013 12:00:00 AM"
"55140","1","8/28/2013 12:00:00 AM"
"55141","1","8/28/2013 12:00:00 AM"
"55142","1","8/28/2013 12:00:00 AM"
"55143","6","8/28/2013 12:00:00 AM"
"55144","1","8/28/2013 12:00:00 AM"
"55145","1","8/28/2013 12:00:00 AM"
"55146","1","8/28/2013 12:00:00 AM"
"55147","1","8/28/2013 12:00:00 AM"
"55148","1","8/28/2013 12:00:00 AM"
"55149","1","8/28/2013 12:00:00 AM"
"55150","1","8/28/2013 12:00:00 AM"
"55151","1","8/28/2013 12:00:00 AM"
"55152","1","8/28/2013 12:00:00 AM"
"55153","1","8/28/2013 12:00:00 AM"
"55153","10","8/28/2013 12:00:00 AM"
"55154","1","8/28/2013 12:00:00 AM"
"55155","1","8/28/2013 12:00:00 AM"
"55156","4","8/28/2013 12:00:00 AM"
"55156","10","8/28/2013 12:00:00 AM"
"55157","1","8/28/2013 12:00:00 AM"
"55158","1","8/28/2013 12:00:00 AM"
"55159","6","8/28/2013 12:00:00 AM"
"55160","1","8/28/2013 12:00:00 AM"
"55161","1","8/28/2013 12:00:00 AM"
"55162","1","8/28/2013 12:00:00 AM"
"55163","1","8/28/2013 12:00:00 AM"
"55164","1","8/28/2013 12:00:00 AM"
"55165","1","8/28/2013 12:00:00 AM"
"55166","1","8/28/2013 12:00:00 AM"
"55167","1","8/28/2013 12:00:00 AM"
"55168","1","8/28/2013 12:00:00 AM"
"55169","1","8/28/2013 12:00:00 AM"
"55170","1","8/28/2013 12:00:00 AM"
"55171","1","8/28/2013 12:00:00 AM"
"55172","1","8/28/2013 12:00:00 AM"
"55173","2","8/28/2013 12:00:00 AM"
"55174","6","8/28/2013 12:00:00 AM"
"55175","1","8/28/2013 12:00:00 AM"
"55176","1","8/28/2013 12:00:00 AM"
"55176","2","8/28/2013 12:00:00 AM"
"55177","1","8/28/2013 12:00:00 AM"
"55180","1","8/29/2013 12:00:00 AM"
"55181","1","8/29/2013 12:00:00 AM"
"55183","1","8/29/2013 12:00:00 AM"
"55184","1","8/29/2013 12:00:00 AM"
"55185","1","8/29/2013 12:00:00 AM"
"55186","1","8/29/2013 12:00:00 AM"
"55188","1","8/29/2013 12:00:00 AM"
"55189","1","8/29/2013 12:00:00 AM"
"55190","1","8/29/2013 12:00:00 AM"
"55191","1","8/29/2013 12:00:00 AM"
"55192","1","8/29/2013 12:00:00 AM"
"55193","1","8/29/2013 12:00:00 AM"
"55194","1","8/29/2013 12:00:00 AM"
"55195","1","8/29/2013 12:00:00 AM"
"55196","1","8/29/2013 12:00:00 AM"
"55197","1","8/29/2013 12:00:00 AM"
"55198","1","8/29/2013 12:00:00 AM"
"55199","1","8/29/2013 12:00:00 AM"
"55200","1","8/29/2013 12:00:00 AM"
"55201","1","8/29/2013 12:00:00 AM"
"55202","1","8/29/2013 12:00:00 AM"
"55203","1","8/29/2013 12:00:00 AM"
"55204","1","8/29/2013 12:00:00 AM"
"55205","1","8/29/2013 12:00:00 AM"
"55206","1","8/29/2013 12:00:00 AM"
"55207","1","8/29/2013 12:00:00 AM"
"55207","10","8/29/2013 12:00:00 AM"
"55208","1","8/29/2013 12:00:00 AM"
"55209","1","8/29/2013 12:00:00 AM"
"55210","1","8/29/2013 12:00:00 AM"
"55211","1","8/29/2013 12:00:00 AM"
"55213","1","8/29/2013 12:00:00 AM"
"55214","1","8/29/2013 12:00:00 AM"
"55215","1","8/29/2013 12:00:00 AM"
"55216","1","8/29/2013 12:00:00 AM"
"55217","1","8/29/2013 12:00:00 AM"
"55218","1","8/29/2013 12:00:00 AM"
"55219","1","8/29/2013 12:00:00 AM"
"55220","1","8/29/2013 12:00:00 AM"
"55222","6","8/29/2013 12:00:00 AM"
"55225","1","8/29/2013 12:00:00 AM"
"55226","1","8/29/2013 12:00:00 AM"
"55227","1","8/29/2013 12:00:00 AM"
"55228","1","8/29/2013 12:00:00 AM"
"55228","2","8/29/2013 12:00:00 AM"
"55229","1","8/29/2013 12:00:00 AM"
"55333","1","8/30/2013 12:00:00 AM"
"55334","1","8/30/2013 12:00:00 AM"
"55335","1","8/30/2013 12:00:00 AM"
"55336","1","8/30/2013 12:00:00 AM"
"55337","1","8/30/2013 12:00:00 AM"
"55337","10","8/30/2013 12:00:00 AM"
"55338","1","8/30/2013 12:00:00 AM"
"55339","1","8/30/2013 12:00:00 AM"
"55342","1","8/30/2013 12:00:00 AM"
"55343","1","8/30/2013 12:00:00 AM"
"55344","1","8/30/2013 12:00:00 AM"
"55344","10","8/30/2013 12:00:00 AM"
"55345","1","8/30/2013 12:00:00 AM"
"55346","1","8/30/2013 12:00:00 AM"
"55346","10","8/30/2013 12:00:00 AM"
"55347","1","8/30/2013 12:00:00 AM"
"55348","1","8/30/2013 12:00:00 AM"
"55349","6","8/30/2013 12:00:00 AM"
"55350","1","8/30/2013 12:00:00 AM"
"55351","1","8/30/2013 12:00:00 AM"
"55352","1","8/30/2013 12:00:00 AM"
"55353","1","8/30/2013 12:00:00 AM"
"55354","1","8/30/2013 12:00:00 AM"
"55355","1","8/30/2013 12:00:00 AM"
"55356","1","8/30/2013 12:00:00 AM"
"55357","1","8/30/2013 12:00:00 AM"
"55358","1","8/30/2013 12:00:00 AM"
"55359","1","8/30/2013 12:00:00 AM"
"55360","1","8/30/2013 12:00:00 AM"
"55361","1","8/30/2013 12:00:00 AM"
"55361","10","8/30/2013 12:00:00 AM"
"55362","1","8/30/2013 12:00:00 AM"
"55363","1","8/30/2013 12:00:00 AM"
"55364","1","8/30/2013 12:00:00 AM"
"55365","1","8/30/2013 12:00:00 AM"
"55366","1","8/30/2013 12:00:00 AM"
"55367","1","8/30/2013 12:00:00 AM"
"55368","1","8/30/2013 12:00:00 AM"
"55369","1","8/30/2013 12:00:00 AM"
"55370","1","8/30/2013 12:00:00 AM"
"55371","6","8/30/2013 12:00:00 AM"
"55372","1","8/30/2013 12:00:00 AM"
"55372","2","8/30/2013 12:00:00 AM"
"55373","2","8/30/2013 12:00:00 AM"
"55374","2","8/30/2013 12:00:00 AM"
"55376","1","8/30/2013 12:00:00 AM"
"55377","1","8/30/2013 12:00:00 AM"
"55378","1","8/30/2013 12:00:00 AM"
"55379","1","8/30/2013 12:00:00 AM"
"55380","1","8/30/2013 12:00:00 AM"
"55380","2","8/30/2013 12:00:00 AM"
"55381","1","8/30/2013 12:00:00 AM"
"55382","1","8/30/2013 12:00:00 AM"
"55384","1","8/31/2013 12:00:00 AM"
"55385","1","8/31/2013 12:00:00 AM"
"55386","1","8/31/2013 12:00:00 AM"
"55387","1","8/31/2013 12:00:00 AM"
"55388","1","8/31/2013 12:00:00 AM"
"55389","1","8/31/2013 12:00:00 AM"
"55390","1","8/31/2013 12:00:00 AM"
"55391","1","8/31/2013 12:00:00 AM"
"55392","1","8/31/2013 12:00:00 AM"
"55393","1","8/31/2013 12:00:00 AM"
"55394","1","8/31/2013 12:00:00 AM"
"55394","10","8/31/2013 12:00:00 AM"
"55395","6","8/31/2013 12:00:00 AM"
"55396","6","8/31/2013 12:00:00 AM"
"55397","1","8/31/2013 12:00:00 AM"
"55398","1","8/31/2013 12:00:00 AM"
"55398","2","8/31/2013 12:00:00 AM"
"55399","1","8/31/2013 12:00:00 AM"
"55400","1","8/31/2013 12:00:00 AM"
"55401","1","8/31/2013 12:00:00 AM"
"55402","1","8/31/2013 12:00:00 AM"
"55403","1","8/31/2013 12:00:00 AM"
"55404","4","8/31/2013 12:00:00 AM"
"55404","10","8/31/2013 12:00:00 AM"
"55405","1","8/31/2013 12:00:00 AM"
"55406","1","8/31/2013 12:00:00 AM"
"55407","1","8/31/2013 12:00:00 AM"
"55408","4","8/31/2013 12:00:00 AM"
"55409","1","8/31/2013 12:00:00 AM"
"55410","1","8/31/2013 12:00:00 AM"
"55411","1","8/31/2013 12:00:00 AM"
"55412","1","8/31/2013 12:00:00 AM"
"55413","1","8/31/2013 12:00:00 AM"
"55414","1","8/31/2013 12:00:00 AM"
"55415","1","8/31/2013 12:00:00 AM"
"55416","1","8/31/2013 12:00:00 AM"
"55417","1","8/31/2013 12:00:00 AM"
"55418","1","8/31/2013 12:00:00 AM"
"55419","1","8/31/2013 12:00:00 AM"
"55420","1","8/31/2013 12:00:00 AM"
"55421","1","8/31/2013 12:00:00 AM"
"55422","1","8/31/2013 12:00:00 AM"
"55423","1","8/31/2013 12:00:00 AM"
"55424","1","8/31/2013 12:00:00 AM"
"55425","1","8/31/2013 12:00:00 AM"
"55426","1","8/31/2013 12:00:00 AM"
"55427","1","8/31/2013 12:00:00 AM"
"55428","1","8/31/2013 12:00:00 AM"
"55429","4","8/31/2013 12:00:00 AM"
"55430","4","8/31/2013 12:00:00 AM"
"55431","1","8/31/2013 12:00:00 AM"
"55432","4","8/31/2013 12:00:00 AM"
"55433","4","8/31/2013 12:00:00 AM"
"55434","1","8/31/2013 12:00:00 AM"
"55435","1","8/31/2013 12:00:00 AM"
"55436","1","8/31/2013 12:00:00 AM"
"55437","2","8/31/2013 12:00:00 AM"
"55438","1","8/31/2013 12:00:00 AM"
"55439","1","8/31/2013 12:00:00 AM"
"55441","1","8/31/2013 12:00:00 AM"
"55442","2","8/31/2013 12:00:00 AM"
"55444","1","8/31/2013 12:00:00 AM"
"55445","1","8/31/2013 12:00:00 AM"
"55447","1","8/31/2013 12:00:00 AM"
"55449","1","8/31/2013 12:00:00 AM"
"55450","1","8/31/2013 12:00:00 AM"
"55451","1","9/1/2013 12:00:00 AM"
"55453","1","9/1/2013 12:00:00 AM"
"55454","1","9/1/2013 12:00:00 AM"
"55455","1","9/1/2013 12:00:00 AM"
"55456","1","9/1/2013 12:00:00 AM"
"55456","10","9/1/2013 12:00:00 AM"
"55457","1","9/1/2013 12:00:00 AM"
"55458","1","9/1/2013 12:00:00 AM"
"55459","6","9/1/2013 12:00:00 AM"
"55460","1","9/1/2013 12:00:00 AM"
"55461","1","9/1/2013 12:00:00 AM"
"55462","1","9/1/2013 12:00:00 AM"
"55462","10","9/1/2013 12:00:00 AM"
"55463","1","9/1/2013 12:00:00 AM"
"55464","1","9/1/2013 12:00:00 AM"
"55465","1","9/1/2013 12:00:00 AM"
"55466","1","9/1/2013 12:00:00 AM"
"55467","1","9/1/2013 12:00:00 AM"
"55468","1","9/1/2013 12:00:00 AM"
"55469","1","9/1/2013 12:00:00 AM"
"55470","1","9/1/2013 12:00:00 AM"
"55471","1","9/1/2013 12:00:00 AM"
"55472","1","9/1/2013 12:00:00 AM"
"55473","1","9/1/2013 12:00:00 AM"
"55474","6","9/1/2013 12:00:00 AM"
"55475","1","9/1/2013 12:00:00 AM"
"55476","1","9/1/2013 12:00:00 AM"
"55477","1","9/1/2013 12:00:00 AM"
"55477","10","9/1/2013 12:00:00 AM"
"55478","1","9/1/2013 12:00:00 AM"
"55479","1","9/1/2013 12:00:00 AM"
"55480","1","9/1/2013 12:00:00 AM"
"55481","1","9/1/2013 12:00:00 AM"
"55482","1","9/1/2013 12:00:00 AM"
"55483","1","9/1/2013 12:00:00 AM"
"55483","10","9/1/2013 12:00:00 AM"
"55484","1","9/1/2013 12:00:00 AM"
"55485","1","9/1/2013 12:00:00 AM"
"55486","1","9/1/2013 12:00:00 AM"
"55487","1","9/1/2013 12:00:00 AM"
"55488","1","9/1/2013 12:00:00 AM"
"55489","1","9/1/2013 12:00:00 AM"
"55490","1","9/1/2013 12:00:00 AM"
"55491","1","9/1/2013 12:00:00 AM"
"55491","2","9/1/2013 12:00:00 AM"
"55492","1","9/1/2013 12:00:00 AM"
"55492","2","9/1/2013 12:00:00 AM"
"55493","1","9/1/2013 12:00:00 AM"
"55497","5","9/1/2013 12:00:00 AM"
"55499","6","9/1/2013 12:00:00 AM"
"55500","1","9/1/2013 12:00:00 AM"
"55500","2","9/1/2013 12:00:00 AM"
"55502","1","9/1/2013 12:00:00 AM"
"55502","2","9/1/2013 12:00:00 AM"
"55503","1","9/1/2013 12:00:00 AM"
"55504","1","9/1/2013 12:00:00 AM"
"55505","2","9/2/2013 12:00:00 AM"
"55506","2","9/2/2013 12:00:00 AM"
"55507","1","9/2/2013 12:00:00 AM"
"55508","1","9/2/2013 12:00:00 AM"
"55509","1","9/2/2013 12:00:00 AM"
"55509","10","9/2/2013 12:00:00 AM"
"55510","1","9/2/2013 12:00:00 AM"
"55511","1","9/2/2013 12:00:00 AM"
"55511","10","9/2/2013 12:00:00 AM"
"55512","1","9/2/2013 12:00:00 AM"
"55512","10","9/2/2013 12:00:00 AM"
"55513","5","9/2/2013 12:00:00 AM"
"55514","1","9/2/2013 12:00:00 AM"
"55515","1","9/2/2013 12:00:00 AM"
"55516","1","9/2/2013 12:00:00 AM"
"55517","1","9/2/2013 12:00:00 AM"
"55518","1","9/2/2013 12:00:00 AM"
"55519","1","9/2/2013 12:00:00 AM"
"55520","1","9/2/2013 12:00:00 AM"
"55521","1","9/2/2013 12:00:00 AM"
"55521","10","9/2/2013 12:00:00 AM"
"55522","1","9/2/2013 12:00:00 AM"
"55523","6","9/2/2013 12:00:00 AM"
"55524","1","9/2/2013 12:00:00 AM"
"55525","1","9/2/2013 12:00:00 AM"
"55526","1","9/2/2013 12:00:00 AM"
"55527","1","9/2/2013 12:00:00 AM"
"55528","1","9/2/2013 12:00:00 AM"
"55529","1","9/2/2013 12:00:00 AM"
"55530","1","9/2/2013 12:00:00 AM"
"55531","1","9/2/2013 12:00:00 AM"
"55532","1","9/2/2013 12:00:00 AM"
"55533","1","9/2/2013 12:00:00 AM"
"55534","1","9/2/2013 12:00:00 AM"
"55535","1","9/2/2013 12:00:00 AM"
"55536","1","9/2/2013 12:00:00 AM"
"55537","2","9/2/2013 12:00:00 AM"
"55539","1","9/2/2013 12:00:00 AM"
"55540","1","9/2/2013 12:00:00 AM"
"55543","1","9/2/2013 12:00:00 AM"
"55545","1","9/2/2013 12:00:00 AM"
"55545","2","9/2/2013 12:00:00 AM"
"55547","5","9/2/2013 12:00:00 AM"
"55548","1","9/2/2013 12:00:00 AM"
"55550","1","9/2/2013 12:00:00 AM"
"55551","1","9/2/2013 12:00:00 AM"
"55552","1","9/2/2013 12:00:00 AM"
"55552","2","9/2/2013 12:00:00 AM"
"55552","10","9/2/2013 12:00:00 AM"
"55555","1","9/3/2013 12:00:00 AM"
"55555","2","9/3/2013 12:00:00 AM"
"55556","1","9/3/2013 12:00:00 AM"
"55557","1","9/3/2013 12:00:00 AM"
"55557","10","9/3/2013 12:00:00 AM"
"55558","1","9/3/2013 12:00:00 AM"
"55559","1","9/3/2013 12:00:00 AM"
"55559","10","9/3/2013 12:00:00 AM"
"55560","1","9/3/2013 12:00:00 AM"
"55561","1","9/3/2013 12:00:00 AM"
"55561","2","9/3/2013 12:00:00 AM"
"55562","4","9/3/2013 12:00:00 AM"
"55563","1","9/3/2013 12:00:00 AM"
"55564","1","9/3/2013 12:00:00 AM"
"55565","1","9/3/2013 12:00:00 AM"
"55566","1","9/3/2013 12:00:00 AM"
"55567","1","9/3/2013 12:00:00 AM"
"55568","1","9/3/2013 12:00:00 AM"
"55568","10","9/3/2013 12:00:00 AM"
"55569","1","9/3/2013 12:00:00 AM"
"55570","4","9/3/2013 12:00:00 AM"
"55570","10","9/3/2013 12:00:00 AM"
"55571","1","9/3/2013 12:00:00 AM"
"55572","1","9/3/2013 12:00:00 AM"
"55573","1","9/3/2013 12:00:00 AM"
"55574","1","9/3/2013 12:00:00 AM"
"55575","1","9/3/2013 12:00:00 AM"
"55576","1","9/3/2013 12:00:00 AM"
"55577","1","9/3/2013 12:00:00 AM"
"55578","1","9/3/2013 12:00:00 AM"
"55579","1","9/3/2013 12:00:00 AM"
"55579","10","9/3/2013 12:00:00 AM"
"55580","1","9/3/2013 12:00:00 AM"
"55581","1","9/3/2013 12:00:00 AM"
"55582","1","9/3/2013 12:00:00 AM"
"55583","1","9/3/2013 12:00:00 AM"
"55584","1","9/3/2013 12:00:00 AM"
"55585","1","9/3/2013 12:00:00 AM"
"55586","1","9/3/2013 12:00:00 AM"
"55587","1","9/3/2013 12:00:00 AM"
"55588","1","9/3/2013 12:00:00 AM"
"55589","1","9/3/2013 12:00:00 AM"
"55590","1","9/3/2013 12:00:00 AM"
"55591","1","9/3/2013 12:00:00 AM"
"55592","6","9/3/2013 12:00:00 AM"
"55593","1","9/3/2013 12:00:00 AM"
"55594","6","9/3/2013 12:00:00 AM"
"55595","1","9/3/2013 12:00:00 AM"
"55596","1","9/3/2013 12:00:00 AM"
"55597","1","9/3/2013 12:00:00 AM"
"55597","2","9/3/2013 12:00:00 AM"
"55598","2","9/3/2013 12:00:00 AM"
"55599","1","9/3/2013 12:00:00 AM"
"55600","1","9/3/2013 12:00:00 AM"
"55601","1","9/3/2013 12:00:00 AM"
"55601","2","9/3/2013 12:00:00 AM"
"55602","2","9/3/2013 12:00:00 AM"
"55603","1","9/3/2013 12:00:00 AM"
"55603","2","9/3/2013 12:00:00 AM"
"55603","10","9/3/2013 12:00:00 AM"
"55604","1","9/3/2013 12:00:00 AM"
"55605","2","9/3/2013 12:00:00 AM"
"55606","1","9/3/2013 12:00:00 AM"
"55607","1","9/3/2013 12:00:00 AM"
"55608","1","9/3/2013 12:00:00 AM"
"55608","2","9/3/2013 12:00:00 AM"
"55611","1","9/3/2013 12:00:00 AM"
"55612","1","9/3/2013 12:00:00 AM"
"55613","1","9/4/2013 12:00:00 AM"
"55614","1","9/4/2013 12:00:00 AM"
"55615","1","9/4/2013 12:00:00 AM"
"55616","1","9/4/2013 12:00:00 AM"
"55617","1","9/4/2013 12:00:00 AM"
"55618","1","9/4/2013 12:00:00 AM"
"55619","1","9/4/2013 12:00:00 AM"
"55620","1","9/4/2013 12:00:00 AM"
"55621","6","9/4/2013 12:00:00 AM"
"55622","4","9/4/2013 12:00:00 AM"
"55623","1","9/4/2013 12:00:00 AM"
"55623","10","9/4/2013 12:00:00 AM"
"55624","1","9/4/2013 12:00:00 AM"
"55624","2","9/4/2013 12:00:00 AM"
"55625","1","9/4/2013 12:00:00 AM"
"55626","1","9/4/2013 12:00:00 AM"
"55627","1","9/4/2013 12:00:00 AM"
"55628","4","9/4/2013 12:00:00 AM"
"55628","10","9/4/2013 12:00:00 AM"
"55629","1","9/4/2013 12:00:00 AM"
"55630","1","9/4/2013 12:00:00 AM"
"55631","1","9/4/2013 12:00:00 AM"
"55631","10","9/4/2013 12:00:00 AM"
"55632","1","9/4/2013 12:00:00 AM"
"55633","1","9/4/2013 12:00:00 AM"
"55634","1","9/4/2013 12:00:00 AM"
"55635","1","9/4/2013 12:00:00 AM"
"55635","10","9/4/2013 12:00:00 AM"
"55636","1","9/4/2013 12:00:00 AM"
"55637","1","9/4/2013 12:00:00 AM"
"55638","1","9/4/2013 12:00:00 AM"
"55639","1","9/4/2013 12:00:00 AM"
"55640","1","9/4/2013 12:00:00 AM"
"55641","1","9/4/2013 12:00:00 AM"
"55641","10","9/4/2013 12:00:00 AM"
"55642","1","9/4/2013 12:00:00 AM"
"55643","1","9/4/2013 12:00:00 AM"
"55644","1","9/4/2013 12:00:00 AM"
"55645","4","9/4/2013 12:00:00 AM"
"55646","1","9/4/2013 12:00:00 AM"
"55646","10","9/4/2013 12:00:00 AM"
"55647","1","9/4/2013 12:00:00 AM"
"55648","1","9/4/2013 12:00:00 AM"
"55649","1","9/4/2013 12:00:00 AM"
"55650","1","9/4/2013 12:00:00 AM"
"55651","1","9/4/2013 12:00:00 AM"
"55652","1","9/4/2013 12:00:00 AM"
"55653","1","9/4/2013 12:00:00 AM"
"55654","1","9/4/2013 12:00:00 AM"
"55655","1","9/4/2013 12:00:00 AM"
"55656","1","9/4/2013 12:00:00 AM"
"55656","10","9/4/2013 12:00:00 AM"
"55657","1","9/4/2013 12:00:00 AM"
"55657","10","9/4/2013 12:00:00 AM"
"55658","1","9/4/2013 12:00:00 AM"
"55659","1","9/4/2013 12:00:00 AM"
"55661","1","9/4/2013 12:00:00 AM"
"55661","2","9/4/2013 12:00:00 AM"
"55662","1","9/4/2013 12:00:00 AM"
"55663","1","9/4/2013 12:00:00 AM"
"55664","1","9/4/2013 12:00:00 AM"
"55665","1","9/4/2013 12:00:00 AM"
"55665","2","9/4/2013 12:00:00 AM"
"55666","1","9/4/2013 12:00:00 AM"
"55667","1","9/4/2013 12:00:00 AM"
"55668","1","9/4/2013 12:00:00 AM"
"55668","2","9/4/2013 12:00:00 AM"
"55669","1","9/4/2013 12:00:00 AM"
"55670","1","9/4/2013 12:00:00 AM"
"55671","1","9/4/2013 12:00:00 AM"
"55672","1","9/4/2013 12:00:00 AM"
"55673","1","9/4/2013 12:00:00 AM"
"55673","2","9/4/2013 12:00:00 AM"
"55675","1","9/4/2013 12:00:00 AM"
"55676","1","9/4/2013 12:00:00 AM"
"55676","2","9/4/2013 12:00:00 AM"
"55681","1","9/4/2013 12:00:00 AM"
"55682","1","9/5/2013 12:00:00 AM"
"55682","2","9/5/2013 12:00:00 AM"
"55683","1","9/5/2013 12:00:00 AM"
"55684","1","9/5/2013 12:00:00 AM"
"55685","1","9/5/2013 12:00:00 AM"
"55686","4","9/5/2013 12:00:00 AM"
"55687","1","9/5/2013 12:00:00 AM"
"55688","4","9/5/2013 12:00:00 AM"
"55689","1","9/5/2013 12:00:00 AM"
"55690","4","9/5/2013 12:00:00 AM"
"55691","1","9/5/2013 12:00:00 AM"
"55692","1","9/5/2013 12:00:00 AM"
"55693","1","9/5/2013 12:00:00 AM"
"55694","1","9/5/2013 12:00:00 AM"
"55695","1","9/5/2013 12:00:00 AM"
"55696","1","9/5/2013 12:00:00 AM"
"55697","1","9/5/2013 12:00:00 AM"
"55698","1","9/5/2013 12:00:00 AM"
"55699","1","9/5/2013 12:00:00 AM"
"55700","4","9/5/2013 12:00:00 AM"
"55700","10","9/5/2013 12:00:00 AM"
"55701","4","9/5/2013 12:00:00 AM"
"55702","4","9/5/2013 12:00:00 AM"
"55703","1","9/5/2013 12:00:00 AM"
"55704","1","9/5/2013 12:00:00 AM"
"55705","1","9/5/2013 12:00:00 AM"
"55706","1","9/5/2013 12:00:00 AM"
"55707","1","9/5/2013 12:00:00 AM"
"55707","10","9/5/2013 12:00:00 AM"
"55708","1","9/5/2013 12:00:00 AM"
"55709","1","9/5/2013 12:00:00 AM"
"55709","10","9/5/2013 12:00:00 AM"
"55710","1","9/5/2013 12:00:00 AM"
"55711","1","9/5/2013 12:00:00 AM"
"55712","1","9/5/2013 12:00:00 AM"
"55712","10","9/5/2013 12:00:00 AM"
"55713","1","9/5/2013 12:00:00 AM"
"55714","1","9/5/2013 12:00:00 AM"
"55715","1","9/5/2013 12:00:00 AM"
"55716","1","9/5/2013 12:00:00 AM"
"55717","1","9/5/2013 12:00:00 AM"
"55718","1","9/5/2013 12:00:00 AM"
"55719","1","9/5/2013 12:00:00 AM"
"55720","1","9/5/2013 12:00:00 AM"
"55721","1","9/5/2013 12:00:00 AM"
"55722","1","9/5/2013 12:00:00 AM"
"55723","1","9/5/2013 12:00:00 AM"
"55724","2","9/5/2013 12:00:00 AM"
"55725","1","9/5/2013 12:00:00 AM"
"55727","1","9/5/2013 12:00:00 AM"
"55727","2","9/5/2013 12:00:00 AM"
"55728","5","9/5/2013 12:00:00 AM"
"55730","1","9/5/2013 12:00:00 AM"
"55731","1","9/5/2013 12:00:00 AM"
"55732","1","9/5/2013 12:00:00 AM"
"55732","2","9/5/2013 12:00:00 AM"
"55733","1","9/5/2013 12:00:00 AM"
"55734","1","9/5/2013 12:00:00 AM"
"55734","2","9/5/2013 12:00:00 AM"
"55736","1","9/6/2013 12:00:00 AM"
"55737","1","9/6/2013 12:00:00 AM"
"55737","2","9/6/2013 12:00:00 AM"
"55739","1","9/6/2013 12:00:00 AM"
"55739","2","9/6/2013 12:00:00 AM"
"55740","1","9/6/2013 12:00:00 AM"
"55740","2","9/6/2013 12:00:00 AM"
"55742","1","9/6/2013 12:00:00 AM"
"55743","6","9/6/2013 12:00:00 AM"
"55744","1","9/6/2013 12:00:00 AM"
"55745","1","9/6/2013 12:00:00 AM"
"55745","10","9/6/2013 12:00:00 AM"
"55746","1","9/6/2013 12:00:00 AM"
"55747","1","9/6/2013 12:00:00 AM"
"55748","1","9/6/2013 12:00:00 AM"
"55749","1","9/6/2013 12:00:00 AM"
"55750","4","9/6/2013 12:00:00 AM"
"55751","1","9/6/2013 12:00:00 AM"
"55753","4","9/6/2013 12:00:00 AM"
"55754","1","9/6/2013 12:00:00 AM"
"55755","1","9/6/2013 12:00:00 AM"
"55756","1","9/6/2013 12:00:00 AM"
"55757","1","9/6/2013 12:00:00 AM"
"55758","1","9/6/2013 12:00:00 AM"
"55759","1","9/6/2013 12:00:00 AM"
"55760","4","9/6/2013 12:00:00 AM"
"55761","1","9/6/2013 12:00:00 AM"
"55761","10","9/6/2013 12:00:00 AM"
"55762","1","9/6/2013 12:00:00 AM"
"55763","1","9/6/2013 12:00:00 AM"
"55764","6","9/6/2013 12:00:00 AM"
"55765","6","9/6/2013 12:00:00 AM"
"55766","1","9/6/2013 12:00:00 AM"
"55767","1","9/6/2013 12:00:00 AM"
"55768","1","9/6/2013 12:00:00 AM"
"55769","1","9/6/2013 12:00:00 AM"
"55770","1","9/6/2013 12:00:00 AM"
"55771","1","9/6/2013 12:00:00 AM"
"55772","1","9/6/2013 12:00:00 AM"
"55773","1","9/6/2013 12:00:00 AM"
"55774","1","9/6/2013 12:00:00 AM"
"55776","1","9/6/2013 12:00:00 AM"
"55777","1","9/6/2013 12:00:00 AM"
"55778","1","9/6/2013 12:00:00 AM"
"55779","1","9/6/2013 12:00:00 AM"
"55780","1","9/6/2013 12:00:00 AM"
"55781","1","9/6/2013 12:00:00 AM"
"55782","1","9/6/2013 12:00:00 AM"
"55783","1","9/6/2013 12:00:00 AM"
"55783","10","9/6/2013 12:00:00 AM"
"55784","1","9/6/2013 12:00:00 AM"
"55785","1","9/6/2013 12:00:00 AM"
"55786","1","9/6/2013 12:00:00 AM"
"55787","1","9/6/2013 12:00:00 AM"
"55788","1","9/6/2013 12:00:00 AM"
"55789","1","9/6/2013 12:00:00 AM"
"55789","2","9/6/2013 12:00:00 AM"
"55790","1","9/6/2013 12:00:00 AM"
"55791","1","9/6/2013 12:00:00 AM"
"55792","6","9/6/2013 12:00:00 AM"
"55793","1","9/6/2013 12:00:00 AM"
"55794","1","9/6/2013 12:00:00 AM"
"55795","2","9/6/2013 12:00:00 AM"
"55798","1","9/6/2013 12:00:00 AM"
"55801","1","9/6/2013 12:00:00 AM"
"55804","1","9/6/2013 12:00:00 AM"
"55804","2","9/6/2013 12:00:00 AM"
"55805","1","9/6/2013 12:00:00 AM"
"55807","1","9/6/2013 12:00:00 AM"
"55809","1","9/6/2013 12:00:00 AM"
"55810","1","9/6/2013 12:00:00 AM"
"55811","1","9/6/2013 12:00:00 AM"
"55812","1","9/6/2013 12:00:00 AM"
"55813","2","9/7/2013 12:00:00 AM"
"55815","1","9/7/2013 12:00:00 AM"
"55816","1","9/7/2013 12:00:00 AM"
"55817","1","9/7/2013 12:00:00 AM"
"55818","1","9/7/2013 12:00:00 AM"
"55819","1","9/7/2013 12:00:00 AM"
"55820","1","9/7/2013 12:00:00 AM"
"55821","4","9/7/2013 12:00:00 AM"
"55822","1","9/7/2013 12:00:00 AM"
"55823","1","9/7/2013 12:00:00 AM"
"55824","1","9/7/2013 12:00:00 AM"
"55825","1","9/7/2013 12:00:00 AM"
"55826","4","9/7/2013 12:00:00 AM"
"55827","1","9/7/2013 12:00:00 AM"
"55828","1","9/7/2013 12:00:00 AM"
"55829","1","9/7/2013 12:00:00 AM"
"55830","1","9/7/2013 12:00:00 AM"
"55831","1","9/7/2013 12:00:00 AM"
"55832","1","9/7/2013 12:00:00 AM"
"55833","1","9/7/2013 12:00:00 AM"
"55834","1","9/7/2013 12:00:00 AM"
"55835","1","9/7/2013 12:00:00 AM"
"55836","1","9/7/2013 12:00:00 AM"
"55837","1","9/7/2013 12:00:00 AM"
"55837","10","9/7/2013 12:00:00 AM"
"55838","1","9/7/2013 12:00:00 AM"
"55839","1","9/7/2013 12:00:00 AM"
"55840","1","9/7/2013 12:00:00 AM"
"55841","1","9/7/2013 12:00:00 AM"
"55842","1","9/7/2013 12:00:00 AM"
"55843","1","9/7/2013 12:00:00 AM"
"55844","1","9/7/2013 12:00:00 AM"
"55845","6","9/7/2013 12:00:00 AM"
"55846","1","9/7/2013 12:00:00 AM"
"55847","1","9/7/2013 12:00:00 AM"
"55848","1","9/7/2013 12:00:00 AM"
"55849","1","9/7/2013 12:00:00 AM"
"55850","1","9/7/2013 12:00:00 AM"
"55851","1","9/7/2013 12:00:00 AM"
"55852","1","9/7/2013 12:00:00 AM"
"55853","1","9/7/2013 12:00:00 AM"
"55854","1","9/7/2013 12:00:00 AM"
"55855","1","9/7/2013 12:00:00 AM"
"55856","1","9/7/2013 12:00:00 AM"
"55857","1","9/7/2013 12:00:00 AM"
"55858","1","9/7/2013 12:00:00 AM"
"55858","2","9/7/2013 12:00:00 AM"
"55859","1","9/7/2013 12:00:00 AM"
"55860","1","9/7/2013 12:00:00 AM"
"55860","2","9/7/2013 12:00:00 AM"
"55861","1","9/7/2013 12:00:00 AM"
"55861","2","9/7/2013 12:00:00 AM"
"55862","1","9/7/2013 12:00:00 AM"
"55862","2","9/7/2013 12:00:00 AM"
"55863","1","9/7/2013 12:00:00 AM"
"55864","1","9/7/2013 12:00:00 AM"
"55865","1","9/7/2013 12:00:00 AM"
"55866","1","9/7/2013 12:00:00 AM"
"55868","1","9/8/2013 12:00:00 AM"
"55869","1","9/8/2013 12:00:00 AM"
"55869","2","9/8/2013 12:00:00 AM"
"55870","1","9/8/2013 12:00:00 AM"
"55870","2","9/8/2013 12:00:00 AM"
"55871","1","9/8/2013 12:00:00 AM"
"55872","1","9/8/2013 12:00:00 AM"
"55873","1","9/8/2013 12:00:00 AM"
"55874","1","9/8/2013 12:00:00 AM"
"55875","1","9/8/2013 12:00:00 AM"
"55877","1","9/8/2013 12:00:00 AM"
"55878","1","9/8/2013 12:00:00 AM"
"55879","1","9/8/2013 12:00:00 AM"
"55880","1","9/8/2013 12:00:00 AM"
"55881","1","9/8/2013 12:00:00 AM"
"55882","1","9/8/2013 12:00:00 AM"
"55883","1","9/8/2013 12:00:00 AM"
"55884","1","9/8/2013 12:00:00 AM"
"55885","1","9/8/2013 12:00:00 AM"
"55886","1","9/8/2013 12:00:00 AM"
"55887","1","9/8/2013 12:00:00 AM"
"55888","1","9/8/2013 12:00:00 AM"
"55889","1","9/8/2013 12:00:00 AM"
"55890","1","9/8/2013 12:00:00 AM"
"55891","6","9/8/2013 12:00:00 AM"
"55892","1","9/8/2013 12:00:00 AM"
"55893","1","9/8/2013 12:00:00 AM"
"55894","1","9/8/2013 12:00:00 AM"
"55895","1","9/8/2013 12:00:00 AM"
"55896","1","9/8/2013 12:00:00 AM"
"55897","4","9/8/2013 12:00:00 AM"
"55898","1","9/8/2013 12:00:00 AM"
"55899","1","9/8/2013 12:00:00 AM"
"55900","1","9/8/2013 12:00:00 AM"
"55900","10","9/8/2013 12:00:00 AM"
"55901","1","9/8/2013 12:00:00 AM"
"55902","1","9/8/2013 12:00:00 AM"
"55903","1","9/8/2013 12:00:00 AM"
"55904","1","9/8/2013 12:00:00 AM"
"55905","1","9/8/2013 12:00:00 AM"
"55906","1","9/8/2013 12:00:00 AM"
"55907","1","9/8/2013 12:00:00 AM"
"55908","1","9/8/2013 12:00:00 AM"
"55909","1","9/8/2013 12:00:00 AM"
"55910","1","9/8/2013 12:00:00 AM"
"55911","2","9/8/2013 12:00:00 AM"
"55912","1","9/8/2013 12:00:00 AM"
"55913","1","9/8/2013 12:00:00 AM"
"55914","1","9/8/2013 12:00:00 AM"
"55915","1","9/8/2013 12:00:00 AM"
"55916","1","9/8/2013 12:00:00 AM"
"55917","1","9/8/2013 12:00:00 AM"
"55918","1","9/8/2013 12:00:00 AM"
"55918","2","9/8/2013 12:00:00 AM"
"55918","10","9/8/2013 12:00:00 AM"
"55920","1","9/8/2013 12:00:00 AM"
"55921","1","9/8/2013 12:00:00 AM"
"55923","1","9/9/2013 12:00:00 AM"
"55924","1","9/9/2013 12:00:00 AM"
"55925","1","9/9/2013 12:00:00 AM"
"55926","1","9/9/2013 12:00:00 AM"
"55927","1","9/9/2013 12:00:00 AM"
"55928","1","9/9/2013 12:00:00 AM"
"55929","1","9/9/2013 12:00:00 AM"
"55930","1","9/9/2013 12:00:00 AM"
"55931","1","9/9/2013 12:00:00 AM"
"55932","1","9/9/2013 12:00:00 AM"
"55932","2","9/9/2013 12:00:00 AM"
"55933","1","9/9/2013 12:00:00 AM"
"55933","10","9/9/2013 12:00:00 AM"
"55934","1","9/9/2013 12:00:00 AM"
"55935","1","9/9/2013 12:00:00 AM"
"55936","1","9/9/2013 12:00:00 AM"
"55937","1","9/9/2013 12:00:00 AM"
"55938","1","9/9/2013 12:00:00 AM"
"55940","1","9/9/2013 12:00:00 AM"
"55941","6","9/9/2013 12:00:00 AM"
"55942","1","9/9/2013 12:00:00 AM"
"55943","1","9/9/2013 12:00:00 AM"
"55944","1","9/9/2013 12:00:00 AM"
"55945","1","9/9/2013 12:00:00 AM"
"55946","1","9/9/2013 12:00:00 AM"
"55947","1","9/9/2013 12:00:00 AM"
"55948","1","9/9/2013 12:00:00 AM"
"55949","1","9/9/2013 12:00:00 AM"
"55950","1","9/9/2013 12:00:00 AM"
"55951","4","9/9/2013 12:00:00 AM"
"55952","4","9/9/2013 12:00:00 AM"
"55953","1","9/9/2013 12:00:00 AM"
"55954","1","9/9/2013 12:00:00 AM"
"55955","1","9/9/2013 12:00:00 AM"
"55955","2","9/9/2013 12:00:00 AM"
"55956","1","9/9/2013 12:00:00 AM"
"55957","1","9/9/2013 12:00:00 AM"
"55958","1","9/9/2013 12:00:00 AM"
"55959","5","9/9/2013 12:00:00 AM"
"55961","1","9/9/2013 12:00:00 AM"
"55962","1","9/9/2013 12:00:00 AM"
"55964","5","9/9/2013 12:00:00 AM"
"55965","1","9/9/2013 12:00:00 AM"
"55965","2","9/9/2013 12:00:00 AM"
"55965","10","9/9/2013 12:00:00 AM"
"55966","1","9/9/2013 12:00:00 AM"
"55966","2","9/9/2013 12:00:00 AM"
"55966","10","9/9/2013 12:00:00 AM"
"55967","1","9/9/2013 12:00:00 AM"
"55968","1","9/10/2013 12:00:00 AM"
"55969","1","9/10/2013 12:00:00 AM"
"55970","1","9/10/2013 12:00:00 AM"
"55970","2","9/10/2013 12:00:00 AM"
"55971","1","9/10/2013 12:00:00 AM"
"55971","10","9/10/2013 12:00:00 AM"
"55972","1","9/10/2013 12:00:00 AM"
"55972","10","9/10/2013 12:00:00 AM"
"55973","1","9/10/2013 12:00:00 AM"
"55973","10","9/10/2013 12:00:00 AM"
"55974","1","9/10/2013 12:00:00 AM"
"55975","1","9/10/2013 12:00:00 AM"
"55976","4","9/10/2013 12:00:00 AM"
"55977","4","9/10/2013 12:00:00 AM"
"55978","2","9/10/2013 12:00:00 AM"
"55979","2","9/10/2013 12:00:00 AM"
"55980","1","9/10/2013 12:00:00 AM"
"55981","1","9/10/2013 12:00:00 AM"
"55982","1","9/10/2013 12:00:00 AM"
"55983","1","9/10/2013 12:00:00 AM"
"55984","1","9/10/2013 12:00:00 AM"
"55984","10","9/10/2013 12:00:00 AM"
"55985","1","9/10/2013 12:00:00 AM"
"55986","1","9/10/2013 12:00:00 AM"
"55987","1","9/10/2013 12:00:00 AM"
"55988","1","9/10/2013 12:00:00 AM"
"55989","6","9/10/2013 12:00:00 AM"
"55990","1","9/10/2013 12:00:00 AM"
"55991","1","9/10/2013 12:00:00 AM"
"55992","1","9/10/2013 12:00:00 AM"
"55993","1","9/10/2013 12:00:00 AM"
"55994","1","9/10/2013 12:00:00 AM"
"55995","1","9/10/2013 12:00:00 AM"
"55995","10","9/10/2013 12:00:00 AM"
"55996","1","9/10/2013 12:00:00 AM"
"55997","1","9/10/2013 12:00:00 AM"
"55997","10","9/10/2013 12:00:00 AM"
"55998","1","9/10/2013 12:00:00 AM"
"55999","1","9/10/2013 12:00:00 AM"
"56000","1","9/10/2013 12:00:00 AM"
"56001","1","9/10/2013 12:00:00 AM"
"56002","1","9/10/2013 12:00:00 AM"
"56003","1","9/10/2013 12:00:00 AM"
"56004","1","9/10/2013 12:00:00 AM"
"56005","1","9/10/2013 12:00:00 AM"
"56006","1","9/10/2013 12:00:00 AM"
"56007","1","9/10/2013 12:00:00 AM"
"56008","2","9/10/2013 12:00:00 AM"
"56009","2","9/10/2013 12:00:00 AM"
"56010","1","9/10/2013 12:00:00 AM"
"56012","1","9/10/2013 12:00:00 AM"
"56013","1","9/10/2013 12:00:00 AM"
"56013","2","9/10/2013 12:00:00 AM"
"56014","1","9/10/2013 12:00:00 AM"
"56014","2","9/10/2013 12:00:00 AM"
"56016","1","9/10/2013 12:00:00 AM"
"56016","10","9/10/2013 12:00:00 AM"
"56018","1","9/10/2013 12:00:00 AM"
"56020","1","9/11/2013 12:00:00 AM"
"56020","2","9/11/2013 12:00:00 AM"
"56021","1","9/11/2013 12:00:00 AM"
"56021","2","9/11/2013 12:00:00 AM"
"56022","1","9/11/2013 12:00:00 AM"
"56023","1","9/11/2013 12:00:00 AM"
"56024","6","9/11/2013 12:00:00 AM"
"56025","1","9/11/2013 12:00:00 AM"
"56026","1","9/11/2013 12:00:00 AM"
"56027","1","9/11/2013 12:00:00 AM"
"56027","2","9/11/2013 12:00:00 AM"
"56028","1","9/11/2013 12:00:00 AM"
"56028","2","9/11/2013 12:00:00 AM"
"56029","4","9/11/2013 12:00:00 AM"
"56030","1","9/11/2013 12:00:00 AM"
"56031","1","9/11/2013 12:00:00 AM"
"56032","1","9/11/2013 12:00:00 AM"
"56033","1","9/11/2013 12:00:00 AM"
"56034","1","9/11/2013 12:00:00 AM"
"56035","1","9/11/2013 12:00:00 AM"
"56035","10","9/11/2013 12:00:00 AM"
"56036","1","9/11/2013 12:00:00 AM"
"56037","1","9/11/2013 12:00:00 AM"
"56038","1","9/11/2013 12:00:00 AM"
"56038","10","9/11/2013 12:00:00 AM"
"56039","1","9/11/2013 12:00:00 AM"
"56040","1","9/11/2013 12:00:00 AM"
"56041","4","9/11/2013 12:00:00 AM"
"56042","1","9/11/2013 12:00:00 AM"
"56043","1","9/11/2013 12:00:00 AM"
"56044","1","9/11/2013 12:00:00 AM"
"56045","1","9/11/2013 12:00:00 AM"
"56046","1","9/11/2013 12:00:00 AM"
"56047","1","9/11/2013 12:00:00 AM"
"56048","1","9/11/2013 12:00:00 AM"
"56049","4","9/11/2013 12:00:00 AM"
"56050","1","9/11/2013 12:00:00 AM"
"56051","1","9/11/2013 12:00:00 AM"
"56052","1","9/11/2013 12:00:00 AM"
"56053","2","9/11/2013 12:00:00 AM"
"56054","2","9/11/2013 12:00:00 AM"
"56055","1","9/11/2013 12:00:00 AM"
"56056","1","9/11/2013 12:00:00 AM"
"56057","1","9/11/2013 12:00:00 AM"
"56058","1","9/11/2013 12:00:00 AM"
"56059","1","9/11/2013 12:00:00 AM"
"56061","1","9/11/2013 12:00:00 AM"
"56062","2","9/11/2013 12:00:00 AM"
"56063","1","9/11/2013 12:00:00 AM"
"56064","2","9/11/2013 12:00:00 AM"
"56065","1","9/11/2013 12:00:00 AM"
"56065","2","9/11/2013 12:00:00 AM"
"56066","1","9/11/2013 12:00:00 AM"
"56066","2","9/11/2013 12:00:00 AM"
"56067","5","9/11/2013 12:00:00 AM"
"56068","6","9/12/2013 12:00:00 AM"
"56069","1","9/12/2013 12:00:00 AM"
"56070","1","9/12/2013 12:00:00 AM"
"56070","10","9/12/2013 12:00:00 AM"
"56071","1","9/12/2013 12:00:00 AM"
"56072","4","9/12/2013 12:00:00 AM"
"56073","1","9/12/2013 12:00:00 AM"
"56074","1","9/12/2013 12:00:00 AM"
"56075","1","9/12/2013 12:00:00 AM"
"56076","1","9/12/2013 12:00:00 AM"
"56076","10","9/12/2013 12:00:00 AM"
"56077","1","9/12/2013 12:00:00 AM"
"56078","4","9/12/2013 12:00:00 AM"
"56079","1","9/12/2013 12:00:00 AM"
"56080","1","9/12/2013 12:00:00 AM"
"56081","1","9/12/2013 12:00:00 AM"
"56082","1","9/12/2013 12:00:00 AM"
"56083","1","9/12/2013 12:00:00 AM"
"56085","6","9/12/2013 12:00:00 AM"
"56086","6","9/12/2013 12:00:00 AM"
"56087","1","9/12/2013 12:00:00 AM"
"56088","1","9/12/2013 12:00:00 AM"
"56089","1","9/12/2013 12:00:00 AM"
"56090","1","9/12/2013 12:00:00 AM"
"56091","1","9/12/2013 12:00:00 AM"
"56092","1","9/12/2013 12:00:00 AM"
"56093","1","9/12/2013 12:00:00 AM"
"56094","1","9/12/2013 12:00:00 AM"
"56095","1","9/12/2013 12:00:00 AM"
"56096","1","9/12/2013 12:00:00 AM"
"56097","1","9/12/2013 12:00:00 AM"
"56098","1","9/12/2013 12:00:00 AM"
"56099","1","9/12/2013 12:00:00 AM"
"56100","4","9/12/2013 12:00:00 AM"
"56101","6","9/12/2013 12:00:00 AM"
"56102","6","9/12/2013 12:00:00 AM"
"56103","1","9/12/2013 12:00:00 AM"
"56104","1","9/12/2013 12:00:00 AM"
"56105","1","9/12/2013 12:00:00 AM"
"56106","2","9/12/2013 12:00:00 AM"
"56108","1","9/12/2013 12:00:00 AM"
"56109","1","9/12/2013 12:00:00 AM"
"56109","2","9/12/2013 12:00:00 AM"
"56110","1","9/12/2013 12:00:00 AM"
"56111","2","9/12/2013 12:00:00 AM"
"56112","1","9/12/2013 12:00:00 AM"
"56113","1","9/12/2013 12:00:00 AM"
"56114","1","9/12/2013 12:00:00 AM"
"56115","1","9/12/2013 12:00:00 AM"
"56117","1","9/12/2013 12:00:00 AM"
"56118","1","9/12/2013 12:00:00 AM"
"56118","2","9/12/2013 12:00:00 AM"
"56119","1","9/12/2013 12:00:00 AM"
"56121","1","9/12/2013 12:00:00 AM"
"56122","1","9/12/2013 12:00:00 AM"
"56122","2","9/12/2013 12:00:00 AM"
"56123","1","9/12/2013 12:00:00 AM"
"56123","2","9/12/2013 12:00:00 AM"
"56124","1","9/12/2013 12:00:00 AM"
"56124","2","9/12/2013 12:00:00 AM"
"56126","1","9/13/2013 12:00:00 AM"
"56126","2","9/13/2013 12:00:00 AM"
"56127","1","9/13/2013 12:00:00 AM"
"56129","1","9/13/2013 12:00:00 AM"
"56130","1","9/13/2013 12:00:00 AM"
"56131","1","9/13/2013 12:00:00 AM"
"56132","1","9/13/2013 12:00:00 AM"
"56133","1","9/13/2013 12:00:00 AM"
"56134","1","9/13/2013 12:00:00 AM"
"56135","1","9/13/2013 12:00:00 AM"
"56136","1","9/13/2013 12:00:00 AM"
"56137","1","9/13/2013 12:00:00 AM"
"56138","1","9/13/2013 12:00:00 AM"
"56139","1","9/13/2013 12:00:00 AM"
"56140","1","9/13/2013 12:00:00 AM"
"56141","1","9/13/2013 12:00:00 AM"
"56141","10","9/13/2013 12:00:00 AM"
"56142","1","9/13/2013 12:00:00 AM"
"56143","1","9/13/2013 12:00:00 AM"
"56144","1","9/13/2013 12:00:00 AM"
"56145","1","9/13/2013 12:00:00 AM"
"56146","1","9/13/2013 12:00:00 AM"
"56147","1","9/13/2013 12:00:00 AM"
"56148","1","9/13/2013 12:00:00 AM"
"56149","1","9/13/2013 12:00:00 AM"
"56150","4","9/13/2013 12:00:00 AM"
"56151","1","9/13/2013 12:00:00 AM"
"56152","1","9/13/2013 12:00:00 AM"
"56153","1","9/13/2013 12:00:00 AM"
"56154","1","9/13/2013 12:00:00 AM"
"56155","1","9/13/2013 12:00:00 AM"
"56156","1","9/13/2013 12:00:00 AM"
"56157","1","9/13/2013 12:00:00 AM"
"56158","1","9/13/2013 12:00:00 AM"
"56158","10","9/13/2013 12:00:00 AM"
"56159","1","9/13/2013 12:00:00 AM"
"56160","1","9/13/2013 12:00:00 AM"
"56161","1","9/13/2013 12:00:00 AM"
"56162","1","9/13/2013 12:00:00 AM"
"56162","10","9/13/2013 12:00:00 AM"
"56163","1","9/13/2013 12:00:00 AM"
"56164","1","9/13/2013 12:00:00 AM"
"56165","1","9/13/2013 12:00:00 AM"
"56166","1","9/13/2013 12:00:00 AM"
"56167","1","9/13/2013 12:00:00 AM"
"56168","1","9/13/2013 12:00:00 AM"
"56169","1","9/13/2013 12:00:00 AM"
"56170","1","9/13/2013 12:00:00 AM"
"56171","1","9/13/2013 12:00:00 AM"
"56172","1","9/13/2013 12:00:00 AM"
"56173","1","9/13/2013 12:00:00 AM"
"56174","1","9/13/2013 12:00:00 AM"
"56175","2","9/13/2013 12:00:00 AM"
"56176","1","9/13/2013 12:00:00 AM"
"56177","1","9/13/2013 12:00:00 AM"
"56179","5","9/13/2013 12:00:00 AM"
"56180","1","9/13/2013 12:00:00 AM"
"56180","2","9/13/2013 12:00:00 AM"
"56181","1","9/13/2013 12:00:00 AM"
"56181","2","9/13/2013 12:00:00 AM"
"56182","1","9/13/2013 12:00:00 AM"
"56184","1","9/13/2013 12:00:00 AM"
"56184","10","9/13/2013 12:00:00 AM"
"56185","1","9/13/2013 12:00:00 AM"
"56186","1","9/13/2013 12:00:00 AM"
"56187","1","9/13/2013 12:00:00 AM"
"56188","1","9/14/2013 12:00:00 AM"
"56189","1","9/14/2013 12:00:00 AM"
"56190","1","9/14/2013 12:00:00 AM"
"56191","1","9/14/2013 12:00:00 AM"
"56192","6","9/14/2013 12:00:00 AM"
"56193","1","9/14/2013 12:00:00 AM"
"56194","1","9/14/2013 12:00:00 AM"
"56195","1","9/14/2013 12:00:00 AM"
"56196","1","9/14/2013 12:00:00 AM"
"56197","1","9/14/2013 12:00:00 AM"
"56198","1","9/14/2013 12:00:00 AM"
"56199","4","9/14/2013 12:00:00 AM"
"56199","10","9/14/2013 12:00:00 AM"
"56200","1","9/14/2013 12:00:00 AM"
"56201","1","9/14/2013 12:00:00 AM"
"56202","1","9/14/2013 12:00:00 AM"
"56203","1","9/14/2013 12:00:00 AM"
"56204","1","9/14/2013 12:00:00 AM"
"56205","1","9/14/2013 12:00:00 AM"
"56206","1","9/14/2013 12:00:00 AM"
"56207","1","9/14/2013 12:00:00 AM"
"56208","1","9/14/2013 12:00:00 AM"
"56209","1","9/14/2013 12:00:00 AM"
"56210","1","9/14/2013 12:00:00 AM"
"56211","1","9/14/2013 12:00:00 AM"
"56213","1","9/14/2013 12:00:00 AM"
"56214","1","9/14/2013 12:00:00 AM"
"56215","5","9/14/2013 12:00:00 AM"
"56216","1","9/14/2013 12:00:00 AM"
"56217","2","9/14/2013 12:00:00 AM"
"56218","1","9/14/2013 12:00:00 AM"
"56219","1","9/14/2013 12:00:00 AM"
"56219","2","9/14/2013 12:00:00 AM"
"56220","1","9/14/2013 12:00:00 AM"
"56220","2","9/14/2013 12:00:00 AM"
"56221","1","9/14/2013 12:00:00 AM"
"56222","1","9/14/2013 12:00:00 AM"
"56222","10","9/14/2013 12:00:00 AM"
"56223","1","9/14/2013 12:00:00 AM"
"56223","2","9/14/2013 12:00:00 AM"
"56224","1","9/14/2013 12:00:00 AM"
"56224","2","9/14/2013 12:00:00 AM"
"56225","1","9/15/2013 12:00:00 AM"
"56225","2","9/15/2013 12:00:00 AM"
"56226","2","9/15/2013 12:00:00 AM"
"56227","1","9/15/2013 12:00:00 AM"
"56228","1","9/15/2013 12:00:00 AM"
"56228","10","9/15/2013 12:00:00 AM"
"56229","1","9/15/2013 12:00:00 AM"
"56230","1","9/15/2013 12:00:00 AM"
"56231","1","9/15/2013 12:00:00 AM"
"56232","1","9/15/2013 12:00:00 AM"
"56233","1","9/15/2013 12:00:00 AM"
"56234","1","9/15/2013 12:00:00 AM"
"56235","1","9/15/2013 12:00:00 AM"
"56236","1","9/15/2013 12:00:00 AM"
"56237","1","9/15/2013 12:00:00 AM"
"56238","1","9/15/2013 12:00:00 AM"
"56239","4","9/15/2013 12:00:00 AM"
"56240","1","9/15/2013 12:00:00 AM"
"56240","10","9/15/2013 12:00:00 AM"
"56241","1","9/15/2013 12:00:00 AM"
"56242","1","9/15/2013 12:00:00 AM"
"56243","1","9/15/2013 12:00:00 AM"
"56244","1","9/15/2013 12:00:00 AM"
"56245","1","9/15/2013 12:00:00 AM"
"56246","1","9/15/2013 12:00:00 AM"
"56247","1","9/15/2013 12:00:00 AM"
"56248","1","9/15/2013 12:00:00 AM"
"56249","1","9/15/2013 12:00:00 AM"
"56250","6","9/15/2013 12:00:00 AM"
"56251","1","9/15/2013 12:00:00 AM"
"56252","1","9/15/2013 12:00:00 AM"
"56253","1","9/15/2013 12:00:00 AM"
"56254","1","9/15/2013 12:00:00 AM"
"56255","1","9/15/2013 12:00:00 AM"
"56256","1","9/15/2013 12:00:00 AM"
"56257","1","9/15/2013 12:00:00 AM"
"56257","2","9/15/2013 12:00:00 AM"
"56258","2","9/15/2013 12:00:00 AM"
"56259","2","9/15/2013 12:00:00 AM"
"56260","1","9/15/2013 12:00:00 AM"
"56261","1","9/15/2013 12:00:00 AM"
"56261","2","9/15/2013 12:00:00 AM"
"56261","10","9/15/2013 12:00:00 AM"
"56262","1","9/15/2013 12:00:00 AM"
"56262","2","9/15/2013 12:00:00 AM"
"56263","1","9/15/2013 12:00:00 AM"
"56263","2","9/15/2013 12:00:00 AM"
"56263","10","9/15/2013 12:00:00 AM"
"56265","1","9/15/2013 12:00:00 AM"
"56266","1","9/15/2013 12:00:00 AM"
"56266","2","9/15/2013 12:00:00 AM"
"56267","1","9/15/2013 12:00:00 AM"
"56268","1","9/15/2013 12:00:00 AM"
"56269","1","9/15/2013 12:00:00 AM"
"56271","1","9/15/2013 12:00:00 AM"
"56273","1","9/16/2013 12:00:00 AM"
"56274","1","9/16/2013 12:00:00 AM"
"56275","1","9/16/2013 12:00:00 AM"
"56276","1","9/16/2013 12:00:00 AM"
"56278","1","9/16/2013 12:00:00 AM"
"56279","1","9/16/2013 12:00:00 AM"
"56280","4","9/16/2013 12:00:00 AM"
"56281","1","9/16/2013 12:00:00 AM"
"56282","1","9/16/2013 12:00:00 AM"
"56283","1","9/16/2013 12:00:00 AM"
"56284","1","9/16/2013 12:00:00 AM"
"56285","1","9/16/2013 12:00:00 AM"
"56286","1","9/16/2013 12:00:00 AM"
"56287","1","9/16/2013 12:00:00 AM"
"56288","1","9/16/2013 12:00:00 AM"
"56289","1","9/16/2013 12:00:00 AM"
"56290","1","9/16/2013 12:00:00 AM"
"56291","1","9/16/2013 12:00:00 AM"
"56292","1","9/16/2013 12:00:00 AM"
"56293","1","9/16/2013 12:00:00 AM"
"56294","1","9/16/2013 12:00:00 AM"
"56296","1","9/16/2013 12:00:00 AM"
"56297","1","9/16/2013 12:00:00 AM"
"56298","1","9/16/2013 12:00:00 AM"
"56299","1","9/16/2013 12:00:00 AM"
"56300","1","9/16/2013 12:00:00 AM"
"56301","1","9/16/2013 12:00:00 AM"
"56302","1","9/16/2013 12:00:00 AM"
"56303","1","9/16/2013 12:00:00 AM"
"56304","1","9/16/2013 12:00:00 AM"
"56305","1","9/16/2013 12:00:00 AM"
"56306","1","9/16/2013 12:00:00 AM"
"56307","1","9/16/2013 12:00:00 AM"
"56308","1","9/16/2013 12:00:00 AM"
"56309","1","9/16/2013 12:00:00 AM"
"56310","1","9/16/2013 12:00:00 AM"
"56311","4","9/16/2013 12:00:00 AM"
"56312","6","9/16/2013 12:00:00 AM"
"56313","1","9/16/2013 12:00:00 AM"
"56314","1","9/16/2013 12:00:00 AM"
"56315","1","9/16/2013 12:00:00 AM"
"56315","2","9/16/2013 12:00:00 AM"
"56316","1","9/16/2013 12:00:00 AM"
"56318","1","9/16/2013 12:00:00 AM"
"56318","2","9/16/2013 12:00:00 AM"
"56320","1","9/16/2013 12:00:00 AM"
"56321","1","9/16/2013 12:00:00 AM"
"56322","6","9/16/2013 12:00:00 AM"
"56323","2","9/16/2013 12:00:00 AM"
"56324","1","9/16/2013 12:00:00 AM"
"56324","2","9/16/2013 12:00:00 AM"
"56325","2","9/16/2013 12:00:00 AM"
"56326","2","9/16/2013 12:00:00 AM"
"56327","1","9/16/2013 12:00:00 AM"
"56329","1","9/16/2013 12:00:00 AM"
"56330","1","9/16/2013 12:00:00 AM"
"56334","1","9/17/2013 12:00:00 AM"
"56334","2","9/17/2013 12:00:00 AM"
"56335","1","9/17/2013 12:00:00 AM"
"56335","2","9/17/2013 12:00:00 AM"
"56336","1","9/17/2013 12:00:00 AM"
"56337","2","9/17/2013 12:00:00 AM"
"56339","1","9/17/2013 12:00:00 AM"
"56340","1","9/17/2013 12:00:00 AM"
"56340","10","9/17/2013 12:00:00 AM"
"56341","1","9/17/2013 12:00:00 AM"
"56342","1","9/17/2013 12:00:00 AM"
"56343","6","9/17/2013 12:00:00 AM"
"56344","2","9/17/2013 12:00:00 AM"
"56345","1","9/17/2013 12:00:00 AM"
"56346","4","9/17/2013 12:00:00 AM"
"56347","1","9/17/2013 12:00:00 AM"
"56347","10","9/17/2013 12:00:00 AM"
"56348","1","9/17/2013 12:00:00 AM"
"56349","1","9/17/2013 12:00:00 AM"
"56350","1","9/17/2013 12:00:00 AM"
"56351","1","9/17/2013 12:00:00 AM"
"56352","1","9/17/2013 12:00:00 AM"
"56353","1","9/17/2013 12:00:00 AM"
"56354","1","9/17/2013 12:00:00 AM"
"56355","1","9/17/2013 12:00:00 AM"
"56356","1","9/17/2013 12:00:00 AM"
"56357","1","9/17/2013 12:00:00 AM"
"56358","1","9/17/2013 12:00:00 AM"
"56359","1","9/17/2013 12:00:00 AM"
"56360","1","9/17/2013 12:00:00 AM"
"56361","1","9/17/2013 12:00:00 AM"
"56362","1","9/17/2013 12:00:00 AM"
"56363","6","9/17/2013 12:00:00 AM"
"56364","1","9/17/2013 12:00:00 AM"
"56365","1","9/17/2013 12:00:00 AM"
"56366","1","9/17/2013 12:00:00 AM"
"56368","1","9/17/2013 12:00:00 AM"
"56368","2","9/17/2013 12:00:00 AM"
"56369","1","9/17/2013 12:00:00 AM"
"56369","2","9/17/2013 12:00:00 AM"
"56370","1","9/17/2013 12:00:00 AM"
"56371","1","9/17/2013 12:00:00 AM"
"56375","1","9/17/2013 12:00:00 AM"
"56377","1","9/18/2013 12:00:00 AM"
"56378","1","9/18/2013 12:00:00 AM"
"56379","1","9/18/2013 12:00:00 AM"
"56379","10","9/18/2013 12:00:00 AM"
"56380","1","9/18/2013 12:00:00 AM"
"56381","1","9/18/2013 12:00:00 AM"
"56382","1","9/18/2013 12:00:00 AM"
"56382","10","9/18/2013 12:00:00 AM"
"56383","1","9/18/2013 12:00:00 AM"
"56384","1","9/18/2013 12:00:00 AM"
"56385","1","9/18/2013 12:00:00 AM"
"56386","1","9/18/2013 12:00:00 AM"
"56387","1","9/18/2013 12:00:00 AM"
"56388","1","9/18/2013 12:00:00 AM"
"56389","1","9/18/2013 12:00:00 AM"
"56390","1","9/18/2013 12:00:00 AM"
"56391","1","9/18/2013 12:00:00 AM"
"56392","1","9/18/2013 12:00:00 AM"
"56393","1","9/18/2013 12:00:00 AM"
"56394","1","9/18/2013 12:00:00 AM"
"56395","1","9/18/2013 12:00:00 AM"
"56396","1","9/18/2013 12:00:00 AM"
"56397","1","9/18/2013 12:00:00 AM"
"56398","1","9/18/2013 12:00:00 AM"
"56399","6","9/18/2013 12:00:00 AM"
"56400","1","9/18/2013 12:00:00 AM"
"56401","1","9/18/2013 12:00:00 AM"
"56402","1","9/18/2013 12:00:00 AM"
"56403","1","9/18/2013 12:00:00 AM"
"56404","1","9/18/2013 12:00:00 AM"
"56405","1","9/18/2013 12:00:00 AM"
"56406","1","9/18/2013 12:00:00 AM"
"56407","1","9/18/2013 12:00:00 AM"
"56407","10","9/18/2013 12:00:00 AM"
"56408","1","9/18/2013 12:00:00 AM"
"56409","1","9/18/2013 12:00:00 AM"
"56409","10","9/18/2013 12:00:00 AM"
"56410","1","9/18/2013 12:00:00 AM"
"56411","1","9/18/2013 12:00:00 AM"
"56412","1","9/18/2013 12:00:00 AM"
"56413","1","9/18/2013 12:00:00 AM"
"56414","1","9/18/2013 12:00:00 AM"
"56415","1","9/18/2013 12:00:00 AM"
"56416","4","9/18/2013 12:00:00 AM"
"56417","1","9/18/2013 12:00:00 AM"
"56418","1","9/18/2013 12:00:00 AM"
"56419","1","9/18/2013 12:00:00 AM"
"56419","10","9/18/2013 12:00:00 AM"
"56420","1","9/18/2013 12:00:00 AM"
"56421","1","9/18/2013 12:00:00 AM"
"56422","1","9/18/2013 12:00:00 AM"
"56423","1","9/18/2013 12:00:00 AM"
"56423","2","9/18/2013 12:00:00 AM"
"56424","6","9/18/2013 12:00:00 AM"
"56425","1","9/18/2013 12:00:00 AM"
"56428","1","9/18/2013 12:00:00 AM"
"56428","2","9/18/2013 12:00:00 AM"
"56428","10","9/18/2013 12:00:00 AM"
"56429","2","9/18/2013 12:00:00 AM"
"56430","1","9/19/2013 12:00:00 AM"
"56430","2","9/19/2013 12:00:00 AM"
"56431","1","9/19/2013 12:00:00 AM"
"56432","1","9/19/2013 12:00:00 AM"
"56433","1","9/19/2013 12:00:00 AM"
"56434","1","9/19/2013 12:00:00 AM"
"56434","10","9/19/2013 12:00:00 AM"
"56435","1","9/19/2013 12:00:00 AM"
"56436","1","9/19/2013 12:00:00 AM"
"56437","1","9/19/2013 12:00:00 AM"
"56438","1","9/19/2013 12:00:00 AM"
"56439","1","9/19/2013 12:00:00 AM"
"56440","1","9/19/2013 12:00:00 AM"
"56440","10","9/19/2013 12:00:00 AM"
"56441","6","9/19/2013 12:00:00 AM"
"56442","1","9/19/2013 12:00:00 AM"
"56443","2","9/19/2013 12:00:00 AM"
"56444","1","9/19/2013 12:00:00 AM"
"56445","1","9/19/2013 12:00:00 AM"
"56446","1","9/19/2013 12:00:00 AM"
"56446","2","9/19/2013 12:00:00 AM"
"56447","1","9/19/2013 12:00:00 AM"
"56447","10","9/19/2013 12:00:00 AM"
"56448","1","9/19/2013 12:00:00 AM"
"56449","1","9/19/2013 12:00:00 AM"
"56450","1","9/19/2013 12:00:00 AM"
"56450","10","9/19/2013 12:00:00 AM"
"56451","4","9/19/2013 12:00:00 AM"
"56452","1","9/19/2013 12:00:00 AM"
"56453","1","9/19/2013 12:00:00 AM"
"56454","1","9/19/2013 12:00:00 AM"
"56455","1","9/19/2013 12:00:00 AM"
"56456","1","9/19/2013 12:00:00 AM"
"56457","1","9/19/2013 12:00:00 AM"
"56458","1","9/19/2013 12:00:00 AM"
"56459","1","9/19/2013 12:00:00 AM"
"56460","1","9/19/2013 12:00:00 AM"
"56461","4","9/19/2013 12:00:00 AM"
"56462","1","9/19/2013 12:00:00 AM"
"56463","1","9/19/2013 12:00:00 AM"
"56465","1","9/19/2013 12:00:00 AM"
"56466","1","9/19/2013 12:00:00 AM"
"56466","10","9/19/2013 12:00:00 AM"
"56467","1","9/19/2013 12:00:00 AM"
"56467","10","9/19/2013 12:00:00 AM"
"56468","1","9/19/2013 12:00:00 AM"
"56469","1","9/19/2013 12:00:00 AM"
"56470","6","9/19/2013 12:00:00 AM"
"56471","1","9/19/2013 12:00:00 AM"
"56472","2","9/19/2013 12:00:00 AM"
"56473","1","9/19/2013 12:00:00 AM"
"56474","1","9/19/2013 12:00:00 AM"
"56474","2","9/19/2013 12:00:00 AM"
"56475","1","9/19/2013 12:00:00 AM"
"56476","1","9/19/2013 12:00:00 AM"
"56477","1","9/19/2013 12:00:00 AM"
"56477","2","9/19/2013 12:00:00 AM"
"56479","1","9/19/2013 12:00:00 AM"
"56480","1","9/19/2013 12:00:00 AM"
"56482","1","9/19/2013 12:00:00 AM"
"56483","1","9/20/2013 12:00:00 AM"
"56484","1","9/20/2013 12:00:00 AM"
"56485","1","9/20/2013 12:00:00 AM"
"56486","1","9/20/2013 12:00:00 AM"
"56487","4","9/20/2013 12:00:00 AM"
"56488","1","9/20/2013 12:00:00 AM"
"56489","1","9/20/2013 12:00:00 AM"
"56490","1","9/20/2013 12:00:00 AM"
"56491","1","9/20/2013 12:00:00 AM"
"56492","1","9/20/2013 12:00:00 AM"
"56493","1","9/20/2013 12:00:00 AM"
"56494","1","9/20/2013 12:00:00 AM"
"56495","1","9/20/2013 12:00:00 AM"
"56496","1","9/20/2013 12:00:00 AM"
"56497","1","9/20/2013 12:00:00 AM"
"56498","1","9/20/2013 12:00:00 AM"
"56499","1","9/20/2013 12:00:00 AM"
"56499","10","9/20/2013 12:00:00 AM"
"56500","1","9/20/2013 12:00:00 AM"
"56501","1","9/20/2013 12:00:00 AM"
"56502","1","9/20/2013 12:00:00 AM"
"56503","1","9/20/2013 12:00:00 AM"
"56504","1","9/20/2013 12:00:00 AM"
"56504","10","9/20/2013 12:00:00 AM"
"56505","1","9/20/2013 12:00:00 AM"
"56505","10","9/20/2013 12:00:00 AM"
"56506","6","9/20/2013 12:00:00 AM"
"56507","1","9/20/2013 12:00:00 AM"
"56508","1","9/20/2013 12:00:00 AM"
"56509","1","9/20/2013 12:00:00 AM"
"56510","1","9/20/2013 12:00:00 AM"
"56510","10","9/20/2013 12:00:00 AM"
"56511","1","9/20/2013 12:00:00 AM"
"56512","1","9/20/2013 12:00:00 AM"
"56513","6","9/20/2013 12:00:00 AM"
"56514","1","9/20/2013 12:00:00 AM"
"56515","1","9/20/2013 12:00:00 AM"
"56516","1","9/20/2013 12:00:00 AM"
"56517","1","9/20/2013 12:00:00 AM"
"56518","1","9/20/2013 12:00:00 AM"
"56519","1","9/20/2013 12:00:00 AM"
"56520","1","9/20/2013 12:00:00 AM"
"56521","1","9/20/2013 12:00:00 AM"
"56521","10","9/20/2013 12:00:00 AM"
"56523","1","9/20/2013 12:00:00 AM"
"56524","2","9/20/2013 12:00:00 AM"
"56525","1","9/20/2013 12:00:00 AM"
"56526","1","9/20/2013 12:00:00 AM"
"56527","6","9/20/2013 12:00:00 AM"
"56528","1","9/20/2013 12:00:00 AM"
"56529","1","9/20/2013 12:00:00 AM"
"56530","1","9/20/2013 12:00:00 AM"
"56531","1","9/20/2013 12:00:00 AM"
"56532","1","9/20/2013 12:00:00 AM"
"56533","1","9/20/2013 12:00:00 AM"
"56534","1","9/20/2013 12:00:00 AM"
"56536","1","9/20/2013 12:00:00 AM"
"56537","1","9/20/2013 12:00:00 AM"
"56538","1","9/20/2013 12:00:00 AM"
"56539","1","9/20/2013 12:00:00 AM"
"56540","1","9/21/2013 12:00:00 AM"
"56541","1","9/21/2013 12:00:00 AM"
"56541","2","9/21/2013 12:00:00 AM"
"56543","4","9/21/2013 12:00:00 AM"
"56544","1","9/21/2013 12:00:00 AM"
"56545","4","9/21/2013 12:00:00 AM"
"56546","4","9/21/2013 12:00:00 AM"
"56547","1","9/21/2013 12:00:00 AM"
"56547","10","9/21/2013 12:00:00 AM"
"56548","1","9/21/2013 12:00:00 AM"
"56549","1","9/21/2013 12:00:00 AM"
"56550","1","9/21/2013 12:00:00 AM"
"56551","1","9/21/2013 12:00:00 AM"
"56552","1","9/21/2013 12:00:00 AM"
"56552","2","9/21/2013 12:00:00 AM"
"56553","1","9/21/2013 12:00:00 AM"
"56554","1","9/21/2013 12:00:00 AM"
"56555","1","9/21/2013 12:00:00 AM"
"56556","4","9/21/2013 12:00:00 AM"
"56556","10","9/21/2013 12:00:00 AM"
"56557","1","9/21/2013 12:00:00 AM"
"56559","1","9/21/2013 12:00:00 AM"
"56560","1","9/21/2013 12:00:00 AM"
"56561","1","9/21/2013 12:00:00 AM"
"56562","1","9/21/2013 12:00:00 AM"
"56563","1","9/21/2013 12:00:00 AM"
"56564","1","9/21/2013 12:00:00 AM"
"56565","1","9/21/2013 12:00:00 AM"
"56566","1","9/21/2013 12:00:00 AM"
"56567","1","9/21/2013 12:00:00 AM"
"56568","1","9/21/2013 12:00:00 AM"
"56569","1","9/21/2013 12:00:00 AM"
"56570","1","9/21/2013 12:00:00 AM"
"56571","1","9/21/2013 12:00:00 AM"
"56572","1","9/21/2013 12:00:00 AM"
"56573","1","9/21/2013 12:00:00 AM"
"56574","1","9/21/2013 12:00:00 AM"
"56574","10","9/21/2013 12:00:00 AM"
"56575","1","9/21/2013 12:00:00 AM"
"56575","10","9/21/2013 12:00:00 AM"
"56576","1","9/21/2013 12:00:00 AM"
"56577","1","9/21/2013 12:00:00 AM"
"56578","1","9/21/2013 12:00:00 AM"
"56579","1","9/21/2013 12:00:00 AM"
"56580","1","9/21/2013 12:00:00 AM"
"56581","1","9/21/2013 12:00:00 AM"
"56582","1","9/21/2013 12:00:00 AM"
"56583","1","9/21/2013 12:00:00 AM"
"56583","2","9/21/2013 12:00:00 AM"
"56584","1","9/21/2013 12:00:00 AM"
"56584","2","9/21/2013 12:00:00 AM"
"56585","1","9/21/2013 12:00:00 AM"
"56586","1","9/21/2013 12:00:00 AM"
"56587","1","9/21/2013 12:00:00 AM"
"56588","1","9/21/2013 12:00:00 AM"
"56589","1","9/21/2013 12:00:00 AM"
"56590","1","9/21/2013 12:00:00 AM"
"56590","2","9/21/2013 12:00:00 AM"
"56591","1","9/21/2013 12:00:00 AM"
"56592","1","9/21/2013 12:00:00 AM"
"56592","2","9/21/2013 12:00:00 AM"
"56593","1","9/21/2013 12:00:00 AM"
"56594","1","9/21/2013 12:00:00 AM"
"56594","2","9/21/2013 12:00:00 AM"
"56594","10","9/21/2013 12:00:00 AM"
"56595","1","9/21/2013 12:00:00 AM"
"56596","1","9/21/2013 12:00:00 AM"
"56596","2","9/21/2013 12:00:00 AM"
"56596","10","9/21/2013 12:00:00 AM"
"56597","1","9/21/2013 12:00:00 AM"
"56599","1","9/22/2013 12:00:00 AM"
"56600","1","9/22/2013 12:00:00 AM"
"56601","1","9/22/2013 12:00:00 AM"
"56602","1","9/22/2013 12:00:00 AM"
"56602","10","9/22/2013 12:00:00 AM"
"56603","1","9/22/2013 12:00:00 AM"
"56603","10","9/22/2013 12:00:00 AM"
"56604","1","9/22/2013 12:00:00 AM"
"56605","1","9/22/2013 12:00:00 AM"
"56606","1","9/22/2013 12:00:00 AM"
"56607","6","9/22/2013 12:00:00 AM"
"56608","1","9/22/2013 12:00:00 AM"
"56608","10","9/22/2013 12:00:00 AM"
"56609","1","9/22/2013 12:00:00 AM"
"56611","1","9/22/2013 12:00:00 AM"
"56612","1","9/22/2013 12:00:00 AM"
"56613","1","9/22/2013 12:00:00 AM"
"56613","10","9/22/2013 12:00:00 AM"
"56614","1","9/22/2013 12:00:00 AM"
"56614","10","9/22/2013 12:00:00 AM"
"56615","1","9/22/2013 12:00:00 AM"
"56616","1","9/22/2013 12:00:00 AM"
"56616","10","9/22/2013 12:00:00 AM"
"56617","1","9/22/2013 12:00:00 AM"
"56618","6","9/22/2013 12:00:00 AM"
"56619","1","9/22/2013 12:00:00 AM"
"56620","6","9/22/2013 12:00:00 AM"
"56621","1","9/22/2013 12:00:00 AM"
"56622","6","9/22/2013 12:00:00 AM"
"56623","1","9/22/2013 12:00:00 AM"
"56624","1","9/22/2013 12:00:00 AM"
"56625","1","9/22/2013 12:00:00 AM"
"56626","1","9/22/2013 12:00:00 AM"
"56628","1","9/22/2013 12:00:00 AM"
"56629","1","9/22/2013 12:00:00 AM"
"56630","1","9/22/2013 12:00:00 AM"
"56631","1","9/22/2013 12:00:00 AM"
"56632","1","9/22/2013 12:00:00 AM"
"56633","4","9/22/2013 12:00:00 AM"
"56634","1","9/22/2013 12:00:00 AM"
"56635","1","9/22/2013 12:00:00 AM"
"56636","1","9/22/2013 12:00:00 AM"
"56636","10","9/22/2013 12:00:00 AM"
"56637","1","9/22/2013 12:00:00 AM"
"56638","1","9/22/2013 12:00:00 AM"
"56638","2","9/22/2013 12:00:00 AM"
"56639","1","9/22/2013 12:00:00 AM"
"56640","1","9/22/2013 12:00:00 AM"
"56642","1","9/22/2013 12:00:00 AM"
"56643","1","9/22/2013 12:00:00 AM"
"56645","1","9/23/2013 12:00:00 AM"
"56646","1","9/23/2013 12:00:00 AM"
"56647","1","9/23/2013 12:00:00 AM"
"56649","1","9/23/2013 12:00:00 AM"
"56650","1","9/23/2013 12:00:00 AM"
"56650","10","9/23/2013 12:00:00 AM"
"56651","1","9/23/2013 12:00:00 AM"
"56652","1","9/23/2013 12:00:00 AM"
"56653","1","9/23/2013 12:00:00 AM"
"56654","1","9/23/2013 12:00:00 AM"
"56655","1","9/23/2013 12:00:00 AM"
"56656","1","9/23/2013 12:00:00 AM"
"56657","4","9/23/2013 12:00:00 AM"
"56657","10","9/23/2013 12:00:00 AM"
"56658","1","9/23/2013 12:00:00 AM"
"56659","1","9/23/2013 12:00:00 AM"
"56660","1","9/23/2013 12:00:00 AM"
"56661","1","9/23/2013 12:00:00 AM"
"56662","1","9/23/2013 12:00:00 AM"
"56663","1","9/23/2013 12:00:00 AM"
"56664","1","9/23/2013 12:00:00 AM"
"56665","1","9/23/2013 12:00:00 AM"
"56666","1","9/23/2013 12:00:00 AM"
"56667","1","9/23/2013 12:00:00 AM"
"56668","1","9/23/2013 12:00:00 AM"
"56669","1","9/23/2013 12:00:00 AM"
"56670","1","9/23/2013 12:00:00 AM"
"56671","1","9/23/2013 12:00:00 AM"
"56672","1","9/23/2013 12:00:00 AM"
"56673","1","9/23/2013 12:00:00 AM"
"56674","1","9/23/2013 12:00:00 AM"
"56675","1","9/23/2013 12:00:00 AM"
"56676","1","9/23/2013 12:00:00 AM"
"56676","10","9/23/2013 12:00:00 AM"
"56677","1","9/23/2013 12:00:00 AM"
"56678","1","9/23/2013 12:00:00 AM"
"56679","1","9/23/2013 12:00:00 AM"
"56680","1","9/23/2013 12:00:00 AM"
"56681","1","9/23/2013 12:00:00 AM"
"56681","2","9/23/2013 12:00:00 AM"
"56682","1","9/23/2013 12:00:00 AM"
"56682","2","9/23/2013 12:00:00 AM"
"56683","1","9/23/2013 12:00:00 AM"
"56684","1","9/23/2013 12:00:00 AM"
"56685","1","9/23/2013 12:00:00 AM"
"56687","1","9/23/2013 12:00:00 AM"
"56688","2","9/23/2013 12:00:00 AM"
"56689","1","9/23/2013 12:00:00 AM"
"56690","1","9/23/2013 12:00:00 AM"
"56690","2","9/23/2013 12:00:00 AM"
"56691","1","9/23/2013 12:00:00 AM"
"56691","2","9/23/2013 12:00:00 AM"
"56692","1","9/24/2013 12:00:00 AM"
"56693","1","9/24/2013 12:00:00 AM"
"56694","1","9/24/2013 12:00:00 AM"
"56695","1","9/24/2013 12:00:00 AM"
"56696","1","9/24/2013 12:00:00 AM"
"56697","1","9/24/2013 12:00:00 AM"
"56698","1","9/24/2013 12:00:00 AM"
"56699","4","9/24/2013 12:00:00 AM"
"56700","1","9/24/2013 12:00:00 AM"
"56701","1","9/24/2013 12:00:00 AM"
"56702","1","9/24/2013 12:00:00 AM"
"56703","1","9/24/2013 12:00:00 AM"
"56704","1","9/24/2013 12:00:00 AM"
"56705","1","9/24/2013 12:00:00 AM"
"56705","2","9/24/2013 12:00:00 AM"
"56706","4","9/24/2013 12:00:00 AM"
"56707","1","9/24/2013 12:00:00 AM"
"56708","1","9/24/2013 12:00:00 AM"
"56709","1","9/24/2013 12:00:00 AM"
"56710","1","9/24/2013 12:00:00 AM"
"56711","1","9/24/2013 12:00:00 AM"
"56712","1","9/24/2013 12:00:00 AM"
"56712","10","9/24/2013 12:00:00 AM"
"56713","1","9/24/2013 12:00:00 AM"
"56714","1","9/24/2013 12:00:00 AM"
"56715","1","9/24/2013 12:00:00 AM"
"56716","4","9/24/2013 12:00:00 AM"
"56717","1","9/24/2013 12:00:00 AM"
"56718","1","9/24/2013 12:00:00 AM"
"56719","4","9/24/2013 12:00:00 AM"
"56720","1","9/24/2013 12:00:00 AM"
"56721","6","9/24/2013 12:00:00 AM"
"56723","1","9/24/2013 12:00:00 AM"
"56724","1","9/24/2013 12:00:00 AM"
"56725","1","9/24/2013 12:00:00 AM"
"56726","1","9/24/2013 12:00:00 AM"
"56727","1","9/24/2013 12:00:00 AM"
"56728","1","9/24/2013 12:00:00 AM"
"56728","10","9/24/2013 12:00:00 AM"
"56729","1","9/24/2013 12:00:00 AM"
"56730","1","9/24/2013 12:00:00 AM"
"56731","1","9/24/2013 12:00:00 AM"
"56732","1","9/24/2013 12:00:00 AM"
"56733","1","9/24/2013 12:00:00 AM"
"56734","1","9/24/2013 12:00:00 AM"
"56735","1","9/24/2013 12:00:00 AM"
"56736","1","9/24/2013 12:00:00 AM"
"56737","1","9/24/2013 12:00:00 AM"
"56738","1","9/24/2013 12:00:00 AM"
"56739","1","9/24/2013 12:00:00 AM"
"56740","2","9/24/2013 12:00:00 AM"
"56741","1","9/24/2013 12:00:00 AM"
"56742","1","9/24/2013 12:00:00 AM"
"56744","2","9/24/2013 12:00:00 AM"
"56745","1","9/24/2013 12:00:00 AM"
"56746","1","9/24/2013 12:00:00 AM"
"56747","1","9/24/2013 12:00:00 AM"
"56747","2","9/24/2013 12:00:00 AM"
"56747","10","9/24/2013 12:00:00 AM"
"56748","1","9/24/2013 12:00:00 AM"
"56749","1","9/24/2013 12:00:00 AM"
"56750","1","9/24/2013 12:00:00 AM"
"56751","2","9/24/2013 12:00:00 AM"
"56752","2","9/24/2013 12:00:00 AM"
"56753","1","9/24/2013 12:00:00 AM"
"56754","1","9/24/2013 12:00:00 AM"
"56756","1","9/24/2013 12:00:00 AM"
"56757","1","9/25/2013 12:00:00 AM"
"56758","1","9/25/2013 12:00:00 AM"
"56759","1","9/25/2013 12:00:00 AM"
"56760","1","9/25/2013 12:00:00 AM"
"56761","1","9/25/2013 12:00:00 AM"
"56762","1","9/25/2013 12:00:00 AM"
"56764","1","9/25/2013 12:00:00 AM"
"56765","1","9/25/2013 12:00:00 AM"
"56766","1","9/25/2013 12:00:00 AM"
"56767","1","9/25/2013 12:00:00 AM"
"56768","1","9/25/2013 12:00:00 AM"
"56769","1","9/25/2013 12:00:00 AM"
"56770","1","9/25/2013 12:00:00 AM"
"56771","1","9/25/2013 12:00:00 AM"
"56772","1","9/25/2013 12:00:00 AM"
"56773","6","9/25/2013 12:00:00 AM"
"56774","1","9/25/2013 12:00:00 AM"
"56775","1","9/25/2013 12:00:00 AM"
"56776","1","9/25/2013 12:00:00 AM"
"56776","10","9/25/2013 12:00:00 AM"
"56777","1","9/25/2013 12:00:00 AM"
"56778","1","9/25/2013 12:00:00 AM"
"56779","1","9/25/2013 12:00:00 AM"
"56780","1","9/25/2013 12:00:00 AM"
"56781","1","9/25/2013 12:00:00 AM"
"56782","1","9/25/2013 12:00:00 AM"
"56783","1","9/25/2013 12:00:00 AM"
"56784","2","9/25/2013 12:00:00 AM"
"56785","1","9/25/2013 12:00:00 AM"
"56787","1","9/25/2013 12:00:00 AM"
"56787","2","9/25/2013 12:00:00 AM"
"56788","1","9/25/2013 12:00:00 AM"
"56789","1","9/25/2013 12:00:00 AM"
"56790","1","9/25/2013 12:00:00 AM"
"56791","1","9/25/2013 12:00:00 AM"
"56792","1","9/25/2013 12:00:00 AM"
"56793","1","9/25/2013 12:00:00 AM"
"56793","2","9/25/2013 12:00:00 AM"
"56794","1","9/25/2013 12:00:00 AM"
"56795","1","9/25/2013 12:00:00 AM"
"56797","1","9/26/2013 12:00:00 AM"
"56797","2","9/26/2013 12:00:00 AM"
"56798","1","9/26/2013 12:00:00 AM"
"56799","1","9/26/2013 12:00:00 AM"
"56800","4","9/26/2013 12:00:00 AM"
"56801","1","9/26/2013 12:00:00 AM"
"56802","1","9/26/2013 12:00:00 AM"
"56804","1","9/26/2013 12:00:00 AM"
"56805","1","9/26/2013 12:00:00 AM"
"56806","1","9/26/2013 12:00:00 AM"
"56807","1","9/26/2013 12:00:00 AM"
"56808","1","9/26/2013 12:00:00 AM"
"56809","1","9/26/2013 12:00:00 AM"
"56810","1","9/26/2013 12:00:00 AM"
"56811","1","9/26/2013 12:00:00 AM"
"56812","1","9/26/2013 12:00:00 AM"
"56814","1","9/26/2013 12:00:00 AM"
"56815","6","9/26/2013 12:00:00 AM"
"56816","1","9/26/2013 12:00:00 AM"
"56817","1","9/26/2013 12:00:00 AM"
"56818","1","9/26/2013 12:00:00 AM"
"56819","1","9/26/2013 12:00:00 AM"
"56820","1","9/26/2013 12:00:00 AM"
"56821","1","9/26/2013 12:00:00 AM"
"56822","1","9/26/2013 12:00:00 AM"
"56823","1","9/26/2013 12:00:00 AM"
"56824","1","9/26/2013 12:00:00 AM"
"56825","1","9/26/2013 12:00:00 AM"
"56826","1","9/26/2013 12:00:00 AM"
"56827","1","9/26/2013 12:00:00 AM"
"56828","1","9/26/2013 12:00:00 AM"
"56829","1","9/26/2013 12:00:00 AM"
"56830","1","9/26/2013 12:00:00 AM"
"56831","1","9/26/2013 12:00:00 AM"
"56832","1","9/26/2013 12:00:00 AM"
"56832","10","9/26/2013 12:00:00 AM"
"56833","4","9/26/2013 12:00:00 AM"
"56834","2","9/26/2013 12:00:00 AM"
"56835","1","9/26/2013 12:00:00 AM"
"56836","1","9/26/2013 12:00:00 AM"
"56838","1","9/26/2013 12:00:00 AM"
"56838","2","9/26/2013 12:00:00 AM"
"56839","6","9/26/2013 12:00:00 AM"
"56840","1","9/26/2013 12:00:00 AM"
"56840","2","9/26/2013 12:00:00 AM"
"56843","1","9/26/2013 12:00:00 AM"
"56844","1","9/26/2013 12:00:00 AM"
"56845","5","9/26/2013 12:00:00 AM"
"56848","1","9/26/2013 12:00:00 AM"
"56848","2","9/26/2013 12:00:00 AM"
"56849","1","9/26/2013 12:00:00 AM"
"56849","2","9/26/2013 12:00:00 AM"
"56850","1","9/26/2013 12:00:00 AM"
"56851","1","9/27/2013 12:00:00 AM"
"56852","1","9/27/2013 12:00:00 AM"
"56853","1","9/27/2013 12:00:00 AM"
"56854","1","9/27/2013 12:00:00 AM"
"56856","1","9/27/2013 12:00:00 AM"
"56857","1","9/27/2013 12:00:00 AM"
"56857","10","9/27/2013 12:00:00 AM"
"56858","1","9/27/2013 12:00:00 AM"
"56858","2","9/27/2013 12:00:00 AM"
"56859","1","9/27/2013 12:00:00 AM"
"56860","2","9/27/2013 12:00:00 AM"
"56861","1","9/27/2013 12:00:00 AM"
"56862","1","9/27/2013 12:00:00 AM"
"56863","1","9/27/2013 12:00:00 AM"
"56864","1","9/27/2013 12:00:00 AM"
"56865","1","9/27/2013 12:00:00 AM"
"56866","1","9/27/2013 12:00:00 AM"
"56867","1","9/27/2013 12:00:00 AM"
"56868","1","9/27/2013 12:00:00 AM"
"56869","1","9/27/2013 12:00:00 AM"
"56870","1","9/27/2013 12:00:00 AM"
"56871","1","9/27/2013 12:00:00 AM"
"56872","1","9/27/2013 12:00:00 AM"
"56873","6","9/27/2013 12:00:00 AM"
"56874","1","9/27/2013 12:00:00 AM"
"56875","1","9/27/2013 12:00:00 AM"
"56876","1","9/27/2013 12:00:00 AM"
"56877","1","9/27/2013 12:00:00 AM"
"56878","1","9/27/2013 12:00:00 AM"
"56879","1","9/27/2013 12:00:00 AM"
"56880","1","9/27/2013 12:00:00 AM"
"56880","10","9/27/2013 12:00:00 AM"
"56881","1","9/27/2013 12:00:00 AM"
"56882","1","9/27/2013 12:00:00 AM"
"56883","1","9/27/2013 12:00:00 AM"
"56884","1","9/27/2013 12:00:00 AM"
"56885","1","9/27/2013 12:00:00 AM"
"56886","1","9/27/2013 12:00:00 AM"
"56887","1","9/27/2013 12:00:00 AM"
"56888","1","9/27/2013 12:00:00 AM"
"56889","1","9/27/2013 12:00:00 AM"
"56890","1","9/27/2013 12:00:00 AM"
"56890","10","9/27/2013 12:00:00 AM"
"56891","4","9/27/2013 12:00:00 AM"
"56892","1","9/27/2013 12:00:00 AM"
"56893","1","9/27/2013 12:00:00 AM"
"56894","1","9/27/2013 12:00:00 AM"
"56894","2","9/27/2013 12:00:00 AM"
"56896","1","9/27/2013 12:00:00 AM"
"56897","1","9/27/2013 12:00:00 AM"
"56897","10","9/27/2013 12:00:00 AM"
"56899","1","9/27/2013 12:00:00 AM"
"56900","2","9/27/2013 12:00:00 AM"
"56901","1","9/27/2013 12:00:00 AM"
"56902","2","9/27/2013 12:00:00 AM"
"56903","1","9/27/2013 12:00:00 AM"
"56904","1","9/27/2013 12:00:00 AM"
"56905","1","9/27/2013 12:00:00 AM"
"56905","10","9/27/2013 12:00:00 AM"
"56906","1","9/27/2013 12:00:00 AM"
"56906","2","9/27/2013 12:00:00 AM"
"56908","1","9/28/2013 12:00:00 AM"
"56910","1","9/28/2013 12:00:00 AM"
"56911","1","9/28/2013 12:00:00 AM"
"56911","10","9/28/2013 12:00:00 AM"
"56912","4","9/28/2013 12:00:00 AM"
"56913","1","9/28/2013 12:00:00 AM"
"56914","4","9/28/2013 12:00:00 AM"
"56915","4","9/28/2013 12:00:00 AM"
"56915","10","9/28/2013 12:00:00 AM"
"56916","1","9/28/2013 12:00:00 AM"
"56917","1","9/28/2013 12:00:00 AM"
"56917","2","9/28/2013 12:00:00 AM"
"56918","1","9/28/2013 12:00:00 AM"
"56919","1","9/28/2013 12:00:00 AM"
"56920","1","9/28/2013 12:00:00 AM"
"56921","1","9/28/2013 12:00:00 AM"
"56922","1","9/28/2013 12:00:00 AM"
"56923","1","9/28/2013 12:00:00 AM"
"56924","1","9/28/2013 12:00:00 AM"
"56925","1","9/28/2013 12:00:00 AM"
"56926","1","9/28/2013 12:00:00 AM"
"56927","6","9/28/2013 12:00:00 AM"
"56928","1","9/28/2013 12:00:00 AM"
"56929","1","9/28/2013 12:00:00 AM"
"56930","1","9/28/2013 12:00:00 AM"
"56931","4","9/28/2013 12:00:00 AM"
"56931","10","9/28/2013 12:00:00 AM"
"56932","1","9/28/2013 12:00:00 AM"
"56934","1","9/28/2013 12:00:00 AM"
"56935","1","9/28/2013 12:00:00 AM"
"56936","1","9/28/2013 12:00:00 AM"
"56937","1","9/28/2013 12:00:00 AM"
"56938","1","9/28/2013 12:00:00 AM"
"56939","4","9/28/2013 12:00:00 AM"
"56940","1","9/28/2013 12:00:00 AM"
"56940","2","9/28/2013 12:00:00 AM"
"56942","1","9/28/2013 12:00:00 AM"
"56943","6","9/28/2013 12:00:00 AM"
"56944","1","9/28/2013 12:00:00 AM"
"56945","1","9/28/2013 12:00:00 AM"
"56946","1","9/28/2013 12:00:00 AM"
"56947","2","9/28/2013 12:00:00 AM"
"56948","1","9/28/2013 12:00:00 AM"
"56949","2","9/28/2013 12:00:00 AM"
"56950","1","9/28/2013 12:00:00 AM"
"56951","2","9/28/2013 12:00:00 AM"
"56952","1","9/28/2013 12:00:00 AM"
"56952","2","9/28/2013 12:00:00 AM"
"56952","10","9/28/2013 12:00:00 AM"
"56953","1","9/28/2013 12:00:00 AM"
"56955","1","9/28/2013 12:00:00 AM"
"56955","10","9/28/2013 12:00:00 AM"
"56956","1","9/28/2013 12:00:00 AM"
"56957","1","9/28/2013 12:00:00 AM"
"56957","10","9/28/2013 12:00:00 AM"
"56960","1","9/29/2013 12:00:00 AM"
"56961","1","9/29/2013 12:00:00 AM"
"56962","1","9/29/2013 12:00:00 AM"
"56963","1","9/29/2013 12:00:00 AM"
"56964","1","9/29/2013 12:00:00 AM"
"56965","1","9/29/2013 12:00:00 AM"
"56966","1","9/29/2013 12:00:00 AM"
"56967","1","9/29/2013 12:00:00 AM"
"56968","1","9/29/2013 12:00:00 AM"
"56969","1","9/29/2013 12:00:00 AM"
"56970","1","9/29/2013 12:00:00 AM"
"56972","1","9/29/2013 12:00:00 AM"
"56973","1","9/29/2013 12:00:00 AM"
"56974","1","9/29/2013 12:00:00 AM"
"56975","1","9/29/2013 12:00:00 AM"
"56976","1","9/29/2013 12:00:00 AM"
"56977","6","9/29/2013 12:00:00 AM"
"56978","1","9/29/2013 12:00:00 AM"
"56979","1","9/29/2013 12:00:00 AM"
"56980","1","9/29/2013 12:00:00 AM"
"56981","1","9/29/2013 12:00:00 AM"
"56982","1","9/29/2013 12:00:00 AM"
"56982","10","9/29/2013 12:00:00 AM"
"56983","1","9/29/2013 12:00:00 AM"
"56984","1","9/29/2013 12:00:00 AM"
"56985","1","9/29/2013 12:00:00 AM"
"56985","10","9/29/2013 12:00:00 AM"
"56986","6","9/29/2013 12:00:00 AM"
"56987","1","9/29/2013 12:00:00 AM"
"56988","1","9/29/2013 12:00:00 AM"
"56989","1","9/29/2013 12:00:00 AM"
"56990","1","9/29/2013 12:00:00 AM"
"56991","1","9/29/2013 12:00:00 AM"
"56992","4","9/29/2013 12:00:00 AM"
"56993","1","9/29/2013 12:00:00 AM"
"56994","1","9/29/2013 12:00:00 AM"
"56995","1","9/29/2013 12:00:00 AM"
"56996","2","9/29/2013 12:00:00 AM"
"56997","2","9/29/2013 12:00:00 AM"
"56998","2","9/29/2013 12:00:00 AM"
"56999","2","9/29/2013 12:00:00 AM"
"57000","1","9/29/2013 12:00:00 AM"
"57002","5","9/29/2013 12:00:00 AM"
"57004","1","9/29/2013 12:00:00 AM"
"57006","1","9/29/2013 12:00:00 AM"
"57006","2","9/29/2013 12:00:00 AM"
"57007","1","9/29/2013 12:00:00 AM"
"57009","1","9/29/2013 12:00:00 AM"
"57010","1","9/29/2013 12:00:00 AM"
"57010","10","9/29/2013 12:00:00 AM"
"57192","1","9/30/2013 12:00:00 AM"
"57193","1","9/30/2013 12:00:00 AM"
"57194","1","9/30/2013 12:00:00 AM"
"57196","1","9/30/2013 12:00:00 AM"
"57197","1","9/30/2013 12:00:00 AM"
"57198","4","9/30/2013 12:00:00 AM"
"57199","1","9/30/2013 12:00:00 AM"
"57200","1","9/30/2013 12:00:00 AM"
"57201","1","9/30/2013 12:00:00 AM"
"57202","1","9/30/2013 12:00:00 AM"
"57203","1","9/30/2013 12:00:00 AM"
"57204","1","9/30/2013 12:00:00 AM"
"57204","10","9/30/2013 12:00:00 AM"
"57205","1","9/30/2013 12:00:00 AM"
"57206","1","9/30/2013 12:00:00 AM"
"57206","10","9/30/2013 12:00:00 AM"
"57207","1","9/30/2013 12:00:00 AM"
"57208","1","9/30/2013 12:00:00 AM"
"57209","1","9/30/2013 12:00:00 AM"
"57210","1","9/30/2013 12:00:00 AM"
"57211","6","9/30/2013 12:00:00 AM"
"57212","1","9/30/2013 12:00:00 AM"
"57213","1","9/30/2013 12:00:00 AM"
"57214","1","9/30/2013 12:00:00 AM"
"57215","1","9/30/2013 12:00:00 AM"
"57216","1","9/30/2013 12:00:00 AM"
"57217","1","9/30/2013 12:00:00 AM"
"57218","1","9/30/2013 12:00:00 AM"
"57219","1","9/30/2013 12:00:00 AM"
"57220","1","9/30/2013 12:00:00 AM"
"57222","1","9/30/2013 12:00:00 AM"
"57223","1","9/30/2013 12:00:00 AM"
"57224","1","9/30/2013 12:00:00 AM"
"57225","1","9/30/2013 12:00:00 AM"
"57226","1","9/30/2013 12:00:00 AM"
"57227","1","9/30/2013 12:00:00 AM"
"57228","1","9/30/2013 12:00:00 AM"
"57229","6","9/30/2013 12:00:00 AM"
"57230","1","9/30/2013 12:00:00 AM"
"57230","2","9/30/2013 12:00:00 AM"
"57232","1","9/30/2013 12:00:00 AM"
"57232","2","9/30/2013 12:00:00 AM"
"57232","10","9/30/2013 12:00:00 AM"
"57233","2","9/30/2013 12:00:00 AM"
"57234","1","9/30/2013 12:00:00 AM"
"57234","2","9/30/2013 12:00:00 AM"
"57235","1","9/30/2013 12:00:00 AM"
"57235","2","9/30/2013 12:00:00 AM"
"57236","1","9/30/2013 12:00:00 AM"
"57236","2","9/30/2013 12:00:00 AM"
"57237","1","9/30/2013 12:00:00 AM"
"57237","2","9/30/2013 12:00:00 AM"
"57240","1","9/30/2013 12:00:00 AM"
"57242","1","10/1/2013 12:00:00 AM"
"57243","1","10/1/2013 12:00:00 AM"
"57244","1","10/1/2013 12:00:00 AM"
"57245","1","10/1/2013 12:00:00 AM"
"57245","10","10/1/2013 12:00:00 AM"
"57246","4","10/1/2013 12:00:00 AM"
"57247","1","10/1/2013 12:00:00 AM"
"57248","1","10/1/2013 12:00:00 AM"
"57249","1","10/1/2013 12:00:00 AM"
"57250","1","10/1/2013 12:00:00 AM"
"57251","2","10/1/2013 12:00:00 AM"
"57252","1","10/1/2013 12:00:00 AM"
"57253","4","10/1/2013 12:00:00 AM"
"57254","1","10/1/2013 12:00:00 AM"
"57255","1","10/1/2013 12:00:00 AM"
"57256","1","10/1/2013 12:00:00 AM"
"57257","1","10/1/2013 12:00:00 AM"
"57258","1","10/1/2013 12:00:00 AM"
"57259","1","10/1/2013 12:00:00 AM"
"57260","1","10/1/2013 12:00:00 AM"
"57261","1","10/1/2013 12:00:00 AM"
"57262","1","10/1/2013 12:00:00 AM"
"57263","1","10/1/2013 12:00:00 AM"
"57264","1","10/1/2013 12:00:00 AM"
"57265","1","10/1/2013 12:00:00 AM"
"57266","1","10/1/2013 12:00:00 AM"
"57267","1","10/1/2013 12:00:00 AM"
"57268","6","10/1/2013 12:00:00 AM"
"57269","1","10/1/2013 12:00:00 AM"
"57271","1","10/1/2013 12:00:00 AM"
"57272","1","10/1/2013 12:00:00 AM"
"57273","1","10/1/2013 12:00:00 AM"
"57274","1","10/1/2013 12:00:00 AM"
"57275","1","10/1/2013 12:00:00 AM"
"57276","1","10/1/2013 12:00:00 AM"
"57277","1","10/1/2013 12:00:00 AM"
"57278","1","10/1/2013 12:00:00 AM"
"57279","1","10/1/2013 12:00:00 AM"
"57280","1","10/1/2013 12:00:00 AM"
"57281","4","10/1/2013 12:00:00 AM"
"57282","1","10/1/2013 12:00:00 AM"
"57283","1","10/1/2013 12:00:00 AM"
"57284","1","10/1/2013 12:00:00 AM"
"57285","1","10/1/2013 12:00:00 AM"
"57286","2","10/1/2013 12:00:00 AM"
"57287","1","10/1/2013 12:00:00 AM"
"57287","2","10/1/2013 12:00:00 AM"
"57288","1","10/1/2013 12:00:00 AM"
"57288","2","10/1/2013 12:00:00 AM"
"57289","2","10/1/2013 12:00:00 AM"
"57290","2","10/1/2013 12:00:00 AM"
"57292","1","10/1/2013 12:00:00 AM"
"57292","2","10/1/2013 12:00:00 AM"
"57295","1","10/1/2013 12:00:00 AM"
"57296","1","10/1/2013 12:00:00 AM"
"57297","1","10/1/2013 12:00:00 AM"
"57298","1","10/1/2013 12:00:00 AM"
"57299","1","10/1/2013 12:00:00 AM"
"57300","1","10/1/2013 12:00:00 AM"
"57301","1","10/2/2013 12:00:00 AM"
"57302","1","10/2/2013 12:00:00 AM"
"57302","2","10/2/2013 12:00:00 AM"
"57303","1","10/2/2013 12:00:00 AM"
"57303","2","10/2/2013 12:00:00 AM"
"57305","1","10/2/2013 12:00:00 AM"
"57306","1","10/2/2013 12:00:00 AM"
"57307","1","10/2/2013 12:00:00 AM"
"57308","1","10/2/2013 12:00:00 AM"
"57308","10","10/2/2013 12:00:00 AM"
"57309","1","10/2/2013 12:00:00 AM"
"57310","1","10/2/2013 12:00:00 AM"
"57311","1","10/2/2013 12:00:00 AM"
"57312","1","10/2/2013 12:00:00 AM"
"57315","1","10/2/2013 12:00:00 AM"
"57316","4","10/2/2013 12:00:00 AM"
"57317","1","10/2/2013 12:00:00 AM"
"57318","1","10/2/2013 12:00:00 AM"
"57319","1","10/2/2013 12:00:00 AM"
"57320","1","10/2/2013 12:00:00 AM"
"57321","1","10/2/2013 12:00:00 AM"
"57323","1","10/2/2013 12:00:00 AM"
"57324","1","10/2/2013 12:00:00 AM"
"57324","10","10/2/2013 12:00:00 AM"
"57325","1","10/2/2013 12:00:00 AM"
"57326","4","10/2/2013 12:00:00 AM"
"57327","1","10/2/2013 12:00:00 AM"
"57328","1","10/2/2013 12:00:00 AM"
"57329","1","10/2/2013 12:00:00 AM"
"57331","1","10/2/2013 12:00:00 AM"
"57332","1","10/2/2013 12:00:00 AM"
"57333","1","10/2/2013 12:00:00 AM"
"57334","1","10/2/2013 12:00:00 AM"
"57335","1","10/2/2013 12:00:00 AM"
"57335","10","10/2/2013 12:00:00 AM"
"57336","1","10/2/2013 12:00:00 AM"
"57336","10","10/2/2013 12:00:00 AM"
"57337","6","10/2/2013 12:00:00 AM"
"57338","1","10/2/2013 12:00:00 AM"
"57339","1","10/2/2013 12:00:00 AM"
"57340","1","10/2/2013 12:00:00 AM"
"57341","1","10/2/2013 12:00:00 AM"
"57342","1","10/2/2013 12:00:00 AM"
"57343","1","10/2/2013 12:00:00 AM"
"57344","4","10/2/2013 12:00:00 AM"
"57345","1","10/2/2013 12:00:00 AM"
"57345","10","10/2/2013 12:00:00 AM"
"57346","4","10/2/2013 12:00:00 AM"
"57347","1","10/2/2013 12:00:00 AM"
"57348","1","10/2/2013 12:00:00 AM"
"57349","1","10/2/2013 12:00:00 AM"
"57350","6","10/2/2013 12:00:00 AM"
"57351","1","10/2/2013 12:00:00 AM"
"57352","1","10/2/2013 12:00:00 AM"
"57353","1","10/2/2013 12:00:00 AM"
"57354","1","10/2/2013 12:00:00 AM"
"57355","1","10/2/2013 12:00:00 AM"
"57355","2","10/2/2013 12:00:00 AM"
"57356","1","10/2/2013 12:00:00 AM"
"57358","1","10/2/2013 12:00:00 AM"
"57358","2","10/2/2013 12:00:00 AM"
"57358","10","10/2/2013 12:00:00 AM"
"57359","1","10/2/2013 12:00:00 AM"
"57360","1","10/2/2013 12:00:00 AM"
"57360","2","10/2/2013 12:00:00 AM"
"57361","5","10/2/2013 12:00:00 AM"
"57362","1","10/2/2013 12:00:00 AM"
"57362","2","10/2/2013 12:00:00 AM"
"57366","1","10/2/2013 12:00:00 AM"
"57367","1","10/2/2013 12:00:00 AM"
"57369","1","10/2/2013 12:00:00 AM"
"57370","1","10/3/2013 12:00:00 AM"
"57371","1","10/3/2013 12:00:00 AM"
"57372","1","10/3/2013 12:00:00 AM"
"57373","1","10/3/2013 12:00:00 AM"
"57374","4","10/3/2013 12:00:00 AM"
"57375","1","10/3/2013 12:00:00 AM"
"57376","1","10/3/2013 12:00:00 AM"
"57377","1","10/3/2013 12:00:00 AM"
"57378","1","10/3/2013 12:00:00 AM"
"57379","1","10/3/2013 12:00:00 AM"
"57380","1","10/3/2013 12:00:00 AM"
"57381","1","10/3/2013 12:00:00 AM"
"57382","6","10/3/2013 12:00:00 AM"
"57383","1","10/3/2013 12:00:00 AM"
"57384","1","10/3/2013 12:00:00 AM"
"57385","1","10/3/2013 12:00:00 AM"
"57386","1","10/3/2013 12:00:00 AM"
"57387","1","10/3/2013 12:00:00 AM"
"57388","1","10/3/2013 12:00:00 AM"
"57389","1","10/3/2013 12:00:00 AM"
"57390","1","10/3/2013 12:00:00 AM"
"57391","1","10/3/2013 12:00:00 AM"
"57392","1","10/3/2013 12:00:00 AM"
"57394","1","10/3/2013 12:00:00 AM"
"57395","1","10/3/2013 12:00:00 AM"
"57396","1","10/3/2013 12:00:00 AM"
"57397","1","10/3/2013 12:00:00 AM"
"57398","1","10/3/2013 12:00:00 AM"
"57399","1","10/3/2013 12:00:00 AM"
"57400","1","10/3/2013 12:00:00 AM"
"57401","1","10/3/2013 12:00:00 AM"
"57402","1","10/3/2013 12:00:00 AM"
"57403","1","10/3/2013 12:00:00 AM"
"57404","4","10/3/2013 12:00:00 AM"
"57405","1","10/3/2013 12:00:00 AM"
"57406","1","10/3/2013 12:00:00 AM"
"57407","1","10/3/2013 12:00:00 AM"
"57408","1","10/3/2013 12:00:00 AM"
"57409","1","10/3/2013 12:00:00 AM"
"57409","10","10/3/2013 12:00:00 AM"
"57410","1","10/3/2013 12:00:00 AM"
"57411","1","10/3/2013 12:00:00 AM"
"57412","1","10/3/2013 12:00:00 AM"
"57412","2","10/3/2013 12:00:00 AM"
"57413","1","10/3/2013 12:00:00 AM"
"57414","1","10/3/2013 12:00:00 AM"
"57415","1","10/3/2013 12:00:00 AM"
"57416","1","10/3/2013 12:00:00 AM"
"57417","1","10/3/2013 12:00:00 AM"
"57418","1","10/3/2013 12:00:00 AM"
"57420","1","10/3/2013 12:00:00 AM"
"57421","1","10/3/2013 12:00:00 AM"
"57421","2","10/3/2013 12:00:00 AM"
"57422","1","10/3/2013 12:00:00 AM"
"57422","2","10/3/2013 12:00:00 AM"
"57423","1","10/3/2013 12:00:00 AM"
"57426","1","10/3/2013 12:00:00 AM"
"57426","2","10/3/2013 12:00:00 AM"
"57427","2","10/3/2013 12:00:00 AM"
"57429","1","10/4/2013 12:00:00 AM"
"57429","10","10/4/2013 12:00:00 AM"
"57430","1","10/4/2013 12:00:00 AM"
"57431","1","10/4/2013 12:00:00 AM"
"57432","1","10/4/2013 12:00:00 AM"
"57433","1","10/4/2013 12:00:00 AM"
"57434","1","10/4/2013 12:00:00 AM"
"57435","6","10/4/2013 12:00:00 AM"
"57436","1","10/4/2013 12:00:00 AM"
"57437","1","10/4/2013 12:00:00 AM"
"57438","1","10/4/2013 12:00:00 AM"
"57439","1","10/4/2013 12:00:00 AM"
"57440","1","10/4/2013 12:00:00 AM"
"57441","1","10/4/2013 12:00:00 AM"
"57441","10","10/4/2013 12:00:00 AM"
"57442","1","10/4/2013 12:00:00 AM"
"57443","1","10/4/2013 12:00:00 AM"
"57444","1","10/4/2013 12:00:00 AM"
"57445","1","10/4/2013 12:00:00 AM"
"57446","6","10/4/2013 12:00:00 AM"
"57447","1","10/4/2013 12:00:00 AM"
"57448","1","10/4/2013 12:00:00 AM"
"57449","1","10/4/2013 12:00:00 AM"
"57450","1","10/4/2013 12:00:00 AM"
"57451","1","10/4/2013 12:00:00 AM"
"57452","4","10/4/2013 12:00:00 AM"
"57453","4","10/4/2013 12:00:00 AM"
"57454","1","10/4/2013 12:00:00 AM"
"57455","1","10/4/2013 12:00:00 AM"
"57456","1","10/4/2013 12:00:00 AM"
"57457","1","10/4/2013 12:00:00 AM"
"57458","4","10/4/2013 12:00:00 AM"
"57459","1","10/4/2013 12:00:00 AM"
"57460","1","10/4/2013 12:00:00 AM"
"57461","1","10/4/2013 12:00:00 AM"
"57462","1","10/4/2013 12:00:00 AM"
"57463","1","10/4/2013 12:00:00 AM"
"57464","1","10/4/2013 12:00:00 AM"
"57465","1","10/4/2013 12:00:00 AM"
"57466","2","10/4/2013 12:00:00 AM"
"57468","1","10/4/2013 12:00:00 AM"
"57469","1","10/4/2013 12:00:00 AM"
"57470","1","10/4/2013 12:00:00 AM"
"57470","2","10/4/2013 12:00:00 AM"
"57472","1","10/4/2013 12:00:00 AM"
"57472","2","10/4/2013 12:00:00 AM"
"57473","1","10/4/2013 12:00:00 AM"
"57473","2","10/4/2013 12:00:00 AM"
"57476","1","10/4/2013 12:00:00 AM"
"57477","1","10/4/2013 12:00:00 AM"
"57477","2","10/4/2013 12:00:00 AM"
"57478","1","10/4/2013 12:00:00 AM"
"57478","2","10/4/2013 12:00:00 AM"
"57480","1","10/4/2013 12:00:00 AM"
"57481","1","10/5/2013 12:00:00 AM"
"57482","1","10/5/2013 12:00:00 AM"
"57483","1","10/5/2013 12:00:00 AM"
"57484","6","10/5/2013 12:00:00 AM"
"57485","1","10/5/2013 12:00:00 AM"
"57486","1","10/5/2013 12:00:00 AM"
"57487","6","10/5/2013 12:00:00 AM"
"57488","6","10/5/2013 12:00:00 AM"
"57489","1","10/5/2013 12:00:00 AM"
"57489","10","10/5/2013 12:00:00 AM"
"57490","1","10/5/2013 12:00:00 AM"
"57491","1","10/5/2013 12:00:00 AM"
"57492","6","10/5/2013 12:00:00 AM"
"57493","1","10/5/2013 12:00:00 AM"
"57494","1","10/5/2013 12:00:00 AM"
"57495","1","10/5/2013 12:00:00 AM"
"57496","1","10/5/2013 12:00:00 AM"
"57497","1","10/5/2013 12:00:00 AM"
"57498","1","10/5/2013 12:00:00 AM"
"57499","1","10/5/2013 12:00:00 AM"
"57500","1","10/5/2013 12:00:00 AM"
"57501","1","10/5/2013 12:00:00 AM"
"57502","1","10/5/2013 12:00:00 AM"
"57502","10","10/5/2013 12:00:00 AM"
"57503","1","10/5/2013 12:00:00 AM"
"57503","10","10/5/2013 12:00:00 AM"
"57504","1","10/5/2013 12:00:00 AM"
"57505","1","10/5/2013 12:00:00 AM"
"57506","4","10/5/2013 12:00:00 AM"
"57507","1","10/5/2013 12:00:00 AM"
"57508","1","10/5/2013 12:00:00 AM"
"57509","1","10/5/2013 12:00:00 AM"
"57510","1","10/5/2013 12:00:00 AM"
"57511","1","10/5/2013 12:00:00 AM"
"57512","1","10/5/2013 12:00:00 AM"
"57513","1","10/5/2013 12:00:00 AM"
"57514","1","10/5/2013 12:00:00 AM"
"57515","1","10/5/2013 12:00:00 AM"
"57517","1","10/5/2013 12:00:00 AM"
"57518","1","10/5/2013 12:00:00 AM"
"57519","1","10/5/2013 12:00:00 AM"
"57520","1","10/5/2013 12:00:00 AM"
"57520","2","10/5/2013 12:00:00 AM"
"57521","1","10/5/2013 12:00:00 AM"
"57522","2","10/5/2013 12:00:00 AM"
"57523","1","10/5/2013 12:00:00 AM"
"57524","6","10/5/2013 12:00:00 AM"
"57525","1","10/5/2013 12:00:00 AM"
"57525","2","10/5/2013 12:00:00 AM"
"57526","1","10/5/2013 12:00:00 AM"
"57527","1","10/5/2013 12:00:00 AM"
"57528","1","10/5/2013 12:00:00 AM"
"57530","1","10/5/2013 12:00:00 AM"
"57531","1","10/5/2013 12:00:00 AM"
"57531","2","10/5/2013 12:00:00 AM"
"57532","1","10/5/2013 12:00:00 AM"
"57532","2","10/5/2013 12:00:00 AM"
"57535","1","10/6/2013 12:00:00 AM"
"57536","1","10/6/2013 12:00:00 AM"
"57537","1","10/6/2013 12:00:00 AM"
"57538","1","10/6/2013 12:00:00 AM"
"57539","1","10/6/2013 12:00:00 AM"
"57540","1","10/6/2013 12:00:00 AM"
"57542","1","10/6/2013 12:00:00 AM"
"57543","1","10/6/2013 12:00:00 AM"
"57544","4","10/6/2013 12:00:00 AM"
"57545","1","10/6/2013 12:00:00 AM"
"57546","1","10/6/2013 12:00:00 AM"
"57547","1","10/6/2013 12:00:00 AM"
"57548","1","10/6/2013 12:00:00 AM"
"57549","1","10/6/2013 12:00:00 AM"
"57549","10","10/6/2013 12:00:00 AM"
"57550","1","10/6/2013 12:00:00 AM"
"57551","1","10/6/2013 12:00:00 AM"
"57552","1","10/6/2013 12:00:00 AM"
"57553","6","10/6/2013 12:00:00 AM"
"57554","1","10/6/2013 12:00:00 AM"
"57555","1","10/6/2013 12:00:00 AM"
"57556","1","10/6/2013 12:00:00 AM"
"57557","1","10/6/2013 12:00:00 AM"
"57557","10","10/6/2013 12:00:00 AM"
"57558","1","10/6/2013 12:00:00 AM"
"57559","1","10/6/2013 12:00:00 AM"
"57560","1","10/6/2013 12:00:00 AM"
"57561","1","10/6/2013 12:00:00 AM"
"57561","10","10/6/2013 12:00:00 AM"
"57562","1","10/6/2013 12:00:00 AM"
"57563","1","10/6/2013 12:00:00 AM"
"57564","1","10/6/2013 12:00:00 AM"
"57565","1","10/6/2013 12:00:00 AM"
"57566","1","10/6/2013 12:00:00 AM"
"57567","1","10/6/2013 12:00:00 AM"
"57568","1","10/6/2013 12:00:00 AM"
"57569","1","10/6/2013 12:00:00 AM"
"57570","1","10/6/2013 12:00:00 AM"
"57571","1","10/6/2013 12:00:00 AM"
"57572","1","10/6/2013 12:00:00 AM"
"57573","4","10/6/2013 12:00:00 AM"
"57574","1","10/6/2013 12:00:00 AM"
"57575","2","10/6/2013 12:00:00 AM"
"57576","2","10/6/2013 12:00:00 AM"
"57577","1","10/6/2013 12:00:00 AM"
"57578","2","10/6/2013 12:00:00 AM"
"57579","1","10/6/2013 12:00:00 AM"
"57580","2","10/6/2013 12:00:00 AM"
"57581","1","10/6/2013 12:00:00 AM"
"57581","2","10/6/2013 12:00:00 AM"
"57581","10","10/6/2013 12:00:00 AM"
"57582","1","10/6/2013 12:00:00 AM"
"57583","1","10/6/2013 12:00:00 AM"
"57584","2","10/6/2013 12:00:00 AM"
"57585","1","10/6/2013 12:00:00 AM"
"57586","1","10/6/2013 12:00:00 AM"
"57586","2","10/6/2013 12:00:00 AM"
"57587","1","10/6/2013 12:00:00 AM"
"57587","2","10/6/2013 12:00:00 AM"
"57590","1","10/6/2013 12:00:00 AM"
"57590","2","10/6/2013 12:00:00 AM"
"57590","10","10/6/2013 12:00:00 AM"
"57592","1","10/6/2013 12:00:00 AM"
"57594","1","10/7/2013 12:00:00 AM"
"57594","2","10/7/2013 12:00:00 AM"
"57595","1","10/7/2013 12:00:00 AM"
"57596","1","10/7/2013 12:00:00 AM"
"57598","1","10/7/2013 12:00:00 AM"
"57599","1","10/7/2013 12:00:00 AM"
"57599","2","10/7/2013 12:00:00 AM"
"57600","1","10/7/2013 12:00:00 AM"
"57600","2","10/7/2013 12:00:00 AM"
"57601","1","10/7/2013 12:00:00 AM"
"57602","1","10/7/2013 12:00:00 AM"
"57603","1","10/7/2013 12:00:00 AM"
"57604","1","10/7/2013 12:00:00 AM"
"57605","1","10/7/2013 12:00:00 AM"
"57606","1","10/7/2013 12:00:00 AM"
"57607","1","10/7/2013 12:00:00 AM"
"57608","1","10/7/2013 12:00:00 AM"
"57609","6","10/7/2013 12:00:00 AM"
"57610","6","10/7/2013 12:00:00 AM"
"57611","1","10/7/2013 12:00:00 AM"
"57612","1","10/7/2013 12:00:00 AM"
"57613","1","10/7/2013 12:00:00 AM"
"57613","10","10/7/2013 12:00:00 AM"
"57614","1","10/7/2013 12:00:00 AM"
"57615","1","10/7/2013 12:00:00 AM"
"57616","1","10/7/2013 12:00:00 AM"
"57617","1","10/7/2013 12:00:00 AM"
"57618","1","10/7/2013 12:00:00 AM"
"57619","1","10/7/2013 12:00:00 AM"
"57620","1","10/7/2013 12:00:00 AM"
"57621","1","10/7/2013 12:00:00 AM"
"57622","1","10/7/2013 12:00:00 AM"
"57623","6","10/7/2013 12:00:00 AM"
"57624","2","10/7/2013 12:00:00 AM"
"57625","2","10/7/2013 12:00:00 AM"
"57626","5","10/7/2013 12:00:00 AM"
"57627","2","10/7/2013 12:00:00 AM"
"57628","1","10/7/2013 12:00:00 AM"
"57628","2","10/7/2013 12:00:00 AM"
"57628","10","10/7/2013 12:00:00 AM"
"57629","1","10/7/2013 12:00:00 AM"
"57630","1","10/7/2013 12:00:00 AM"
"57631","1","10/7/2013 12:00:00 AM"
"57632","1","10/7/2013 12:00:00 AM"
"57633","1","10/7/2013 12:00:00 AM"
"57633","2","10/7/2013 12:00:00 AM"
"57634","1","10/8/2013 12:00:00 AM"
"57635","1","10/8/2013 12:00:00 AM"
"57635","10","10/8/2013 12:00:00 AM"
"57636","2","10/8/2013 12:00:00 AM"
"57637","6","10/8/2013 12:00:00 AM"
"57638","1","10/8/2013 12:00:00 AM"
"57639","1","10/8/2013 12:00:00 AM"
"57640","1","10/8/2013 12:00:00 AM"
"57641","1","10/8/2013 12:00:00 AM"
"57642","1","10/8/2013 12:00:00 AM"
"57644","1","10/8/2013 12:00:00 AM"
"57645","1","10/8/2013 12:00:00 AM"
"57646","1","10/8/2013 12:00:00 AM"
"57646","10","10/8/2013 12:00:00 AM"
"57647","1","10/8/2013 12:00:00 AM"
"57648","1","10/8/2013 12:00:00 AM"
"57648","10","10/8/2013 12:00:00 AM"
"57649","1","10/8/2013 12:00:00 AM"
"57650","1","10/8/2013 12:00:00 AM"
"57651","6","10/8/2013 12:00:00 AM"
"57652","1","10/8/2013 12:00:00 AM"
"57653","1","10/8/2013 12:00:00 AM"
"57654","1","10/8/2013 12:00:00 AM"
"57655","1","10/8/2013 12:00:00 AM"
"57656","1","10/8/2013 12:00:00 AM"
"57657","1","10/8/2013 12:00:00 AM"
"57657","10","10/8/2013 12:00:00 AM"
"57658","1","10/8/2013 12:00:00 AM"
"57659","1","10/8/2013 12:00:00 AM"
"57660","1","10/8/2013 12:00:00 AM"
"57661","4","10/8/2013 12:00:00 AM"
"57662","1","10/8/2013 12:00:00 AM"
"57663","4","10/8/2013 12:00:00 AM"
"57664","1","10/8/2013 12:00:00 AM"
"57665","1","10/8/2013 12:00:00 AM"
"57666","1","10/8/2013 12:00:00 AM"
"57667","1","10/8/2013 12:00:00 AM"
"57668","1","10/8/2013 12:00:00 AM"
"57669","1","10/8/2013 12:00:00 AM"
"57670","2","10/8/2013 12:00:00 AM"
"57672","1","10/8/2013 12:00:00 AM"
"57673","1","10/8/2013 12:00:00 AM"
"57673","2","10/8/2013 12:00:00 AM"
"57675","1","10/8/2013 12:00:00 AM"
"57676","1","10/8/2013 12:00:00 AM"
"57677","1","10/8/2013 12:00:00 AM"
"57679","1","10/8/2013 12:00:00 AM"
"57679","2","10/8/2013 12:00:00 AM"
"57681","1","10/8/2013 12:00:00 AM"
"57681","10","10/8/2013 12:00:00 AM"
"57682","1","10/8/2013 12:00:00 AM"
"57683","1","10/8/2013 12:00:00 AM"
"57685","1","10/8/2013 12:00:00 AM"
"57686","1","10/8/2013 12:00:00 AM"
"57688","1","10/8/2013 12:00:00 AM"
"57688","2","10/8/2013 12:00:00 AM"
"57689","1","10/9/2013 12:00:00 AM"
"57690","1","10/9/2013 12:00:00 AM"
"57691","1","10/9/2013 12:00:00 AM"
"57691","10","10/9/2013 12:00:00 AM"
"57692","1","10/9/2013 12:00:00 AM"
"57693","1","10/9/2013 12:00:00 AM"
"57694","1","10/9/2013 12:00:00 AM"
"57695","1","10/9/2013 12:00:00 AM"
"57695","10","10/9/2013 12:00:00 AM"
"57696","1","10/9/2013 12:00:00 AM"
"57697","1","10/9/2013 12:00:00 AM"
"57698","1","10/9/2013 12:00:00 AM"
"57699","4","10/9/2013 12:00:00 AM"
"57699","10","10/9/2013 12:00:00 AM"
"57700","1","10/9/2013 12:00:00 AM"
"57700","2","10/9/2013 12:00:00 AM"
"57701","6","10/9/2013 12:00:00 AM"
"57702","1","10/9/2013 12:00:00 AM"
"57702","10","10/9/2013 12:00:00 AM"
"57703","1","10/9/2013 12:00:00 AM"
"57704","1","10/9/2013 12:00:00 AM"
"57705","1","10/9/2013 12:00:00 AM"
"57706","1","10/9/2013 12:00:00 AM"
"57706","10","10/9/2013 12:00:00 AM"
"57707","1","10/9/2013 12:00:00 AM"
"57708","1","10/9/2013 12:00:00 AM"
"57709","1","10/9/2013 12:00:00 AM"
"57710","1","10/9/2013 12:00:00 AM"
"57711","1","10/9/2013 12:00:00 AM"
"57711","10","10/9/2013 12:00:00 AM"
"57712","1","10/9/2013 12:00:00 AM"
"57713","1","10/9/2013 12:00:00 AM"
"57714","1","10/9/2013 12:00:00 AM"
"57715","1","10/9/2013 12:00:00 AM"
"57716","1","10/9/2013 12:00:00 AM"
"57717","1","10/9/2013 12:00:00 AM"
"57718","1","10/9/2013 12:00:00 AM"
"57719","1","10/9/2013 12:00:00 AM"
"57720","4","10/9/2013 12:00:00 AM"
"57720","10","10/9/2013 12:00:00 AM"
"57721","1","10/9/2013 12:00:00 AM"
"57722","1","10/9/2013 12:00:00 AM"
"57723","4","10/9/2013 12:00:00 AM"
"57724","1","10/9/2013 12:00:00 AM"
"57725","1","10/9/2013 12:00:00 AM"
"57726","1","10/9/2013 12:00:00 AM"
"57727","1","10/9/2013 12:00:00 AM"
"57728","1","10/9/2013 12:00:00 AM"
"57728","2","10/9/2013 12:00:00 AM"
"57729","1","10/9/2013 12:00:00 AM"
"57730","1","10/9/2013 12:00:00 AM"
"57730","2","10/9/2013 12:00:00 AM"
"57731","1","10/9/2013 12:00:00 AM"
"57731","2","10/9/2013 12:00:00 AM"
"57732","1","10/9/2013 12:00:00 AM"
"57733","2","10/9/2013 12:00:00 AM"
"57734","6","10/9/2013 12:00:00 AM"
"57735","5","10/9/2013 12:00:00 AM"
"57737","2","10/9/2013 12:00:00 AM"
"57738","1","10/9/2013 12:00:00 AM"
"57738","2","10/9/2013 12:00:00 AM"
"57739","2","10/9/2013 12:00:00 AM"
"57740","1","10/9/2013 12:00:00 AM"
"57741","1","10/9/2013 12:00:00 AM"
"57741","2","10/9/2013 12:00:00 AM"
"57743","1","10/9/2013 12:00:00 AM"
"57744","1","10/9/2013 12:00:00 AM"
"57745","1","10/9/2013 12:00:00 AM"
"57745","2","10/9/2013 12:00:00 AM"
"57747","2","10/10/2013 12:00:00 AM"
"57748","1","10/10/2013 12:00:00 AM"
"57749","1","10/10/2013 12:00:00 AM"
"57750","1","10/10/2013 12:00:00 AM"
"57751","1","10/10/2013 12:00:00 AM"
"57752","1","10/10/2013 12:00:00 AM"
"57753","1","10/10/2013 12:00:00 AM"
"57755","1","10/10/2013 12:00:00 AM"
"57756","1","10/10/2013 12:00:00 AM"
"57757","1","10/10/2013 12:00:00 AM"
"57758","1","10/10/2013 12:00:00 AM"
"57759","1","10/10/2013 12:00:00 AM"
"57760","1","10/10/2013 12:00:00 AM"
"57761","1","10/10/2013 12:00:00 AM"
"57762","1","10/10/2013 12:00:00 AM"
"57763","1","10/10/2013 12:00:00 AM"
"57764","6","10/10/2013 12:00:00 AM"
"57765","1","10/10/2013 12:00:00 AM"
"57766","1","10/10/2013 12:00:00 AM"
"57767","1","10/10/2013 12:00:00 AM"
"57768","1","10/10/2013 12:00:00 AM"
"57769","1","10/10/2013 12:00:00 AM"
"57770","1","10/10/2013 12:00:00 AM"
"57771","1","10/10/2013 12:00:00 AM"
"57772","1","10/10/2013 12:00:00 AM"
"57773","1","10/10/2013 12:00:00 AM"
"57774","1","10/10/2013 12:00:00 AM"
"57775","1","10/10/2013 12:00:00 AM"
"57776","1","10/10/2013 12:00:00 AM"
"57777","4","10/10/2013 12:00:00 AM"
"57778","4","10/10/2013 12:00:00 AM"
"57779","1","10/10/2013 12:00:00 AM"
"57780","1","10/10/2013 12:00:00 AM"
"57781","1","10/10/2013 12:00:00 AM"
"57781","2","10/10/2013 12:00:00 AM"
"57782","1","10/10/2013 12:00:00 AM"
"57783","1","10/10/2013 12:00:00 AM"
"57784","5","10/10/2013 12:00:00 AM"
"57787","1","10/10/2013 12:00:00 AM"
"57790","1","10/11/2013 12:00:00 AM"
"57791","1","10/11/2013 12:00:00 AM"
"57792","1","10/11/2013 12:00:00 AM"
"57792","10","10/11/2013 12:00:00 AM"
"57793","1","10/11/2013 12:00:00 AM"
"57793","10","10/11/2013 12:00:00 AM"
"57794","1","10/11/2013 12:00:00 AM"
"57795","1","10/11/2013 12:00:00 AM"
"57796","1","10/11/2013 12:00:00 AM"
"57797","1","10/11/2013 12:00:00 AM"
"57798","1","10/11/2013 12:00:00 AM"
"57799","1","10/11/2013 12:00:00 AM"
"57800","1","10/11/2013 12:00:00 AM"
"57801","1","10/11/2013 12:00:00 AM"
"57802","1","10/11/2013 12:00:00 AM"
"57803","1","10/11/2013 12:00:00 AM"
"57804","2","10/11/2013 12:00:00 AM"
"57805","1","10/11/2013 12:00:00 AM"
"57806","1","10/11/2013 12:00:00 AM"
"57807","1","10/11/2013 12:00:00 AM"
"57808","1","10/11/2013 12:00:00 AM"
"57809","1","10/11/2013 12:00:00 AM"
"57810","1","10/11/2013 12:00:00 AM"
"57811","1","10/11/2013 12:00:00 AM"
"57812","1","10/11/2013 12:00:00 AM"
"57813","1","10/11/2013 12:00:00 AM"
"57814","1","10/11/2013 12:00:00 AM"
"57814","10","10/11/2013 12:00:00 AM"
"57815","1","10/11/2013 12:00:00 AM"
"57816","1","10/11/2013 12:00:00 AM"
"57817","1","10/11/2013 12:00:00 AM"
"57818","1","10/11/2013 12:00:00 AM"
"57819","1","10/11/2013 12:00:00 AM"
"57820","1","10/11/2013 12:00:00 AM"
"57820","10","10/11/2013 12:00:00 AM"
"57821","4","10/11/2013 12:00:00 AM"
"57822","1","10/11/2013 12:00:00 AM"
"57823","1","10/11/2013 12:00:00 AM"
"57824","1","10/11/2013 12:00:00 AM"
"57825","1","10/11/2013 12:00:00 AM"
"57826","1","10/11/2013 12:00:00 AM"
"57827","1","10/11/2013 12:00:00 AM"
"57827","2","10/11/2013 12:00:00 AM"
"57828","1","10/11/2013 12:00:00 AM"
"57831","5","10/11/2013 12:00:00 AM"
"57832","1","10/11/2013 12:00:00 AM"
"57832","2","10/11/2013 12:00:00 AM"
"57832","10","10/11/2013 12:00:00 AM"
"57833","1","10/11/2013 12:00:00 AM"
"57834","2","10/11/2013 12:00:00 AM"
"57835","1","10/11/2013 12:00:00 AM"
"57836","5","10/11/2013 12:00:00 AM"
"57837","1","10/11/2013 12:00:00 AM"
"57837","2","10/11/2013 12:00:00 AM"
"57838","1","10/11/2013 12:00:00 AM"
"57839","1","10/11/2013 12:00:00 AM"
"57839","2","10/11/2013 12:00:00 AM"
"57839","10","10/11/2013 12:00:00 AM"
"57842","1","10/11/2013 12:00:00 AM"
"57843","1","10/12/2013 12:00:00 AM"
"57843","2","10/12/2013 12:00:00 AM"
"57844","1","10/12/2013 12:00:00 AM"
"57845","1","10/12/2013 12:00:00 AM"
"57846","1","10/12/2013 12:00:00 AM"
"57847","2","10/12/2013 12:00:00 AM"
"57848","1","10/12/2013 12:00:00 AM"
"57848","10","10/12/2013 12:00:00 AM"
"57849","1","10/12/2013 12:00:00 AM"
"57850","1","10/12/2013 12:00:00 AM"
"57851","1","10/12/2013 12:00:00 AM"
"57852","1","10/12/2013 12:00:00 AM"
"57853","1","10/12/2013 12:00:00 AM"
"57855","1","10/12/2013 12:00:00 AM"
"57856","1","10/12/2013 12:00:00 AM"
"57857","1","10/12/2013 12:00:00 AM"
"57858","1","10/12/2013 12:00:00 AM"
"57859","1","10/12/2013 12:00:00 AM"
"57860","1","10/12/2013 12:00:00 AM"
"57861","1","10/12/2013 12:00:00 AM"
"57862","1","10/12/2013 12:00:00 AM"
"57863","1","10/12/2013 12:00:00 AM"
"57863","10","10/12/2013 12:00:00 AM"
"57865","1","10/12/2013 12:00:00 AM"
"57866","1","10/12/2013 12:00:00 AM"
"57867","1","10/12/2013 12:00:00 AM"
"57868","1","10/12/2013 12:00:00 AM"
"57869","1","10/12/2013 12:00:00 AM"
"57870","1","10/12/2013 12:00:00 AM"
"57871","1","10/12/2013 12:00:00 AM"
"57872","1","10/12/2013 12:00:00 AM"
"57873","1","10/12/2013 12:00:00 AM"
"57874","6","10/12/2013 12:00:00 AM"
"57875","1","10/12/2013 12:00:00 AM"
"57876","1","10/12/2013 12:00:00 AM"
"57877","1","10/12/2013 12:00:00 AM"
"57878","1","10/12/2013 12:00:00 AM"
"57879","1","10/12/2013 12:00:00 AM"
"57879","10","10/12/2013 12:00:00 AM"
"57880","1","10/12/2013 12:00:00 AM"
"57881","1","10/12/2013 12:00:00 AM"
"57882","1","10/12/2013 12:00:00 AM"
"57883","1","10/12/2013 12:00:00 AM"
"57884","4","10/12/2013 12:00:00 AM"
"57885","1","10/12/2013 12:00:00 AM"
"57886","1","10/12/2013 12:00:00 AM"
"57887","6","10/12/2013 12:00:00 AM"
"57888","1","10/12/2013 12:00:00 AM"
"57889","1","10/12/2013 12:00:00 AM"
"57890","1","10/12/2013 12:00:00 AM"
"57891","1","10/12/2013 12:00:00 AM"
"57892","1","10/12/2013 12:00:00 AM"
"57893","1","10/12/2013 12:00:00 AM"
"57895","1","10/12/2013 12:00:00 AM"
"57895","2","10/12/2013 12:00:00 AM"
"57896","1","10/12/2013 12:00:00 AM"
"57897","1","10/12/2013 12:00:00 AM"
"57899","1","10/12/2013 12:00:00 AM"
"57902","1","10/13/2013 12:00:00 AM"
"57903","1","10/13/2013 12:00:00 AM"
"57904","1","10/13/2013 12:00:00 AM"
"57905","1","10/13/2013 12:00:00 AM"
"57905","10","10/13/2013 12:00:00 AM"
"57906","1","10/13/2013 12:00:00 AM"
"57907","1","10/13/2013 12:00:00 AM"
"57908","1","10/13/2013 12:00:00 AM"
"57909","1","10/13/2013 12:00:00 AM"
"57910","1","10/13/2013 12:00:00 AM"
"57911","1","10/13/2013 12:00:00 AM"
"57912","1","10/13/2013 12:00:00 AM"
"57913","1","10/13/2013 12:00:00 AM"
"57914","1","10/13/2013 12:00:00 AM"
"57915","1","10/13/2013 12:00:00 AM"
"57916","1","10/13/2013 12:00:00 AM"
"57917","1","10/13/2013 12:00:00 AM"
"57918","6","10/13/2013 12:00:00 AM"
"57919","6","10/13/2013 12:00:00 AM"
"57920","1","10/13/2013 12:00:00 AM"
"57921","1","10/13/2013 12:00:00 AM"
"57922","1","10/13/2013 12:00:00 AM"
"57923","1","10/13/2013 12:00:00 AM"
"57924","1","10/13/2013 12:00:00 AM"
"57925","1","10/13/2013 12:00:00 AM"
"57926","1","10/13/2013 12:00:00 AM"
"57927","1","10/13/2013 12:00:00 AM"
"57928","1","10/13/2013 12:00:00 AM"
"57929","1","10/13/2013 12:00:00 AM"
"57930","1","10/13/2013 12:00:00 AM"
"57931","1","10/13/2013 12:00:00 AM"
"57932","1","10/13/2013 12:00:00 AM"
"57933","1","10/13/2013 12:00:00 AM"
"57934","1","10/13/2013 12:00:00 AM"
"57935","1","10/13/2013 12:00:00 AM"
"57936","6","10/13/2013 12:00:00 AM"
"57937","1","10/13/2013 12:00:00 AM"
"57938","1","10/13/2013 12:00:00 AM"
"57938","2","10/13/2013 12:00:00 AM"
"57938","10","10/13/2013 12:00:00 AM"
"57939","1","10/13/2013 12:00:00 AM"
"57939","2","10/13/2013 12:00:00 AM"
"57940","1","10/13/2013 12:00:00 AM"
"57940","2","10/13/2013 12:00:00 AM"
"57942","1","10/13/2013 12:00:00 AM"
"57943","1","10/13/2013 12:00:00 AM"
"57944","2","10/13/2013 12:00:00 AM"
"57945","1","10/13/2013 12:00:00 AM"
"57945","10","10/13/2013 12:00:00 AM"
"57946","1","10/13/2013 12:00:00 AM"
"57946","2","10/13/2013 12:00:00 AM"
"57947","1","10/13/2013 12:00:00 AM"
"57947","2","10/13/2013 12:00:00 AM"
"57949","1","10/13/2013 12:00:00 AM"
"57951","1","10/13/2013 12:00:00 AM"
"57952","1","10/13/2013 12:00:00 AM"
"57953","1","10/13/2013 12:00:00 AM"
"57953","10","10/13/2013 12:00:00 AM"
"57954","1","10/13/2013 12:00:00 AM"
"57955","1","10/13/2013 12:00:00 AM"
"57956","1","10/13/2013 12:00:00 AM"
"57957","2","10/13/2013 12:00:00 AM"
"57958","4","10/14/2013 12:00:00 AM"
"57959","1","10/14/2013 12:00:00 AM"
"57959","10","10/14/2013 12:00:00 AM"
"57960","1","10/14/2013 12:00:00 AM"
"57961","1","10/14/2013 12:00:00 AM"
"57962","1","10/14/2013 12:00:00 AM"
"57963","1","10/14/2013 12:00:00 AM"
"57964","1","10/14/2013 12:00:00 AM"
"57965","1","10/14/2013 12:00:00 AM"
"57966","1","10/14/2013 12:00:00 AM"
"57967","1","10/14/2013 12:00:00 AM"
"57968","1","10/14/2013 12:00:00 AM"
"57969","1","10/14/2013 12:00:00 AM"
"57970","1","10/14/2013 12:00:00 AM"
"57971","1","10/14/2013 12:00:00 AM"
"57973","1","10/14/2013 12:00:00 AM"
"57974","1","10/14/2013 12:00:00 AM"
"57975","1","10/14/2013 12:00:00 AM"
"57976","1","10/14/2013 12:00:00 AM"
"57977","1","10/14/2013 12:00:00 AM"
"57977","10","10/14/2013 12:00:00 AM"
"57978","4","10/14/2013 12:00:00 AM"
"57978","10","10/14/2013 12:00:00 AM"
"57979","1","10/14/2013 12:00:00 AM"
"57980","1","10/14/2013 12:00:00 AM"
"57981","1","10/14/2013 12:00:00 AM"
"57982","6","10/14/2013 12:00:00 AM"
"57983","1","10/14/2013 12:00:00 AM"
"57984","1","10/14/2013 12:00:00 AM"
"57985","1","10/14/2013 12:00:00 AM"
"57986","1","10/14/2013 12:00:00 AM"
"57987","1","10/14/2013 12:00:00 AM"
"57988","1","10/14/2013 12:00:00 AM"
"57989","1","10/14/2013 12:00:00 AM"
"57990","1","10/14/2013 12:00:00 AM"
"57991","1","10/14/2013 12:00:00 AM"
"57992","1","10/14/2013 12:00:00 AM"
"57993","1","10/14/2013 12:00:00 AM"
"57994","1","10/14/2013 12:00:00 AM"
"57994","10","10/14/2013 12:00:00 AM"
"57995","1","10/14/2013 12:00:00 AM"
"57996","1","10/14/2013 12:00:00 AM"
"57997","6","10/14/2013 12:00:00 AM"
"57998","1","10/14/2013 12:00:00 AM"
"57998","10","10/14/2013 12:00:00 AM"
"57999","6","10/14/2013 12:00:00 AM"
"58000","1","10/14/2013 12:00:00 AM"
"58000","2","10/14/2013 12:00:00 AM"
"58001","1","10/14/2013 12:00:00 AM"
"58002","2","10/14/2013 12:00:00 AM"
"58004","1","10/14/2013 12:00:00 AM"
"58005","1","10/14/2013 12:00:00 AM"
"58007","5","10/14/2013 12:00:00 AM"
"58008","1","10/14/2013 12:00:00 AM"
"58009","2","10/14/2013 12:00:00 AM"
"58011","5","10/14/2013 12:00:00 AM"
"58012","5","10/14/2013 12:00:00 AM"
"58013","1","10/14/2013 12:00:00 AM"
"58014","1","10/14/2013 12:00:00 AM"
"58014","2","10/14/2013 12:00:00 AM"
"58018","1","10/14/2013 12:00:00 AM"
"58019","1","10/15/2013 12:00:00 AM"
"58020","1","10/15/2013 12:00:00 AM"
"58021","1","10/15/2013 12:00:00 AM"
"58022","1","10/15/2013 12:00:00 AM"
"58023","1","10/15/2013 12:00:00 AM"
"58024","1","10/15/2013 12:00:00 AM"
"58024","10","10/15/2013 12:00:00 AM"
"58026","1","10/15/2013 12:00:00 AM"
"58027","1","10/15/2013 12:00:00 AM"
"58028","4","10/15/2013 12:00:00 AM"
"58029","1","10/15/2013 12:00:00 AM"
"58029","10","10/15/2013 12:00:00 AM"
"58030","1","10/15/2013 12:00:00 AM"
"58031","1","10/15/2013 12:00:00 AM"
"58032","1","10/15/2013 12:00:00 AM"
"58033","6","10/15/2013 12:00:00 AM"
"58034","1","10/15/2013 12:00:00 AM"
"58035","1","10/15/2013 12:00:00 AM"
"58036","1","10/15/2013 12:00:00 AM"
"58037","1","10/15/2013 12:00:00 AM"
"58038","1","10/15/2013 12:00:00 AM"
"58039","1","10/15/2013 12:00:00 AM"
"58040","1","10/15/2013 12:00:00 AM"
"58041","1","10/15/2013 12:00:00 AM"
"58042","1","10/15/2013 12:00:00 AM"
"58043","1","10/15/2013 12:00:00 AM"
"58044","6","10/15/2013 12:00:00 AM"
"58045","1","10/15/2013 12:00:00 AM"
"58046","1","10/15/2013 12:00:00 AM"
"58047","6","10/15/2013 12:00:00 AM"
"58048","1","10/15/2013 12:00:00 AM"
"58048","10","10/15/2013 12:00:00 AM"
"58049","1","10/15/2013 12:00:00 AM"
"58050","1","10/15/2013 12:00:00 AM"
"58051","1","10/15/2013 12:00:00 AM"
"58052","1","10/15/2013 12:00:00 AM"
"58053","4","10/15/2013 12:00:00 AM"
"58054","1","10/15/2013 12:00:00 AM"
"58055","1","10/15/2013 12:00:00 AM"
"58055","10","10/15/2013 12:00:00 AM"
"58056","1","10/15/2013 12:00:00 AM"
"58058","1","10/15/2013 12:00:00 AM"
"58059","1","10/15/2013 12:00:00 AM"
"58060","2","10/15/2013 12:00:00 AM"
"58061","1","10/15/2013 12:00:00 AM"
"58061","2","10/15/2013 12:00:00 AM"
"58064","1","10/15/2013 12:00:00 AM"
"58065","1","10/15/2013 12:00:00 AM"
"58066","1","10/15/2013 12:00:00 AM"
"58068","1","10/15/2013 12:00:00 AM"
"58069","1","10/15/2013 12:00:00 AM"
"58070","1","10/15/2013 12:00:00 AM"
"58071","1","10/16/2013 12:00:00 AM"
"58072","1","10/16/2013 12:00:00 AM"
"58073","1","10/16/2013 12:00:00 AM"
"58074","1","10/16/2013 12:00:00 AM"
"58075","1","10/16/2013 12:00:00 AM"
"58076","1","10/16/2013 12:00:00 AM"
"58077","2","10/16/2013 12:00:00 AM"
"58078","6","10/16/2013 12:00:00 AM"
"58079","1","10/16/2013 12:00:00 AM"
"58079","2","10/16/2013 12:00:00 AM"
"58080","1","10/16/2013 12:00:00 AM"
"58081","4","10/16/2013 12:00:00 AM"
"58082","1","10/16/2013 12:00:00 AM"
"58083","6","10/16/2013 12:00:00 AM"
"58084","1","10/16/2013 12:00:00 AM"
"58085","1","10/16/2013 12:00:00 AM"
"58086","1","10/16/2013 12:00:00 AM"
"58087","4","10/16/2013 12:00:00 AM"
"58087","10","10/16/2013 12:00:00 AM"
"58088","1","10/16/2013 12:00:00 AM"
"58089","1","10/16/2013 12:00:00 AM"
"58090","1","10/16/2013 12:00:00 AM"
"58091","1","10/16/2013 12:00:00 AM"
"58092","6","10/16/2013 12:00:00 AM"
"58093","1","10/16/2013 12:00:00 AM"
"58094","1","10/16/2013 12:00:00 AM"
"58095","1","10/16/2013 12:00:00 AM"
"58096","1","10/16/2013 12:00:00 AM"
"58097","1","10/16/2013 12:00:00 AM"
"58098","1","10/16/2013 12:00:00 AM"
"58099","1","10/16/2013 12:00:00 AM"
"58100","1","10/16/2013 12:00:00 AM"
"58101","1","10/16/2013 12:00:00 AM"
"58102","1","10/16/2013 12:00:00 AM"
"58103","1","10/16/2013 12:00:00 AM"
"58104","1","10/16/2013 12:00:00 AM"
"58104","10","10/16/2013 12:00:00 AM"
"58105","1","10/16/2013 12:00:00 AM"
"58106","1","10/16/2013 12:00:00 AM"
"58107","1","10/16/2013 12:00:00 AM"
"58108","1","10/16/2013 12:00:00 AM"
"58108","10","10/16/2013 12:00:00 AM"
"58109","1","10/16/2013 12:00:00 AM"
"58110","1","10/16/2013 12:00:00 AM"
"58110","2","10/16/2013 12:00:00 AM"
"58111","2","10/16/2013 12:00:00 AM"
"58114","1","10/16/2013 12:00:00 AM"
"58115","5","10/16/2013 12:00:00 AM"
"58116","1","10/16/2013 12:00:00 AM"
"58117","2","10/16/2013 12:00:00 AM"
"58118","1","10/16/2013 12:00:00 AM"
"58121","1","10/16/2013 12:00:00 AM"
"58121","2","10/16/2013 12:00:00 AM"
"58122","1","10/16/2013 12:00:00 AM"
"58124","1","10/16/2013 12:00:00 AM"
"58125","1","10/16/2013 12:00:00 AM"
"58126","1","10/16/2013 12:00:00 AM"
"58126","2","10/16/2013 12:00:00 AM"
"58127","1","10/16/2013 12:00:00 AM"
"58128","1","10/16/2013 12:00:00 AM"
"58128","2","10/16/2013 12:00:00 AM"
"58129","1","10/16/2013 12:00:00 AM"
"58130","1","10/17/2013 12:00:00 AM"
"58131","2","10/17/2013 12:00:00 AM"
"58132","1","10/17/2013 12:00:00 AM"
"58132","10","10/17/2013 12:00:00 AM"
"58133","1","10/17/2013 12:00:00 AM"
"58134","1","10/17/2013 12:00:00 AM"
"58135","1","10/17/2013 12:00:00 AM"
"58136","1","10/17/2013 12:00:00 AM"
"58137","1","10/17/2013 12:00:00 AM"
"58138","1","10/17/2013 12:00:00 AM"
"58139","1","10/17/2013 12:00:00 AM"
"58140","1","10/17/2013 12:00:00 AM"
"58141","1","10/17/2013 12:00:00 AM"
"58141","2","10/17/2013 12:00:00 AM"
"58142","4","10/17/2013 12:00:00 AM"
"58143","1","10/17/2013 12:00:00 AM"
"58144","1","10/17/2013 12:00:00 AM"
"58145","1","10/17/2013 12:00:00 AM"
"58146","1","10/17/2013 12:00:00 AM"
"58147","1","10/17/2013 12:00:00 AM"
"58148","1","10/17/2013 12:00:00 AM"
"58148","10","10/17/2013 12:00:00 AM"
"58149","1","10/17/2013 12:00:00 AM"
"58149","10","10/17/2013 12:00:00 AM"
"58150","1","10/17/2013 12:00:00 AM"
"58151","1","10/17/2013 12:00:00 AM"
"58152","1","10/17/2013 12:00:00 AM"
"58153","1","10/17/2013 12:00:00 AM"
"58154","1","10/17/2013 12:00:00 AM"
"58155","1","10/17/2013 12:00:00 AM"
"58156","1","10/17/2013 12:00:00 AM"
"58157","1","10/17/2013 12:00:00 AM"
"58158","1","10/17/2013 12:00:00 AM"
"58159","1","10/17/2013 12:00:00 AM"
"58160","1","10/17/2013 12:00:00 AM"
"58161","4","10/17/2013 12:00:00 AM"
"58162","1","10/17/2013 12:00:00 AM"
"58163","1","10/17/2013 12:00:00 AM"
"58165","1","10/17/2013 12:00:00 AM"
"58166","1","10/17/2013 12:00:00 AM"
"58167","1","10/17/2013 12:00:00 AM"
"58168","1","10/17/2013 12:00:00 AM"
"58169","1","10/17/2013 12:00:00 AM"
"58170","1","10/17/2013 12:00:00 AM"
"58171","1","10/17/2013 12:00:00 AM"
"58172","1","10/17/2013 12:00:00 AM"
"58173","1","10/17/2013 12:00:00 AM"
"58174","2","10/17/2013 12:00:00 AM"
"58174","10","10/17/2013 12:00:00 AM"
"58175","1","10/17/2013 12:00:00 AM"
"58175","2","10/17/2013 12:00:00 AM"
"58176","1","10/17/2013 12:00:00 AM"
"58176","2","10/17/2013 12:00:00 AM"
"58177","2","10/17/2013 12:00:00 AM"
"58178","1","10/17/2013 12:00:00 AM"
"58178","2","10/17/2013 12:00:00 AM"
"58179","1","10/17/2013 12:00:00 AM"
"58179","2","10/17/2013 12:00:00 AM"
"58180","1","10/17/2013 12:00:00 AM"
"58183","1","10/17/2013 12:00:00 AM"
"58183","2","10/17/2013 12:00:00 AM"
"58184","1","10/17/2013 12:00:00 AM"
"58185","1","10/17/2013 12:00:00 AM"
"58186","1","10/17/2013 12:00:00 AM"
"58188","1","10/17/2013 12:00:00 AM"
"58188","10","10/17/2013 12:00:00 AM"
"58189","1","10/17/2013 12:00:00 AM"
"58189","2","10/17/2013 12:00:00 AM"
"58190","1","10/17/2013 12:00:00 AM"
"58190","2","10/17/2013 12:00:00 AM"
"58191","1","10/17/2013 12:00:00 AM"
"58192","2","10/18/2013 12:00:00 AM"
"58193","1","10/18/2013 12:00:00 AM"
"58194","1","10/18/2013 12:00:00 AM"
"58195","1","10/18/2013 12:00:00 AM"
"58197","1","10/18/2013 12:00:00 AM"
"58197","10","10/18/2013 12:00:00 AM"
"58198","1","10/18/2013 12:00:00 AM"
"58199","1","10/18/2013 12:00:00 AM"
"58199","10","10/18/2013 12:00:00 AM"
"58200","1","10/18/2013 12:00:00 AM"
"58201","1","10/18/2013 12:00:00 AM"
"58202","1","10/18/2013 12:00:00 AM"
"58202","10","10/18/2013 12:00:00 AM"
"58203","1","10/18/2013 12:00:00 AM"
"58204","1","10/18/2013 12:00:00 AM"
"58205","1","10/18/2013 12:00:00 AM"
"58206","1","10/18/2013 12:00:00 AM"
"58207","1","10/18/2013 12:00:00 AM"
"58208","1","10/18/2013 12:00:00 AM"
"58209","1","10/18/2013 12:00:00 AM"
"58210","1","10/18/2013 12:00:00 AM"
"58211","1","10/18/2013 12:00:00 AM"
"58212","1","10/18/2013 12:00:00 AM"
"58212","10","10/18/2013 12:00:00 AM"
"58213","1","10/18/2013 12:00:00 AM"
"58214","1","10/18/2013 12:00:00 AM"
"58215","1","10/18/2013 12:00:00 AM"
"58216","6","10/18/2013 12:00:00 AM"
"58217","1","10/18/2013 12:00:00 AM"
"58218","1","10/18/2013 12:00:00 AM"
"58219","1","10/18/2013 12:00:00 AM"
"58220","1","10/18/2013 12:00:00 AM"
"58220","10","10/18/2013 12:00:00 AM"
"58221","1","10/18/2013 12:00:00 AM"
"58222","1","10/18/2013 12:00:00 AM"
"58223","1","10/18/2013 12:00:00 AM"
"58224","1","10/18/2013 12:00:00 AM"
"58225","1","10/18/2013 12:00:00 AM"
"58226","1","10/18/2013 12:00:00 AM"
"58227","1","10/18/2013 12:00:00 AM"
"58228","1","10/18/2013 12:00:00 AM"
"58229","1","10/18/2013 12:00:00 AM"
"58230","1","10/18/2013 12:00:00 AM"
"58231","1","10/18/2013 12:00:00 AM"
"58232","1","10/18/2013 12:00:00 AM"
"58232","10","10/18/2013 12:00:00 AM"
"58233","1","10/18/2013 12:00:00 AM"
"58235","6","10/18/2013 12:00:00 AM"
"58236","1","10/18/2013 12:00:00 AM"
"58238","1","10/18/2013 12:00:00 AM"
"58239","6","10/18/2013 12:00:00 AM"
"58240","2","10/18/2013 12:00:00 AM"
"58241","1","10/18/2013 12:00:00 AM"
"58241","2","10/18/2013 12:00:00 AM"
"58242","1","10/18/2013 12:00:00 AM"
"58243","2","10/18/2013 12:00:00 AM"
"58245","1","10/18/2013 12:00:00 AM"
"58246","1","10/18/2013 12:00:00 AM"
"58247","1","10/18/2013 12:00:00 AM"
"58249","1","10/19/2013 12:00:00 AM"
"58250","2","10/19/2013 12:00:00 AM"
"58251","2","10/19/2013 12:00:00 AM"
"58252","1","10/19/2013 12:00:00 AM"
"58253","1","10/19/2013 12:00:00 AM"
"58254","1","10/19/2013 12:00:00 AM"
"58255","4","10/19/2013 12:00:00 AM"
"58256","1","10/19/2013 12:00:00 AM"
"58257","1","10/19/2013 12:00:00 AM"
"58258","1","10/19/2013 12:00:00 AM"
"58259","1","10/19/2013 12:00:00 AM"
"58260","1","10/19/2013 12:00:00 AM"
"58261","1","10/19/2013 12:00:00 AM"
"58262","1","10/19/2013 12:00:00 AM"
"58263","6","10/19/2013 12:00:00 AM"
"58264","1","10/19/2013 12:00:00 AM"
"58265","1","10/19/2013 12:00:00 AM"
"58266","1","10/19/2013 12:00:00 AM"
"58267","1","10/19/2013 12:00:00 AM"
"58268","1","10/19/2013 12:00:00 AM"
"58269","1","10/19/2013 12:00:00 AM"
"58270","1","10/19/2013 12:00:00 AM"
"58271","1","10/19/2013 12:00:00 AM"
"58272","1","10/19/2013 12:00:00 AM"
"58273","1","10/19/2013 12:00:00 AM"
"58275","1","10/19/2013 12:00:00 AM"
"58276","1","10/19/2013 12:00:00 AM"
"58277","1","10/19/2013 12:00:00 AM"
"58277","2","10/19/2013 12:00:00 AM"
"58278","2","10/19/2013 12:00:00 AM"
"58279","1","10/19/2013 12:00:00 AM"
"58280","1","10/19/2013 12:00:00 AM"
"58280","2","10/19/2013 12:00:00 AM"
"58281","1","10/19/2013 12:00:00 AM"
"58281","2","10/19/2013 12:00:00 AM"
"58282","1","10/19/2013 12:00:00 AM"
"58283","1","10/19/2013 12:00:00 AM"
"58286","1","10/19/2013 12:00:00 AM"
"58287","1","10/19/2013 12:00:00 AM"
"58288","1","10/20/2013 12:00:00 AM"
"58289","1","10/20/2013 12:00:00 AM"
"58290","1","10/20/2013 12:00:00 AM"
"58291","1","10/20/2013 12:00:00 AM"
"58292","1","10/20/2013 12:00:00 AM"
"58293","1","10/20/2013 12:00:00 AM"
"58294","1","10/20/2013 12:00:00 AM"
"58295","1","10/20/2013 12:00:00 AM"
"58296","1","10/20/2013 12:00:00 AM"
"58297","1","10/20/2013 12:00:00 AM"
"58298","4","10/20/2013 12:00:00 AM"
"58300","1","10/20/2013 12:00:00 AM"
"58301","1","10/20/2013 12:00:00 AM"
"58302","1","10/20/2013 12:00:00 AM"
"58302","10","10/20/2013 12:00:00 AM"
"58303","1","10/20/2013 12:00:00 AM"
"58304","1","10/20/2013 12:00:00 AM"
"58305","1","10/20/2013 12:00:00 AM"
"58306","4","10/20/2013 12:00:00 AM"
"58307","1","10/20/2013 12:00:00 AM"
"58308","1","10/20/2013 12:00:00 AM"
"58309","6","10/20/2013 12:00:00 AM"
"58310","1","10/20/2013 12:00:00 AM"
"58311","1","10/20/2013 12:00:00 AM"
"58312","1","10/20/2013 12:00:00 AM"
"58313","1","10/20/2013 12:00:00 AM"
"58313","10","10/20/2013 12:00:00 AM"
"58314","6","10/20/2013 12:00:00 AM"
"58315","1","10/20/2013 12:00:00 AM"
"58316","1","10/20/2013 12:00:00 AM"
"58317","1","10/20/2013 12:00:00 AM"
"58318","1","10/20/2013 12:00:00 AM"
"58319","1","10/20/2013 12:00:00 AM"
"58320","1","10/20/2013 12:00:00 AM"
"58321","1","10/20/2013 12:00:00 AM"
"58322","1","10/20/2013 12:00:00 AM"
"58323","1","10/20/2013 12:00:00 AM"
"58324","1","10/20/2013 12:00:00 AM"
"58325","4","10/20/2013 12:00:00 AM"
"58326","1","10/20/2013 12:00:00 AM"
"58326","10","10/20/2013 12:00:00 AM"
"58327","1","10/20/2013 12:00:00 AM"
"58328","1","10/20/2013 12:00:00 AM"
"58329","1","10/20/2013 12:00:00 AM"
"58332","6","10/20/2013 12:00:00 AM"
"58333","1","10/20/2013 12:00:00 AM"
"58334","1","10/20/2013 12:00:00 AM"
"58336","6","10/20/2013 12:00:00 AM"
"58338","1","10/20/2013 12:00:00 AM"
"58339","1","10/20/2013 12:00:00 AM"
"58339","2","10/20/2013 12:00:00 AM"
"58340","2","10/20/2013 12:00:00 AM"
"58344","1","10/20/2013 12:00:00 AM"
"58344","2","10/20/2013 12:00:00 AM"
"58346","1","10/20/2013 12:00:00 AM"
"58346","2","10/20/2013 12:00:00 AM"
"58348","1","10/20/2013 12:00:00 AM"
"58349","1","10/20/2013 12:00:00 AM"
"58349","2","10/20/2013 12:00:00 AM"
"58354","1","10/21/2013 12:00:00 AM"
"58354","10","10/21/2013 12:00:00 AM"
"58355","6","10/21/2013 12:00:00 AM"
"58356","1","10/21/2013 12:00:00 AM"
"58357","1","10/21/2013 12:00:00 AM"
"58358","6","10/21/2013 12:00:00 AM"
"58359","6","10/21/2013 12:00:00 AM"
"58360","1","10/21/2013 12:00:00 AM"
"58360","2","10/21/2013 12:00:00 AM"
"58361","1","10/21/2013 12:00:00 AM"
"58361","2","10/21/2013 12:00:00 AM"
"58362","1","10/21/2013 12:00:00 AM"
"58363","1","10/21/2013 12:00:00 AM"
"58364","1","10/21/2013 12:00:00 AM"
"58365","1","10/21/2013 12:00:00 AM"
"58366","1","10/21/2013 12:00:00 AM"
"58367","1","10/21/2013 12:00:00 AM"
"58368","1","10/21/2013 12:00:00 AM"
"58369","4","10/21/2013 12:00:00 AM"
"58369","10","10/21/2013 12:00:00 AM"
"58370","1","10/21/2013 12:00:00 AM"
"58371","1","10/21/2013 12:00:00 AM"
"58372","1","10/21/2013 12:00:00 AM"
"58373","1","10/21/2013 12:00:00 AM"
"58374","1","10/21/2013 12:00:00 AM"
"58375","1","10/21/2013 12:00:00 AM"
"58376","6","10/21/2013 12:00:00 AM"
"58377","1","10/21/2013 12:00:00 AM"
"58378","6","10/21/2013 12:00:00 AM"
"58379","1","10/21/2013 12:00:00 AM"
"58380","1","10/21/2013 12:00:00 AM"
"58381","1","10/21/2013 12:00:00 AM"
"58382","1","10/21/2013 12:00:00 AM"
"58383","1","10/21/2013 12:00:00 AM"
"58384","1","10/21/2013 12:00:00 AM"
"58385","1","10/21/2013 12:00:00 AM"
"58386","1","10/21/2013 12:00:00 AM"
"58386","10","10/21/2013 12:00:00 AM"
"58387","1","10/21/2013 12:00:00 AM"
"58388","1","10/21/2013 12:00:00 AM"
"58389","1","10/21/2013 12:00:00 AM"
"58390","1","10/21/2013 12:00:00 AM"
"58391","1","10/21/2013 12:00:00 AM"
"58392","2","10/21/2013 12:00:00 AM"
"58393","1","10/21/2013 12:00:00 AM"
"58394","2","10/21/2013 12:00:00 AM"
"58395","1","10/21/2013 12:00:00 AM"
"58395","2","10/21/2013 12:00:00 AM"
"58396","1","10/21/2013 12:00:00 AM"
"58397","2","10/21/2013 12:00:00 AM"
"58398","1","10/21/2013 12:00:00 AM"
"58399","1","10/21/2013 12:00:00 AM"
"58400","1","10/21/2013 12:00:00 AM"
"58401","1","10/21/2013 12:00:00 AM"
"58402","1","10/21/2013 12:00:00 AM"
"58402","2","10/21/2013 12:00:00 AM"
"58404","1","10/21/2013 12:00:00 AM"
"58404","2","10/21/2013 12:00:00 AM"
"58405","6","10/21/2013 12:00:00 AM"
"58406","1","10/21/2013 12:00:00 AM"
"58407","1","10/21/2013 12:00:00 AM"
"58407","2","10/21/2013 12:00:00 AM"
"58408","1","10/21/2013 12:00:00 AM"
"58408","2","10/21/2013 12:00:00 AM"
"58409","1","10/21/2013 12:00:00 AM"
"58409","2","10/21/2013 12:00:00 AM"
"58411","1","10/21/2013 12:00:00 AM"
"58413","1","10/21/2013 12:00:00 AM"
"58414","1","10/21/2013 12:00:00 AM"
"58415","1","10/22/2013 12:00:00 AM"
"58415","2","10/22/2013 12:00:00 AM"
"58416","1","10/22/2013 12:00:00 AM"
"58417","1","10/22/2013 12:00:00 AM"
"58417","10","10/22/2013 12:00:00 AM"
"58418","4","10/22/2013 12:00:00 AM"
"58419","1","10/22/2013 12:00:00 AM"
"58420","1","10/22/2013 12:00:00 AM"
"58421","1","10/22/2013 12:00:00 AM"
"58422","1","10/22/2013 12:00:00 AM"
"58422","10","10/22/2013 12:00:00 AM"
"58423","6","10/22/2013 12:00:00 AM"
"58424","1","10/22/2013 12:00:00 AM"
"58425","1","10/22/2013 12:00:00 AM"
"58425","10","10/22/2013 12:00:00 AM"
"58426","1","10/22/2013 12:00:00 AM"
"58427","1","10/22/2013 12:00:00 AM"
"58428","1","10/22/2013 12:00:00 AM"
"58429","1","10/22/2013 12:00:00 AM"
"58430","1","10/22/2013 12:00:00 AM"
"58431","1","10/22/2013 12:00:00 AM"
"58432","1","10/22/2013 12:00:00 AM"
"58432","10","10/22/2013 12:00:00 AM"
"58433","1","10/22/2013 12:00:00 AM"
"58434","1","10/22/2013 12:00:00 AM"
"58435","1","10/22/2013 12:00:00 AM"
"58435","10","10/22/2013 12:00:00 AM"
"58436","1","10/22/2013 12:00:00 AM"
"58437","1","10/22/2013 12:00:00 AM"
"58438","1","10/22/2013 12:00:00 AM"
"58439","1","10/22/2013 12:00:00 AM"
"58440","1","10/22/2013 12:00:00 AM"
"58441","1","10/22/2013 12:00:00 AM"
"58442","1","10/22/2013 12:00:00 AM"
"58443","1","10/22/2013 12:00:00 AM"
"58444","1","10/22/2013 12:00:00 AM"
"58445","1","10/22/2013 12:00:00 AM"
"58446","4","10/22/2013 12:00:00 AM"
"58447","4","10/22/2013 12:00:00 AM"
"58448","4","10/22/2013 12:00:00 AM"
"58449","1","10/22/2013 12:00:00 AM"
"58450","1","10/22/2013 12:00:00 AM"
"58450","10","10/22/2013 12:00:00 AM"
"58451","6","10/22/2013 12:00:00 AM"
"58452","1","10/22/2013 12:00:00 AM"
"58453","6","10/22/2013 12:00:00 AM"
"58454","6","10/22/2013 12:00:00 AM"
"58455","1","10/22/2013 12:00:00 AM"
"58455","2","10/22/2013 12:00:00 AM"
"58456","1","10/22/2013 12:00:00 AM"
"58458","2","10/22/2013 12:00:00 AM"
"58459","1","10/22/2013 12:00:00 AM"
"58460","2","10/22/2013 12:00:00 AM"
"58461","1","10/22/2013 12:00:00 AM"
"58461","2","10/22/2013 12:00:00 AM"
"58463","1","10/22/2013 12:00:00 AM"
"58463","2","10/22/2013 12:00:00 AM"
"58465","5","10/22/2013 12:00:00 AM"
"58468","1","10/22/2013 12:00:00 AM"
"58468","10","10/22/2013 12:00:00 AM"
"58469","1","10/23/2013 12:00:00 AM"
"58470","1","10/23/2013 12:00:00 AM"
"58471","1","10/23/2013 12:00:00 AM"
"58472","1","10/23/2013 12:00:00 AM"
"58472","2","10/23/2013 12:00:00 AM"
"58473","1","10/23/2013 12:00:00 AM"
"58474","1","10/23/2013 12:00:00 AM"
"58474","2","10/23/2013 12:00:00 AM"
"58475","1","10/23/2013 12:00:00 AM"
"58475","10","10/23/2013 12:00:00 AM"
"58476","1","10/23/2013 12:00:00 AM"
"58477","1","10/23/2013 12:00:00 AM"
"58478","1","10/23/2013 12:00:00 AM"
"58479","1","10/23/2013 12:00:00 AM"
"58480","1","10/23/2013 12:00:00 AM"
"58481","1","10/23/2013 12:00:00 AM"
"58482","4","10/23/2013 12:00:00 AM"
"58484","1","10/23/2013 12:00:00 AM"
"58485","1","10/23/2013 12:00:00 AM"
"58486","1","10/23/2013 12:00:00 AM"
"58487","1","10/23/2013 12:00:00 AM"
"58488","1","10/23/2013 12:00:00 AM"
"58489","4","10/23/2013 12:00:00 AM"
"58490","1","10/23/2013 12:00:00 AM"
"58491","1","10/23/2013 12:00:00 AM"
"58492","1","10/23/2013 12:00:00 AM"
"58493","1","10/23/2013 12:00:00 AM"
"58494","1","10/23/2013 12:00:00 AM"
"58495","1","10/23/2013 12:00:00 AM"
"58496","1","10/23/2013 12:00:00 AM"
"58496","10","10/23/2013 12:00:00 AM"
"58497","1","10/23/2013 12:00:00 AM"
"58498","1","10/23/2013 12:00:00 AM"
"58499","4","10/23/2013 12:00:00 AM"
"58500","1","10/23/2013 12:00:00 AM"
"58501","1","10/23/2013 12:00:00 AM"
"58502","1","10/23/2013 12:00:00 AM"
"58503","6","10/23/2013 12:00:00 AM"
"58504","1","10/23/2013 12:00:00 AM"
"58505","1","10/23/2013 12:00:00 AM"
"58506","1","10/23/2013 12:00:00 AM"
"58507","1","10/23/2013 12:00:00 AM"
"58508","4","10/23/2013 12:00:00 AM"
"58509","1","10/23/2013 12:00:00 AM"
"58510","1","10/23/2013 12:00:00 AM"
"58511","1","10/23/2013 12:00:00 AM"
"58512","1","10/23/2013 12:00:00 AM"
"58513","1","10/23/2013 12:00:00 AM"
"58514","1","10/23/2013 12:00:00 AM"
"58515","4","10/23/2013 12:00:00 AM"
"58516","1","10/23/2013 12:00:00 AM"
"58517","1","10/23/2013 12:00:00 AM"
"58519","6","10/23/2013 12:00:00 AM"
"58520","1","10/23/2013 12:00:00 AM"
"58520","2","10/23/2013 12:00:00 AM"
"58521","1","10/23/2013 12:00:00 AM"
"58521","2","10/23/2013 12:00:00 AM"
"58522","1","10/23/2013 12:00:00 AM"
"58524","1","10/23/2013 12:00:00 AM"
"58525","1","10/23/2013 12:00:00 AM"
"58526","1","10/23/2013 12:00:00 AM"
"58526","2","10/23/2013 12:00:00 AM"
"58527","1","10/23/2013 12:00:00 AM"
"58528","1","10/23/2013 12:00:00 AM"
"58529","1","10/23/2013 12:00:00 AM"
"58531","2","10/23/2013 12:00:00 AM"
"58532","1","10/23/2013 12:00:00 AM"
"58533","1","10/23/2013 12:00:00 AM"
"58533","2","10/23/2013 12:00:00 AM"
"58535","1","10/23/2013 12:00:00 AM"
"58536","1","10/23/2013 12:00:00 AM"
"58537","1","10/23/2013 12:00:00 AM"
"58537","2","10/23/2013 12:00:00 AM"
"58538","1","10/23/2013 12:00:00 AM"
"58539","1","10/23/2013 12:00:00 AM"
"58543","2","10/24/2013 12:00:00 AM"
"58544","1","10/24/2013 12:00:00 AM"
"58545","4","10/24/2013 12:00:00 AM"
"58546","1","10/24/2013 12:00:00 AM"
"58546","10","10/24/2013 12:00:00 AM"
"58547","1","10/24/2013 12:00:00 AM"
"58549","1","10/24/2013 12:00:00 AM"
"58550","1","10/24/2013 12:00:00 AM"
"58551","1","10/24/2013 12:00:00 AM"
"58552","1","10/24/2013 12:00:00 AM"
"58553","1","10/24/2013 12:00:00 AM"
"58554","1","10/24/2013 12:00:00 AM"
"58555","1","10/24/2013 12:00:00 AM"
"58556","1","10/24/2013 12:00:00 AM"
"58557","1","10/24/2013 12:00:00 AM"
"58558","4","10/24/2013 12:00:00 AM"
"58559","1","10/24/2013 12:00:00 AM"
"58560","1","10/24/2013 12:00:00 AM"
"58561","1","10/24/2013 12:00:00 AM"
"58562","1","10/24/2013 12:00:00 AM"
"58563","1","10/24/2013 12:00:00 AM"
"58564","1","10/24/2013 12:00:00 AM"
"58565","1","10/24/2013 12:00:00 AM"
"58566","1","10/24/2013 12:00:00 AM"
"58566","10","10/24/2013 12:00:00 AM"
"58567","1","10/24/2013 12:00:00 AM"
"58569","1","10/24/2013 12:00:00 AM"
"58569","2","10/24/2013 12:00:00 AM"
"58570","1","10/24/2013 12:00:00 AM"
"58570","2","10/24/2013 12:00:00 AM"
"58571","2","10/24/2013 12:00:00 AM"
"58572","1","10/24/2013 12:00:00 AM"
"58573","1","10/24/2013 12:00:00 AM"
"58574","2","10/24/2013 12:00:00 AM"
"58575","1","10/24/2013 12:00:00 AM"
"58576","1","10/24/2013 12:00:00 AM"
"58576","2","10/24/2013 12:00:00 AM"
"58577","1","10/24/2013 12:00:00 AM"
"58578","1","10/24/2013 12:00:00 AM"
"58579","1","10/24/2013 12:00:00 AM"
"58579","2","10/24/2013 12:00:00 AM"
"58581","1","10/24/2013 12:00:00 AM"
"58581","2","10/24/2013 12:00:00 AM"
"58581","10","10/24/2013 12:00:00 AM"
"58582","1","10/24/2013 12:00:00 AM"
"58583","1","10/24/2013 12:00:00 AM"
"58585","1","10/25/2013 12:00:00 AM"
"58586","1","10/25/2013 12:00:00 AM"
"58587","1","10/25/2013 12:00:00 AM"
"58588","1","10/25/2013 12:00:00 AM"
"58589","4","10/25/2013 12:00:00 AM"
"58590","1","10/25/2013 12:00:00 AM"
"58591","1","10/25/2013 12:00:00 AM"
"58592","1","10/25/2013 12:00:00 AM"
"58593","1","10/25/2013 12:00:00 AM"
"58594","1","10/25/2013 12:00:00 AM"
"58595","1","10/25/2013 12:00:00 AM"
"58595","10","10/25/2013 12:00:00 AM"
"58596","1","10/25/2013 12:00:00 AM"
"58597","4","10/25/2013 12:00:00 AM"
"58598","1","10/25/2013 12:00:00 AM"
"58599","6","10/25/2013 12:00:00 AM"
"58600","1","10/25/2013 12:00:00 AM"
"58601","1","10/25/2013 12:00:00 AM"
"58602","4","10/25/2013 12:00:00 AM"
"58602","10","10/25/2013 12:00:00 AM"
"58603","1","10/25/2013 12:00:00 AM"
"58603","10","10/25/2013 12:00:00 AM"
"58604","1","10/25/2013 12:00:00 AM"
"58605","1","10/25/2013 12:00:00 AM"
"58605","10","10/25/2013 12:00:00 AM"
"58606","1","10/25/2013 12:00:00 AM"
"58607","1","10/25/2013 12:00:00 AM"
"58608","1","10/25/2013 12:00:00 AM"
"58609","6","10/25/2013 12:00:00 AM"
"58610","1","10/25/2013 12:00:00 AM"
"58611","1","10/25/2013 12:00:00 AM"
"58612","1","10/25/2013 12:00:00 AM"
"58613","1","10/25/2013 12:00:00 AM"
"58614","1","10/25/2013 12:00:00 AM"
"58615","1","10/25/2013 12:00:00 AM"
"58616","1","10/25/2013 12:00:00 AM"
"58617","1","10/25/2013 12:00:00 AM"
"58618","1","10/25/2013 12:00:00 AM"
"58619","1","10/25/2013 12:00:00 AM"
"58620","1","10/25/2013 12:00:00 AM"
"58620","10","10/25/2013 12:00:00 AM"
"58621","1","10/25/2013 12:00:00 AM"
"58622","1","10/25/2013 12:00:00 AM"
"58623","1","10/25/2013 12:00:00 AM"
"58624","1","10/25/2013 12:00:00 AM"
"58625","1","10/25/2013 12:00:00 AM"
"58626","1","10/25/2013 12:00:00 AM"
"58628","1","10/25/2013 12:00:00 AM"
"58628","2","10/25/2013 12:00:00 AM"
"58629","5","10/25/2013 12:00:00 AM"
"58630","1","10/25/2013 12:00:00 AM"
"58631","1","10/25/2013 12:00:00 AM"
"58634","5","10/25/2013 12:00:00 AM"
"58635","1","10/25/2013 12:00:00 AM"
"58635","2","10/25/2013 12:00:00 AM"
"58635","10","10/25/2013 12:00:00 AM"
"58636","1","10/25/2013 12:00:00 AM"
"58636","2","10/25/2013 12:00:00 AM"
"58636","10","10/25/2013 12:00:00 AM"
"58637","1","10/25/2013 12:00:00 AM"
"58639","1","10/25/2013 12:00:00 AM"
"58639","2","10/25/2013 12:00:00 AM"
"58640","1","10/26/2013 12:00:00 AM"
"58640","2","10/26/2013 12:00:00 AM"
"58641","1","10/26/2013 12:00:00 AM"
"58642","1","10/26/2013 12:00:00 AM"
"58643","1","10/26/2013 12:00:00 AM"
"58644","4","10/26/2013 12:00:00 AM"
"58645","1","10/26/2013 12:00:00 AM"
"58645","10","10/26/2013 12:00:00 AM"
"58646","1","10/26/2013 12:00:00 AM"
"58647","1","10/26/2013 12:00:00 AM"
"58647","2","10/26/2013 12:00:00 AM"
"58648","1","10/26/2013 12:00:00 AM"
"58649","1","10/26/2013 12:00:00 AM"
"58650","1","10/26/2013 12:00:00 AM"
"58651","1","10/26/2013 12:00:00 AM"
"58652","1","10/26/2013 12:00:00 AM"
"58653","1","10/26/2013 12:00:00 AM"
"58654","1","10/26/2013 12:00:00 AM"
"58655","4","10/26/2013 12:00:00 AM"
"58656","1","10/26/2013 12:00:00 AM"
"58657","1","10/26/2013 12:00:00 AM"
"58658","1","10/26/2013 12:00:00 AM"
"58659","1","10/26/2013 12:00:00 AM"
"58660","1","10/26/2013 12:00:00 AM"
"58661","1","10/26/2013 12:00:00 AM"
"58662","6","10/26/2013 12:00:00 AM"
"58663","1","10/26/2013 12:00:00 AM"
"58664","1","10/26/2013 12:00:00 AM"
"58665","1","10/26/2013 12:00:00 AM"
"58666","1","10/26/2013 12:00:00 AM"
"58667","1","10/26/2013 12:00:00 AM"
"58668","1","10/26/2013 12:00:00 AM"
"58669","1","10/26/2013 12:00:00 AM"
"58670","1","10/26/2013 12:00:00 AM"
"58671","1","10/26/2013 12:00:00 AM"
"58671","10","10/26/2013 12:00:00 AM"
"58672","1","10/26/2013 12:00:00 AM"
"58673","1","10/26/2013 12:00:00 AM"
"58674","1","10/26/2013 12:00:00 AM"
"58675","1","10/26/2013 12:00:00 AM"
"58676","1","10/26/2013 12:00:00 AM"
"58677","1","10/26/2013 12:00:00 AM"
"58678","1","10/26/2013 12:00:00 AM"
"58679","1","10/26/2013 12:00:00 AM"
"58680","1","10/26/2013 12:00:00 AM"
"58681","1","10/26/2013 12:00:00 AM"
"58681","2","10/26/2013 12:00:00 AM"
"58682","1","10/26/2013 12:00:00 AM"
"58684","1","10/26/2013 12:00:00 AM"
"58686","1","10/26/2013 12:00:00 AM"
"58687","1","10/26/2013 12:00:00 AM"
"58688","1","10/26/2013 12:00:00 AM"
"58689","2","10/26/2013 12:00:00 AM"
"58690","1","10/26/2013 12:00:00 AM"
"58690","2","10/26/2013 12:00:00 AM"
"58691","1","10/26/2013 12:00:00 AM"
"58693","1","10/26/2013 12:00:00 AM"
"58695","1","10/26/2013 12:00:00 AM"
"58695","2","10/26/2013 12:00:00 AM"
"58696","1","10/26/2013 12:00:00 AM"
"58697","1","10/26/2013 12:00:00 AM"
"58698","1","10/26/2013 12:00:00 AM"
"58698","2","10/26/2013 12:00:00 AM"
"58699","1","10/26/2013 12:00:00 AM"
"58700","1","10/26/2013 12:00:00 AM"
"58700","2","10/26/2013 12:00:00 AM"
"58701","1","10/26/2013 12:00:00 AM"
"58703","1","10/27/2013 12:00:00 AM"
"58704","1","10/27/2013 12:00:00 AM"
"58705","1","10/27/2013 12:00:00 AM"
"58707","1","10/27/2013 12:00:00 AM"
"58708","4","10/27/2013 12:00:00 AM"
"58709","6","10/27/2013 12:00:00 AM"
"58710","1","10/27/2013 12:00:00 AM"
"58710","10","10/27/2013 12:00:00 AM"
"58711","1","10/27/2013 12:00:00 AM"
"58712","1","10/27/2013 12:00:00 AM"
"58713","1","10/27/2013 12:00:00 AM"
"58715","1","10/27/2013 12:00:00 AM"
"58716","1","10/27/2013 12:00:00 AM"
"58717","1","10/27/2013 12:00:00 AM"
"58718","4","10/27/2013 12:00:00 AM"
"58718","10","10/27/2013 12:00:00 AM"
"58719","2","10/27/2013 12:00:00 AM"
"58720","1","10/27/2013 12:00:00 AM"
"58721","1","10/27/2013 12:00:00 AM"
"58722","1","10/27/2013 12:00:00 AM"
"58723","1","10/27/2013 12:00:00 AM"
"58724","1","10/27/2013 12:00:00 AM"
"58725","1","10/27/2013 12:00:00 AM"
"58726","1","10/27/2013 12:00:00 AM"
"58727","1","10/27/2013 12:00:00 AM"
"58728","1","10/27/2013 12:00:00 AM"
"58729","1","10/27/2013 12:00:00 AM"
"58730","1","10/27/2013 12:00:00 AM"
"58731","1","10/27/2013 12:00:00 AM"
"58732","1","10/27/2013 12:00:00 AM"
"58733","1","10/27/2013 12:00:00 AM"
"58734","1","10/27/2013 12:00:00 AM"
"58735","1","10/27/2013 12:00:00 AM"
"58736","1","10/27/2013 12:00:00 AM"
"58737","1","10/27/2013 12:00:00 AM"
"58738","1","10/27/2013 12:00:00 AM"
"58739","1","10/27/2013 12:00:00 AM"
"58740","1","10/27/2013 12:00:00 AM"
"58741","1","10/27/2013 12:00:00 AM"
"58741","10","10/27/2013 12:00:00 AM"
"58742","1","10/27/2013 12:00:00 AM"
"58742","10","10/27/2013 12:00:00 AM"
"58743","1","10/27/2013 12:00:00 AM"
"58744","1","10/27/2013 12:00:00 AM"
"58745","1","10/27/2013 12:00:00 AM"
"58746","1","10/27/2013 12:00:00 AM"
"58747","1","10/27/2013 12:00:00 AM"
"58748","1","10/27/2013 12:00:00 AM"
"58749","1","10/27/2013 12:00:00 AM"
"58750","1","10/27/2013 12:00:00 AM"
"58751","1","10/27/2013 12:00:00 AM"
"58752","1","10/27/2013 12:00:00 AM"
"58752","10","10/27/2013 12:00:00 AM"
"58753","1","10/27/2013 12:00:00 AM"
"58754","2","10/27/2013 12:00:00 AM"
"58755","6","10/27/2013 12:00:00 AM"
"58756","1","10/27/2013 12:00:00 AM"
"58757","1","10/27/2013 12:00:00 AM"
"58758","1","10/27/2013 12:00:00 AM"
"58759","1","10/27/2013 12:00:00 AM"
"58760","1","10/27/2013 12:00:00 AM"
"58760","2","10/27/2013 12:00:00 AM"
"58761","1","10/27/2013 12:00:00 AM"
"58762","1","10/27/2013 12:00:00 AM"
"58762","10","10/27/2013 12:00:00 AM"
"58768","2","10/27/2013 12:00:00 AM"
"58771","1","10/27/2013 12:00:00 AM"
"58771","2","10/27/2013 12:00:00 AM"
"58772","1","10/27/2013 12:00:00 AM"
"58772","2","10/27/2013 12:00:00 AM"
"58774","1","10/27/2013 12:00:00 AM"
"58776","1","10/27/2013 12:00:00 AM"
"58776","2","10/27/2013 12:00:00 AM"
"58777","1","10/28/2013 12:00:00 AM"
"58777","10","10/28/2013 12:00:00 AM"
"58778","4","10/28/2013 12:00:00 AM"
"58779","1","10/28/2013 12:00:00 AM"
"58780","1","10/28/2013 12:00:00 AM"
"58781","1","10/28/2013 12:00:00 AM"
"58783","2","10/28/2013 12:00:00 AM"
"58784","1","10/28/2013 12:00:00 AM"
"58785","2","10/28/2013 12:00:00 AM"
"58786","1","10/28/2013 12:00:00 AM"
"58786","2","10/28/2013 12:00:00 AM"
"58787","1","10/28/2013 12:00:00 AM"
"58787","2","10/28/2013 12:00:00 AM"
"58789","1","10/28/2013 12:00:00 AM"
"58790","1","10/28/2013 12:00:00 AM"
"58791","1","10/28/2013 12:00:00 AM"
"58792","1","10/28/2013 12:00:00 AM"
"58793","1","10/28/2013 12:00:00 AM"
"58793","10","10/28/2013 12:00:00 AM"
"58794","1","10/28/2013 12:00:00 AM"
"58795","1","10/28/2013 12:00:00 AM"
"58796","1","10/28/2013 12:00:00 AM"
"58797","1","10/28/2013 12:00:00 AM"
"58798","1","10/28/2013 12:00:00 AM"
"58799","1","10/28/2013 12:00:00 AM"
"58800","1","10/28/2013 12:00:00 AM"
"58800","10","10/28/2013 12:00:00 AM"
"58801","1","10/28/2013 12:00:00 AM"
"58802","1","10/28/2013 12:00:00 AM"
"58802","10","10/28/2013 12:00:00 AM"
"58803","1","10/28/2013 12:00:00 AM"
"58804","1","10/28/2013 12:00:00 AM"
"58805","1","10/28/2013 12:00:00 AM"
"58806","1","10/28/2013 12:00:00 AM"
"58807","1","10/28/2013 12:00:00 AM"
"58808","4","10/28/2013 12:00:00 AM"
"58809","1","10/28/2013 12:00:00 AM"
"58810","6","10/28/2013 12:00:00 AM"
"58812","1","10/28/2013 12:00:00 AM"
"58813","1","10/28/2013 12:00:00 AM"
"58814","1","10/28/2013 12:00:00 AM"
"58815","1","10/28/2013 12:00:00 AM"
"58815","2","10/28/2013 12:00:00 AM"
"58816","1","10/28/2013 12:00:00 AM"
"58817","1","10/28/2013 12:00:00 AM"
"58818","1","10/28/2013 12:00:00 AM"
"58819","2","10/28/2013 12:00:00 AM"
"58822","1","10/28/2013 12:00:00 AM"
"58822","2","10/28/2013 12:00:00 AM"
"58822","10","10/28/2013 12:00:00 AM"
"58823","1","10/28/2013 12:00:00 AM"
"58826","1","10/28/2013 12:00:00 AM"
"58827","1","10/28/2013 12:00:00 AM"
"58828","1","10/28/2013 12:00:00 AM"
"58828","2","10/28/2013 12:00:00 AM"
"58828","10","10/28/2013 12:00:00 AM"
"58829","1","10/28/2013 12:00:00 AM"
"58831","1","10/28/2013 12:00:00 AM"
"58832","1","10/28/2013 12:00:00 AM"
"58832","2","10/28/2013 12:00:00 AM"
"58832","10","10/28/2013 12:00:00 AM"
"58833","1","10/28/2013 12:00:00 AM"
"58834","1","10/28/2013 12:00:00 AM"
"58834","2","10/28/2013 12:00:00 AM"
"58834","10","10/28/2013 12:00:00 AM"
"58835","1","10/28/2013 12:00:00 AM"
"58835","2","10/28/2013 12:00:00 AM"
"58835","10","10/28/2013 12:00:00 AM"
"58836","1","10/28/2013 12:00:00 AM"
"58837","1","10/28/2013 12:00:00 AM"
"58837","2","10/28/2013 12:00:00 AM"
"58838","1","10/28/2013 12:00:00 AM"
"58838","2","10/28/2013 12:00:00 AM"
"58839","2","10/29/2013 12:00:00 AM"
"58840","1","10/29/2013 12:00:00 AM"
"58841","1","10/29/2013 12:00:00 AM"
"58842","1","10/29/2013 12:00:00 AM"
"58843","1","10/29/2013 12:00:00 AM"
"58844","1","10/29/2013 12:00:00 AM"
"58844","2","10/29/2013 12:00:00 AM"
"58845","1","10/29/2013 12:00:00 AM"
"58845","10","10/29/2013 12:00:00 AM"
"58846","1","10/29/2013 12:00:00 AM"
"58847","1","10/29/2013 12:00:00 AM"
"58848","1","10/29/2013 12:00:00 AM"
"58849","1","10/29/2013 12:00:00 AM"
"58850","1","10/29/2013 12:00:00 AM"
"58851","1","10/29/2013 12:00:00 AM"
"58852","1","10/29/2013 12:00:00 AM"
"58853","1","10/29/2013 12:00:00 AM"
"58854","1","10/29/2013 12:00:00 AM"
"58855","1","10/29/2013 12:00:00 AM"
"58856","1","10/29/2013 12:00:00 AM"
"58856","10","10/29/2013 12:00:00 AM"
"58857","1","10/29/2013 12:00:00 AM"
"58858","1","10/29/2013 12:00:00 AM"
"58858","10","10/29/2013 12:00:00 AM"
"58859","1","10/29/2013 12:00:00 AM"
"58861","1","10/29/2013 12:00:00 AM"
"58863","1","10/29/2013 12:00:00 AM"
"58864","1","10/29/2013 12:00:00 AM"
"58865","1","10/29/2013 12:00:00 AM"
"58866","1","10/29/2013 12:00:00 AM"
"58867","1","10/29/2013 12:00:00 AM"
"58868","1","10/29/2013 12:00:00 AM"
"58869","6","10/29/2013 12:00:00 AM"
"58870","1","10/29/2013 12:00:00 AM"
"58871","1","10/29/2013 12:00:00 AM"
"58872","1","10/29/2013 12:00:00 AM"
"58873","1","10/29/2013 12:00:00 AM"
"58874","1","10/29/2013 12:00:00 AM"
"58875","1","10/29/2013 12:00:00 AM"
"58876","1","10/29/2013 12:00:00 AM"
"58877","1","10/29/2013 12:00:00 AM"
"58878","1","10/29/2013 12:00:00 AM"
"58879","1","10/29/2013 12:00:00 AM"
"58879","10","10/29/2013 12:00:00 AM"
"58880","4","10/29/2013 12:00:00 AM"
"58881","1","10/29/2013 12:00:00 AM"
"58882","6","10/29/2013 12:00:00 AM"
"58883","1","10/29/2013 12:00:00 AM"
"58884","1","10/29/2013 12:00:00 AM"
"58885","6","10/29/2013 12:00:00 AM"
"58886","1","10/29/2013 12:00:00 AM"
"58888","1","10/29/2013 12:00:00 AM"
"58888","2","10/29/2013 12:00:00 AM"
"58888","10","10/29/2013 12:00:00 AM"
"58889","2","10/29/2013 12:00:00 AM"
"58890","1","10/29/2013 12:00:00 AM"
"58891","1","10/29/2013 12:00:00 AM"
"58891","2","10/29/2013 12:00:00 AM"
"58893","2","10/29/2013 12:00:00 AM"
"58894","1","10/29/2013 12:00:00 AM"
"58899","1","10/29/2013 12:00:00 AM"
"58900","1","10/29/2013 12:00:00 AM"
"58900","2","10/29/2013 12:00:00 AM"
"59077","1","10/30/2013 12:00:00 AM"
"59077","2","10/30/2013 12:00:00 AM"
"59078","1","10/30/2013 12:00:00 AM"
"59078","2","10/30/2013 12:00:00 AM"
"59079","1","10/30/2013 12:00:00 AM"
"59079","2","10/30/2013 12:00:00 AM"
"59080","1","10/30/2013 12:00:00 AM"
"59081","1","10/30/2013 12:00:00 AM"
"59082","1","10/30/2013 12:00:00 AM"
"59083","1","10/30/2013 12:00:00 AM"
"59084","1","10/30/2013 12:00:00 AM"
"59085","1","10/30/2013 12:00:00 AM"
"59086","1","10/30/2013 12:00:00 AM"
"59086","2","10/30/2013 12:00:00 AM"
"59087","1","10/30/2013 12:00:00 AM"
"59088","1","10/30/2013 12:00:00 AM"
"59089","1","10/30/2013 12:00:00 AM"
"59090","4","10/30/2013 12:00:00 AM"
"59091","1","10/30/2013 12:00:00 AM"
"59092","1","10/30/2013 12:00:00 AM"
"59093","1","10/30/2013 12:00:00 AM"
"59094","1","10/30/2013 12:00:00 AM"
"59095","1","10/30/2013 12:00:00 AM"
"59096","1","10/30/2013 12:00:00 AM"
"59097","6","10/30/2013 12:00:00 AM"
"59098","1","10/30/2013 12:00:00 AM"
"59099","1","10/30/2013 12:00:00 AM"
"59100","1","10/30/2013 12:00:00 AM"
"59101","1","10/30/2013 12:00:00 AM"
"59102","1","10/30/2013 12:00:00 AM"
"59103","1","10/30/2013 12:00:00 AM"
"59104","1","10/30/2013 12:00:00 AM"
"59105","1","10/30/2013 12:00:00 AM"
"59105","10","10/30/2013 12:00:00 AM"
"59106","1","10/30/2013 12:00:00 AM"
"59107","1","10/30/2013 12:00:00 AM"
"59107","10","10/30/2013 12:00:00 AM"
"59108","1","10/30/2013 12:00:00 AM"
"59109","1","10/30/2013 12:00:00 AM"
"59110","1","10/30/2013 12:00:00 AM"
"59111","1","10/30/2013 12:00:00 AM"
"59111","10","10/30/2013 12:00:00 AM"
"59112","1","10/30/2013 12:00:00 AM"
"59113","1","10/30/2013 12:00:00 AM"
"59114","1","10/30/2013 12:00:00 AM"
"59114","2","10/30/2013 12:00:00 AM"
"59115","1","10/30/2013 12:00:00 AM"
"59116","1","10/30/2013 12:00:00 AM"
"59117","1","10/30/2013 12:00:00 AM"
"59120","1","10/30/2013 12:00:00 AM"
"59120","2","10/30/2013 12:00:00 AM"
"59121","2","10/30/2013 12:00:00 AM"
"59122","1","10/30/2013 12:00:00 AM"
"59123","1","10/30/2013 12:00:00 AM"
"59124","1","10/30/2013 12:00:00 AM"
"59124","2","10/30/2013 12:00:00 AM"
"59130","1","10/30/2013 12:00:00 AM"
"59132","1","10/30/2013 12:00:00 AM"
"59134","6","10/30/2013 12:00:00 AM"
"59135","1","10/30/2013 12:00:00 AM"
"59135","2","10/30/2013 12:00:00 AM"
"59138","1","10/30/2013 12:00:00 AM"
"59139","5","10/30/2013 12:00:00 AM"
"59140","1","10/30/2013 12:00:00 AM"
"59141","1","10/30/2013 12:00:00 AM"
"59141","2","10/30/2013 12:00:00 AM"
"59143","1","10/31/2013 12:00:00 AM"
"59144","1","10/31/2013 12:00:00 AM"
"59145","1","10/31/2013 12:00:00 AM"
"59145","10","10/31/2013 12:00:00 AM"
"59146","1","10/31/2013 12:00:00 AM"
"59147","1","10/31/2013 12:00:00 AM"
"59148","1","10/31/2013 12:00:00 AM"
"59149","1","10/31/2013 12:00:00 AM"
"59150","1","10/31/2013 12:00:00 AM"
"59151","2","10/31/2013 12:00:00 AM"
"59152","1","10/31/2013 12:00:00 AM"
"59153","1","10/31/2013 12:00:00 AM"
"59154","1","10/31/2013 12:00:00 AM"
"59155","1","10/31/2013 12:00:00 AM"
"59157","1","10/31/2013 12:00:00 AM"
"59158","1","10/31/2013 12:00:00 AM"
"59159","1","10/31/2013 12:00:00 AM"
"59160","1","10/31/2013 12:00:00 AM"
"59161","1","10/31/2013 12:00:00 AM"
"59162","1","10/31/2013 12:00:00 AM"
"59163","1","10/31/2013 12:00:00 AM"
"59164","1","10/31/2013 12:00:00 AM"
"59165","1","10/31/2013 12:00:00 AM"
"59166","1","10/31/2013 12:00:00 AM"
"59167","1","10/31/2013 12:00:00 AM"
"59168","1","10/31/2013 12:00:00 AM"
"59169","1","10/31/2013 12:00:00 AM"
"59170","1","10/31/2013 12:00:00 AM"
"59171","1","10/31/2013 12:00:00 AM"
"59172","1","10/31/2013 12:00:00 AM"
"59173","1","10/31/2013 12:00:00 AM"
"59174","1","10/31/2013 12:00:00 AM"
"59175","1","10/31/2013 12:00:00 AM"
"59176","1","10/31/2013 12:00:00 AM"
"59177","1","10/31/2013 12:00:00 AM"
"59178","1","10/31/2013 12:00:00 AM"
"59179","1","10/31/2013 12:00:00 AM"
"59180","1","10/31/2013 12:00:00 AM"
"59180","10","10/31/2013 12:00:00 AM"
"59181","1","10/31/2013 12:00:00 AM"
"59182","1","10/31/2013 12:00:00 AM"
"59183","1","10/31/2013 12:00:00 AM"
"59184","1","10/31/2013 12:00:00 AM"
"59185","1","10/31/2013 12:00:00 AM"
"59186","1","10/31/2013 12:00:00 AM"
"59186","2","10/31/2013 12:00:00 AM"
"59187","1","10/31/2013 12:00:00 AM"
"59187","2","10/31/2013 12:00:00 AM"
"59188","1","10/31/2013 12:00:00 AM"
"59189","1","10/31/2013 12:00:00 AM"
"59189","2","10/31/2013 12:00:00 AM"
"59190","1","10/31/2013 12:00:00 AM"
"59195","1","10/31/2013 12:00:00 AM"
"59195","2","10/31/2013 12:00:00 AM"
"59197","1","10/31/2013 12:00:00 AM"
"59197","2","10/31/2013 12:00:00 AM"
"59199","1","10/31/2013 12:00:00 AM"
"59201","6","10/31/2013 12:00:00 AM"
"59203","1","10/31/2013 12:00:00 AM"
"59203","2","10/31/2013 12:00:00 AM"
"59206","1","10/31/2013 12:00:00 AM"
"59206","10","10/31/2013 12:00:00 AM"
"59207","1","10/31/2013 12:00:00 AM"
"59207","2","10/31/2013 12:00:00 AM"
"59208","1","10/31/2013 12:00:00 AM"
"59208","2","10/31/2013 12:00:00 AM"
"59209","1","10/31/2013 12:00:00 AM"
"59210","1","11/1/2013 12:00:00 AM"
"59210","2","11/1/2013 12:00:00 AM"
"59211","1","11/1/2013 12:00:00 AM"
"59211","2","11/1/2013 12:00:00 AM"
"59212","1","11/1/2013 12:00:00 AM"
"59213","1","11/1/2013 12:00:00 AM"
"59214","1","11/1/2013 12:00:00 AM"
"59215","1","11/1/2013 12:00:00 AM"
"59216","1","11/1/2013 12:00:00 AM"
"59216","2","11/1/2013 12:00:00 AM"
"59217","1","11/1/2013 12:00:00 AM"
"59218","1","11/1/2013 12:00:00 AM"
"59218","2","11/1/2013 12:00:00 AM"
"59219","6","11/1/2013 12:00:00 AM"
"59220","4","11/1/2013 12:00:00 AM"
"59221","1","11/1/2013 12:00:00 AM"
"59222","1","11/1/2013 12:00:00 AM"
"59224","1","11/1/2013 12:00:00 AM"
"59224","10","11/1/2013 12:00:00 AM"
"59225","1","11/1/2013 12:00:00 AM"
"59226","1","11/1/2013 12:00:00 AM"
"59227","1","11/1/2013 12:00:00 AM"
"59228","1","11/1/2013 12:00:00 AM"
"59229","1","11/1/2013 12:00:00 AM"
"59230","1","11/1/2013 12:00:00 AM"
"59231","1","11/1/2013 12:00:00 AM"
"59231","10","11/1/2013 12:00:00 AM"
"59232","1","11/1/2013 12:00:00 AM"
"59233","1","11/1/2013 12:00:00 AM"
"59234","1","11/1/2013 12:00:00 AM"
"59235","1","11/1/2013 12:00:00 AM"
"59236","1","11/1/2013 12:00:00 AM"
"59237","1","11/1/2013 12:00:00 AM"
"59238","1","11/1/2013 12:00:00 AM"
"59239","1","11/1/2013 12:00:00 AM"
"59240","1","11/1/2013 12:00:00 AM"
"59241","6","11/1/2013 12:00:00 AM"
"59242","2","11/1/2013 12:00:00 AM"
"59243","1","11/1/2013 12:00:00 AM"
"59244","1","11/1/2013 12:00:00 AM"
"59244","10","11/1/2013 12:00:00 AM"
"59245","1","11/1/2013 12:00:00 AM"
"59246","1","11/1/2013 12:00:00 AM"
"59248","1","11/1/2013 12:00:00 AM"
"59248","2","11/1/2013 12:00:00 AM"
"59249","2","11/1/2013 12:00:00 AM"
"59250","1","11/1/2013 12:00:00 AM"
"59251","6","11/1/2013 12:00:00 AM"
"59253","1","11/1/2013 12:00:00 AM"
"59253","2","11/1/2013 12:00:00 AM"
"59255","1","11/1/2013 12:00:00 AM"
"59256","1","11/1/2013 12:00:00 AM"
"59257","2","11/1/2013 12:00:00 AM"
"59258","1","11/1/2013 12:00:00 AM"
"59258","2","11/1/2013 12:00:00 AM"
"59259","1","11/1/2013 12:00:00 AM"
"59261","1","11/1/2013 12:00:00 AM"
"59263","1","11/1/2013 12:00:00 AM"
"59264","1","11/1/2013 12:00:00 AM"
"59265","1","11/1/2013 12:00:00 AM"
"59265","10","11/1/2013 12:00:00 AM"
"59266","1","11/1/2013 12:00:00 AM"
"59267","1","11/1/2013 12:00:00 AM"
"59268","1","11/1/2013 12:00:00 AM"
"59269","1","11/1/2013 12:00:00 AM"
"59270","1","11/1/2013 12:00:00 AM"
"59270","2","11/1/2013 12:00:00 AM"
"59271","1","11/1/2013 12:00:00 AM"
"59272","1","11/2/2013 12:00:00 AM"
"59273","1","11/2/2013 12:00:00 AM"
"59273","2","11/2/2013 12:00:00 AM"
"59274","1","11/2/2013 12:00:00 AM"
"59275","1","11/2/2013 12:00:00 AM"
"59275","10","11/2/2013 12:00:00 AM"
"59276","1","11/2/2013 12:00:00 AM"
"59277","1","11/2/2013 12:00:00 AM"
"59278","4","11/2/2013 12:00:00 AM"
"59279","6","11/2/2013 12:00:00 AM"
"59280","4","11/2/2013 12:00:00 AM"
"59281","1","11/2/2013 12:00:00 AM"
"59282","1","11/2/2013 12:00:00 AM"
"59283","1","11/2/2013 12:00:00 AM"
"59283","2","11/2/2013 12:00:00 AM"
"59284","1","11/2/2013 12:00:00 AM"
"59284","2","11/2/2013 12:00:00 AM"
"59285","1","11/2/2013 12:00:00 AM"
"59286","1","11/2/2013 12:00:00 AM"
"59286","2","11/2/2013 12:00:00 AM"
"59287","1","11/2/2013 12:00:00 AM"
"59287","2","11/2/2013 12:00:00 AM"
"59288","1","11/2/2013 12:00:00 AM"
"59289","1","11/2/2013 12:00:00 AM"
"59290","1","11/2/2013 12:00:00 AM"
"59291","1","11/2/2013 12:00:00 AM"
"59292","1","11/2/2013 12:00:00 AM"
"59293","1","11/2/2013 12:00:00 AM"
"59294","1","11/2/2013 12:00:00 AM"
"59295","1","11/2/2013 12:00:00 AM"
"59296","1","11/2/2013 12:00:00 AM"
"59296","10","11/2/2013 12:00:00 AM"
"59297","1","11/2/2013 12:00:00 AM"
"59298","1","11/2/2013 12:00:00 AM"
"59299","1","11/2/2013 12:00:00 AM"
"59301","1","11/2/2013 12:00:00 AM"
"59302","1","11/2/2013 12:00:00 AM"
"59303","6","11/2/2013 12:00:00 AM"
"59304","1","11/2/2013 12:00:00 AM"
"59305","1","11/2/2013 12:00:00 AM"
"59306","1","11/2/2013 12:00:00 AM"
"59307","1","11/2/2013 12:00:00 AM"
"59308","1","11/2/2013 12:00:00 AM"
"59309","1","11/2/2013 12:00:00 AM"
"59310","1","11/2/2013 12:00:00 AM"
"59311","1","11/2/2013 12:00:00 AM"
"59312","4","11/2/2013 12:00:00 AM"
"59313","1","11/2/2013 12:00:00 AM"
"59314","1","11/2/2013 12:00:00 AM"
"59315","1","11/2/2013 12:00:00 AM"
"59316","1","11/2/2013 12:00:00 AM"
"59317","1","11/2/2013 12:00:00 AM"
"59318","1","11/2/2013 12:00:00 AM"
"59319","1","11/2/2013 12:00:00 AM"
"59320","1","11/2/2013 12:00:00 AM"
"59320","2","11/2/2013 12:00:00 AM"
"59321","2","11/2/2013 12:00:00 AM"
"59322","1","11/2/2013 12:00:00 AM"
"59323","2","11/2/2013 12:00:00 AM"
"59324","2","11/2/2013 12:00:00 AM"
"59328","1","11/2/2013 12:00:00 AM"
"59328","2","11/2/2013 12:00:00 AM"
"59329","1","11/2/2013 12:00:00 AM"
"59331","1","11/2/2013 12:00:00 AM"
"59331","2","11/2/2013 12:00:00 AM"
"59332","5","11/2/2013 12:00:00 AM"
"59334","2","11/2/2013 12:00:00 AM"
"59335","1","11/2/2013 12:00:00 AM"
"59337","1","11/2/2013 12:00:00 AM"
"59337","2","11/2/2013 12:00:00 AM"
"59338","1","11/2/2013 12:00:00 AM"
"59340","1","11/2/2013 12:00:00 AM"
"59341","1","11/2/2013 12:00:00 AM"
"59341","2","11/2/2013 12:00:00 AM"
"59341","10","11/2/2013 12:00:00 AM"
"59342","1","11/2/2013 12:00:00 AM"
"59342","2","11/2/2013 12:00:00 AM"
"59343","1","11/3/2013 12:00:00 AM"
"59344","6","11/3/2013 12:00:00 AM"
"59345","1","11/3/2013 12:00:00 AM"
"59346","1","11/3/2013 12:00:00 AM"
"59347","1","11/3/2013 12:00:00 AM"
"59348","1","11/3/2013 12:00:00 AM"
"59349","1","11/3/2013 12:00:00 AM"
"59350","1","11/3/2013 12:00:00 AM"
"59351","1","11/3/2013 12:00:00 AM"
"59352","1","11/3/2013 12:00:00 AM"
"59353","1","11/3/2013 12:00:00 AM"
"59354","1","11/3/2013 12:00:00 AM"
"59355","1","11/3/2013 12:00:00 AM"
"59356","1","11/3/2013 12:00:00 AM"
"59357","1","11/3/2013 12:00:00 AM"
"59358","1","11/3/2013 12:00:00 AM"
"59359","1","11/3/2013 12:00:00 AM"
"59360","1","11/3/2013 12:00:00 AM"
"59361","1","11/3/2013 12:00:00 AM"
"59362","1","11/3/2013 12:00:00 AM"
"59362","10","11/3/2013 12:00:00 AM"
"59363","1","11/3/2013 12:00:00 AM"
"59364","1","11/3/2013 12:00:00 AM"
"59365","1","11/3/2013 12:00:00 AM"
"59366","1","11/3/2013 12:00:00 AM"
"59367","1","11/3/2013 12:00:00 AM"
"59368","1","11/3/2013 12:00:00 AM"
"59369","1","11/3/2013 12:00:00 AM"
"59370","1","11/3/2013 12:00:00 AM"
"59371","1","11/3/2013 12:00:00 AM"
"59372","1","11/3/2013 12:00:00 AM"
"59373","1","11/3/2013 12:00:00 AM"
"59373","10","11/3/2013 12:00:00 AM"
"59374","1","11/3/2013 12:00:00 AM"
"59375","2","11/3/2013 12:00:00 AM"
"59376","1","11/3/2013 12:00:00 AM"
"59377","1","11/3/2013 12:00:00 AM"
"59377","2","11/3/2013 12:00:00 AM"
"59378","1","11/3/2013 12:00:00 AM"
"59380","1","11/3/2013 12:00:00 AM"
"59381","1","11/3/2013 12:00:00 AM"
"59382","1","11/3/2013 12:00:00 AM"
"59383","1","11/3/2013 12:00:00 AM"
"59383","2","11/3/2013 12:00:00 AM"
"59384","1","11/3/2013 12:00:00 AM"
"59385","1","11/3/2013 12:00:00 AM"
"59385","2","11/3/2013 12:00:00 AM"
"59386","1","11/3/2013 12:00:00 AM"
"59387","2","11/3/2013 12:00:00 AM"
"59388","6","11/3/2013 12:00:00 AM"
"59389","2","11/3/2013 12:00:00 AM"
"59390","1","11/3/2013 12:00:00 AM"
"59391","1","11/3/2013 12:00:00 AM"
"59391","2","11/3/2013 12:00:00 AM"
"59392","2","11/3/2013 12:00:00 AM"
"59393","1","11/3/2013 12:00:00 AM"
"59393","2","11/3/2013 12:00:00 AM"
"59394","1","11/3/2013 12:00:00 AM"
"59394","2","11/3/2013 12:00:00 AM"
"59396","1","11/3/2013 12:00:00 AM"
"59397","1","11/3/2013 12:00:00 AM"
"59397","2","11/3/2013 12:00:00 AM"
"59398","1","11/3/2013 12:00:00 AM"
"59399","1","11/3/2013 12:00:00 AM"
"59399","2","11/3/2013 12:00:00 AM"
"59400","1","11/3/2013 12:00:00 AM"
"59400","2","11/3/2013 12:00:00 AM"
"59400","10","11/3/2013 12:00:00 AM"
"59401","1","11/3/2013 12:00:00 AM"
"59405","1","11/3/2013 12:00:00 AM"
"59406","1","11/3/2013 12:00:00 AM"
"59406","2","11/3/2013 12:00:00 AM"
"59407","1","11/4/2013 12:00:00 AM"
"59408","1","11/4/2013 12:00:00 AM"
"59409","1","11/4/2013 12:00:00 AM"
"59410","1","11/4/2013 12:00:00 AM"
"59411","1","11/4/2013 12:00:00 AM"
"59412","1","11/4/2013 12:00:00 AM"
"59413","1","11/4/2013 12:00:00 AM"
"59414","1","11/4/2013 12:00:00 AM"
"59415","1","11/4/2013 12:00:00 AM"
"59416","6","11/4/2013 12:00:00 AM"
"59417","4","11/4/2013 12:00:00 AM"
"59418","1","11/4/2013 12:00:00 AM"
"59419","1","11/4/2013 12:00:00 AM"
"59420","1","11/4/2013 12:00:00 AM"
"59421","1","11/4/2013 12:00:00 AM"
"59422","1","11/4/2013 12:00:00 AM"
"59423","1","11/4/2013 12:00:00 AM"
"59424","1","11/4/2013 12:00:00 AM"
"59425","1","11/4/2013 12:00:00 AM"
"59426","1","11/4/2013 12:00:00 AM"
"59427","1","11/4/2013 12:00:00 AM"
"59427","10","11/4/2013 12:00:00 AM"
"59428","1","11/4/2013 12:00:00 AM"
"59429","4","11/4/2013 12:00:00 AM"
"59429","10","11/4/2013 12:00:00 AM"
"59430","1","11/4/2013 12:00:00 AM"
"59430","10","11/4/2013 12:00:00 AM"
"59431","1","11/4/2013 12:00:00 AM"
"59432","1","11/4/2013 12:00:00 AM"
"59433","6","11/4/2013 12:00:00 AM"
"59434","1","11/4/2013 12:00:00 AM"
"59435","1","11/4/2013 12:00:00 AM"
"59436","1","11/4/2013 12:00:00 AM"
"59436","10","11/4/2013 12:00:00 AM"
"59437","1","11/4/2013 12:00:00 AM"
"59438","1","11/4/2013 12:00:00 AM"
"59439","1","11/4/2013 12:00:00 AM"
"59440","1","11/4/2013 12:00:00 AM"
"59441","1","11/4/2013 12:00:00 AM"
"59442","1","11/4/2013 12:00:00 AM"
"59443","1","11/4/2013 12:00:00 AM"
"59444","1","11/4/2013 12:00:00 AM"
"59445","1","11/4/2013 12:00:00 AM"
"59445","10","11/4/2013 12:00:00 AM"
"59446","1","11/4/2013 12:00:00 AM"
"59447","1","11/4/2013 12:00:00 AM"
"59448","1","11/4/2013 12:00:00 AM"
"59449","1","11/4/2013 12:00:00 AM"
"59450","6","11/4/2013 12:00:00 AM"
"59451","1","11/4/2013 12:00:00 AM"
"59451","2","11/4/2013 12:00:00 AM"
"59452","1","11/4/2013 12:00:00 AM"
"59453","1","11/4/2013 12:00:00 AM"
"59454","1","11/4/2013 12:00:00 AM"
"59454","2","11/4/2013 12:00:00 AM"
"59455","1","11/4/2013 12:00:00 AM"
"59458","6","11/4/2013 12:00:00 AM"
"59459","1","11/4/2013 12:00:00 AM"
"59460","1","11/4/2013 12:00:00 AM"
"59463","1","11/4/2013 12:00:00 AM"
"59465","5","11/4/2013 12:00:00 AM"
"59466","2","11/4/2013 12:00:00 AM"
"59467","2","11/4/2013 12:00:00 AM"
"59468","1","11/4/2013 12:00:00 AM"
"59469","2","11/4/2013 12:00:00 AM"
"59470","1","11/4/2013 12:00:00 AM"
"59472","1","11/4/2013 12:00:00 AM"
"59472","2","11/4/2013 12:00:00 AM"
"59473","1","11/4/2013 12:00:00 AM"
"59473","2","11/4/2013 12:00:00 AM"
"59474","5","11/4/2013 12:00:00 AM"
"59475","1","11/4/2013 12:00:00 AM"
"59476","1","11/4/2013 12:00:00 AM"
"59476","2","11/4/2013 12:00:00 AM"
"59477","1","11/4/2013 12:00:00 AM"
"59479","1","11/4/2013 12:00:00 AM"
"59481","1","11/4/2013 12:00:00 AM"
"59482","1","11/4/2013 12:00:00 AM"
"59483","1","11/4/2013 12:00:00 AM"
"59484","1","11/4/2013 12:00:00 AM"
"59486","1","11/4/2013 12:00:00 AM"
"59487","1","11/4/2013 12:00:00 AM"
"59488","1","11/5/2013 12:00:00 AM"
"59489","1","11/5/2013 12:00:00 AM"
"59489","2","11/5/2013 12:00:00 AM"
"59490","1","11/5/2013 12:00:00 AM"
"59491","1","11/5/2013 12:00:00 AM"
"59492","1","11/5/2013 12:00:00 AM"
"59493","1","11/5/2013 12:00:00 AM"
"59494","1","11/5/2013 12:00:00 AM"
"59496","6","11/5/2013 12:00:00 AM"
"59497","6","11/5/2013 12:00:00 AM"
"59498","1","11/5/2013 12:00:00 AM"
"59499","1","11/5/2013 12:00:00 AM"
"59500","1","11/5/2013 12:00:00 AM"
"59501","1","11/5/2013 12:00:00 AM"
"59502","6","11/5/2013 12:00:00 AM"
"59503","6","11/5/2013 12:00:00 AM"
"59504","1","11/5/2013 12:00:00 AM"
"59505","2","11/5/2013 12:00:00 AM"
"59506","1","11/5/2013 12:00:00 AM"
"59507","1","11/5/2013 12:00:00 AM"
"59507","2","11/5/2013 12:00:00 AM"
"59508","1","11/5/2013 12:00:00 AM"
"59509","1","11/5/2013 12:00:00 AM"
"59510","1","11/5/2013 12:00:00 AM"
"59511","1","11/5/2013 12:00:00 AM"
"59512","1","11/5/2013 12:00:00 AM"
"59513","1","11/5/2013 12:00:00 AM"
"59514","1","11/5/2013 12:00:00 AM"
"59515","1","11/5/2013 12:00:00 AM"
"59516","1","11/5/2013 12:00:00 AM"
"59517","1","11/5/2013 12:00:00 AM"
"59518","1","11/5/2013 12:00:00 AM"
"59519","1","11/5/2013 12:00:00 AM"
"59520","1","11/5/2013 12:00:00 AM"
"59521","1","11/5/2013 12:00:00 AM"
"59521","10","11/5/2013 12:00:00 AM"
"59522","6","11/5/2013 12:00:00 AM"
"59523","1","11/5/2013 12:00:00 AM"
"59524","1","11/5/2013 12:00:00 AM"
"59525","1","11/5/2013 12:00:00 AM"
"59526","1","11/5/2013 12:00:00 AM"
"59527","1","11/5/2013 12:00:00 AM"
"59528","1","11/5/2013 12:00:00 AM"
"59529","1","11/5/2013 12:00:00 AM"
"59530","1","11/5/2013 12:00:00 AM"
"59531","1","11/5/2013 12:00:00 AM"
"59532","1","11/5/2013 12:00:00 AM"
"59533","1","11/5/2013 12:00:00 AM"
"59534","1","11/5/2013 12:00:00 AM"
"59535","1","11/5/2013 12:00:00 AM"
"59536","4","11/5/2013 12:00:00 AM"
"59537","1","11/5/2013 12:00:00 AM"
"59538","1","11/5/2013 12:00:00 AM"
"59539","1","11/5/2013 12:00:00 AM"
"59540","1","11/5/2013 12:00:00 AM"
"59541","6","11/5/2013 12:00:00 AM"
"59542","5","11/5/2013 12:00:00 AM"
"59543","1","11/5/2013 12:00:00 AM"
"59543","2","11/5/2013 12:00:00 AM"
"59544","2","11/5/2013 12:00:00 AM"
"59545","1","11/5/2013 12:00:00 AM"
"59545","2","11/5/2013 12:00:00 AM"
"59546","1","11/5/2013 12:00:00 AM"
"59546","2","11/5/2013 12:00:00 AM"
"59547","1","11/5/2013 12:00:00 AM"
"59548","1","11/5/2013 12:00:00 AM"
"59549","1","11/5/2013 12:00:00 AM"
"59550","6","11/5/2013 12:00:00 AM"
"59551","2","11/5/2013 12:00:00 AM"
"59552","6","11/5/2013 12:00:00 AM"
"59553","1","11/5/2013 12:00:00 AM"
"59554","1","11/5/2013 12:00:00 AM"
"59555","1","11/5/2013 12:00:00 AM"
"59556","1","11/5/2013 12:00:00 AM"
"59558","1","11/5/2013 12:00:00 AM"
"59558","2","11/5/2013 12:00:00 AM"
"59560","1","11/5/2013 12:00:00 AM"
"59561","1","11/5/2013 12:00:00 AM"
"59562","1","11/5/2013 12:00:00 AM"
"59562","2","11/5/2013 12:00:00 AM"
"59563","1","11/5/2013 12:00:00 AM"
"59564","1","11/5/2013 12:00:00 AM"
"59565","1","11/5/2013 12:00:00 AM"
"59566","1","11/5/2013 12:00:00 AM"
"59568","1","11/5/2013 12:00:00 AM"
"59568","2","11/5/2013 12:00:00 AM"
"59569","1","11/5/2013 12:00:00 AM"
"59571","1","11/5/2013 12:00:00 AM"
"59572","1","11/5/2013 12:00:00 AM"
"59573","1","11/5/2013 12:00:00 AM"
"59574","1","11/5/2013 12:00:00 AM"
"59575","1","11/5/2013 12:00:00 AM"
"59576","1","11/5/2013 12:00:00 AM"
"59579","1","11/6/2013 12:00:00 AM"
"59579","2","11/6/2013 12:00:00 AM"
"59580","2","11/6/2013 12:00:00 AM"
"59581","1","11/6/2013 12:00:00 AM"
"59581","10","11/6/2013 12:00:00 AM"
"59582","4","11/6/2013 12:00:00 AM"
"59583","1","11/6/2013 12:00:00 AM"
"59584","1","11/6/2013 12:00:00 AM"
"59585","1","11/6/2013 12:00:00 AM"
"59586","1","11/6/2013 12:00:00 AM"
"59587","1","11/6/2013 12:00:00 AM"
"59588","4","11/6/2013 12:00:00 AM"
"59589","6","11/6/2013 12:00:00 AM"
"59590","1","11/6/2013 12:00:00 AM"
"59591","1","11/6/2013 12:00:00 AM"
"59592","1","11/6/2013 12:00:00 AM"
"59593","1","11/6/2013 12:00:00 AM"
"59594","4","11/6/2013 12:00:00 AM"
"59595","1","11/6/2013 12:00:00 AM"
"59596","1","11/6/2013 12:00:00 AM"
"59597","1","11/6/2013 12:00:00 AM"
"59598","1","11/6/2013 12:00:00 AM"
"59599","1","11/6/2013 12:00:00 AM"
"59599","10","11/6/2013 12:00:00 AM"
"59600","1","11/6/2013 12:00:00 AM"
"59601","1","11/6/2013 12:00:00 AM"
"59602","1","11/6/2013 12:00:00 AM"
"59603","1","11/6/2013 12:00:00 AM"
"59604","1","11/6/2013 12:00:00 AM"
"59605","1","11/6/2013 12:00:00 AM"
"59606","1","11/6/2013 12:00:00 AM"
"59607","1","11/6/2013 12:00:00 AM"
"59608","1","11/6/2013 12:00:00 AM"
"59609","1","11/6/2013 12:00:00 AM"
"59610","1","11/6/2013 12:00:00 AM"
"59611","1","11/6/2013 12:00:00 AM"
"59612","4","11/6/2013 12:00:00 AM"
"59613","1","11/6/2013 12:00:00 AM"
"59614","1","11/6/2013 12:00:00 AM"
"59614","10","11/6/2013 12:00:00 AM"
"59615","4","11/6/2013 12:00:00 AM"
"59616","1","11/6/2013 12:00:00 AM"
"59617","1","11/6/2013 12:00:00 AM"
"59618","1","11/6/2013 12:00:00 AM"
"59619","1","11/6/2013 12:00:00 AM"
"59620","1","11/6/2013 12:00:00 AM"
"59621","1","11/6/2013 12:00:00 AM"
"59622","1","11/6/2013 12:00:00 AM"
"59623","1","11/6/2013 12:00:00 AM"
"59624","1","11/6/2013 12:00:00 AM"
"59625","1","11/6/2013 12:00:00 AM"
"59626","2","11/6/2013 12:00:00 AM"
"59627","1","11/6/2013 12:00:00 AM"
"59628","2","11/6/2013 12:00:00 AM"
"59630","1","11/6/2013 12:00:00 AM"
"59630","2","11/6/2013 12:00:00 AM"
"59631","1","11/6/2013 12:00:00 AM"
"59633","1","11/6/2013 12:00:00 AM"
"59633","2","11/6/2013 12:00:00 AM"
"59634","1","11/6/2013 12:00:00 AM"
"59635","1","11/6/2013 12:00:00 AM"
"59635","2","11/6/2013 12:00:00 AM"
"59635","10","11/6/2013 12:00:00 AM"
"59637","1","11/6/2013 12:00:00 AM"
"59638","1","11/6/2013 12:00:00 AM"
"59638","2","11/6/2013 12:00:00 AM"
"59639","1","11/6/2013 12:00:00 AM"
"59640","1","11/6/2013 12:00:00 AM"
"59640","2","11/6/2013 12:00:00 AM"
"59640","10","11/6/2013 12:00:00 AM"
"59641","1","11/6/2013 12:00:00 AM"
"59641","2","11/6/2013 12:00:00 AM"
"59643","1","11/6/2013 12:00:00 AM"
"59644","1","11/6/2013 12:00:00 AM"
"59646","1","11/6/2013 12:00:00 AM"
"59646","2","11/6/2013 12:00:00 AM"
"59648","1","11/7/2013 12:00:00 AM"
"59649","1","11/7/2013 12:00:00 AM"
"59650","1","11/7/2013 12:00:00 AM"
"59652","1","11/7/2013 12:00:00 AM"
"59653","1","11/7/2013 12:00:00 AM"
"59654","1","11/7/2013 12:00:00 AM"
"59655","1","11/7/2013 12:00:00 AM"
"59656","1","11/7/2013 12:00:00 AM"
"59657","1","11/7/2013 12:00:00 AM"
"59658","1","11/7/2013 12:00:00 AM"
"59659","1","11/7/2013 12:00:00 AM"
"59660","1","11/7/2013 12:00:00 AM"
"59661","1","11/7/2013 12:00:00 AM"
"59662","1","11/7/2013 12:00:00 AM"
"59662","10","11/7/2013 12:00:00 AM"
"59663","1","11/7/2013 12:00:00 AM"
"59664","1","11/7/2013 12:00:00 AM"
"59665","1","11/7/2013 12:00:00 AM"
"59666","1","11/7/2013 12:00:00 AM"
"59667","1","11/7/2013 12:00:00 AM"
"59668","1","11/7/2013 12:00:00 AM"
"59669","1","11/7/2013 12:00:00 AM"
"59670","1","11/7/2013 12:00:00 AM"
"59671","6","11/7/2013 12:00:00 AM"
"59672","1","11/7/2013 12:00:00 AM"
"59673","1","11/7/2013 12:00:00 AM"
"59674","1","11/7/2013 12:00:00 AM"
"59675","1","11/7/2013 12:00:00 AM"
"59676","1","11/7/2013 12:00:00 AM"
"59677","1","11/7/2013 12:00:00 AM"
"59677","10","11/7/2013 12:00:00 AM"
"59678","1","11/7/2013 12:00:00 AM"
"59679","1","11/7/2013 12:00:00 AM"
"59680","1","11/7/2013 12:00:00 AM"
"59681","1","11/7/2013 12:00:00 AM"
"59682","4","11/7/2013 12:00:00 AM"
"59683","1","11/7/2013 12:00:00 AM"
"59684","1","11/7/2013 12:00:00 AM"
"59685","2","11/7/2013 12:00:00 AM"
"59686","1","11/7/2013 12:00:00 AM"
"59687","6","11/7/2013 12:00:00 AM"
"59688","1","11/7/2013 12:00:00 AM"
"59688","2","11/7/2013 12:00:00 AM"
"59690","2","11/7/2013 12:00:00 AM"
"59691","1","11/7/2013 12:00:00 AM"
"59692","2","11/7/2013 12:00:00 AM"
"59695","1","11/7/2013 12:00:00 AM"
"59697","1","11/7/2013 12:00:00 AM"
"59698","5","11/7/2013 12:00:00 AM"
"59699","1","11/7/2013 12:00:00 AM"
"59700","1","11/7/2013 12:00:00 AM"
"59702","1","11/7/2013 12:00:00 AM"
"59704","1","11/7/2013 12:00:00 AM"
"59705","1","11/7/2013 12:00:00 AM"
"59706","1","11/7/2013 12:00:00 AM"
"59707","1","11/7/2013 12:00:00 AM"
"59707","2","11/7/2013 12:00:00 AM"
"59708","1","11/7/2013 12:00:00 AM"
"59709","1","11/8/2013 12:00:00 AM"
"59710","1","11/8/2013 12:00:00 AM"
"59710","10","11/8/2013 12:00:00 AM"
"59711","1","11/8/2013 12:00:00 AM"
"59712","1","11/8/2013 12:00:00 AM"
"59713","1","11/8/2013 12:00:00 AM"
"59714","1","11/8/2013 12:00:00 AM"
"59716","1","11/8/2013 12:00:00 AM"
"59717","1","11/8/2013 12:00:00 AM"
"59719","1","11/8/2013 12:00:00 AM"
"59720","4","11/8/2013 12:00:00 AM"
"59721","1","11/8/2013 12:00:00 AM"
"59721","10","11/8/2013 12:00:00 AM"
"59722","4","11/8/2013 12:00:00 AM"
"59723","1","11/8/2013 12:00:00 AM"
"59724","1","11/8/2013 12:00:00 AM"
"59724","10","11/8/2013 12:00:00 AM"
"59725","1","11/8/2013 12:00:00 AM"
"59726","1","11/8/2013 12:00:00 AM"
"59727","1","11/8/2013 12:00:00 AM"
"59728","1","11/8/2013 12:00:00 AM"
"59729","1","11/8/2013 12:00:00 AM"
"59730","6","11/8/2013 12:00:00 AM"
"59731","1","11/8/2013 12:00:00 AM"
"59732","6","11/8/2013 12:00:00 AM"
"59733","1","11/8/2013 12:00:00 AM"
"59734","1","11/8/2013 12:00:00 AM"
"59735","1","11/8/2013 12:00:00 AM"
"59736","1","11/8/2013 12:00:00 AM"
"59737","1","11/8/2013 12:00:00 AM"
"59738","1","11/8/2013 12:00:00 AM"
"59739","1","11/8/2013 12:00:00 AM"
"59739","10","11/8/2013 12:00:00 AM"
"59740","1","11/8/2013 12:00:00 AM"
"59741","1","11/8/2013 12:00:00 AM"
"59742","1","11/8/2013 12:00:00 AM"
"59743","1","11/8/2013 12:00:00 AM"
"59744","1","11/8/2013 12:00:00 AM"
"59745","1","11/8/2013 12:00:00 AM"
"59746","1","11/8/2013 12:00:00 AM"
"59746","2","11/8/2013 12:00:00 AM"
"59747","1","11/8/2013 12:00:00 AM"
"59748","1","11/8/2013 12:00:00 AM"
"59749","1","11/8/2013 12:00:00 AM"
"59750","2","11/8/2013 12:00:00 AM"
"59753","1","11/8/2013 12:00:00 AM"
"59754","1","11/8/2013 12:00:00 AM"
"59754","2","11/8/2013 12:00:00 AM"
"59755","1","11/8/2013 12:00:00 AM"
"59755","2","11/8/2013 12:00:00 AM"
"59756","1","11/8/2013 12:00:00 AM"
"59756","2","11/8/2013 12:00:00 AM"
"59758","1","11/8/2013 12:00:00 AM"
"59759","2","11/8/2013 12:00:00 AM"
"59761","2","11/9/2013 12:00:00 AM"
"59762","1","11/9/2013 12:00:00 AM"
"59763","1","11/9/2013 12:00:00 AM"
"59764","1","11/9/2013 12:00:00 AM"
"59766","1","11/9/2013 12:00:00 AM"
"59767","1","11/9/2013 12:00:00 AM"
"59768","1","11/9/2013 12:00:00 AM"
"59769","1","11/9/2013 12:00:00 AM"
"59770","1","11/9/2013 12:00:00 AM"
"59771","1","11/9/2013 12:00:00 AM"
"59772","1","11/9/2013 12:00:00 AM"
"59773","1","11/9/2013 12:00:00 AM"
"59774","1","11/9/2013 12:00:00 AM"
"59775","1","11/9/2013 12:00:00 AM"
"59776","1","11/9/2013 12:00:00 AM"
"59777","1","11/9/2013 12:00:00 AM"
"59778","1","11/9/2013 12:00:00 AM"
"59779","1","11/9/2013 12:00:00 AM"
"59780","1","11/9/2013 12:00:00 AM"
"59781","1","11/9/2013 12:00:00 AM"
"59782","1","11/9/2013 12:00:00 AM"
"59783","1","11/9/2013 12:00:00 AM"
"59784","1","11/9/2013 12:00:00 AM"
"59785","1","11/9/2013 12:00:00 AM"
"59786","1","11/9/2013 12:00:00 AM"
"59787","1","11/9/2013 12:00:00 AM"
"59788","1","11/9/2013 12:00:00 AM"
"59789","1","11/9/2013 12:00:00 AM"
"59790","1","11/9/2013 12:00:00 AM"
"59791","1","11/9/2013 12:00:00 AM"
"59792","1","11/9/2013 12:00:00 AM"
"59793","1","11/9/2013 12:00:00 AM"
"59794","1","11/9/2013 12:00:00 AM"
"59794","10","11/9/2013 12:00:00 AM"
"59795","1","11/9/2013 12:00:00 AM"
"59796","1","11/9/2013 12:00:00 AM"
"59797","1","11/9/2013 12:00:00 AM"
"59798","1","11/9/2013 12:00:00 AM"
"59799","1","11/9/2013 12:00:00 AM"
"59799","2","11/9/2013 12:00:00 AM"
"59800","2","11/9/2013 12:00:00 AM"
"59802","2","11/9/2013 12:00:00 AM"
"59803","1","11/9/2013 12:00:00 AM"
"59804","1","11/9/2013 12:00:00 AM"
"59804","2","11/9/2013 12:00:00 AM"
"59805","1","11/9/2013 12:00:00 AM"
"59806","1","11/9/2013 12:00:00 AM"
"59807","1","11/9/2013 12:00:00 AM"
"59808","1","11/9/2013 12:00:00 AM"
"59808","2","11/9/2013 12:00:00 AM"
"59810","1","11/9/2013 12:00:00 AM"
"59811","2","11/9/2013 12:00:00 AM"
"59812","1","11/9/2013 12:00:00 AM"
"59813","2","11/9/2013 12:00:00 AM"
"59815","1","11/9/2013 12:00:00 AM"
"59816","1","11/9/2013 12:00:00 AM"
"59817","1","11/9/2013 12:00:00 AM"
"59817","2","11/9/2013 12:00:00 AM"
"59819","1","11/9/2013 12:00:00 AM"
"59822","1","11/9/2013 12:00:00 AM"
"59823","5","11/9/2013 12:00:00 AM"
"59824","5","11/9/2013 12:00:00 AM"
"59825","1","11/9/2013 12:00:00 AM"
"59825","2","11/9/2013 12:00:00 AM"
"59825","10","11/9/2013 12:00:00 AM"
"59826","1","11/9/2013 12:00:00 AM"
"59827","1","11/9/2013 12:00:00 AM"
"59827","2","11/9/2013 12:00:00 AM"
"59828","1","11/9/2013 12:00:00 AM"
"59828","2","11/9/2013 12:00:00 AM"
"59829","1","11/9/2013 12:00:00 AM"
"59830","1","11/9/2013 12:00:00 AM"
"59830","2","11/9/2013 12:00:00 AM"
"59831","1","11/9/2013 12:00:00 AM"
"59832","1","11/10/2013 12:00:00 AM"
"59832","2","11/10/2013 12:00:00 AM"
"59834","2","11/10/2013 12:00:00 AM"
"59835","1","11/10/2013 12:00:00 AM"
"59836","1","11/10/2013 12:00:00 AM"
"59836","2","11/10/2013 12:00:00 AM"
"59837","1","11/10/2013 12:00:00 AM"
"59837","2","11/10/2013 12:00:00 AM"
"59838","1","11/10/2013 12:00:00 AM"
"59839","1","11/10/2013 12:00:00 AM"
"59840","1","11/10/2013 12:00:00 AM"
"59841","1","11/10/2013 12:00:00 AM"
"59841","10","11/10/2013 12:00:00 AM"
"59842","1","11/10/2013 12:00:00 AM"
"59844","1","11/10/2013 12:00:00 AM"
"59845","1","11/10/2013 12:00:00 AM"
"59846","1","11/10/2013 12:00:00 AM"
"59847","1","11/10/2013 12:00:00 AM"
"59848","1","11/10/2013 12:00:00 AM"
"59849","1","11/10/2013 12:00:00 AM"
"59850","1","11/10/2013 12:00:00 AM"
"59851","1","11/10/2013 12:00:00 AM"
"59852","6","11/10/2013 12:00:00 AM"
"59853","1","11/10/2013 12:00:00 AM"
"59854","1","11/10/2013 12:00:00 AM"
"59855","1","11/10/2013 12:00:00 AM"
"59856","1","11/10/2013 12:00:00 AM"
"59856","10","11/10/2013 12:00:00 AM"
"59857","1","11/10/2013 12:00:00 AM"
"59858","1","11/10/2013 12:00:00 AM"
"59859","1","11/10/2013 12:00:00 AM"
"59859","10","11/10/2013 12:00:00 AM"
"59860","1","11/10/2013 12:00:00 AM"
"59861","1","11/10/2013 12:00:00 AM"
"59862","1","11/10/2013 12:00:00 AM"
"59863","1","11/10/2013 12:00:00 AM"
"59865","1","11/10/2013 12:00:00 AM"
"59866","1","11/10/2013 12:00:00 AM"
"59867","1","11/10/2013 12:00:00 AM"
"59868","1","11/10/2013 12:00:00 AM"
"59869","4","11/10/2013 12:00:00 AM"
"59870","1","11/10/2013 12:00:00 AM"
"59871","1","11/10/2013 12:00:00 AM"
"59872","6","11/10/2013 12:00:00 AM"
"59873","2","11/10/2013 12:00:00 AM"
"59874","1","11/10/2013 12:00:00 AM"
"59875","1","11/10/2013 12:00:00 AM"
"59876","1","11/10/2013 12:00:00 AM"
"59877","1","11/10/2013 12:00:00 AM"
"59877","2","11/10/2013 12:00:00 AM"
"59878","1","11/10/2013 12:00:00 AM"
"59879","1","11/10/2013 12:00:00 AM"
"59880","1","11/10/2013 12:00:00 AM"
"59881","1","11/10/2013 12:00:00 AM"
"59882","6","11/10/2013 12:00:00 AM"
"59883","6","11/10/2013 12:00:00 AM"
"59884","1","11/10/2013 12:00:00 AM"
"59886","1","11/10/2013 12:00:00 AM"
"59887","1","11/10/2013 12:00:00 AM"
"59890","1","11/10/2013 12:00:00 AM"
"59890","2","11/10/2013 12:00:00 AM"
"59891","1","11/10/2013 12:00:00 AM"
"59891","2","11/10/2013 12:00:00 AM"
"59893","1","11/10/2013 12:00:00 AM"
"59894","1","11/10/2013 12:00:00 AM"
"59895","1","11/10/2013 12:00:00 AM"
"59898","1","11/10/2013 12:00:00 AM"
"59899","1","11/10/2013 12:00:00 AM"
"59899","2","11/10/2013 12:00:00 AM"
"59901","2","11/10/2013 12:00:00 AM"
"59902","1","11/10/2013 12:00:00 AM"
"59903","1","11/10/2013 12:00:00 AM"
"59904","1","11/11/2013 12:00:00 AM"
"59904","2","11/11/2013 12:00:00 AM"
"59905","1","11/11/2013 12:00:00 AM"
"59906","1","11/11/2013 12:00:00 AM"
"59907","1","11/11/2013 12:00:00 AM"
"59908","1","11/11/2013 12:00:00 AM"
"59909","4","11/11/2013 12:00:00 AM"
"59910","1","11/11/2013 12:00:00 AM"
"59911","1","11/11/2013 12:00:00 AM"
"59912","1","11/11/2013 12:00:00 AM"
"59913","1","11/11/2013 12:00:00 AM"
"59914","1","11/11/2013 12:00:00 AM"
"59915","1","11/11/2013 12:00:00 AM"
"59916","1","11/11/2013 12:00:00 AM"
"59916","10","11/11/2013 12:00:00 AM"
"59917","4","11/11/2013 12:00:00 AM"
"59918","4","11/11/2013 12:00:00 AM"
"59919","1","11/11/2013 12:00:00 AM"
"59920","4","11/11/2013 12:00:00 AM"
"59921","6","11/11/2013 12:00:00 AM"
"59922","1","11/11/2013 12:00:00 AM"
"59923","4","11/11/2013 12:00:00 AM"
"59924","4","11/11/2013 12:00:00 AM"
"59925","1","11/11/2013 12:00:00 AM"
"59926","1","11/11/2013 12:00:00 AM"
"59927","1","11/11/2013 12:00:00 AM"
"59928","1","11/11/2013 12:00:00 AM"
"59929","1","11/11/2013 12:00:00 AM"
"59930","1","11/11/2013 12:00:00 AM"
"59930","10","11/11/2013 12:00:00 AM"
"59931","1","11/11/2013 12:00:00 AM"
"59932","1","11/11/2013 12:00:00 AM"
"59933","1","11/11/2013 12:00:00 AM"
"59934","1","11/11/2013 12:00:00 AM"
"59935","1","11/11/2013 12:00:00 AM"
"59936","1","11/11/2013 12:00:00 AM"
"59936","10","11/11/2013 12:00:00 AM"
"59937","1","11/11/2013 12:00:00 AM"
"59938","1","11/11/2013 12:00:00 AM"
"59939","1","11/11/2013 12:00:00 AM"
"59940","1","11/11/2013 12:00:00 AM"
"59941","1","11/11/2013 12:00:00 AM"
"59942","1","11/11/2013 12:00:00 AM"
"59943","1","11/11/2013 12:00:00 AM"
"59944","1","11/11/2013 12:00:00 AM"
"59945","1","11/11/2013 12:00:00 AM"
"59946","1","11/11/2013 12:00:00 AM"
"59947","1","11/11/2013 12:00:00 AM"
"59948","1","11/11/2013 12:00:00 AM"
"59949","1","11/11/2013 12:00:00 AM"
"59950","1","11/11/2013 12:00:00 AM"
"59950","2","11/11/2013 12:00:00 AM"
"59951","2","11/11/2013 12:00:00 AM"
"59952","2","11/11/2013 12:00:00 AM"
"59953","1","11/11/2013 12:00:00 AM"
"59954","1","11/11/2013 12:00:00 AM"
"59955","1","11/11/2013 12:00:00 AM"
"59956","1","11/11/2013 12:00:00 AM"
"59957","2","11/11/2013 12:00:00 AM"
"59958","1","11/11/2013 12:00:00 AM"
"59959","2","11/11/2013 12:00:00 AM"
"59960","1","11/11/2013 12:00:00 AM"
"59961","1","11/11/2013 12:00:00 AM"
"59961","2","11/11/2013 12:00:00 AM"
"59963","1","11/11/2013 12:00:00 AM"
"59965","1","11/11/2013 12:00:00 AM"
"59966","1","11/11/2013 12:00:00 AM"
"59967","5","11/11/2013 12:00:00 AM"
"59968","1","11/11/2013 12:00:00 AM"
"59969","1","11/11/2013 12:00:00 AM"
"59969","2","11/11/2013 12:00:00 AM"
"59970","1","11/11/2013 12:00:00 AM"
"59970","2","11/11/2013 12:00:00 AM"
"59970","10","11/11/2013 12:00:00 AM"
"59971","6","11/11/2013 12:00:00 AM"
"59973","1","11/11/2013 12:00:00 AM"
"59977","1","11/11/2013 12:00:00 AM"
"59977","2","11/11/2013 12:00:00 AM"
"59977","10","11/11/2013 12:00:00 AM"
"59978","1","11/11/2013 12:00:00 AM"
"59978","2","11/11/2013 12:00:00 AM"
"59978","10","11/11/2013 12:00:00 AM"
"59979","1","11/11/2013 12:00:00 AM"
"59980","1","11/11/2013 12:00:00 AM"
"59980","2","11/11/2013 12:00:00 AM"
"59981","1","11/11/2013 12:00:00 AM"
"59982","1","11/11/2013 12:00:00 AM"
"59982","2","11/11/2013 12:00:00 AM"
"59983","2","11/12/2013 12:00:00 AM"
"59984","1","11/12/2013 12:00:00 AM"
"59985","2","11/12/2013 12:00:00 AM"
"59986","1","11/12/2013 12:00:00 AM"
"59987","1","11/12/2013 12:00:00 AM"
"59987","2","11/12/2013 12:00:00 AM"
"59988","1","11/12/2013 12:00:00 AM"
"59989","1","11/12/2013 12:00:00 AM"
"59990","1","11/12/2013 12:00:00 AM"
"59990","10","11/12/2013 12:00:00 AM"
"59992","1","11/12/2013 12:00:00 AM"
"59993","1","11/12/2013 12:00:00 AM"
"59994","2","11/12/2013 12:00:00 AM"
"59995","1","11/12/2013 12:00:00 AM"
"59996","1","11/12/2013 12:00:00 AM"
"59997","1","11/12/2013 12:00:00 AM"
"59998","1","11/12/2013 12:00:00 AM"
"59999","4","11/12/2013 12:00:00 AM"
"60000","1","11/12/2013 12:00:00 AM"
"60001","1","11/12/2013 12:00:00 AM"
"60002","4","11/12/2013 12:00:00 AM"
"60003","1","11/12/2013 12:00:00 AM"
"60004","1","11/12/2013 12:00:00 AM"
"60005","1","11/12/2013 12:00:00 AM"
"60006","1","11/12/2013 12:00:00 AM"
"60007","1","11/12/2013 12:00:00 AM"
"60008","1","11/12/2013 12:00:00 AM"
"60009","1","11/12/2013 12:00:00 AM"
"60010","1","11/12/2013 12:00:00 AM"
"60011","1","11/12/2013 12:00:00 AM"
"60011","10","11/12/2013 12:00:00 AM"
"60012","1","11/12/2013 12:00:00 AM"
"60013","1","11/12/2013 12:00:00 AM"
"60014","1","11/12/2013 12:00:00 AM"
"60015","1","11/12/2013 12:00:00 AM"
"60016","1","11/12/2013 12:00:00 AM"
"60017","1","11/12/2013 12:00:00 AM"
"60018","1","11/12/2013 12:00:00 AM"
"60019","1","11/12/2013 12:00:00 AM"
"60022","1","11/12/2013 12:00:00 AM"
"60023","2","11/12/2013 12:00:00 AM"
"60024","1","11/12/2013 12:00:00 AM"
"60025","6","11/12/2013 12:00:00 AM"
"60026","1","11/12/2013 12:00:00 AM"
"60027","2","11/12/2013 12:00:00 AM"
"60028","5","11/12/2013 12:00:00 AM"
"60029","1","11/12/2013 12:00:00 AM"
"60031","1","11/12/2013 12:00:00 AM"
"60033","1","11/12/2013 12:00:00 AM"
"60034","1","11/12/2013 12:00:00 AM"
"60035","1","11/12/2013 12:00:00 AM"
"60036","6","11/12/2013 12:00:00 AM"
"60037","1","11/12/2013 12:00:00 AM"
"60038","1","11/12/2013 12:00:00 AM"
"60039","1","11/12/2013 12:00:00 AM"
"60040","1","11/12/2013 12:00:00 AM"
"60041","1","11/12/2013 12:00:00 AM"
"60043","1","11/12/2013 12:00:00 AM"
"60043","2","11/12/2013 12:00:00 AM"
"60044","1","11/13/2013 12:00:00 AM"
"60045","1","11/13/2013 12:00:00 AM"
"60045","2","11/13/2013 12:00:00 AM"
"60046","1","11/13/2013 12:00:00 AM"
"60047","1","11/13/2013 12:00:00 AM"
"60048","1","11/13/2013 12:00:00 AM"
"60048","10","11/13/2013 12:00:00 AM"
"60049","1","11/13/2013 12:00:00 AM"
"60050","1","11/13/2013 12:00:00 AM"
"60050","10","11/13/2013 12:00:00 AM"
"60051","1","11/13/2013 12:00:00 AM"
"60051","10","11/13/2013 12:00:00 AM"
"60052","1","11/13/2013 12:00:00 AM"
"60053","1","11/13/2013 12:00:00 AM"
"60054","1","11/13/2013 12:00:00 AM"
"60055","2","11/13/2013 12:00:00 AM"
"60056","2","11/13/2013 12:00:00 AM"
"60057","1","11/13/2013 12:00:00 AM"
"60058","1","11/13/2013 12:00:00 AM"
"60059","1","11/13/2013 12:00:00 AM"
"60060","1","11/13/2013 12:00:00 AM"
"60061","4","11/13/2013 12:00:00 AM"
"60061","10","11/13/2013 12:00:00 AM"
"60062","1","11/13/2013 12:00:00 AM"
"60063","1","11/13/2013 12:00:00 AM"
"60064","1","11/13/2013 12:00:00 AM"
"60065","1","11/13/2013 12:00:00 AM"
"60066","1","11/13/2013 12:00:00 AM"
"60067","1","11/13/2013 12:00:00 AM"
"60068","1","11/13/2013 12:00:00 AM"
"60069","1","11/13/2013 12:00:00 AM"
"60070","1","11/13/2013 12:00:00 AM"
"60071","1","11/13/2013 12:00:00 AM"
"60072","1","11/13/2013 12:00:00 AM"
"60073","1","11/13/2013 12:00:00 AM"
"60074","1","11/13/2013 12:00:00 AM"
"60075","1","11/13/2013 12:00:00 AM"
"60076","1","11/13/2013 12:00:00 AM"
"60077","4","11/13/2013 12:00:00 AM"
"60078","1","11/13/2013 12:00:00 AM"
"60079","1","11/13/2013 12:00:00 AM"
"60080","1","11/13/2013 12:00:00 AM"
"60081","1","11/13/2013 12:00:00 AM"
"60082","1","11/13/2013 12:00:00 AM"
"60083","1","11/13/2013 12:00:00 AM"
"60084","1","11/13/2013 12:00:00 AM"
"60085","1","11/13/2013 12:00:00 AM"
"60086","1","11/13/2013 12:00:00 AM"
"60087","1","11/13/2013 12:00:00 AM"
"60088","1","11/13/2013 12:00:00 AM"
"60089","1","11/13/2013 12:00:00 AM"
"60090","1","11/13/2013 12:00:00 AM"
"60091","1","11/13/2013 12:00:00 AM"
"60092","1","11/13/2013 12:00:00 AM"
"60093","1","11/13/2013 12:00:00 AM"
"60094","1","11/13/2013 12:00:00 AM"
"60095","1","11/13/2013 12:00:00 AM"
"60096","1","11/13/2013 12:00:00 AM"
"60097","1","11/13/2013 12:00:00 AM"
"60098","1","11/13/2013 12:00:00 AM"
"60098","2","11/13/2013 12:00:00 AM"
"60099","1","11/13/2013 12:00:00 AM"
"60100","1","11/13/2013 12:00:00 AM"
"60101","1","11/13/2013 12:00:00 AM"
"60101","2","11/13/2013 12:00:00 AM"
"60102","1","11/13/2013 12:00:00 AM"
"60102","2","11/13/2013 12:00:00 AM"
"60103","2","11/13/2013 12:00:00 AM"
"60104","2","11/13/2013 12:00:00 AM"
"60107","1","11/13/2013 12:00:00 AM"
"60108","1","11/13/2013 12:00:00 AM"
"60109","1","11/13/2013 12:00:00 AM"
"60110","1","11/13/2013 12:00:00 AM"
"60112","1","11/13/2013 12:00:00 AM"
"60115","1","11/13/2013 12:00:00 AM"
"60116","6","11/13/2013 12:00:00 AM"
"60120","1","11/13/2013 12:00:00 AM"
"60121","1","11/13/2013 12:00:00 AM"
"60123","1","11/14/2013 12:00:00 AM"
"60124","1","11/14/2013 12:00:00 AM"
"60125","1","11/14/2013 12:00:00 AM"
"60126","1","11/14/2013 12:00:00 AM"
"60127","1","11/14/2013 12:00:00 AM"
"60127","2","11/14/2013 12:00:00 AM"
"60128","1","11/14/2013 12:00:00 AM"
"60129","1","11/14/2013 12:00:00 AM"
"60129","10","11/14/2013 12:00:00 AM"
"60130","1","11/14/2013 12:00:00 AM"
"60131","1","11/14/2013 12:00:00 AM"
"60132","1","11/14/2013 12:00:00 AM"
"60133","1","11/14/2013 12:00:00 AM"
"60134","1","11/14/2013 12:00:00 AM"
"60135","1","11/14/2013 12:00:00 AM"
"60136","1","11/14/2013 12:00:00 AM"
"60136","10","11/14/2013 12:00:00 AM"
"60137","1","11/14/2013 12:00:00 AM"
"60138","1","11/14/2013 12:00:00 AM"
"60138","10","11/14/2013 12:00:00 AM"
"60139","1","11/14/2013 12:00:00 AM"
"60140","4","11/14/2013 12:00:00 AM"
"60141","1","11/14/2013 12:00:00 AM"
"60142","1","11/14/2013 12:00:00 AM"
"60143","1","11/14/2013 12:00:00 AM"
"60144","1","11/14/2013 12:00:00 AM"
"60145","1","11/14/2013 12:00:00 AM"
"60146","1","11/14/2013 12:00:00 AM"
"60147","1","11/14/2013 12:00:00 AM"
"60148","1","11/14/2013 12:00:00 AM"
"60149","1","11/14/2013 12:00:00 AM"
"60150","1","11/14/2013 12:00:00 AM"
"60151","1","11/14/2013 12:00:00 AM"
"60152","1","11/14/2013 12:00:00 AM"
"60153","1","11/14/2013 12:00:00 AM"
"60154","1","11/14/2013 12:00:00 AM"
"60155","1","11/14/2013 12:00:00 AM"
"60156","1","11/14/2013 12:00:00 AM"
"60157","1","11/14/2013 12:00:00 AM"
"60158","1","11/14/2013 12:00:00 AM"
"60159","1","11/14/2013 12:00:00 AM"
"60160","1","11/14/2013 12:00:00 AM"
"60161","1","11/14/2013 12:00:00 AM"
"60162","1","11/14/2013 12:00:00 AM"
"60167","1","11/14/2013 12:00:00 AM"
"60168","5","11/14/2013 12:00:00 AM"
"60171","5","11/14/2013 12:00:00 AM"
"60172","1","11/14/2013 12:00:00 AM"
"60177","1","11/14/2013 12:00:00 AM"
"60178","1","11/14/2013 12:00:00 AM"
"60179","1","11/15/2013 12:00:00 AM"
"60180","1","11/15/2013 12:00:00 AM"
"60181","1","11/15/2013 12:00:00 AM"
"60182","1","11/15/2013 12:00:00 AM"
"60183","4","11/15/2013 12:00:00 AM"
"60184","1","11/15/2013 12:00:00 AM"
"60185","1","11/15/2013 12:00:00 AM"
"60185","10","11/15/2013 12:00:00 AM"
"60186","1","11/15/2013 12:00:00 AM"
"60187","1","11/15/2013 12:00:00 AM"
"60188","6","11/15/2013 12:00:00 AM"
"60189","6","11/15/2013 12:00:00 AM"
"60190","1","11/15/2013 12:00:00 AM"
"60191","2","11/15/2013 12:00:00 AM"
"60192","1","11/15/2013 12:00:00 AM"
"60192","2","11/15/2013 12:00:00 AM"
"60193","1","11/15/2013 12:00:00 AM"
"60194","1","11/15/2013 12:00:00 AM"
"60194","2","11/15/2013 12:00:00 AM"
"60195","4","11/15/2013 12:00:00 AM"
"60196","1","11/15/2013 12:00:00 AM"
"60197","1","11/15/2013 12:00:00 AM"
"60198","1","11/15/2013 12:00:00 AM"
"60199","1","11/15/2013 12:00:00 AM"
"60200","1","11/15/2013 12:00:00 AM"
"60201","1","11/15/2013 12:00:00 AM"
"60202","1","11/15/2013 12:00:00 AM"
"60203","1","11/15/2013 12:00:00 AM"
"60204","1","11/15/2013 12:00:00 AM"
"60205","1","11/15/2013 12:00:00 AM"
"60205","10","11/15/2013 12:00:00 AM"
"60206","1","11/15/2013 12:00:00 AM"
"60207","1","11/15/2013 12:00:00 AM"
"60208","6","11/15/2013 12:00:00 AM"
"60209","1","11/15/2013 12:00:00 AM"
"60210","1","11/15/2013 12:00:00 AM"
"60211","1","11/15/2013 12:00:00 AM"
"60212","1","11/15/2013 12:00:00 AM"
"60213","1","11/15/2013 12:00:00 AM"
"60214","1","11/15/2013 12:00:00 AM"
"60215","1","11/15/2013 12:00:00 AM"
"60216","1","11/15/2013 12:00:00 AM"
"60216","10","11/15/2013 12:00:00 AM"
"60217","4","11/15/2013 12:00:00 AM"
"60218","1","11/15/2013 12:00:00 AM"
"60219","1","11/15/2013 12:00:00 AM"
"60220","1","11/15/2013 12:00:00 AM"
"60221","1","11/15/2013 12:00:00 AM"
"60222","1","11/15/2013 12:00:00 AM"
"60223","1","11/15/2013 12:00:00 AM"
"60224","1","11/15/2013 12:00:00 AM"
"60225","1","11/15/2013 12:00:00 AM"
"60226","1","11/15/2013 12:00:00 AM"
"60227","1","11/15/2013 12:00:00 AM"
"60228","1","11/15/2013 12:00:00 AM"
"60229","1","11/15/2013 12:00:00 AM"
"60229","2","11/15/2013 12:00:00 AM"
"60230","6","11/15/2013 12:00:00 AM"
"60232","1","11/15/2013 12:00:00 AM"
"60233","1","11/15/2013 12:00:00 AM"
"60233","2","11/15/2013 12:00:00 AM"
"60234","2","11/15/2013 12:00:00 AM"
"60235","1","11/15/2013 12:00:00 AM"
"60235","2","11/15/2013 12:00:00 AM"
"60236","1","11/15/2013 12:00:00 AM"
"60237","1","11/15/2013 12:00:00 AM"
"60239","1","11/15/2013 12:00:00 AM"
"60240","1","11/15/2013 12:00:00 AM"
"60241","5","11/15/2013 12:00:00 AM"
"60242","5","11/15/2013 12:00:00 AM"
"60243","1","11/15/2013 12:00:00 AM"
"60245","2","11/15/2013 12:00:00 AM"
"60246","6","11/15/2013 12:00:00 AM"
"60249","1","11/16/2013 12:00:00 AM"
"60249","2","11/16/2013 12:00:00 AM"
"60250","1","11/16/2013 12:00:00 AM"
"60251","1","11/16/2013 12:00:00 AM"
"60252","6","11/16/2013 12:00:00 AM"
"60253","1","11/16/2013 12:00:00 AM"
"60254","1","11/16/2013 12:00:00 AM"
"60255","1","11/16/2013 12:00:00 AM"
"60256","1","11/16/2013 12:00:00 AM"
"60257","1","11/16/2013 12:00:00 AM"
"60258","1","11/16/2013 12:00:00 AM"
"60260","1","11/16/2013 12:00:00 AM"
"60260","2","11/16/2013 12:00:00 AM"
"60261","1","11/16/2013 12:00:00 AM"
"60262","1","11/16/2013 12:00:00 AM"
"60263","1","11/16/2013 12:00:00 AM"
"60263","2","11/16/2013 12:00:00 AM"
"60263","10","11/16/2013 12:00:00 AM"
"60264","1","11/16/2013 12:00:00 AM"
"60265","1","11/16/2013 12:00:00 AM"
"60267","1","11/16/2013 12:00:00 AM"
"60268","1","11/16/2013 12:00:00 AM"
"60269","1","11/16/2013 12:00:00 AM"
"60270","1","11/16/2013 12:00:00 AM"
"60270","10","11/16/2013 12:00:00 AM"
"60271","1","11/16/2013 12:00:00 AM"
"60272","1","11/16/2013 12:00:00 AM"
"60273","6","11/16/2013 12:00:00 AM"
"60274","6","11/16/2013 12:00:00 AM"
"60275","1","11/16/2013 12:00:00 AM"
"60276","1","11/16/2013 12:00:00 AM"
"60277","1","11/16/2013 12:00:00 AM"
"60278","1","11/16/2013 12:00:00 AM"
"60279","1","11/16/2013 12:00:00 AM"
"60280","1","11/16/2013 12:00:00 AM"
"60281","1","11/16/2013 12:00:00 AM"
"60282","1","11/16/2013 12:00:00 AM"
"60283","1","11/16/2013 12:00:00 AM"
"60284","1","11/16/2013 12:00:00 AM"
"60285","6","11/16/2013 12:00:00 AM"
"60287","1","11/16/2013 12:00:00 AM"
"60287","2","11/16/2013 12:00:00 AM"
"60288","1","11/16/2013 12:00:00 AM"
"60289","1","11/16/2013 12:00:00 AM"
"60290","1","11/16/2013 12:00:00 AM"
"60291","2","11/16/2013 12:00:00 AM"
"60292","1","11/16/2013 12:00:00 AM"
"60293","1","11/16/2013 12:00:00 AM"
"60294","1","11/16/2013 12:00:00 AM"
"60298","1","11/16/2013 12:00:00 AM"
"60298","2","11/16/2013 12:00:00 AM"
"60299","1","11/16/2013 12:00:00 AM"
"60301","2","11/16/2013 12:00:00 AM"
"60302","1","11/16/2013 12:00:00 AM"
"60302","2","11/16/2013 12:00:00 AM"
"60303","1","11/16/2013 12:00:00 AM"
"60304","1","11/16/2013 12:00:00 AM"
"60304","2","11/16/2013 12:00:00 AM"
"60305","1","11/16/2013 12:00:00 AM"
"60306","1","11/16/2013 12:00:00 AM"
"60307","1","11/16/2013 12:00:00 AM"
"60307","2","11/16/2013 12:00:00 AM"
"60308","1","11/16/2013 12:00:00 AM"
"60309","1","11/16/2013 12:00:00 AM"
"60310","1","11/16/2013 12:00:00 AM"
"60310","2","11/16/2013 12:00:00 AM"
"60311","1","11/16/2013 12:00:00 AM"
"60313","1","11/16/2013 12:00:00 AM"
"60313","2","11/16/2013 12:00:00 AM"
"60314","1","11/16/2013 12:00:00 AM"
"60317","1","11/16/2013 12:00:00 AM"
"60318","1","11/17/2013 12:00:00 AM"
"60318","2","11/17/2013 12:00:00 AM"
"60319","1","11/17/2013 12:00:00 AM"
"60320","6","11/17/2013 12:00:00 AM"
"60321","2","11/17/2013 12:00:00 AM"
"60322","1","11/17/2013 12:00:00 AM"
"60323","1","11/17/2013 12:00:00 AM"
"60324","1","11/17/2013 12:00:00 AM"
"60324","10","11/17/2013 12:00:00 AM"
"60325","1","11/17/2013 12:00:00 AM"
"60326","1","11/17/2013 12:00:00 AM"
"60326","10","11/17/2013 12:00:00 AM"
"60327","1","11/17/2013 12:00:00 AM"
"60328","1","11/17/2013 12:00:00 AM"
"60329","1","11/17/2013 12:00:00 AM"
"60329","10","11/17/2013 12:00:00 AM"
"60330","1","11/17/2013 12:00:00 AM"
"60331","1","11/17/2013 12:00:00 AM"
"60332","1","11/17/2013 12:00:00 AM"
"60333","1","11/17/2013 12:00:00 AM"
"60333","2","11/17/2013 12:00:00 AM"
"60334","1","11/17/2013 12:00:00 AM"
"60335","1","11/17/2013 12:00:00 AM"
"60336","1","11/17/2013 12:00:00 AM"
"60337","1","11/17/2013 12:00:00 AM"
"60338","1","11/17/2013 12:00:00 AM"
"60339","1","11/17/2013 12:00:00 AM"
"60340","1","11/17/2013 12:00:00 AM"
"60341","1","11/17/2013 12:00:00 AM"
"60342","1","11/17/2013 12:00:00 AM"
"60342","10","11/17/2013 12:00:00 AM"
"60343","1","11/17/2013 12:00:00 AM"
"60344","1","11/17/2013 12:00:00 AM"
"60345","1","11/17/2013 12:00:00 AM"
"60346","1","11/17/2013 12:00:00 AM"
"60347","1","11/17/2013 12:00:00 AM"
"60348","1","11/17/2013 12:00:00 AM"
"60349","1","11/17/2013 12:00:00 AM"
"60350","1","11/17/2013 12:00:00 AM"
"60351","1","11/17/2013 12:00:00 AM"
"60352","1","11/17/2013 12:00:00 AM"
"60353","1","11/17/2013 12:00:00 AM"
"60354","1","11/17/2013 12:00:00 AM"
"60355","1","11/17/2013 12:00:00 AM"
"60357","1","11/17/2013 12:00:00 AM"
"60358","1","11/17/2013 12:00:00 AM"
"60358","2","11/17/2013 12:00:00 AM"
"60359","1","11/17/2013 12:00:00 AM"
"60360","1","11/17/2013 12:00:00 AM"
"60361","2","11/17/2013 12:00:00 AM"
"60362","1","11/17/2013 12:00:00 AM"
"60364","1","11/17/2013 12:00:00 AM"
"60365","1","11/17/2013 12:00:00 AM"
"60366","1","11/17/2013 12:00:00 AM"
"60367","1","11/17/2013 12:00:00 AM"
"60367","2","11/17/2013 12:00:00 AM"
"60368","1","11/17/2013 12:00:00 AM"
"60368","2","11/17/2013 12:00:00 AM"
"60368","10","11/17/2013 12:00:00 AM"
"60370","1","11/17/2013 12:00:00 AM"
"60371","1","11/17/2013 12:00:00 AM"
"60371","2","11/17/2013 12:00:00 AM"
"60372","1","11/17/2013 12:00:00 AM"
"60372","2","11/17/2013 12:00:00 AM"
"60373","1","11/17/2013 12:00:00 AM"
"60374","1","11/17/2013 12:00:00 AM"
"60375","1","11/17/2013 12:00:00 AM"
"60376","1","11/17/2013 12:00:00 AM"
"60377","1","11/17/2013 12:00:00 AM"
"60377","2","11/17/2013 12:00:00 AM"
"60378","2","11/17/2013 12:00:00 AM"
"60379","2","11/17/2013 12:00:00 AM"
"60380","1","11/17/2013 12:00:00 AM"
"60381","1","11/17/2013 12:00:00 AM"
"60382","1","11/18/2013 12:00:00 AM"
"60383","1","11/18/2013 12:00:00 AM"
"60384","1","11/18/2013 12:00:00 AM"
"60385","1","11/18/2013 12:00:00 AM"
"60386","1","11/18/2013 12:00:00 AM"
"60387","1","11/18/2013 12:00:00 AM"
"60388","4","11/18/2013 12:00:00 AM"
"60389","1","11/18/2013 12:00:00 AM"
"60390","1","11/18/2013 12:00:00 AM"
"60391","1","11/18/2013 12:00:00 AM"
"60392","1","11/18/2013 12:00:00 AM"
"60392","2","11/18/2013 12:00:00 AM"
"60393","1","11/18/2013 12:00:00 AM"
"60394","1","11/18/2013 12:00:00 AM"
"60395","1","11/18/2013 12:00:00 AM"
"60396","1","11/18/2013 12:00:00 AM"
"60397","1","11/18/2013 12:00:00 AM"
"60397","10","11/18/2013 12:00:00 AM"
"60398","1","11/18/2013 12:00:00 AM"
"60399","1","11/18/2013 12:00:00 AM"
"60400","1","11/18/2013 12:00:00 AM"
"60401","1","11/18/2013 12:00:00 AM"
"60402","1","11/18/2013 12:00:00 AM"
"60403","1","11/18/2013 12:00:00 AM"
"60405","1","11/18/2013 12:00:00 AM"
"60406","4","11/18/2013 12:00:00 AM"
"60407","1","11/18/2013 12:00:00 AM"
"60408","1","11/18/2013 12:00:00 AM"
"60409","1","11/18/2013 12:00:00 AM"
"60410","1","11/18/2013 12:00:00 AM"
"60411","1","11/18/2013 12:00:00 AM"
"60411","10","11/18/2013 12:00:00 AM"
"60412","1","11/18/2013 12:00:00 AM"
"60413","1","11/18/2013 12:00:00 AM"
"60414","1","11/18/2013 12:00:00 AM"
"60415","1","11/18/2013 12:00:00 AM"
"60416","1","11/18/2013 12:00:00 AM"
"60416","10","11/18/2013 12:00:00 AM"
"60417","1","11/18/2013 12:00:00 AM"
"60418","1","11/18/2013 12:00:00 AM"
"60419","1","11/18/2013 12:00:00 AM"
"60420","1","11/18/2013 12:00:00 AM"
"60421","1","11/18/2013 12:00:00 AM"
"60422","1","11/18/2013 12:00:00 AM"
"60423","1","11/18/2013 12:00:00 AM"
"60425","1","11/18/2013 12:00:00 AM"
"60425","2","11/18/2013 12:00:00 AM"
"60426","1","11/18/2013 12:00:00 AM"
"60427","6","11/18/2013 12:00:00 AM"
"60431","1","11/18/2013 12:00:00 AM"
"60431","2","11/18/2013 12:00:00 AM"
"60433","1","11/18/2013 12:00:00 AM"
"60435","1","11/18/2013 12:00:00 AM"
"60435","10","11/18/2013 12:00:00 AM"
"60436","1","11/18/2013 12:00:00 AM"
"60438","1","11/18/2013 12:00:00 AM"
"60439","5","11/18/2013 12:00:00 AM"
"60440","1","11/18/2013 12:00:00 AM"
"60444","1","11/18/2013 12:00:00 AM"
"60444","2","11/18/2013 12:00:00 AM"
"60446","1","11/18/2013 12:00:00 AM"
"60447","1","11/18/2013 12:00:00 AM"
"60447","2","11/18/2013 12:00:00 AM"
"60447","10","11/18/2013 12:00:00 AM"
"60448","1","11/18/2013 12:00:00 AM"
"60448","2","11/18/2013 12:00:00 AM"
"60448","10","11/18/2013 12:00:00 AM"
"60449","1","11/18/2013 12:00:00 AM"
"60450","2","11/18/2013 12:00:00 AM"
"60453","1","11/19/2013 12:00:00 AM"
"60454","1","11/19/2013 12:00:00 AM"
"60455","1","11/19/2013 12:00:00 AM"
"60456","2","11/19/2013 12:00:00 AM"
"60457","1","11/19/2013 12:00:00 AM"
"60458","1","11/19/2013 12:00:00 AM"
"60458","10","11/19/2013 12:00:00 AM"
"60459","1","11/19/2013 12:00:00 AM"
"60459","10","11/19/2013 12:00:00 AM"
"60460","1","11/19/2013 12:00:00 AM"
"60460","10","11/19/2013 12:00:00 AM"
"60461","1","11/19/2013 12:00:00 AM"
"60462","1","11/19/2013 12:00:00 AM"
"60463","1","11/19/2013 12:00:00 AM"
"60464","1","11/19/2013 12:00:00 AM"
"60465","4","11/19/2013 12:00:00 AM"
"60466","1","11/19/2013 12:00:00 AM"
"60466","2","11/19/2013 12:00:00 AM"
"60468","1","11/19/2013 12:00:00 AM"
"60468","2","11/19/2013 12:00:00 AM"
"60469","1","11/19/2013 12:00:00 AM"
"60470","1","11/19/2013 12:00:00 AM"
"60471","1","11/19/2013 12:00:00 AM"
"60472","1","11/19/2013 12:00:00 AM"
"60473","4","11/19/2013 12:00:00 AM"
"60473","10","11/19/2013 12:00:00 AM"
"60474","1","11/19/2013 12:00:00 AM"
"60475","1","11/19/2013 12:00:00 AM"
"60476","1","11/19/2013 12:00:00 AM"
"60477","1","11/19/2013 12:00:00 AM"
"60478","6","11/19/2013 12:00:00 AM"
"60480","1","11/19/2013 12:00:00 AM"
"60481","1","11/19/2013 12:00:00 AM"
"60482","1","11/19/2013 12:00:00 AM"
"60483","1","11/19/2013 12:00:00 AM"
"60484","1","11/19/2013 12:00:00 AM"
"60485","1","11/19/2013 12:00:00 AM"
"60486","6","11/19/2013 12:00:00 AM"
"60487","1","11/19/2013 12:00:00 AM"
"60488","1","11/19/2013 12:00:00 AM"
"60489","1","11/19/2013 12:00:00 AM"
"60489","10","11/19/2013 12:00:00 AM"
"60490","1","11/19/2013 12:00:00 AM"
"60491","1","11/19/2013 12:00:00 AM"
"60492","1","11/19/2013 12:00:00 AM"
"60493","1","11/19/2013 12:00:00 AM"
"60494","1","11/19/2013 12:00:00 AM"
"60495","1","11/19/2013 12:00:00 AM"
"60496","1","11/19/2013 12:00:00 AM"
"60497","1","11/19/2013 12:00:00 AM"
"60500","2","11/19/2013 12:00:00 AM"
"60501","1","11/19/2013 12:00:00 AM"
"60502","2","11/19/2013 12:00:00 AM"
"60503","1","11/19/2013 12:00:00 AM"
"60505","1","11/19/2013 12:00:00 AM"
"60507","1","11/19/2013 12:00:00 AM"
"60507","2","11/19/2013 12:00:00 AM"
"60508","1","11/19/2013 12:00:00 AM"
"60508","2","11/19/2013 12:00:00 AM"
"60509","1","11/19/2013 12:00:00 AM"
"60509","2","11/19/2013 12:00:00 AM"
"60510","1","11/19/2013 12:00:00 AM"
"60510","2","11/19/2013 12:00:00 AM"
"60511","1","11/19/2013 12:00:00 AM"
"60513","1","11/19/2013 12:00:00 AM"
"60514","1","11/19/2013 12:00:00 AM"
"60516","1","11/19/2013 12:00:00 AM"
"60516","2","11/19/2013 12:00:00 AM"
"60517","1","11/19/2013 12:00:00 AM"
"60517","2","11/19/2013 12:00:00 AM"
"60519","1","11/20/2013 12:00:00 AM"
"60520","2","11/20/2013 12:00:00 AM"
"60521","1","11/20/2013 12:00:00 AM"
"60522","6","11/20/2013 12:00:00 AM"
"60523","1","11/20/2013 12:00:00 AM"
"60524","1","11/20/2013 12:00:00 AM"
"60525","1","11/20/2013 12:00:00 AM"
"60526","1","11/20/2013 12:00:00 AM"
"60527","1","11/20/2013 12:00:00 AM"
"60528","1","11/20/2013 12:00:00 AM"
"60529","1","11/20/2013 12:00:00 AM"
"60530","1","11/20/2013 12:00:00 AM"
"60530","10","11/20/2013 12:00:00 AM"
"60531","1","11/20/2013 12:00:00 AM"
"60532","4","11/20/2013 12:00:00 AM"
"60533","4","11/20/2013 12:00:00 AM"
"60534","1","11/20/2013 12:00:00 AM"
"60535","1","11/20/2013 12:00:00 AM"
"60536","1","11/20/2013 12:00:00 AM"
"60537","6","11/20/2013 12:00:00 AM"
"60538","1","11/20/2013 12:00:00 AM"
"60539","1","11/20/2013 12:00:00 AM"
"60540","1","11/20/2013 12:00:00 AM"
"60541","1","11/20/2013 12:00:00 AM"
"60542","1","11/20/2013 12:00:00 AM"
"60543","1","11/20/2013 12:00:00 AM"
"60544","1","11/20/2013 12:00:00 AM"
"60545","1","11/20/2013 12:00:00 AM"
"60546","1","11/20/2013 12:00:00 AM"
"60547","1","11/20/2013 12:00:00 AM"
"60548","1","11/20/2013 12:00:00 AM"
"60550","1","11/20/2013 12:00:00 AM"
"60551","1","11/20/2013 12:00:00 AM"
"60552","1","11/20/2013 12:00:00 AM"
"60553","1","11/20/2013 12:00:00 AM"
"60554","1","11/20/2013 12:00:00 AM"
"60556","1","11/20/2013 12:00:00 AM"
"60557","1","11/20/2013 12:00:00 AM"
"60558","1","11/20/2013 12:00:00 AM"
"60559","1","11/20/2013 12:00:00 AM"
"60559","2","11/20/2013 12:00:00 AM"
"60559","10","11/20/2013 12:00:00 AM"
"60562","1","11/21/2013 12:00:00 AM"
"60563","1","11/21/2013 12:00:00 AM"
"60564","1","11/21/2013 12:00:00 AM"
"60565","1","11/21/2013 12:00:00 AM"
"60566","4","11/21/2013 12:00:00 AM"
"60567","1","11/21/2013 12:00:00 AM"
"60568","6","11/21/2013 12:00:00 AM"
"60569","6","11/21/2013 12:00:00 AM"
"60570","6","11/21/2013 12:00:00 AM"
"60571","1","11/21/2013 12:00:00 AM"
"60572","1","11/21/2013 12:00:00 AM"
"60572","2","11/21/2013 12:00:00 AM"
"60573","1","11/21/2013 12:00:00 AM"
"60573","2","11/21/2013 12:00:00 AM"
"60574","1","11/21/2013 12:00:00 AM"
"60576","1","11/21/2013 12:00:00 AM"
"60577","1","11/21/2013 12:00:00 AM"
"60578","1","11/21/2013 12:00:00 AM"
"60579","4","11/21/2013 12:00:00 AM"
"60579","10","11/21/2013 12:00:00 AM"
"60580","4","11/21/2013 12:00:00 AM"
"60581","1","11/21/2013 12:00:00 AM"
"60582","1","11/21/2013 12:00:00 AM"
"60583","1","11/21/2013 12:00:00 AM"
"60584","1","11/21/2013 12:00:00 AM"
"60585","1","11/21/2013 12:00:00 AM"
"60586","6","11/21/2013 12:00:00 AM"
"60587","1","11/21/2013 12:00:00 AM"
"60588","1","11/21/2013 12:00:00 AM"
"60589","1","11/21/2013 12:00:00 AM"
"60591","1","11/21/2013 12:00:00 AM"
"60592","1","11/21/2013 12:00:00 AM"
"60593","1","11/21/2013 12:00:00 AM"
"60594","1","11/21/2013 12:00:00 AM"
"60595","1","11/21/2013 12:00:00 AM"
"60596","1","11/21/2013 12:00:00 AM"
"60597","1","11/21/2013 12:00:00 AM"
"60598","1","11/21/2013 12:00:00 AM"
"60599","1","11/21/2013 12:00:00 AM"
"60600","1","11/21/2013 12:00:00 AM"
"60601","1","11/21/2013 12:00:00 AM"
"60602","1","11/21/2013 12:00:00 AM"
"60602","10","11/21/2013 12:00:00 AM"
"60603","1","11/21/2013 12:00:00 AM"
"60604","1","11/21/2013 12:00:00 AM"
"60605","1","11/21/2013 12:00:00 AM"
"60605","2","11/21/2013 12:00:00 AM"
"60607","2","11/21/2013 12:00:00 AM"
"60608","2","11/21/2013 12:00:00 AM"
"60609","1","11/21/2013 12:00:00 AM"
"60611","1","11/21/2013 12:00:00 AM"
"60613","1","11/21/2013 12:00:00 AM"
"60614","6","11/21/2013 12:00:00 AM"
"60617","1","11/21/2013 12:00:00 AM"
"60617","2","11/21/2013 12:00:00 AM"
"60619","1","11/21/2013 12:00:00 AM"
"60621","1","11/21/2013 12:00:00 AM"
"60622","1","11/21/2013 12:00:00 AM"
"60623","1","11/21/2013 12:00:00 AM"
"60623","2","11/21/2013 12:00:00 AM"
"60623","10","11/21/2013 12:00:00 AM"
"60624","1","11/21/2013 12:00:00 AM"
"60625","1","11/21/2013 12:00:00 AM"
"60626","1","11/21/2013 12:00:00 AM"
"60627","1","11/21/2013 12:00:00 AM"
"60628","5","11/21/2013 12:00:00 AM"
"60629","1","11/21/2013 12:00:00 AM"
"60629","2","11/21/2013 12:00:00 AM"
"60630","5","11/21/2013 12:00:00 AM"
"60631","1","11/22/2013 12:00:00 AM"
"60632","1","11/22/2013 12:00:00 AM"
"60633","1","11/22/2013 12:00:00 AM"
"60634","1","11/22/2013 12:00:00 AM"
"60635","1","11/22/2013 12:00:00 AM"
"60636","1","11/22/2013 12:00:00 AM"
"60637","1","11/22/2013 12:00:00 AM"
"60638","1","11/22/2013 12:00:00 AM"
"60639","1","11/22/2013 12:00:00 AM"
"60640","1","11/22/2013 12:00:00 AM"
"60641","1","11/22/2013 12:00:00 AM"
"60642","1","11/22/2013 12:00:00 AM"
"60643","1","11/22/2013 12:00:00 AM"
"60644","1","11/22/2013 12:00:00 AM"
"60645","6","11/22/2013 12:00:00 AM"
"60646","1","11/22/2013 12:00:00 AM"
"60647","1","11/22/2013 12:00:00 AM"
"60648","1","11/22/2013 12:00:00 AM"
"60649","6","11/22/2013 12:00:00 AM"
"60650","1","11/22/2013 12:00:00 AM"
"60650","2","11/22/2013 12:00:00 AM"
"60651","1","11/22/2013 12:00:00 AM"
"60651","2","11/22/2013 12:00:00 AM"
"60652","1","11/22/2013 12:00:00 AM"
"60653","4","11/22/2013 12:00:00 AM"
"60653","10","11/22/2013 12:00:00 AM"
"60654","1","11/22/2013 12:00:00 AM"
"60655","1","11/22/2013 12:00:00 AM"
"60656","4","11/22/2013 12:00:00 AM"
"60657","1","11/22/2013 12:00:00 AM"
"60658","1","11/22/2013 12:00:00 AM"
"60659","1","11/22/2013 12:00:00 AM"
"60660","1","11/22/2013 12:00:00 AM"
"60661","1","11/22/2013 12:00:00 AM"
"60662","1","11/22/2013 12:00:00 AM"
"60663","1","11/22/2013 12:00:00 AM"
"60663","10","11/22/2013 12:00:00 AM"
"60664","1","11/22/2013 12:00:00 AM"
"60665","4","11/22/2013 12:00:00 AM"
"60666","1","11/22/2013 12:00:00 AM"
"60667","1","11/22/2013 12:00:00 AM"
"60668","1","11/22/2013 12:00:00 AM"
"60669","1","11/22/2013 12:00:00 AM"
"60670","1","11/22/2013 12:00:00 AM"
"60671","1","11/22/2013 12:00:00 AM"
"60672","1","11/22/2013 12:00:00 AM"
"60673","1","11/22/2013 12:00:00 AM"
"60673","10","11/22/2013 12:00:00 AM"
"60674","1","11/22/2013 12:00:00 AM"
"60675","1","11/22/2013 12:00:00 AM"
"60676","1","11/22/2013 12:00:00 AM"
"60676","10","11/22/2013 12:00:00 AM"
"60677","1","11/22/2013 12:00:00 AM"
"60677","10","11/22/2013 12:00:00 AM"
"60678","1","11/22/2013 12:00:00 AM"
"60679","1","11/22/2013 12:00:00 AM"
"60679","2","11/22/2013 12:00:00 AM"
"60680","1","11/22/2013 12:00:00 AM"
"60681","2","11/22/2013 12:00:00 AM"
"60682","1","11/22/2013 12:00:00 AM"
"60683","2","11/22/2013 12:00:00 AM"
"60684","1","11/22/2013 12:00:00 AM"
"60685","2","11/22/2013 12:00:00 AM"
"60686","1","11/22/2013 12:00:00 AM"
"60686","2","11/22/2013 12:00:00 AM"
"60688","1","11/22/2013 12:00:00 AM"
"60688","2","11/22/2013 12:00:00 AM"
"60689","1","11/22/2013 12:00:00 AM"
"60690","1","11/22/2013 12:00:00 AM"
"60690","2","11/22/2013 12:00:00 AM"
"60691","1","11/22/2013 12:00:00 AM"
"60691","2","11/22/2013 12:00:00 AM"
"60692","1","11/22/2013 12:00:00 AM"
"60693","1","11/22/2013 12:00:00 AM"
"60694","1","11/22/2013 12:00:00 AM"
"60695","1","11/22/2013 12:00:00 AM"
"60695","2","11/22/2013 12:00:00 AM"
"60696","6","11/22/2013 12:00:00 AM"
"60697","2","11/23/2013 12:00:00 AM"
"60699","1","11/23/2013 12:00:00 AM"
"60700","1","11/23/2013 12:00:00 AM"
"60701","1","11/23/2013 12:00:00 AM"
"60702","1","11/23/2013 12:00:00 AM"
"60703","1","11/23/2013 12:00:00 AM"
"60703","2","11/23/2013 12:00:00 AM"
"60704","1","11/23/2013 12:00:00 AM"
"60705","1","11/23/2013 12:00:00 AM"
"60706","1","11/23/2013 12:00:00 AM"
"60706","10","11/23/2013 12:00:00 AM"
"60707","1","11/23/2013 12:00:00 AM"
"60708","1","11/23/2013 12:00:00 AM"
"60709","1","11/23/2013 12:00:00 AM"
"60709","10","11/23/2013 12:00:00 AM"
"60710","1","11/23/2013 12:00:00 AM"
"60711","1","11/23/2013 12:00:00 AM"
"60712","1","11/23/2013 12:00:00 AM"
"60713","6","11/23/2013 12:00:00 AM"
"60714","1","11/23/2013 12:00:00 AM"
"60715","1","11/23/2013 12:00:00 AM"
"60716","1","11/23/2013 12:00:00 AM"
"60717","1","11/23/2013 12:00:00 AM"
"60718","1","11/23/2013 12:00:00 AM"
"60719","1","11/23/2013 12:00:00 AM"
"60720","1","11/23/2013 12:00:00 AM"
"60721","1","11/23/2013 12:00:00 AM"
"60722","1","11/23/2013 12:00:00 AM"
"60723","1","11/23/2013 12:00:00 AM"
"60724","1","11/23/2013 12:00:00 AM"
"60725","1","11/23/2013 12:00:00 AM"
"60726","1","11/23/2013 12:00:00 AM"
"60727","1","11/23/2013 12:00:00 AM"
"60727","10","11/23/2013 12:00:00 AM"
"60728","4","11/23/2013 12:00:00 AM"
"60729","2","11/23/2013 12:00:00 AM"
"60730","6","11/23/2013 12:00:00 AM"
"60731","1","11/23/2013 12:00:00 AM"
"60732","1","11/23/2013 12:00:00 AM"
"60733","1","11/23/2013 12:00:00 AM"
"60734","1","11/23/2013 12:00:00 AM"
"60735","2","11/23/2013 12:00:00 AM"
"60736","1","11/23/2013 12:00:00 AM"
"60737","2","11/23/2013 12:00:00 AM"
"60738","1","11/23/2013 12:00:00 AM"
"60738","2","11/23/2013 12:00:00 AM"
"60739","1","11/23/2013 12:00:00 AM"
"60742","2","11/23/2013 12:00:00 AM"
"60744","1","11/23/2013 12:00:00 AM"
"60745","1","11/23/2013 12:00:00 AM"
"60748","1","11/23/2013 12:00:00 AM"
"60749","1","11/23/2013 12:00:00 AM"
"60750","1","11/23/2013 12:00:00 AM"
"60752","1","11/23/2013 12:00:00 AM"
"60753","1","11/23/2013 12:00:00 AM"
"60753","2","11/23/2013 12:00:00 AM"
"60755","1","11/23/2013 12:00:00 AM"
"60756","1","11/23/2013 12:00:00 AM"
"60758","1","11/23/2013 12:00:00 AM"
"60758","2","11/23/2013 12:00:00 AM"
"60759","1","11/23/2013 12:00:00 AM"
"60760","5","11/23/2013 12:00:00 AM"
"60761","1","11/23/2013 12:00:00 AM"
"60763","2","11/23/2013 12:00:00 AM"
"60764","1","11/23/2013 12:00:00 AM"
"60764","2","11/23/2013 12:00:00 AM"
"60765","1","11/24/2013 12:00:00 AM"
"60766","1","11/24/2013 12:00:00 AM"
"60767","1","11/24/2013 12:00:00 AM"
"60768","1","11/24/2013 12:00:00 AM"
"60769","1","11/24/2013 12:00:00 AM"
"60769","10","11/24/2013 12:00:00 AM"
"60770","1","11/24/2013 12:00:00 AM"
"60771","1","11/24/2013 12:00:00 AM"
"60772","1","11/24/2013 12:00:00 AM"
"60772","10","11/24/2013 12:00:00 AM"
"60773","1","11/24/2013 12:00:00 AM"
"60774","1","11/24/2013 12:00:00 AM"
"60776","1","11/24/2013 12:00:00 AM"
"60777","1","11/24/2013 12:00:00 AM"
"60778","1","11/24/2013 12:00:00 AM"
"60779","1","11/24/2013 12:00:00 AM"
"60780","1","11/24/2013 12:00:00 AM"
"60780","10","11/24/2013 12:00:00 AM"
"60781","1","11/24/2013 12:00:00 AM"
"60782","1","11/24/2013 12:00:00 AM"
"60783","1","11/24/2013 12:00:00 AM"
"60784","1","11/24/2013 12:00:00 AM"
"60785","1","11/24/2013 12:00:00 AM"
"60786","1","11/24/2013 12:00:00 AM"
"60787","1","11/24/2013 12:00:00 AM"
"60788","1","11/24/2013 12:00:00 AM"
"60789","1","11/24/2013 12:00:00 AM"
"60790","1","11/24/2013 12:00:00 AM"
"60791","1","11/24/2013 12:00:00 AM"
"60792","1","11/24/2013 12:00:00 AM"
"60793","1","11/24/2013 12:00:00 AM"
"60794","1","11/24/2013 12:00:00 AM"
"60795","1","11/24/2013 12:00:00 AM"
"60796","1","11/24/2013 12:00:00 AM"
"60797","1","11/24/2013 12:00:00 AM"
"60798","1","11/24/2013 12:00:00 AM"
"60799","1","11/24/2013 12:00:00 AM"
"60800","1","11/24/2013 12:00:00 AM"
"60801","1","11/24/2013 12:00:00 AM"
"60801","10","11/24/2013 12:00:00 AM"
"60802","1","11/24/2013 12:00:00 AM"
"60803","1","11/24/2013 12:00:00 AM"
"60804","1","11/24/2013 12:00:00 AM"
"60805","1","11/24/2013 12:00:00 AM"
"60806","1","11/24/2013 12:00:00 AM"
"60807","1","11/24/2013 12:00:00 AM"
"60808","1","11/24/2013 12:00:00 AM"
"60809","1","11/24/2013 12:00:00 AM"
"60810","1","11/24/2013 12:00:00 AM"
"60811","1","11/24/2013 12:00:00 AM"
"60812","1","11/24/2013 12:00:00 AM"
"60813","1","11/24/2013 12:00:00 AM"
"60815","6","11/24/2013 12:00:00 AM"
"60818","1","11/24/2013 12:00:00 AM"
"60818","2","11/24/2013 12:00:00 AM"
"60820","1","11/24/2013 12:00:00 AM"
"60821","1","11/24/2013 12:00:00 AM"
"60823","1","11/24/2013 12:00:00 AM"
"60825","1","11/24/2013 12:00:00 AM"
"60825","2","11/24/2013 12:00:00 AM"
"60825","10","11/24/2013 12:00:00 AM"
"60826","6","11/24/2013 12:00:00 AM"
"60829","1","11/24/2013 12:00:00 AM"
"60830","1","11/24/2013 12:00:00 AM"
"60831","1","11/24/2013 12:00:00 AM"
"60832","1","11/24/2013 12:00:00 AM"
"60834","1","11/24/2013 12:00:00 AM"
"60834","2","11/24/2013 12:00:00 AM"
"60835","1","11/24/2013 12:00:00 AM"
"60836","1","11/24/2013 12:00:00 AM"
"60836","2","11/24/2013 12:00:00 AM"
"60838","1","11/25/2013 12:00:00 AM"
"60839","1","11/25/2013 12:00:00 AM"
"60840","1","11/25/2013 12:00:00 AM"
"60841","6","11/25/2013 12:00:00 AM"
"60842","4","11/25/2013 12:00:00 AM"
"60843","4","11/25/2013 12:00:00 AM"
"60844","1","11/25/2013 12:00:00 AM"
"60844","10","11/25/2013 12:00:00 AM"
"60845","1","11/25/2013 12:00:00 AM"
"60846","1","11/25/2013 12:00:00 AM"
"60847","4","11/25/2013 12:00:00 AM"
"60848","4","11/25/2013 12:00:00 AM"
"60849","1","11/25/2013 12:00:00 AM"
"60850","2","11/25/2013 12:00:00 AM"
"60851","1","11/25/2013 12:00:00 AM"
"60852","1","11/25/2013 12:00:00 AM"
"60853","1","11/25/2013 12:00:00 AM"
"60854","1","11/25/2013 12:00:00 AM"
"60855","1","11/25/2013 12:00:00 AM"
"60856","1","11/25/2013 12:00:00 AM"
"60857","4","11/25/2013 12:00:00 AM"
"60858","4","11/25/2013 12:00:00 AM"
"60859","1","11/25/2013 12:00:00 AM"
"60859","10","11/25/2013 12:00:00 AM"
"60860","1","11/25/2013 12:00:00 AM"
"60861","1","11/25/2013 12:00:00 AM"
"60862","1","11/25/2013 12:00:00 AM"
"60863","1","11/25/2013 12:00:00 AM"
"60864","1","11/25/2013 12:00:00 AM"
"60865","1","11/25/2013 12:00:00 AM"
"60866","1","11/25/2013 12:00:00 AM"
"60867","1","11/25/2013 12:00:00 AM"
"60868","1","11/25/2013 12:00:00 AM"
"60869","1","11/25/2013 12:00:00 AM"
"60869","10","11/25/2013 12:00:00 AM"
"60870","1","11/25/2013 12:00:00 AM"
"60871","1","11/25/2013 12:00:00 AM"
"60872","1","11/25/2013 12:00:00 AM"
"60873","2","11/25/2013 12:00:00 AM"
"60874","1","11/25/2013 12:00:00 AM"
"60875","1","11/25/2013 12:00:00 AM"
"60875","2","11/25/2013 12:00:00 AM"
"60876","2","11/25/2013 12:00:00 AM"
"60878","1","11/25/2013 12:00:00 AM"
"60880","1","11/25/2013 12:00:00 AM"
"60881","1","11/25/2013 12:00:00 AM"
"60882","1","11/25/2013 12:00:00 AM"
"60884","1","11/25/2013 12:00:00 AM"
"60887","1","11/25/2013 12:00:00 AM"
"60887","2","11/25/2013 12:00:00 AM"
"60889","1","11/25/2013 12:00:00 AM"
"60889","2","11/25/2013 12:00:00 AM"
"60890","1","11/25/2013 12:00:00 AM"
"60891","1","11/25/2013 12:00:00 AM"
"60891","2","11/25/2013 12:00:00 AM"
"60892","1","11/25/2013 12:00:00 AM"
"60893","1","11/25/2013 12:00:00 AM"
"60893","2","11/25/2013 12:00:00 AM"
"60894","2","11/25/2013 12:00:00 AM"
"60895","1","11/26/2013 12:00:00 AM"
"60896","1","11/26/2013 12:00:00 AM"
"60897","1","11/26/2013 12:00:00 AM"
"60897","10","11/26/2013 12:00:00 AM"
"60898","1","11/26/2013 12:00:00 AM"
"60899","1","11/26/2013 12:00:00 AM"
"60900","1","11/26/2013 12:00:00 AM"
"60901","1","11/26/2013 12:00:00 AM"
"60902","1","11/26/2013 12:00:00 AM"
"60903","1","11/26/2013 12:00:00 AM"
"60904","1","11/26/2013 12:00:00 AM"
"60904","10","11/26/2013 12:00:00 AM"
"60905","1","11/26/2013 12:00:00 AM"
"60906","1","11/26/2013 12:00:00 AM"
"60907","1","11/26/2013 12:00:00 AM"
"60907","10","11/26/2013 12:00:00 AM"
"60908","1","11/26/2013 12:00:00 AM"
"60909","1","11/26/2013 12:00:00 AM"
"60910","1","11/26/2013 12:00:00 AM"
"60911","1","11/26/2013 12:00:00 AM"
"60912","1","11/26/2013 12:00:00 AM"
"60913","1","11/26/2013 12:00:00 AM"
"60913","10","11/26/2013 12:00:00 AM"
"60914","1","11/26/2013 12:00:00 AM"
"60915","1","11/26/2013 12:00:00 AM"
"60916","1","11/26/2013 12:00:00 AM"
"60917","1","11/26/2013 12:00:00 AM"
"60918","1","11/26/2013 12:00:00 AM"
"60919","1","11/26/2013 12:00:00 AM"
"60920","1","11/26/2013 12:00:00 AM"
"60921","1","11/26/2013 12:00:00 AM"
"60922","1","11/26/2013 12:00:00 AM"
"60923","1","11/26/2013 12:00:00 AM"
"60924","1","11/26/2013 12:00:00 AM"
"60926","1","11/26/2013 12:00:00 AM"
"60927","1","11/26/2013 12:00:00 AM"
"60928","1","11/26/2013 12:00:00 AM"
"60929","1","11/26/2013 12:00:00 AM"
"60930","1","11/26/2013 12:00:00 AM"
"60931","1","11/26/2013 12:00:00 AM"
"60932","1","11/26/2013 12:00:00 AM"
"60933","1","11/26/2013 12:00:00 AM"
"60933","2","11/26/2013 12:00:00 AM"
"60934","6","11/26/2013 12:00:00 AM"
"60936","1","11/26/2013 12:00:00 AM"
"60938","1","11/26/2013 12:00:00 AM"
"60939","1","11/26/2013 12:00:00 AM"
"60940","1","11/26/2013 12:00:00 AM"
"60941","1","11/26/2013 12:00:00 AM"
"60942","1","11/26/2013 12:00:00 AM"
"60943","5","11/26/2013 12:00:00 AM"
"60945","1","11/26/2013 12:00:00 AM"
"60946","1","11/26/2013 12:00:00 AM"
"60946","2","11/26/2013 12:00:00 AM"
"60946","10","11/26/2013 12:00:00 AM"
"60947","1","11/26/2013 12:00:00 AM"
"60947","10","11/26/2013 12:00:00 AM"
"60949","1","11/26/2013 12:00:00 AM"
"60951","1","11/26/2013 12:00:00 AM"
"60953","1","11/26/2013 12:00:00 AM"
"60953","2","11/26/2013 12:00:00 AM"
"60953","10","11/26/2013 12:00:00 AM"
"60954","1","11/26/2013 12:00:00 AM"
"60954","2","11/26/2013 12:00:00 AM"
"60954","10","11/26/2013 12:00:00 AM"
"60955","1","11/26/2013 12:00:00 AM"
"60956","1","11/27/2013 12:00:00 AM"
"60957","1","11/27/2013 12:00:00 AM"
"60957","2","11/27/2013 12:00:00 AM"
"60959","1","11/27/2013 12:00:00 AM"
"60959","10","11/27/2013 12:00:00 AM"
"60960","1","11/27/2013 12:00:00 AM"
"60960","10","11/27/2013 12:00:00 AM"
"60961","1","11/27/2013 12:00:00 AM"
"60962","1","11/27/2013 12:00:00 AM"
"60963","1","11/27/2013 12:00:00 AM"
"60964","1","11/27/2013 12:00:00 AM"
"60965","1","11/27/2013 12:00:00 AM"
"60966","1","11/27/2013 12:00:00 AM"
"60967","1","11/27/2013 12:00:00 AM"
"60968","1","11/27/2013 12:00:00 AM"
"60969","1","11/27/2013 12:00:00 AM"
"60969","2","11/27/2013 12:00:00 AM"
"60970","1","11/27/2013 12:00:00 AM"
"60970","10","11/27/2013 12:00:00 AM"
"60971","1","11/27/2013 12:00:00 AM"
"60972","1","11/27/2013 12:00:00 AM"
"60973","1","11/27/2013 12:00:00 AM"
"60974","1","11/27/2013 12:00:00 AM"
"60975","1","11/27/2013 12:00:00 AM"
"60976","1","11/27/2013 12:00:00 AM"
"60978","4","11/27/2013 12:00:00 AM"
"60978","10","11/27/2013 12:00:00 AM"
"60979","4","11/27/2013 12:00:00 AM"
"60980","1","11/27/2013 12:00:00 AM"
"60981","1","11/27/2013 12:00:00 AM"
"60982","1","11/27/2013 12:00:00 AM"
"60983","1","11/27/2013 12:00:00 AM"
"60984","1","11/27/2013 12:00:00 AM"
"60985","1","11/27/2013 12:00:00 AM"
"60986","1","11/27/2013 12:00:00 AM"
"60987","1","11/27/2013 12:00:00 AM"
"60988","1","11/27/2013 12:00:00 AM"
"60989","1","11/27/2013 12:00:00 AM"
"60990","1","11/27/2013 12:00:00 AM"
"60990","10","11/27/2013 12:00:00 AM"
"60991","1","11/27/2013 12:00:00 AM"
"60992","1","11/27/2013 12:00:00 AM"
"60993","1","11/27/2013 12:00:00 AM"
"60994","1","11/27/2013 12:00:00 AM"
"60995","1","11/27/2013 12:00:00 AM"
"60995","10","11/27/2013 12:00:00 AM"
"60996","1","11/27/2013 12:00:00 AM"
"60997","1","11/27/2013 12:00:00 AM"
"60998","1","11/27/2013 12:00:00 AM"
"60999","1","11/27/2013 12:00:00 AM"
"61000","1","11/27/2013 12:00:00 AM"
"61001","1","11/27/2013 12:00:00 AM"
"61001","10","11/27/2013 12:00:00 AM"
"61002","1","11/27/2013 12:00:00 AM"
"61002","10","11/27/2013 12:00:00 AM"
"61003","1","11/27/2013 12:00:00 AM"
"61004","1","11/27/2013 12:00:00 AM"
"61005","1","11/27/2013 12:00:00 AM"
"61006","1","11/27/2013 12:00:00 AM"
"61008","6","11/27/2013 12:00:00 AM"
"61010","6","11/27/2013 12:00:00 AM"
"61011","1","11/27/2013 12:00:00 AM"
"61011","2","11/27/2013 12:00:00 AM"
"61012","1","11/27/2013 12:00:00 AM"
"61013","1","11/27/2013 12:00:00 AM"
"61013","2","11/27/2013 12:00:00 AM"
"61016","1","11/27/2013 12:00:00 AM"
"61016","2","11/27/2013 12:00:00 AM"
"61017","1","11/27/2013 12:00:00 AM"
"61018","1","11/27/2013 12:00:00 AM"
"61019","1","11/27/2013 12:00:00 AM"
"61019","2","11/27/2013 12:00:00 AM"
"61021","1","11/27/2013 12:00:00 AM"
"61023","1","11/27/2013 12:00:00 AM"
"61026","1","11/27/2013 12:00:00 AM"
"61026","2","11/27/2013 12:00:00 AM"
"61026","10","11/27/2013 12:00:00 AM"
"61027","1","11/27/2013 12:00:00 AM"
"61028","1","11/27/2013 12:00:00 AM"
"61028","2","11/27/2013 12:00:00 AM"
"61029","1","11/27/2013 12:00:00 AM"
"61030","1","11/27/2013 12:00:00 AM"
"61032","1","11/27/2013 12:00:00 AM"
"61033","1","11/28/2013 12:00:00 AM"
"61034","1","11/28/2013 12:00:00 AM"
"61035","2","11/28/2013 12:00:00 AM"
"61036","1","11/28/2013 12:00:00 AM"
"61037","1","11/28/2013 12:00:00 AM"
"61038","1","11/28/2013 12:00:00 AM"
"61039","1","11/28/2013 12:00:00 AM"
"61040","1","11/28/2013 12:00:00 AM"
"61041","1","11/28/2013 12:00:00 AM"
"61042","1","11/28/2013 12:00:00 AM"
"61043","1","11/28/2013 12:00:00 AM"
"61044","1","11/28/2013 12:00:00 AM"
"61045","1","11/28/2013 12:00:00 AM"
"61046","1","11/28/2013 12:00:00 AM"
"61047","1","11/28/2013 12:00:00 AM"
"61048","1","11/28/2013 12:00:00 AM"
"61049","1","11/28/2013 12:00:00 AM"
"61050","1","11/28/2013 12:00:00 AM"
"61051","1","11/28/2013 12:00:00 AM"
"61052","1","11/28/2013 12:00:00 AM"
"61053","1","11/28/2013 12:00:00 AM"
"61054","1","11/28/2013 12:00:00 AM"
"61055","6","11/28/2013 12:00:00 AM"
"61056","6","11/28/2013 12:00:00 AM"
"61057","1","11/28/2013 12:00:00 AM"
"61058","1","11/28/2013 12:00:00 AM"
"61059","1","11/28/2013 12:00:00 AM"
"61060","1","11/28/2013 12:00:00 AM"
"61061","1","11/28/2013 12:00:00 AM"
"61062","4","11/28/2013 12:00:00 AM"
"61063","1","11/28/2013 12:00:00 AM"
"61064","1","11/28/2013 12:00:00 AM"
"61065","1","11/28/2013 12:00:00 AM"
"61066","1","11/28/2013 12:00:00 AM"
"61067","1","11/28/2013 12:00:00 AM"
"61068","1","11/28/2013 12:00:00 AM"
"61069","1","11/28/2013 12:00:00 AM"
"61070","1","11/28/2013 12:00:00 AM"
"61071","1","11/28/2013 12:00:00 AM"
"61072","1","11/28/2013 12:00:00 AM"
"61073","1","11/28/2013 12:00:00 AM"
"61074","2","11/28/2013 12:00:00 AM"
"61075","1","11/28/2013 12:00:00 AM"
"61075","2","11/28/2013 12:00:00 AM"
"61076","2","11/28/2013 12:00:00 AM"
"61077","1","11/28/2013 12:00:00 AM"
"61078","1","11/28/2013 12:00:00 AM"
"61079","1","11/28/2013 12:00:00 AM"
"61081","1","11/28/2013 12:00:00 AM"
"61081","2","11/28/2013 12:00:00 AM"
"61082","1","11/28/2013 12:00:00 AM"
"61082","2","11/28/2013 12:00:00 AM"
"61083","1","11/28/2013 12:00:00 AM"
"61085","1","11/28/2013 12:00:00 AM"
"61086","1","11/28/2013 12:00:00 AM"
"61087","1","11/28/2013 12:00:00 AM"
"61087","2","11/28/2013 12:00:00 AM"
"61088","1","11/28/2013 12:00:00 AM"
"61089","1","11/28/2013 12:00:00 AM"
"61089","2","11/28/2013 12:00:00 AM"
"61090","1","11/28/2013 12:00:00 AM"
"61091","1","11/28/2013 12:00:00 AM"
"61092","1","11/28/2013 12:00:00 AM"
"61092","2","11/28/2013 12:00:00 AM"
"61092","10","11/28/2013 12:00:00 AM"
"61093","2","11/29/2013 12:00:00 AM"
"61094","1","11/29/2013 12:00:00 AM"
"61095","1","11/29/2013 12:00:00 AM"
"61096","1","11/29/2013 12:00:00 AM"
"61098","1","11/29/2013 12:00:00 AM"
"61098","10","11/29/2013 12:00:00 AM"
"61099","1","11/29/2013 12:00:00 AM"
"61099","10","11/29/2013 12:00:00 AM"
"61100","1","11/29/2013 12:00:00 AM"
"61101","1","11/29/2013 12:00:00 AM"
"61102","1","11/29/2013 12:00:00 AM"
"61103","1","11/29/2013 12:00:00 AM"
"61104","1","11/29/2013 12:00:00 AM"
"61105","1","11/29/2013 12:00:00 AM"
"61106","6","11/29/2013 12:00:00 AM"
"61107","4","11/29/2013 12:00:00 AM"
"61108","1","11/29/2013 12:00:00 AM"
"61109","1","11/29/2013 12:00:00 AM"
"61110","2","11/29/2013 12:00:00 AM"
"61111","1","11/29/2013 12:00:00 AM"
"61112","2","11/29/2013 12:00:00 AM"
"61113","1","11/29/2013 12:00:00 AM"
"61114","1","11/29/2013 12:00:00 AM"
"61114","2","11/29/2013 12:00:00 AM"
"61115","1","11/29/2013 12:00:00 AM"
"61116","1","11/29/2013 12:00:00 AM"
"61116","10","11/29/2013 12:00:00 AM"
"61117","6","11/29/2013 12:00:00 AM"
"61118","1","11/29/2013 12:00:00 AM"
"61119","1","11/29/2013 12:00:00 AM"
"61120","1","11/29/2013 12:00:00 AM"
"61121","1","11/29/2013 12:00:00 AM"
"61122","1","11/29/2013 12:00:00 AM"
"61122","10","11/29/2013 12:00:00 AM"
"61123","1","11/29/2013 12:00:00 AM"
"61124","1","11/29/2013 12:00:00 AM"
"61125","1","11/29/2013 12:00:00 AM"
"61127","1","11/29/2013 12:00:00 AM"
"61128","1","11/29/2013 12:00:00 AM"
"61129","1","11/29/2013 12:00:00 AM"
"61130","1","11/29/2013 12:00:00 AM"
"61131","1","11/29/2013 12:00:00 AM"
"61132","1","11/29/2013 12:00:00 AM"
"61133","1","11/29/2013 12:00:00 AM"
"61134","1","11/29/2013 12:00:00 AM"
"61135","1","11/29/2013 12:00:00 AM"
"61136","1","11/29/2013 12:00:00 AM"
"61136","10","11/29/2013 12:00:00 AM"
"61137","1","11/29/2013 12:00:00 AM"
"61138","1","11/29/2013 12:00:00 AM"
"61139","1","11/29/2013 12:00:00 AM"
"61139","10","11/29/2013 12:00:00 AM"
"61140","1","11/29/2013 12:00:00 AM"
"61141","1","11/29/2013 12:00:00 AM"
"61142","1","11/29/2013 12:00:00 AM"
"61143","1","11/29/2013 12:00:00 AM"
"61144","1","11/29/2013 12:00:00 AM"
"61145","1","11/29/2013 12:00:00 AM"
"61146","1","11/29/2013 12:00:00 AM"
"61147","1","11/29/2013 12:00:00 AM"
"61148","1","11/29/2013 12:00:00 AM"
"61149","1","11/29/2013 12:00:00 AM"
"61150","1","11/29/2013 12:00:00 AM"
"61151","1","11/29/2013 12:00:00 AM"
"61152","1","11/29/2013 12:00:00 AM"
"61153","1","11/29/2013 12:00:00 AM"
"61154","1","11/29/2013 12:00:00 AM"
"61155","1","11/29/2013 12:00:00 AM"
"61156","2","11/29/2013 12:00:00 AM"
"61157","1","11/29/2013 12:00:00 AM"
"61158","1","11/29/2013 12:00:00 AM"
"61159","2","11/29/2013 12:00:00 AM"
"61162","1","11/29/2013 12:00:00 AM"
"61162","2","11/29/2013 12:00:00 AM"
"61163","1","11/29/2013 12:00:00 AM"
"61163","2","11/29/2013 12:00:00 AM"
"61163","10","11/29/2013 12:00:00 AM"
"61164","1","11/29/2013 12:00:00 AM"
"61164","2","11/29/2013 12:00:00 AM"
"61165","1","11/29/2013 12:00:00 AM"
"61166","5","11/29/2013 12:00:00 AM"
"61168","1","11/29/2013 12:00:00 AM"
"61169","1","11/29/2013 12:00:00 AM"
"61170","1","11/29/2013 12:00:00 AM"
"61170","2","11/29/2013 12:00:00 AM"
"61171","1","11/29/2013 12:00:00 AM"
"61171","2","11/29/2013 12:00:00 AM"
"61171","10","11/29/2013 12:00:00 AM"
"61172","1","11/29/2013 12:00:00 AM"
"61269","1","11/30/2013 12:00:00 AM"
"61270","1","11/30/2013 12:00:00 AM"
"61271","1","11/30/2013 12:00:00 AM"
"61272","1","11/30/2013 12:00:00 AM"
"61273","1","11/30/2013 12:00:00 AM"
"61274","1","11/30/2013 12:00:00 AM"
"61275","4","11/30/2013 12:00:00 AM"
"61276","1","11/30/2013 12:00:00 AM"
"61277","1","11/30/2013 12:00:00 AM"
"61278","1","11/30/2013 12:00:00 AM"
"61279","1","11/30/2013 12:00:00 AM"
"61279","2","11/30/2013 12:00:00 AM"
"61280","4","11/30/2013 12:00:00 AM"
"61281","1","11/30/2013 12:00:00 AM"
"61282","1","11/30/2013 12:00:00 AM"
"61283","1","11/30/2013 12:00:00 AM"
"61284","1","11/30/2013 12:00:00 AM"
"61285","1","11/30/2013 12:00:00 AM"
"61286","1","11/30/2013 12:00:00 AM"
"61287","1","11/30/2013 12:00:00 AM"
"61288","1","11/30/2013 12:00:00 AM"
"61289","1","11/30/2013 12:00:00 AM"
"61290","1","11/30/2013 12:00:00 AM"
"61291","6","11/30/2013 12:00:00 AM"
"61292","1","11/30/2013 12:00:00 AM"
"61293","1","11/30/2013 12:00:00 AM"
"61293","10","11/30/2013 12:00:00 AM"
"61294","1","11/30/2013 12:00:00 AM"
"61295","1","11/30/2013 12:00:00 AM"
"61296","1","11/30/2013 12:00:00 AM"
"61297","1","11/30/2013 12:00:00 AM"
"61298","1","11/30/2013 12:00:00 AM"
"61298","10","11/30/2013 12:00:00 AM"
"61299","1","11/30/2013 12:00:00 AM"
"61300","1","11/30/2013 12:00:00 AM"
"61301","1","11/30/2013 12:00:00 AM"
"61301","2","11/30/2013 12:00:00 AM"
"61302","1","11/30/2013 12:00:00 AM"
"61304","1","11/30/2013 12:00:00 AM"
"61305","2","11/30/2013 12:00:00 AM"
"61306","1","11/30/2013 12:00:00 AM"
"61307","6","11/30/2013 12:00:00 AM"
"61308","1","11/30/2013 12:00:00 AM"
"61309","2","11/30/2013 12:00:00 AM"
"61310","1","11/30/2013 12:00:00 AM"
"61310","2","11/30/2013 12:00:00 AM"
"61311","1","11/30/2013 12:00:00 AM"
"61312","2","11/30/2013 12:00:00 AM"
"61313","1","12/1/2013 12:00:00 AM"
"61313","2","12/1/2013 12:00:00 AM"
"61314","6","12/1/2013 12:00:00 AM"
"61315","1","12/1/2013 12:00:00 AM"
"61316","1","12/1/2013 12:00:00 AM"
"61316","10","12/1/2013 12:00:00 AM"
"61317","1","12/1/2013 12:00:00 AM"
"61318","1","12/1/2013 12:00:00 AM"
"61318","10","12/1/2013 12:00:00 AM"
"61319","1","12/1/2013 12:00:00 AM"
"61320","1","12/1/2013 12:00:00 AM"
"61321","1","12/1/2013 12:00:00 AM"
"61322","1","12/1/2013 12:00:00 AM"
"61322","10","12/1/2013 12:00:00 AM"
"61323","6","12/1/2013 12:00:00 AM"
"61324","6","12/1/2013 12:00:00 AM"
"61325","1","12/1/2013 12:00:00 AM"
"61326","1","12/1/2013 12:00:00 AM"
"61327","1","12/1/2013 12:00:00 AM"
"61328","4","12/1/2013 12:00:00 AM"
"61329","1","12/1/2013 12:00:00 AM"
"61330","1","12/1/2013 12:00:00 AM"
"61331","1","12/1/2013 12:00:00 AM"
"61332","1","12/1/2013 12:00:00 AM"
"61333","1","12/1/2013 12:00:00 AM"
"61334","1","12/1/2013 12:00:00 AM"
"61334","10","12/1/2013 12:00:00 AM"
"61335","6","12/1/2013 12:00:00 AM"
"61336","1","12/1/2013 12:00:00 AM"
"61337","1","12/1/2013 12:00:00 AM"
"61338","1","12/1/2013 12:00:00 AM"
"61339","1","12/1/2013 12:00:00 AM"
"61340","1","12/1/2013 12:00:00 AM"
"61341","1","12/1/2013 12:00:00 AM"
"61342","1","12/1/2013 12:00:00 AM"
"61343","1","12/1/2013 12:00:00 AM"
"61344","1","12/1/2013 12:00:00 AM"
"61345","1","12/1/2013 12:00:00 AM"
"61346","1","12/1/2013 12:00:00 AM"
"61347","1","12/1/2013 12:00:00 AM"
"61348","1","12/1/2013 12:00:00 AM"
"61349","1","12/1/2013 12:00:00 AM"
"61350","1","12/1/2013 12:00:00 AM"
"61351","1","12/1/2013 12:00:00 AM"
"61352","4","12/1/2013 12:00:00 AM"
"61353","1","12/1/2013 12:00:00 AM"
"61354","1","12/1/2013 12:00:00 AM"
"61355","1","12/1/2013 12:00:00 AM"
"61357","1","12/1/2013 12:00:00 AM"
"61358","1","12/1/2013 12:00:00 AM"
"61359","2","12/1/2013 12:00:00 AM"
"61360","1","12/1/2013 12:00:00 AM"
"61362","1","12/1/2013 12:00:00 AM"
"61363","1","12/1/2013 12:00:00 AM"
"61363","2","12/1/2013 12:00:00 AM"
"61364","1","12/1/2013 12:00:00 AM"
"61364","2","12/1/2013 12:00:00 AM"
"61365","6","12/1/2013 12:00:00 AM"
"61366","1","12/1/2013 12:00:00 AM"
"61367","1","12/1/2013 12:00:00 AM"
"61369","2","12/1/2013 12:00:00 AM"
"61372","1","12/2/2013 12:00:00 AM"
"61372","10","12/2/2013 12:00:00 AM"
"61373","1","12/2/2013 12:00:00 AM"
"61374","4","12/2/2013 12:00:00 AM"
"61375","4","12/2/2013 12:00:00 AM"
"61376","1","12/2/2013 12:00:00 AM"
"61376","10","12/2/2013 12:00:00 AM"
"61377","1","12/2/2013 12:00:00 AM"
"61378","1","12/2/2013 12:00:00 AM"
"61379","1","12/2/2013 12:00:00 AM"
"61380","1","12/2/2013 12:00:00 AM"
"61382","1","12/2/2013 12:00:00 AM"
"61383","1","12/2/2013 12:00:00 AM"
"61384","1","12/2/2013 12:00:00 AM"
"61385","1","12/2/2013 12:00:00 AM"
"61386","1","12/2/2013 12:00:00 AM"
"61387","1","12/2/2013 12:00:00 AM"
"61388","1","12/2/2013 12:00:00 AM"
"61389","4","12/2/2013 12:00:00 AM"
"61389","10","12/2/2013 12:00:00 AM"
"61390","1","12/2/2013 12:00:00 AM"
"61391","1","12/2/2013 12:00:00 AM"
"61392","1","12/2/2013 12:00:00 AM"
"61393","1","12/2/2013 12:00:00 AM"
"61394","1","12/2/2013 12:00:00 AM"
"61395","1","12/2/2013 12:00:00 AM"
"61396","1","12/2/2013 12:00:00 AM"
"61396","10","12/2/2013 12:00:00 AM"
"61397","1","12/2/2013 12:00:00 AM"
"61398","1","12/2/2013 12:00:00 AM"
"61399","1","12/2/2013 12:00:00 AM"
"61400","1","12/2/2013 12:00:00 AM"
"61401","1","12/2/2013 12:00:00 AM"
"61402","1","12/2/2013 12:00:00 AM"
"61402","10","12/2/2013 12:00:00 AM"
"61403","1","12/2/2013 12:00:00 AM"
"61404","1","12/2/2013 12:00:00 AM"
"61405","1","12/2/2013 12:00:00 AM"
"61406","1","12/2/2013 12:00:00 AM"
"61407","1","12/2/2013 12:00:00 AM"
"61408","1","12/2/2013 12:00:00 AM"
"61409","1","12/2/2013 12:00:00 AM"
"61410","1","12/2/2013 12:00:00 AM"
"61411","1","12/2/2013 12:00:00 AM"
"61412","1","12/2/2013 12:00:00 AM"
"61413","1","12/2/2013 12:00:00 AM"
"61415","1","12/2/2013 12:00:00 AM"
"61416","1","12/2/2013 12:00:00 AM"
"61418","1","12/2/2013 12:00:00 AM"
"61420","1","12/2/2013 12:00:00 AM"
"61421","1","12/2/2013 12:00:00 AM"
"61421","2","12/2/2013 12:00:00 AM"
"61422","1","12/2/2013 12:00:00 AM"
"61423","1","12/2/2013 12:00:00 AM"
"61423","2","12/2/2013 12:00:00 AM"
"61426","1","12/2/2013 12:00:00 AM"
"61428","1","12/3/2013 12:00:00 AM"
"61429","1","12/3/2013 12:00:00 AM"
"61430","4","12/3/2013 12:00:00 AM"
"61431","1","12/3/2013 12:00:00 AM"
"61432","1","12/3/2013 12:00:00 AM"
"61433","1","12/3/2013 12:00:00 AM"
"61434","1","12/3/2013 12:00:00 AM"
"61435","1","12/3/2013 12:00:00 AM"
"61436","1","12/3/2013 12:00:00 AM"
"61437","1","12/3/2013 12:00:00 AM"
"61438","6","12/3/2013 12:00:00 AM"
"61439","1","12/3/2013 12:00:00 AM"
"61440","1","12/3/2013 12:00:00 AM"
"61441","1","12/3/2013 12:00:00 AM"
"61443","4","12/3/2013 12:00:00 AM"
"61444","1","12/3/2013 12:00:00 AM"
"61444","10","12/3/2013 12:00:00 AM"
"61445","1","12/3/2013 12:00:00 AM"
"61446","1","12/3/2013 12:00:00 AM"
"61447","1","12/3/2013 12:00:00 AM"
"61448","4","12/3/2013 12:00:00 AM"
"61449","1","12/3/2013 12:00:00 AM"
"61450","1","12/3/2013 12:00:00 AM"
"61451","1","12/3/2013 12:00:00 AM"
"61452","1","12/3/2013 12:00:00 AM"
"61452","10","12/3/2013 12:00:00 AM"
"61453","1","12/3/2013 12:00:00 AM"
"61454","1","12/3/2013 12:00:00 AM"
"61455","1","12/3/2013 12:00:00 AM"
"61456","1","12/3/2013 12:00:00 AM"
"61457","1","12/3/2013 12:00:00 AM"
"61458","1","12/3/2013 12:00:00 AM"
"61459","1","12/3/2013 12:00:00 AM"
"61460","1","12/3/2013 12:00:00 AM"
"61461","1","12/3/2013 12:00:00 AM"
"61461","10","12/3/2013 12:00:00 AM"
"61462","1","12/3/2013 12:00:00 AM"
"61463","4","12/3/2013 12:00:00 AM"
"61464","1","12/3/2013 12:00:00 AM"
"61465","1","12/3/2013 12:00:00 AM"
"61465","10","12/3/2013 12:00:00 AM"
"61466","1","12/3/2013 12:00:00 AM"
"61467","1","12/3/2013 12:00:00 AM"
"61470","1","12/3/2013 12:00:00 AM"
"61471","1","12/3/2013 12:00:00 AM"
"61472","1","12/3/2013 12:00:00 AM"
"61473","1","12/3/2013 12:00:00 AM"
"61474","2","12/3/2013 12:00:00 AM"
"61476","1","12/3/2013 12:00:00 AM"
"61477","1","12/3/2013 12:00:00 AM"
"61478","1","12/3/2013 12:00:00 AM"
"61478","2","12/3/2013 12:00:00 AM"
"61479","1","12/3/2013 12:00:00 AM"
"61482","1","12/4/2013 12:00:00 AM"
"61482","10","12/4/2013 12:00:00 AM"
"61483","1","12/4/2013 12:00:00 AM"
"61484","1","12/4/2013 12:00:00 AM"
"61486","1","12/4/2013 12:00:00 AM"
"61487","1","12/4/2013 12:00:00 AM"
"61488","1","12/4/2013 12:00:00 AM"
"61489","1","12/4/2013 12:00:00 AM"
"61490","1","12/4/2013 12:00:00 AM"
"61491","1","12/4/2013 12:00:00 AM"
"61492","2","12/4/2013 12:00:00 AM"
"61493","4","12/4/2013 12:00:00 AM"
"61494","1","12/4/2013 12:00:00 AM"
"61495","1","12/4/2013 12:00:00 AM"
"61496","1","12/4/2013 12:00:00 AM"
"61497","1","12/4/2013 12:00:00 AM"
"61498","1","12/4/2013 12:00:00 AM"
"61499","1","12/4/2013 12:00:00 AM"
"61500","1","12/4/2013 12:00:00 AM"
"61501","1","12/4/2013 12:00:00 AM"
"61502","1","12/4/2013 12:00:00 AM"
"61503","4","12/4/2013 12:00:00 AM"
"61504","1","12/4/2013 12:00:00 AM"
"61505","6","12/4/2013 12:00:00 AM"
"61507","1","12/4/2013 12:00:00 AM"
"61508","1","12/4/2013 12:00:00 AM"
"61509","1","12/4/2013 12:00:00 AM"
"61510","1","12/4/2013 12:00:00 AM"
"61511","1","12/4/2013 12:00:00 AM"
"61512","1","12/4/2013 12:00:00 AM"
"61513","1","12/4/2013 12:00:00 AM"
"61514","1","12/4/2013 12:00:00 AM"
"61515","1","12/4/2013 12:00:00 AM"
"61516","1","12/4/2013 12:00:00 AM"
"61517","4","12/4/2013 12:00:00 AM"
"61518","1","12/4/2013 12:00:00 AM"
"61519","1","12/4/2013 12:00:00 AM"
"61520","1","12/4/2013 12:00:00 AM"
"61521","1","12/4/2013 12:00:00 AM"
"61522","6","12/4/2013 12:00:00 AM"
"61523","1","12/4/2013 12:00:00 AM"
"61524","1","12/4/2013 12:00:00 AM"
"61525","1","12/4/2013 12:00:00 AM"
"61525","2","12/4/2013 12:00:00 AM"
"61529","1","12/4/2013 12:00:00 AM"
"61529","2","12/4/2013 12:00:00 AM"
"61531","1","12/4/2013 12:00:00 AM"
"61532","1","12/4/2013 12:00:00 AM"
"61533","1","12/4/2013 12:00:00 AM"
"61534","1","12/4/2013 12:00:00 AM"
"61535","1","12/4/2013 12:00:00 AM"
"61536","1","12/4/2013 12:00:00 AM"
"61537","1","12/4/2013 12:00:00 AM"
"61537","2","12/4/2013 12:00:00 AM"
"61538","1","12/4/2013 12:00:00 AM"
"61539","1","12/5/2013 12:00:00 AM"
"61540","1","12/5/2013 12:00:00 AM"
"61541","6","12/5/2013 12:00:00 AM"
"61542","1","12/5/2013 12:00:00 AM"
"61543","1","12/5/2013 12:00:00 AM"
"61544","1","12/5/2013 12:00:00 AM"
"61545","1","12/5/2013 12:00:00 AM"
"61546","1","12/5/2013 12:00:00 AM"
"61547","1","12/5/2013 12:00:00 AM"
"61548","1","12/5/2013 12:00:00 AM"
"61549","2","12/5/2013 12:00:00 AM"
"61550","1","12/5/2013 12:00:00 AM"
"61551","1","12/5/2013 12:00:00 AM"
"61552","1","12/5/2013 12:00:00 AM"
"61553","1","12/5/2013 12:00:00 AM"
"61554","1","12/5/2013 12:00:00 AM"
"61555","1","12/5/2013 12:00:00 AM"
"61555","10","12/5/2013 12:00:00 AM"
"61556","1","12/5/2013 12:00:00 AM"
"61557","4","12/5/2013 12:00:00 AM"
"61557","10","12/5/2013 12:00:00 AM"
"61558","1","12/5/2013 12:00:00 AM"
"61559","1","12/5/2013 12:00:00 AM"
"61560","1","12/5/2013 12:00:00 AM"
"61561","1","12/5/2013 12:00:00 AM"
"61562","1","12/5/2013 12:00:00 AM"
"61562","10","12/5/2013 12:00:00 AM"
"61563","1","12/5/2013 12:00:00 AM"
"61564","1","12/5/2013 12:00:00 AM"
"61565","1","12/5/2013 12:00:00 AM"
"61566","1","12/5/2013 12:00:00 AM"
"61567","1","12/5/2013 12:00:00 AM"
"61568","1","12/5/2013 12:00:00 AM"
"61569","1","12/5/2013 12:00:00 AM"
"61570","1","12/5/2013 12:00:00 AM"
"61571","1","12/5/2013 12:00:00 AM"
"61571","10","12/5/2013 12:00:00 AM"
"61572","1","12/5/2013 12:00:00 AM"
"61573","1","12/5/2013 12:00:00 AM"
"61574","1","12/5/2013 12:00:00 AM"
"61575","1","12/5/2013 12:00:00 AM"
"61576","1","12/5/2013 12:00:00 AM"
"61577","1","12/5/2013 12:00:00 AM"
"61577","10","12/5/2013 12:00:00 AM"
"61578","4","12/5/2013 12:00:00 AM"
"61579","1","12/5/2013 12:00:00 AM"
"61580","2","12/5/2013 12:00:00 AM"
"61581","1","12/5/2013 12:00:00 AM"
"61581","2","12/5/2013 12:00:00 AM"
"61586","1","12/5/2013 12:00:00 AM"
"61587","1","12/5/2013 12:00:00 AM"
"61589","1","12/5/2013 12:00:00 AM"
"61589","2","12/5/2013 12:00:00 AM"
"61591","1","12/5/2013 12:00:00 AM"
"61593","1","12/5/2013 12:00:00 AM"
"61594","1","12/5/2013 12:00:00 AM"
"61595","1","12/5/2013 12:00:00 AM"
"61595","2","12/5/2013 12:00:00 AM"
"61597","1","12/5/2013 12:00:00 AM"
"61598","1","12/6/2013 12:00:00 AM"
"61599","1","12/6/2013 12:00:00 AM"
"61600","4","12/6/2013 12:00:00 AM"
"61601","1","12/6/2013 12:00:00 AM"
"61602","1","12/6/2013 12:00:00 AM"
"61603","1","12/6/2013 12:00:00 AM"
"61604","1","12/6/2013 12:00:00 AM"
"61604","2","12/6/2013 12:00:00 AM"
"61605","1","12/6/2013 12:00:00 AM"
"61606","1","12/6/2013 12:00:00 AM"
"61607","1","12/6/2013 12:00:00 AM"
"61607","10","12/6/2013 12:00:00 AM"
"61608","1","12/6/2013 12:00:00 AM"
"61609","1","12/6/2013 12:00:00 AM"
"61610","1","12/6/2013 12:00:00 AM"
"61611","1","12/6/2013 12:00:00 AM"
"61612","1","12/6/2013 12:00:00 AM"
"61613","1","12/6/2013 12:00:00 AM"
"61614","1","12/6/2013 12:00:00 AM"
"61615","1","12/6/2013 12:00:00 AM"
"61616","1","12/6/2013 12:00:00 AM"
"61617","6","12/6/2013 12:00:00 AM"
"61618","1","12/6/2013 12:00:00 AM"
"61619","1","12/6/2013 12:00:00 AM"
"61620","1","12/6/2013 12:00:00 AM"
"61621","1","12/6/2013 12:00:00 AM"
"61622","1","12/6/2013 12:00:00 AM"
"61623","1","12/6/2013 12:00:00 AM"
"61624","1","12/6/2013 12:00:00 AM"
"61625","1","12/6/2013 12:00:00 AM"
"61625","10","12/6/2013 12:00:00 AM"
"61626","1","12/6/2013 12:00:00 AM"
"61627","1","12/6/2013 12:00:00 AM"
"61628","1","12/6/2013 12:00:00 AM"
"61629","1","12/6/2013 12:00:00 AM"
"61630","1","12/6/2013 12:00:00 AM"
"61631","1","12/6/2013 12:00:00 AM"
"61632","1","12/6/2013 12:00:00 AM"
"61633","1","12/6/2013 12:00:00 AM"
"61634","1","12/6/2013 12:00:00 AM"
"61634","2","12/6/2013 12:00:00 AM"
"61635","1","12/6/2013 12:00:00 AM"
"61636","1","12/6/2013 12:00:00 AM"
"61637","2","12/6/2013 12:00:00 AM"
"61638","1","12/6/2013 12:00:00 AM"
"61639","1","12/6/2013 12:00:00 AM"
"61640","1","12/6/2013 12:00:00 AM"
"61640","2","12/6/2013 12:00:00 AM"
"61641","1","12/6/2013 12:00:00 AM"
"61641","2","12/6/2013 12:00:00 AM"
"61642","1","12/6/2013 12:00:00 AM"
"61642","2","12/6/2013 12:00:00 AM"
"61643","1","12/6/2013 12:00:00 AM"
"61643","2","12/6/2013 12:00:00 AM"
"61644","1","12/6/2013 12:00:00 AM"
"61645","1","12/6/2013 12:00:00 AM"
"61646","1","12/6/2013 12:00:00 AM"
"61646","2","12/6/2013 12:00:00 AM"
"61646","10","12/6/2013 12:00:00 AM"
"61648","1","12/6/2013 12:00:00 AM"
"61648","2","12/6/2013 12:00:00 AM"
"61650","1","12/6/2013 12:00:00 AM"
"61651","1","12/6/2013 12:00:00 AM"
"61653","1","12/6/2013 12:00:00 AM"
"61654","1","12/6/2013 12:00:00 AM"
"61656","5","12/6/2013 12:00:00 AM"
"61657","1","12/7/2013 12:00:00 AM"
"61658","1","12/7/2013 12:00:00 AM"
"61658","10","12/7/2013 12:00:00 AM"
"61659","1","12/7/2013 12:00:00 AM"
"61660","1","12/7/2013 12:00:00 AM"
"61661","1","12/7/2013 12:00:00 AM"
"61662","1","12/7/2013 12:00:00 AM"
"61663","1","12/7/2013 12:00:00 AM"
"61664","1","12/7/2013 12:00:00 AM"
"61664","10","12/7/2013 12:00:00 AM"
"61665","1","12/7/2013 12:00:00 AM"
"61666","1","12/7/2013 12:00:00 AM"
"61667","1","12/7/2013 12:00:00 AM"
"61667","2","12/7/2013 12:00:00 AM"
"61668","1","12/7/2013 12:00:00 AM"
"61669","2","12/7/2013 12:00:00 AM"
"61670","1","12/7/2013 12:00:00 AM"
"61671","2","12/7/2013 12:00:00 AM"
"61672","1","12/7/2013 12:00:00 AM"
"61673","4","12/7/2013 12:00:00 AM"
"61674","1","12/7/2013 12:00:00 AM"
"61675","1","12/7/2013 12:00:00 AM"
"61676","1","12/7/2013 12:00:00 AM"
"61677","1","12/7/2013 12:00:00 AM"
"61678","1","12/7/2013 12:00:00 AM"
"61679","1","12/7/2013 12:00:00 AM"
"61680","1","12/7/2013 12:00:00 AM"
"61681","1","12/7/2013 12:00:00 AM"
"61682","1","12/7/2013 12:00:00 AM"
"61683","1","12/7/2013 12:00:00 AM"
"61684","1","12/7/2013 12:00:00 AM"
"61685","1","12/7/2013 12:00:00 AM"
"61686","1","12/7/2013 12:00:00 AM"
"61687","1","12/7/2013 12:00:00 AM"
"61688","1","12/7/2013 12:00:00 AM"
"61688","10","12/7/2013 12:00:00 AM"
"61689","1","12/7/2013 12:00:00 AM"
"61690","1","12/7/2013 12:00:00 AM"
"61691","1","12/7/2013 12:00:00 AM"
"61692","1","12/7/2013 12:00:00 AM"
"61693","1","12/7/2013 12:00:00 AM"
"61694","1","12/7/2013 12:00:00 AM"
"61695","4","12/7/2013 12:00:00 AM"
"61696","1","12/7/2013 12:00:00 AM"
"61697","1","12/7/2013 12:00:00 AM"
"61698","1","12/7/2013 12:00:00 AM"
"61699","1","12/7/2013 12:00:00 AM"
"61700","1","12/7/2013 12:00:00 AM"
"61701","1","12/7/2013 12:00:00 AM"
"61701","10","12/7/2013 12:00:00 AM"
"61702","1","12/7/2013 12:00:00 AM"
"61703","1","12/7/2013 12:00:00 AM"
"61704","1","12/7/2013 12:00:00 AM"
"61705","1","12/7/2013 12:00:00 AM"
"61706","1","12/7/2013 12:00:00 AM"
"61707","1","12/7/2013 12:00:00 AM"
"61708","1","12/7/2013 12:00:00 AM"
"61709","1","12/7/2013 12:00:00 AM"
"61710","2","12/7/2013 12:00:00 AM"
"61711","1","12/7/2013 12:00:00 AM"
"61712","2","12/7/2013 12:00:00 AM"
"61713","1","12/7/2013 12:00:00 AM"
"61713","2","12/7/2013 12:00:00 AM"
"61714","1","12/7/2013 12:00:00 AM"
"61715","1","12/7/2013 12:00:00 AM"
"61715","2","12/7/2013 12:00:00 AM"
"61716","1","12/7/2013 12:00:00 AM"
"61716","10","12/7/2013 12:00:00 AM"
"61717","1","12/7/2013 12:00:00 AM"
"61718","1","12/7/2013 12:00:00 AM"
"61719","1","12/7/2013 12:00:00 AM"
"61720","2","12/7/2013 12:00:00 AM"
"61721","2","12/7/2013 12:00:00 AM"
"61722","1","12/7/2013 12:00:00 AM"
"61723","1","12/7/2013 12:00:00 AM"
"61725","5","12/7/2013 12:00:00 AM"
"61727","6","12/7/2013 12:00:00 AM"
"61730","5","12/7/2013 12:00:00 AM"
"61731","1","12/7/2013 12:00:00 AM"
"61732","1","12/8/2013 12:00:00 AM"
"61733","1","12/8/2013 12:00:00 AM"
"61733","10","12/8/2013 12:00:00 AM"
"61735","1","12/8/2013 12:00:00 AM"
"61737","1","12/8/2013 12:00:00 AM"
"61738","1","12/8/2013 12:00:00 AM"
"61739","1","12/8/2013 12:00:00 AM"
"61740","4","12/8/2013 12:00:00 AM"
"61741","1","12/8/2013 12:00:00 AM"
"61742","1","12/8/2013 12:00:00 AM"
"61743","1","12/8/2013 12:00:00 AM"
"61744","1","12/8/2013 12:00:00 AM"
"61745","6","12/8/2013 12:00:00 AM"
"61746","1","12/8/2013 12:00:00 AM"
"61749","1","12/8/2013 12:00:00 AM"
"61750","1","12/8/2013 12:00:00 AM"
"61751","1","12/8/2013 12:00:00 AM"
"61752","1","12/8/2013 12:00:00 AM"
"61753","1","12/8/2013 12:00:00 AM"
"61754","1","12/8/2013 12:00:00 AM"
"61755","1","12/8/2013 12:00:00 AM"
"61756","1","12/8/2013 12:00:00 AM"
"61757","1","12/8/2013 12:00:00 AM"
"61757","10","12/8/2013 12:00:00 AM"
"61758","6","12/8/2013 12:00:00 AM"
"61759","1","12/8/2013 12:00:00 AM"
"61760","1","12/8/2013 12:00:00 AM"
"61761","1","12/8/2013 12:00:00 AM"
"61762","1","12/8/2013 12:00:00 AM"
"61763","1","12/8/2013 12:00:00 AM"
"61763","10","12/8/2013 12:00:00 AM"
"61764","1","12/8/2013 12:00:00 AM"
"61765","1","12/8/2013 12:00:00 AM"
"61767","1","12/8/2013 12:00:00 AM"
"61767","2","12/8/2013 12:00:00 AM"
"61768","1","12/8/2013 12:00:00 AM"
"61769","1","12/8/2013 12:00:00 AM"
"61770","1","12/8/2013 12:00:00 AM"
"61771","1","12/8/2013 12:00:00 AM"
"61772","1","12/8/2013 12:00:00 AM"
"61773","1","12/8/2013 12:00:00 AM"
"61774","1","12/8/2013 12:00:00 AM"
"61776","5","12/8/2013 12:00:00 AM"
"61777","1","12/8/2013 12:00:00 AM"
"61779","1","12/8/2013 12:00:00 AM"
"61779","2","12/8/2013 12:00:00 AM"
"61780","1","12/8/2013 12:00:00 AM"
"61782","1","12/8/2013 12:00:00 AM"
"61783","1","12/9/2013 12:00:00 AM"
"61784","1","12/9/2013 12:00:00 AM"
"61785","1","12/9/2013 12:00:00 AM"
"61786","1","12/9/2013 12:00:00 AM"
"61787","1","12/9/2013 12:00:00 AM"
"61788","1","12/9/2013 12:00:00 AM"
"61789","6","12/9/2013 12:00:00 AM"
"61790","1","12/9/2013 12:00:00 AM"
"61791","1","12/9/2013 12:00:00 AM"
"61792","1","12/9/2013 12:00:00 AM"
"61793","1","12/9/2013 12:00:00 AM"
"61794","2","12/9/2013 12:00:00 AM"
"61795","1","12/9/2013 12:00:00 AM"
"61796","1","12/9/2013 12:00:00 AM"
"61797","4","12/9/2013 12:00:00 AM"
"61798","1","12/9/2013 12:00:00 AM"
"61799","1","12/9/2013 12:00:00 AM"
"61800","1","12/9/2013 12:00:00 AM"
"61801","1","12/9/2013 12:00:00 AM"
"61802","1","12/9/2013 12:00:00 AM"
"61803","1","12/9/2013 12:00:00 AM"
"61804","1","12/9/2013 12:00:00 AM"
"61804","10","12/9/2013 12:00:00 AM"
"61805","1","12/9/2013 12:00:00 AM"
"61806","1","12/9/2013 12:00:00 AM"
"61807","1","12/9/2013 12:00:00 AM"
"61808","1","12/9/2013 12:00:00 AM"
"61809","1","12/9/2013 12:00:00 AM"
"61811","1","12/9/2013 12:00:00 AM"
"61812","1","12/9/2013 12:00:00 AM"
"61813","1","12/9/2013 12:00:00 AM"
"61814","1","12/9/2013 12:00:00 AM"
"61814","10","12/9/2013 12:00:00 AM"
"61815","1","12/9/2013 12:00:00 AM"
"61816","1","12/9/2013 12:00:00 AM"
"61817","1","12/9/2013 12:00:00 AM"
"61818","1","12/9/2013 12:00:00 AM"
"61818","10","12/9/2013 12:00:00 AM"
"61819","1","12/9/2013 12:00:00 AM"
"61820","1","12/9/2013 12:00:00 AM"
"61821","1","12/9/2013 12:00:00 AM"
"61822","1","12/9/2013 12:00:00 AM"
"61822","10","12/9/2013 12:00:00 AM"
"61823","1","12/9/2013 12:00:00 AM"
"61825","1","12/9/2013 12:00:00 AM"
"61826","1","12/9/2013 12:00:00 AM"
"61827","1","12/9/2013 12:00:00 AM"
"61828","1","12/9/2013 12:00:00 AM"
"61829","1","12/9/2013 12:00:00 AM"
"61830","1","12/9/2013 12:00:00 AM"
"61831","1","12/9/2013 12:00:00 AM"
"61832","1","12/9/2013 12:00:00 AM"
"61833","4","12/9/2013 12:00:00 AM"
"61834","1","12/9/2013 12:00:00 AM"
"61835","1","12/9/2013 12:00:00 AM"
"61835","10","12/9/2013 12:00:00 AM"
"61836","1","12/9/2013 12:00:00 AM"
"61837","1","12/9/2013 12:00:00 AM"
"61838","1","12/9/2013 12:00:00 AM"
"61839","2","12/9/2013 12:00:00 AM"
"61840","1","12/9/2013 12:00:00 AM"
"61840","2","12/9/2013 12:00:00 AM"
"61841","6","12/9/2013 12:00:00 AM"
"61842","1","12/9/2013 12:00:00 AM"
"61843","1","12/9/2013 12:00:00 AM"
"61843","2","12/9/2013 12:00:00 AM"
"61844","1","12/9/2013 12:00:00 AM"
"61844","2","12/9/2013 12:00:00 AM"
"61845","1","12/9/2013 12:00:00 AM"
"61846","5","12/9/2013 12:00:00 AM"
"61847","1","12/9/2013 12:00:00 AM"
"61847","2","12/9/2013 12:00:00 AM"
"61849","1","12/9/2013 12:00:00 AM"
"61851","1","12/9/2013 12:00:00 AM"
"61851","2","12/9/2013 12:00:00 AM"
"61852","1","12/9/2013 12:00:00 AM"
"61853","1","12/9/2013 12:00:00 AM"
"61854","1","12/9/2013 12:00:00 AM"
"61854","2","12/9/2013 12:00:00 AM"
"61855","5","12/9/2013 12:00:00 AM"
"61856","1","12/10/2013 12:00:00 AM"
"61857","4","12/10/2013 12:00:00 AM"
"61858","4","12/10/2013 12:00:00 AM"
"61859","6","12/10/2013 12:00:00 AM"
"61860","1","12/10/2013 12:00:00 AM"
"61861","2","12/10/2013 12:00:00 AM"
"61862","1","12/10/2013 12:00:00 AM"
"61863","1","12/10/2013 12:00:00 AM"
"61864","1","12/10/2013 12:00:00 AM"
"61865","1","12/10/2013 12:00:00 AM"
"61866","1","12/10/2013 12:00:00 AM"
"61867","1","12/10/2013 12:00:00 AM"
"61868","1","12/10/2013 12:00:00 AM"
"61869","4","12/10/2013 12:00:00 AM"
"61869","10","12/10/2013 12:00:00 AM"
"61870","1","12/10/2013 12:00:00 AM"
"61871","1","12/10/2013 12:00:00 AM"
"61872","1","12/10/2013 12:00:00 AM"
"61873","1","12/10/2013 12:00:00 AM"
"61874","1","12/10/2013 12:00:00 AM"
"61875","1","12/10/2013 12:00:00 AM"
"61876","1","12/10/2013 12:00:00 AM"
"61877","1","12/10/2013 12:00:00 AM"
"61878","6","12/10/2013 12:00:00 AM"
"61879","1","12/10/2013 12:00:00 AM"
"61880","6","12/10/2013 12:00:00 AM"
"61881","1","12/10/2013 12:00:00 AM"
"61882","1","12/10/2013 12:00:00 AM"
"61883","1","12/10/2013 12:00:00 AM"
"61884","1","12/10/2013 12:00:00 AM"
"61885","1","12/10/2013 12:00:00 AM"
"61886","1","12/10/2013 12:00:00 AM"
"61887","1","12/10/2013 12:00:00 AM"
"61888","1","12/10/2013 12:00:00 AM"
"61889","1","12/10/2013 12:00:00 AM"
"61890","1","12/10/2013 12:00:00 AM"
"61891","1","12/10/2013 12:00:00 AM"
"61892","1","12/10/2013 12:00:00 AM"
"61892","10","12/10/2013 12:00:00 AM"
"61893","1","12/10/2013 12:00:00 AM"
"61894","1","12/10/2013 12:00:00 AM"
"61895","1","12/10/2013 12:00:00 AM"
"61896","1","12/10/2013 12:00:00 AM"
"61897","1","12/10/2013 12:00:00 AM"
"61898","1","12/10/2013 12:00:00 AM"
"61899","1","12/10/2013 12:00:00 AM"
"61900","4","12/10/2013 12:00:00 AM"
"61901","2","12/10/2013 12:00:00 AM"
"61902","1","12/10/2013 12:00:00 AM"
"61903","1","12/10/2013 12:00:00 AM"
"61903","2","12/10/2013 12:00:00 AM"
"61904","1","12/10/2013 12:00:00 AM"
"61905","1","12/10/2013 12:00:00 AM"
"61906","1","12/10/2013 12:00:00 AM"
"61906","2","12/10/2013 12:00:00 AM"
"61907","2","12/10/2013 12:00:00 AM"
"61908","1","12/10/2013 12:00:00 AM"
"61910","2","12/10/2013 12:00:00 AM"
"61911","2","12/10/2013 12:00:00 AM"
"61912","1","12/10/2013 12:00:00 AM"
"61913","2","12/10/2013 12:00:00 AM"
"61914","5","12/10/2013 12:00:00 AM"
"61915","1","12/10/2013 12:00:00 AM"
"61918","1","12/10/2013 12:00:00 AM"
"61919","1","12/10/2013 12:00:00 AM"
"61920","1","12/10/2013 12:00:00 AM"
"61921","1","12/10/2013 12:00:00 AM"
"61922","1","12/11/2013 12:00:00 AM"
"61923","1","12/11/2013 12:00:00 AM"
"61924","1","12/11/2013 12:00:00 AM"
"61925","1","12/11/2013 12:00:00 AM"
"61926","4","12/11/2013 12:00:00 AM"
"61927","1","12/11/2013 12:00:00 AM"
"61928","4","12/11/2013 12:00:00 AM"
"61929","1","12/11/2013 12:00:00 AM"
"61930","1","12/11/2013 12:00:00 AM"
"61931","1","12/11/2013 12:00:00 AM"
"61932","1","12/11/2013 12:00:00 AM"
"61933","1","12/11/2013 12:00:00 AM"
"61934","1","12/11/2013 12:00:00 AM"
"61935","1","12/11/2013 12:00:00 AM"
"61936","1","12/11/2013 12:00:00 AM"
"61937","1","12/11/2013 12:00:00 AM"
"61938","1","12/11/2013 12:00:00 AM"
"61939","4","12/11/2013 12:00:00 AM"
"61939","10","12/11/2013 12:00:00 AM"
"61940","1","12/11/2013 12:00:00 AM"
"61941","1","12/11/2013 12:00:00 AM"
"61941","10","12/11/2013 12:00:00 AM"
"61942","1","12/11/2013 12:00:00 AM"
"61943","1","12/11/2013 12:00:00 AM"
"61945","1","12/11/2013 12:00:00 AM"
"61946","1","12/11/2013 12:00:00 AM"
"61947","1","12/11/2013 12:00:00 AM"
"61948","1","12/11/2013 12:00:00 AM"
"61949","1","12/11/2013 12:00:00 AM"
"61949","2","12/11/2013 12:00:00 AM"
"61950","1","12/11/2013 12:00:00 AM"
"61952","1","12/11/2013 12:00:00 AM"
"61953","1","12/11/2013 12:00:00 AM"
"61955","1","12/11/2013 12:00:00 AM"
"61956","1","12/11/2013 12:00:00 AM"
"61957","1","12/11/2013 12:00:00 AM"
"61958","1","12/11/2013 12:00:00 AM"
"61960","1","12/11/2013 12:00:00 AM"
"61961","1","12/11/2013 12:00:00 AM"
"61961","2","12/11/2013 12:00:00 AM"
"61962","1","12/11/2013 12:00:00 AM"
"61962","2","12/11/2013 12:00:00 AM"
"61964","1","12/11/2013 12:00:00 AM"
"61964","2","12/11/2013 12:00:00 AM"
"61965","6","12/11/2013 12:00:00 AM"
"61966","1","12/11/2013 12:00:00 AM"
"61967","1","12/11/2013 12:00:00 AM"
"61968","1","12/11/2013 12:00:00 AM"
"61969","1","12/11/2013 12:00:00 AM"
"61970","1","12/11/2013 12:00:00 AM"
"61971","1","12/11/2013 12:00:00 AM"
"61971","10","12/11/2013 12:00:00 AM"
"61972","1","12/12/2013 12:00:00 AM"
"61972","10","12/12/2013 12:00:00 AM"
"61973","1","12/12/2013 12:00:00 AM"
"61974","1","12/12/2013 12:00:00 AM"
"61975","1","12/12/2013 12:00:00 AM"
"61975","10","12/12/2013 12:00:00 AM"
"61976","1","12/12/2013 12:00:00 AM"
"61977","1","12/12/2013 12:00:00 AM"
"61978","1","12/12/2013 12:00:00 AM"
"61979","1","12/12/2013 12:00:00 AM"
"61980","1","12/12/2013 12:00:00 AM"
"61981","1","12/12/2013 12:00:00 AM"
"61982","1","12/12/2013 12:00:00 AM"
"61983","1","12/12/2013 12:00:00 AM"
"61984","1","12/12/2013 12:00:00 AM"
"61985","1","12/12/2013 12:00:00 AM"
"61986","1","12/12/2013 12:00:00 AM"
"61987","1","12/12/2013 12:00:00 AM"
"61988","1","12/12/2013 12:00:00 AM"
"61989","1","12/12/2013 12:00:00 AM"
"61990","1","12/12/2013 12:00:00 AM"
"61991","1","12/12/2013 12:00:00 AM"
"61992","1","12/12/2013 12:00:00 AM"
"61993","1","12/12/2013 12:00:00 AM"
"61994","1","12/12/2013 12:00:00 AM"
"61995","1","12/12/2013 12:00:00 AM"
"61996","1","12/12/2013 12:00:00 AM"
"61997","1","12/12/2013 12:00:00 AM"
"61998","4","12/12/2013 12:00:00 AM"
"61999","1","12/12/2013 12:00:00 AM"
"61999","10","12/12/2013 12:00:00 AM"
"62000","1","12/12/2013 12:00:00 AM"
"62001","2","12/12/2013 12:00:00 AM"
"62002","1","12/12/2013 12:00:00 AM"
"62003","1","12/12/2013 12:00:00 AM"
"62004","1","12/12/2013 12:00:00 AM"
"62004","2","12/12/2013 12:00:00 AM"
"62005","1","12/12/2013 12:00:00 AM"
"62006","1","12/12/2013 12:00:00 AM"
"62007","2","12/12/2013 12:00:00 AM"
"62009","1","12/12/2013 12:00:00 AM"
"62009","2","12/12/2013 12:00:00 AM"
"62010","1","12/12/2013 12:00:00 AM"
"62011","1","12/12/2013 12:00:00 AM"
"62011","2","12/12/2013 12:00:00 AM"
"62012","1","12/12/2013 12:00:00 AM"
"62013","1","12/12/2013 12:00:00 AM"
"62014","5","12/12/2013 12:00:00 AM"
"62016","1","12/12/2013 12:00:00 AM"
"62018","5","12/12/2013 12:00:00 AM"
"62020","1","12/12/2013 12:00:00 AM"
"62020","2","12/12/2013 12:00:00 AM"
"62021","1","12/12/2013 12:00:00 AM"
"62022","1","12/13/2013 12:00:00 AM"
"62022","10","12/13/2013 12:00:00 AM"
"62023","1","12/13/2013 12:00:00 AM"
"62024","1","12/13/2013 12:00:00 AM"
"62024","10","12/13/2013 12:00:00 AM"
"62025","4","12/13/2013 12:00:00 AM"
"62026","4","12/13/2013 12:00:00 AM"
"62027","4","12/13/2013 12:00:00 AM"
"62028","1","12/13/2013 12:00:00 AM"
"62029","1","12/13/2013 12:00:00 AM"
"62030","4","12/13/2013 12:00:00 AM"
"62031","1","12/13/2013 12:00:00 AM"
"62032","2","12/13/2013 12:00:00 AM"
"62034","1","12/13/2013 12:00:00 AM"
"62036","1","12/13/2013 12:00:00 AM"
"62037","1","12/13/2013 12:00:00 AM"
"62038","1","12/13/2013 12:00:00 AM"
"62038","10","12/13/2013 12:00:00 AM"
"62039","4","12/13/2013 12:00:00 AM"
"62039","10","12/13/2013 12:00:00 AM"
"62040","1","12/13/2013 12:00:00 AM"
"62041","1","12/13/2013 12:00:00 AM"
"62041","10","12/13/2013 12:00:00 AM"
"62042","1","12/13/2013 12:00:00 AM"
"62043","1","12/13/2013 12:00:00 AM"
"62044","1","12/13/2013 12:00:00 AM"
"62045","1","12/13/2013 12:00:00 AM"
"62045","10","12/13/2013 12:00:00 AM"
"62047","6","12/13/2013 12:00:00 AM"
"62048","1","12/13/2013 12:00:00 AM"
"62049","1","12/13/2013 12:00:00 AM"
"62050","1","12/13/2013 12:00:00 AM"
"62051","1","12/13/2013 12:00:00 AM"
"62051","10","12/13/2013 12:00:00 AM"
"62052","1","12/13/2013 12:00:00 AM"
"62053","1","12/13/2013 12:00:00 AM"
"62054","1","12/13/2013 12:00:00 AM"
"62054","10","12/13/2013 12:00:00 AM"
"62055","1","12/13/2013 12:00:00 AM"
"62056","4","12/13/2013 12:00:00 AM"
"62057","1","12/13/2013 12:00:00 AM"
"62058","1","12/13/2013 12:00:00 AM"
"62059","1","12/13/2013 12:00:00 AM"
"62060","1","12/13/2013 12:00:00 AM"
"62061","1","12/13/2013 12:00:00 AM"
"62062","1","12/13/2013 12:00:00 AM"
"62063","1","12/13/2013 12:00:00 AM"
"62064","1","12/13/2013 12:00:00 AM"
"62064","10","12/13/2013 12:00:00 AM"
"62065","4","12/13/2013 12:00:00 AM"
"62066","1","12/13/2013 12:00:00 AM"
"62066","2","12/13/2013 12:00:00 AM"
"62067","1","12/13/2013 12:00:00 AM"
"62068","1","12/13/2013 12:00:00 AM"
"62068","2","12/13/2013 12:00:00 AM"
"62069","1","12/13/2013 12:00:00 AM"
"62070","1","12/13/2013 12:00:00 AM"
"62071","2","12/13/2013 12:00:00 AM"
"62072","1","12/13/2013 12:00:00 AM"
"62073","1","12/13/2013 12:00:00 AM"
"62073","2","12/13/2013 12:00:00 AM"
"62075","1","12/13/2013 12:00:00 AM"
"62075","2","12/13/2013 12:00:00 AM"
"62076","1","12/13/2013 12:00:00 AM"
"62078","1","12/13/2013 12:00:00 AM"
"62079","1","12/13/2013 12:00:00 AM"
"62081","1","12/13/2013 12:00:00 AM"
"62082","1","12/13/2013 12:00:00 AM"
"62084","5","12/13/2013 12:00:00 AM"
"62085","5","12/13/2013 12:00:00 AM"
"62087","1","12/13/2013 12:00:00 AM"
"62088","1","12/14/2013 12:00:00 AM"
"62089","1","12/14/2013 12:00:00 AM"
"62089","10","12/14/2013 12:00:00 AM"
"62090","1","12/14/2013 12:00:00 AM"
"62091","1","12/14/2013 12:00:00 AM"
"62092","1","12/14/2013 12:00:00 AM"
"62093","1","12/14/2013 12:00:00 AM"
"62093","10","12/14/2013 12:00:00 AM"
"62094","4","12/14/2013 12:00:00 AM"
"62096","2","12/14/2013 12:00:00 AM"
"62097","1","12/14/2013 12:00:00 AM"
"62098","1","12/14/2013 12:00:00 AM"
"62099","1","12/14/2013 12:00:00 AM"
"62100","1","12/14/2013 12:00:00 AM"
"62101","1","12/14/2013 12:00:00 AM"
"62101","10","12/14/2013 12:00:00 AM"
"62102","1","12/14/2013 12:00:00 AM"
"62103","4","12/14/2013 12:00:00 AM"
"62104","1","12/14/2013 12:00:00 AM"
"62104","10","12/14/2013 12:00:00 AM"
"62105","1","12/14/2013 12:00:00 AM"
"62106","4","12/14/2013 12:00:00 AM"
"62107","1","12/14/2013 12:00:00 AM"
"62108","1","12/14/2013 12:00:00 AM"
"62110","6","12/14/2013 12:00:00 AM"
"62111","1","12/14/2013 12:00:00 AM"
"62112","1","12/14/2013 12:00:00 AM"
"62113","1","12/14/2013 12:00:00 AM"
"62114","1","12/14/2013 12:00:00 AM"
"62114","10","12/14/2013 12:00:00 AM"
"62115","1","12/14/2013 12:00:00 AM"
"62116","1","12/14/2013 12:00:00 AM"
"62117","1","12/14/2013 12:00:00 AM"
"62117","10","12/14/2013 12:00:00 AM"
"62118","1","12/14/2013 12:00:00 AM"
"62119","1","12/14/2013 12:00:00 AM"
"62120","1","12/14/2013 12:00:00 AM"
"62121","1","12/14/2013 12:00:00 AM"
"62122","1","12/14/2013 12:00:00 AM"
"62123","1","12/14/2013 12:00:00 AM"
"62124","1","12/14/2013 12:00:00 AM"
"62125","1","12/14/2013 12:00:00 AM"
"62126","1","12/14/2013 12:00:00 AM"
"62127","1","12/14/2013 12:00:00 AM"
"62128","1","12/14/2013 12:00:00 AM"
"62129","1","12/14/2013 12:00:00 AM"
"62130","1","12/14/2013 12:00:00 AM"
"62131","1","12/14/2013 12:00:00 AM"
"62132","1","12/14/2013 12:00:00 AM"
"62133","1","12/14/2013 12:00:00 AM"
"62133","2","12/14/2013 12:00:00 AM"
"62136","1","12/14/2013 12:00:00 AM"
"62137","6","12/14/2013 12:00:00 AM"
"62138","1","12/14/2013 12:00:00 AM"
"62138","2","12/14/2013 12:00:00 AM"
"62139","1","12/14/2013 12:00:00 AM"
"62140","1","12/14/2013 12:00:00 AM"
"62143","2","12/14/2013 12:00:00 AM"
"62144","1","12/14/2013 12:00:00 AM"
"62145","2","12/14/2013 12:00:00 AM"
"62147","1","12/14/2013 12:00:00 AM"
"62148","1","12/14/2013 12:00:00 AM"
"62148","2","12/14/2013 12:00:00 AM"
"62150","1","12/14/2013 12:00:00 AM"
"62151","1","12/14/2013 12:00:00 AM"
"62151","2","12/14/2013 12:00:00 AM"
"62154","6","12/14/2013 12:00:00 AM"
"62155","1","12/14/2013 12:00:00 AM"
"62155","2","12/14/2013 12:00:00 AM"
"62158","1","12/15/2013 12:00:00 AM"
"62159","1","12/15/2013 12:00:00 AM"
"62160","1","12/15/2013 12:00:00 AM"
"62160","10","12/15/2013 12:00:00 AM"
"62161","1","12/15/2013 12:00:00 AM"
"62161","10","12/15/2013 12:00:00 AM"
"62162","1","12/15/2013 12:00:00 AM"
"62163","1","12/15/2013 12:00:00 AM"
"62164","1","12/15/2013 12:00:00 AM"
"62165","1","12/15/2013 12:00:00 AM"
"62166","1","12/15/2013 12:00:00 AM"
"62167","1","12/15/2013 12:00:00 AM"
"62168","1","12/15/2013 12:00:00 AM"
"62168","10","12/15/2013 12:00:00 AM"
"62169","1","12/15/2013 12:00:00 AM"
"62170","1","12/15/2013 12:00:00 AM"
"62171","4","12/15/2013 12:00:00 AM"
"62171","10","12/15/2013 12:00:00 AM"
"62172","1","12/15/2013 12:00:00 AM"
"62174","1","12/15/2013 12:00:00 AM"
"62175","2","12/15/2013 12:00:00 AM"
"62176","1","12/15/2013 12:00:00 AM"
"62177","1","12/15/2013 12:00:00 AM"
"62179","4","12/15/2013 12:00:00 AM"
"62180","1","12/15/2013 12:00:00 AM"
"62181","1","12/15/2013 12:00:00 AM"
"62182","1","12/15/2013 12:00:00 AM"
"62183","1","12/15/2013 12:00:00 AM"
"62184","1","12/15/2013 12:00:00 AM"
"62185","1","12/15/2013 12:00:00 AM"
"62186","1","12/15/2013 12:00:00 AM"
"62187","1","12/15/2013 12:00:00 AM"
"62188","4","12/15/2013 12:00:00 AM"
"62188","10","12/15/2013 12:00:00 AM"
"62189","1","12/15/2013 12:00:00 AM"
"62190","1","12/15/2013 12:00:00 AM"
"62191","1","12/15/2013 12:00:00 AM"
"62192","1","12/15/2013 12:00:00 AM"
"62193","1","12/15/2013 12:00:00 AM"
"62194","1","12/15/2013 12:00:00 AM"
"62195","1","12/15/2013 12:00:00 AM"
"62196","1","12/15/2013 12:00:00 AM"
"62197","1","12/15/2013 12:00:00 AM"
"62198","1","12/15/2013 12:00:00 AM"
"62199","1","12/15/2013 12:00:00 AM"
"62200","1","12/15/2013 12:00:00 AM"
"62201","1","12/15/2013 12:00:00 AM"
"62202","1","12/15/2013 12:00:00 AM"
"62203","1","12/15/2013 12:00:00 AM"
"62204","1","12/15/2013 12:00:00 AM"
"62205","1","12/15/2013 12:00:00 AM"
"62206","4","12/15/2013 12:00:00 AM"
"62207","1","12/15/2013 12:00:00 AM"
"62208","1","12/15/2013 12:00:00 AM"
"62209","1","12/15/2013 12:00:00 AM"
"62210","1","12/15/2013 12:00:00 AM"
"62211","1","12/15/2013 12:00:00 AM"
"62213","1","12/15/2013 12:00:00 AM"
"62214","1","12/15/2013 12:00:00 AM"
"62214","2","12/15/2013 12:00:00 AM"
"62215","5","12/15/2013 12:00:00 AM"
"62216","1","12/15/2013 12:00:00 AM"
"62216","2","12/15/2013 12:00:00 AM"
"62217","6","12/15/2013 12:00:00 AM"
"62220","1","12/15/2013 12:00:00 AM"
"62221","2","12/15/2013 12:00:00 AM"
"62222","1","12/15/2013 12:00:00 AM"
"62224","1","12/15/2013 12:00:00 AM"
"62225","5","12/15/2013 12:00:00 AM"
"62226","1","12/15/2013 12:00:00 AM"
"62226","2","12/15/2013 12:00:00 AM"
"62227","1","12/15/2013 12:00:00 AM"
"62228","1","12/15/2013 12:00:00 AM"
"62229","1","12/15/2013 12:00:00 AM"
"62231","1","12/15/2013 12:00:00 AM"
"62232","1","12/15/2013 12:00:00 AM"
"62233","4","12/16/2013 12:00:00 AM"
"62234","1","12/16/2013 12:00:00 AM"
"62235","1","12/16/2013 12:00:00 AM"
"62237","1","12/16/2013 12:00:00 AM"
"62238","4","12/16/2013 12:00:00 AM"
"62239","1","12/16/2013 12:00:00 AM"
"62239","10","12/16/2013 12:00:00 AM"
"62241","1","12/16/2013 12:00:00 AM"
"62242","2","12/16/2013 12:00:00 AM"
"62243","1","12/16/2013 12:00:00 AM"
"62244","1","12/16/2013 12:00:00 AM"
"62245","1","12/16/2013 12:00:00 AM"
"62246","1","12/16/2013 12:00:00 AM"
"62247","1","12/16/2013 12:00:00 AM"
"62248","1","12/16/2013 12:00:00 AM"
"62250","4","12/16/2013 12:00:00 AM"
"62250","10","12/16/2013 12:00:00 AM"
"62251","1","12/16/2013 12:00:00 AM"
"62252","1","12/16/2013 12:00:00 AM"
"62253","1","12/16/2013 12:00:00 AM"
"62254","1","12/16/2013 12:00:00 AM"
"62255","1","12/16/2013 12:00:00 AM"
"62256","6","12/16/2013 12:00:00 AM"
"62257","1","12/16/2013 12:00:00 AM"
"62258","1","12/16/2013 12:00:00 AM"
"62259","1","12/16/2013 12:00:00 AM"
"62260","1","12/16/2013 12:00:00 AM"
"62261","1","12/16/2013 12:00:00 AM"
"62262","1","12/16/2013 12:00:00 AM"
"62263","1","12/16/2013 12:00:00 AM"
"62263","10","12/16/2013 12:00:00 AM"
"62264","1","12/16/2013 12:00:00 AM"
"62264","10","12/16/2013 12:00:00 AM"
"62265","1","12/16/2013 12:00:00 AM"
"62266","1","12/16/2013 12:00:00 AM"
"62267","1","12/16/2013 12:00:00 AM"
"62268","1","12/16/2013 12:00:00 AM"
"62269","1","12/16/2013 12:00:00 AM"
"62270","1","12/16/2013 12:00:00 AM"
"62271","1","12/16/2013 12:00:00 AM"
"62271","2","12/16/2013 12:00:00 AM"
"62272","1","12/16/2013 12:00:00 AM"
"62273","2","12/16/2013 12:00:00 AM"
"62276","1","12/16/2013 12:00:00 AM"
"62277","1","12/16/2013 12:00:00 AM"
"62279","1","12/16/2013 12:00:00 AM"
"62279","2","12/16/2013 12:00:00 AM"
"62280","6","12/16/2013 12:00:00 AM"
"62281","1","12/16/2013 12:00:00 AM"
"62282","1","12/16/2013 12:00:00 AM"
"62282","2","12/16/2013 12:00:00 AM"
"62283","1","12/16/2013 12:00:00 AM"
"62285","1","12/17/2013 12:00:00 AM"
"62286","1","12/17/2013 12:00:00 AM"
"62287","1","12/17/2013 12:00:00 AM"
"62287","10","12/17/2013 12:00:00 AM"
"62288","1","12/17/2013 12:00:00 AM"
"62289","1","12/17/2013 12:00:00 AM"
"62290","1","12/17/2013 12:00:00 AM"
"62291","1","12/17/2013 12:00:00 AM"
"62292","1","12/17/2013 12:00:00 AM"
"62292","10","12/17/2013 12:00:00 AM"
"62293","1","12/17/2013 12:00:00 AM"
"62293","10","12/17/2013 12:00:00 AM"
"62294","1","12/17/2013 12:00:00 AM"
"62294","2","12/17/2013 12:00:00 AM"
"62295","1","12/17/2013 12:00:00 AM"
"62296","4","12/17/2013 12:00:00 AM"
"62297","1","12/17/2013 12:00:00 AM"
"62298","1","12/17/2013 12:00:00 AM"
"62299","1","12/17/2013 12:00:00 AM"
"62300","1","12/17/2013 12:00:00 AM"
"62301","1","12/17/2013 12:00:00 AM"
"62302","1","12/17/2013 12:00:00 AM"
"62304","1","12/17/2013 12:00:00 AM"
"62305","4","12/17/2013 12:00:00 AM"
"62306","1","12/17/2013 12:00:00 AM"
"62307","1","12/17/2013 12:00:00 AM"
"62308","6","12/17/2013 12:00:00 AM"
"62309","1","12/17/2013 12:00:00 AM"
"62310","1","12/17/2013 12:00:00 AM"
"62311","1","12/17/2013 12:00:00 AM"
"62312","1","12/17/2013 12:00:00 AM"
"62313","1","12/17/2013 12:00:00 AM"
"62314","1","12/17/2013 12:00:00 AM"
"62315","1","12/17/2013 12:00:00 AM"
"62316","1","12/17/2013 12:00:00 AM"
"62316","10","12/17/2013 12:00:00 AM"
"62317","1","12/17/2013 12:00:00 AM"
"62318","1","12/17/2013 12:00:00 AM"
"62319","1","12/17/2013 12:00:00 AM"
"62319","10","12/17/2013 12:00:00 AM"
"62320","1","12/17/2013 12:00:00 AM"
"62321","1","12/17/2013 12:00:00 AM"
"62322","1","12/17/2013 12:00:00 AM"
"62323","1","12/17/2013 12:00:00 AM"
"62324","1","12/17/2013 12:00:00 AM"
"62325","1","12/17/2013 12:00:00 AM"
"62326","1","12/17/2013 12:00:00 AM"
"62327","1","12/17/2013 12:00:00 AM"
"62328","1","12/17/2013 12:00:00 AM"
"62329","1","12/17/2013 12:00:00 AM"
"62329","10","12/17/2013 12:00:00 AM"
"62330","1","12/17/2013 12:00:00 AM"
"62331","1","12/17/2013 12:00:00 AM"
"62332","6","12/17/2013 12:00:00 AM"
"62333","1","12/17/2013 12:00:00 AM"
"62334","1","12/17/2013 12:00:00 AM"
"62334","2","12/17/2013 12:00:00 AM"
"62336","1","12/17/2013 12:00:00 AM"
"62337","1","12/17/2013 12:00:00 AM"
"62337","2","12/17/2013 12:00:00 AM"
"62337","10","12/17/2013 12:00:00 AM"
"62340","1","12/17/2013 12:00:00 AM"
"62341","1","12/17/2013 12:00:00 AM"
"62343","5","12/17/2013 12:00:00 AM"
"62344","1","12/17/2013 12:00:00 AM"
"62347","1","12/18/2013 12:00:00 AM"
"62348","1","12/18/2013 12:00:00 AM"
"62349","1","12/18/2013 12:00:00 AM"
"62350","1","12/18/2013 12:00:00 AM"
"62351","1","12/18/2013 12:00:00 AM"
"62352","6","12/18/2013 12:00:00 AM"
"62353","1","12/18/2013 12:00:00 AM"
"62354","1","12/18/2013 12:00:00 AM"
"62355","1","12/18/2013 12:00:00 AM"
"62356","1","12/18/2013 12:00:00 AM"
"62357","1","12/18/2013 12:00:00 AM"
"62358","1","12/18/2013 12:00:00 AM"
"62359","1","12/18/2013 12:00:00 AM"
"62360","1","12/18/2013 12:00:00 AM"
"62361","1","12/18/2013 12:00:00 AM"
"62362","1","12/18/2013 12:00:00 AM"
"62363","1","12/18/2013 12:00:00 AM"
"62364","1","12/18/2013 12:00:00 AM"
"62364","10","12/18/2013 12:00:00 AM"
"62365","1","12/18/2013 12:00:00 AM"
"62366","1","12/18/2013 12:00:00 AM"
"62367","4","12/18/2013 12:00:00 AM"
"62368","1","12/18/2013 12:00:00 AM"
"62369","1","12/18/2013 12:00:00 AM"
"62370","1","12/18/2013 12:00:00 AM"
"62371","1","12/18/2013 12:00:00 AM"
"62372","1","12/18/2013 12:00:00 AM"
"62373","1","12/18/2013 12:00:00 AM"
"62374","1","12/18/2013 12:00:00 AM"
"62375","1","12/18/2013 12:00:00 AM"
"62376","1","12/18/2013 12:00:00 AM"
"62377","1","12/18/2013 12:00:00 AM"
"62378","1","12/18/2013 12:00:00 AM"
"62379","1","12/18/2013 12:00:00 AM"
"62379","2","12/18/2013 12:00:00 AM"
"62380","1","12/18/2013 12:00:00 AM"
"62381","1","12/18/2013 12:00:00 AM"
"62382","1","12/18/2013 12:00:00 AM"
"62384","1","12/18/2013 12:00:00 AM"
"62384","2","12/18/2013 12:00:00 AM"
"62385","1","12/18/2013 12:00:00 AM"
"62386","5","12/18/2013 12:00:00 AM"
"62387","1","12/18/2013 12:00:00 AM"
"62388","1","12/18/2013 12:00:00 AM"
"62388","2","12/18/2013 12:00:00 AM"
"62391","1","12/18/2013 12:00:00 AM"
"62392","1","12/18/2013 12:00:00 AM"
"62393","2","12/18/2013 12:00:00 AM"
"62394","1","12/18/2013 12:00:00 AM"
"62395","1","12/18/2013 12:00:00 AM"
"62396","4","12/19/2013 12:00:00 AM"
"62397","1","12/19/2013 12:00:00 AM"
"62398","1","12/19/2013 12:00:00 AM"
"62399","4","12/19/2013 12:00:00 AM"
"62400","1","12/19/2013 12:00:00 AM"
"62401","1","12/19/2013 12:00:00 AM"
"62402","1","12/19/2013 12:00:00 AM"
"62403","1","12/19/2013 12:00:00 AM"
"62404","1","12/19/2013 12:00:00 AM"
"62405","1","12/19/2013 12:00:00 AM"
"62407","1","12/19/2013 12:00:00 AM"
"62408","1","12/19/2013 12:00:00 AM"
"62409","1","12/19/2013 12:00:00 AM"
"62410","1","12/19/2013 12:00:00 AM"
"62411","2","12/19/2013 12:00:00 AM"
"62412","1","12/19/2013 12:00:00 AM"
"62413","1","12/19/2013 12:00:00 AM"
"62414","1","12/19/2013 12:00:00 AM"
"62415","1","12/19/2013 12:00:00 AM"
"62416","1","12/19/2013 12:00:00 AM"
"62417","1","12/19/2013 12:00:00 AM"
"62418","1","12/19/2013 12:00:00 AM"
"62419","1","12/19/2013 12:00:00 AM"
"62420","1","12/19/2013 12:00:00 AM"
"62421","1","12/19/2013 12:00:00 AM"
"62422","1","12/19/2013 12:00:00 AM"
"62423","1","12/19/2013 12:00:00 AM"
"62424","1","12/19/2013 12:00:00 AM"
"62425","1","12/19/2013 12:00:00 AM"
"62426","1","12/19/2013 12:00:00 AM"
"62427","1","12/19/2013 12:00:00 AM"
"62428","1","12/19/2013 12:00:00 AM"
"62429","1","12/19/2013 12:00:00 AM"
"62429","10","12/19/2013 12:00:00 AM"
"62430","1","12/19/2013 12:00:00 AM"
"62431","1","12/19/2013 12:00:00 AM"
"62432","1","12/19/2013 12:00:00 AM"
"62433","1","12/19/2013 12:00:00 AM"
"62434","1","12/19/2013 12:00:00 AM"
"62435","1","12/19/2013 12:00:00 AM"
"62436","1","12/19/2013 12:00:00 AM"
"62436","10","12/19/2013 12:00:00 AM"
"62437","1","12/19/2013 12:00:00 AM"
"62438","1","12/19/2013 12:00:00 AM"
"62439","1","12/19/2013 12:00:00 AM"
"62440","4","12/19/2013 12:00:00 AM"
"62441","1","12/19/2013 12:00:00 AM"
"62442","1","12/19/2013 12:00:00 AM"
"62442","2","12/19/2013 12:00:00 AM"
"62443","1","12/19/2013 12:00:00 AM"
"62445","1","12/19/2013 12:00:00 AM"
"62445","2","12/19/2013 12:00:00 AM"
"62446","1","12/19/2013 12:00:00 AM"
"62447","1","12/19/2013 12:00:00 AM"
"62448","1","12/19/2013 12:00:00 AM"
"62449","1","12/19/2013 12:00:00 AM"
"62450","1","12/19/2013 12:00:00 AM"
"62451","1","12/19/2013 12:00:00 AM"
"62451","2","12/19/2013 12:00:00 AM"
"62452","1","12/19/2013 12:00:00 AM"
"62453","2","12/19/2013 12:00:00 AM"
"62454","2","12/19/2013 12:00:00 AM"
"62455","1","12/19/2013 12:00:00 AM"
"62458","1","12/19/2013 12:00:00 AM"
"62458","2","12/19/2013 12:00:00 AM"
"62459","2","12/19/2013 12:00:00 AM"
"62460","1","12/19/2013 12:00:00 AM"
"62460","2","12/19/2013 12:00:00 AM"
"62462","1","12/19/2013 12:00:00 AM"
"62462","2","12/19/2013 12:00:00 AM"
"62462","10","12/19/2013 12:00:00 AM"
"62463","1","12/19/2013 12:00:00 AM"
"62464","1","12/19/2013 12:00:00 AM"
"62464","2","12/19/2013 12:00:00 AM"
"62466","1","12/19/2013 12:00:00 AM"
"62466","2","12/19/2013 12:00:00 AM"
"62466","10","12/19/2013 12:00:00 AM"
"62467","1","12/19/2013 12:00:00 AM"
"62469","1","12/19/2013 12:00:00 AM"
"62471","1","12/20/2013 12:00:00 AM"
"62472","1","12/20/2013 12:00:00 AM"
"62473","4","12/20/2013 12:00:00 AM"
"62474","1","12/20/2013 12:00:00 AM"
"62475","1","12/20/2013 12:00:00 AM"
"62475","10","12/20/2013 12:00:00 AM"
"62476","1","12/20/2013 12:00:00 AM"
"62477","1","12/20/2013 12:00:00 AM"
"62478","1","12/20/2013 12:00:00 AM"
"62479","1","12/20/2013 12:00:00 AM"
"62480","1","12/20/2013 12:00:00 AM"
"62483","4","12/20/2013 12:00:00 AM"
"62484","4","12/20/2013 12:00:00 AM"
"62485","1","12/20/2013 12:00:00 AM"
"62486","1","12/20/2013 12:00:00 AM"
"62487","1","12/20/2013 12:00:00 AM"
"62488","1","12/20/2013 12:00:00 AM"
"62489","1","12/20/2013 12:00:00 AM"
"62490","1","12/20/2013 12:00:00 AM"
"62491","1","12/20/2013 12:00:00 AM"
"62492","6","12/20/2013 12:00:00 AM"
"62493","1","12/20/2013 12:00:00 AM"
"62494","1","12/20/2013 12:00:00 AM"
"62495","1","12/20/2013 12:00:00 AM"
"62495","10","12/20/2013 12:00:00 AM"
"62496","1","12/20/2013 12:00:00 AM"
"62497","6","12/20/2013 12:00:00 AM"
"62498","1","12/20/2013 12:00:00 AM"
"62499","4","12/20/2013 12:00:00 AM"
"62499","10","12/20/2013 12:00:00 AM"
"62500","1","12/20/2013 12:00:00 AM"
"62501","1","12/20/2013 12:00:00 AM"
"62502","1","12/20/2013 12:00:00 AM"
"62503","1","12/20/2013 12:00:00 AM"
"62504","1","12/20/2013 12:00:00 AM"
"62505","1","12/20/2013 12:00:00 AM"
"62506","1","12/20/2013 12:00:00 AM"
"62507","1","12/20/2013 12:00:00 AM"
"62507","10","12/20/2013 12:00:00 AM"
"62508","1","12/20/2013 12:00:00 AM"
"62509","1","12/20/2013 12:00:00 AM"
"62510","1","12/20/2013 12:00:00 AM"
"62511","1","12/20/2013 12:00:00 AM"
"62513","2","12/20/2013 12:00:00 AM"
"62514","1","12/20/2013 12:00:00 AM"
"62515","1","12/20/2013 12:00:00 AM"
"62515","2","12/20/2013 12:00:00 AM"
"62516","1","12/20/2013 12:00:00 AM"
"62517","6","12/20/2013 12:00:00 AM"
"62518","1","12/20/2013 12:00:00 AM"
"62518","2","12/20/2013 12:00:00 AM"
"62519","1","12/20/2013 12:00:00 AM"
"62519","2","12/20/2013 12:00:00 AM"
"62520","1","12/20/2013 12:00:00 AM"
"62522","2","12/20/2013 12:00:00 AM"
"62524","1","12/20/2013 12:00:00 AM"
"62525","1","12/20/2013 12:00:00 AM"
"62527","1","12/20/2013 12:00:00 AM"
"62530","5","12/20/2013 12:00:00 AM"
"62531","1","12/21/2013 12:00:00 AM"
"62532","4","12/21/2013 12:00:00 AM"
"62533","4","12/21/2013 12:00:00 AM"
"62534","1","12/21/2013 12:00:00 AM"
"62535","1","12/21/2013 12:00:00 AM"
"62536","2","12/21/2013 12:00:00 AM"
"62537","1","12/21/2013 12:00:00 AM"
"62538","1","12/21/2013 12:00:00 AM"
"62539","2","12/21/2013 12:00:00 AM"
"62540","1","12/21/2013 12:00:00 AM"
"62541","1","12/21/2013 12:00:00 AM"
"62541","2","12/21/2013 12:00:00 AM"
"62542","4","12/21/2013 12:00:00 AM"
"62543","1","12/21/2013 12:00:00 AM"
"62544","1","12/21/2013 12:00:00 AM"
"62545","1","12/21/2013 12:00:00 AM"
"62547","1","12/21/2013 12:00:00 AM"
"62548","1","12/21/2013 12:00:00 AM"
"62549","1","12/21/2013 12:00:00 AM"
"62551","4","12/21/2013 12:00:00 AM"
"62551","10","12/21/2013 12:00:00 AM"
"62552","1","12/21/2013 12:00:00 AM"
"62552","10","12/21/2013 12:00:00 AM"
"62553","1","12/21/2013 12:00:00 AM"
"62554","1","12/21/2013 12:00:00 AM"
"62555","1","12/21/2013 12:00:00 AM"
"62555","10","12/21/2013 12:00:00 AM"
"62556","1","12/21/2013 12:00:00 AM"
"62557","1","12/21/2013 12:00:00 AM"
"62558","1","12/21/2013 12:00:00 AM"
"62559","1","12/21/2013 12:00:00 AM"
"62560","1","12/21/2013 12:00:00 AM"
"62562","1","12/21/2013 12:00:00 AM"
"62563","1","12/21/2013 12:00:00 AM"
"62564","1","12/21/2013 12:00:00 AM"
"62565","1","12/21/2013 12:00:00 AM"
"62565","2","12/21/2013 12:00:00 AM"
"62566","1","12/21/2013 12:00:00 AM"
"62567","1","12/21/2013 12:00:00 AM"
"62568","5","12/21/2013 12:00:00 AM"
"62569","1","12/21/2013 12:00:00 AM"
"62570","5","12/21/2013 12:00:00 AM"
"62572","1","12/21/2013 12:00:00 AM"
"62574","1","12/21/2013 12:00:00 AM"
"62575","1","12/21/2013 12:00:00 AM"
"62576","2","12/21/2013 12:00:00 AM"
"62577","1","12/21/2013 12:00:00 AM"
"62579","1","12/21/2013 12:00:00 AM"
"62581","1","12/22/2013 12:00:00 AM"
"62581","10","12/22/2013 12:00:00 AM"
"62582","1","12/22/2013 12:00:00 AM"
"62583","1","12/22/2013 12:00:00 AM"
"62584","1","12/22/2013 12:00:00 AM"
"62585","1","12/22/2013 12:00:00 AM"
"62586","2","12/22/2013 12:00:00 AM"
"62587","1","12/22/2013 12:00:00 AM"
"62588","1","12/22/2013 12:00:00 AM"
"62588","2","12/22/2013 12:00:00 AM"
"62589","1","12/22/2013 12:00:00 AM"
"62589","2","12/22/2013 12:00:00 AM"
"62590","1","12/22/2013 12:00:00 AM"
"62591","1","12/22/2013 12:00:00 AM"
"62592","1","12/22/2013 12:00:00 AM"
"62593","1","12/22/2013 12:00:00 AM"
"62594","1","12/22/2013 12:00:00 AM"
"62595","1","12/22/2013 12:00:00 AM"
"62596","4","12/22/2013 12:00:00 AM"
"62596","10","12/22/2013 12:00:00 AM"
"62597","1","12/22/2013 12:00:00 AM"
"62598","1","12/22/2013 12:00:00 AM"
"62599","1","12/22/2013 12:00:00 AM"
"62600","1","12/22/2013 12:00:00 AM"
"62601","1","12/22/2013 12:00:00 AM"
"62602","1","12/22/2013 12:00:00 AM"
"62603","1","12/22/2013 12:00:00 AM"
"62604","1","12/22/2013 12:00:00 AM"
"62605","1","12/22/2013 12:00:00 AM"
"62606","1","12/22/2013 12:00:00 AM"
"62608","1","12/22/2013 12:00:00 AM"
"62609","1","12/22/2013 12:00:00 AM"
"62610","1","12/22/2013 12:00:00 AM"
"62611","1","12/22/2013 12:00:00 AM"
"62612","1","12/22/2013 12:00:00 AM"
"62613","1","12/22/2013 12:00:00 AM"
"62616","1","12/22/2013 12:00:00 AM"
"62617","1","12/22/2013 12:00:00 AM"
"62617","2","12/22/2013 12:00:00 AM"
"62618","1","12/22/2013 12:00:00 AM"
"62618","2","12/22/2013 12:00:00 AM"
"62619","1","12/22/2013 12:00:00 AM"
"62619","2","12/22/2013 12:00:00 AM"
"62620","1","12/22/2013 12:00:00 AM"
"62621","1","12/22/2013 12:00:00 AM"
"62621","2","12/22/2013 12:00:00 AM"
"62622","1","12/22/2013 12:00:00 AM"
"62623","1","12/22/2013 12:00:00 AM"
"62624","1","12/22/2013 12:00:00 AM"
"62625","1","12/22/2013 12:00:00 AM"
"62626","5","12/22/2013 12:00:00 AM"
"62628","1","12/23/2013 12:00:00 AM"
"62629","1","12/23/2013 12:00:00 AM"
"62630","1","12/23/2013 12:00:00 AM"
"62631","1","12/23/2013 12:00:00 AM"
"62632","6","12/23/2013 12:00:00 AM"
"62633","6","12/23/2013 12:00:00 AM"
"62634","1","12/23/2013 12:00:00 AM"
"62634","10","12/23/2013 12:00:00 AM"
"62635","1","12/23/2013 12:00:00 AM"
"62636","1","12/23/2013 12:00:00 AM"
"62637","1","12/23/2013 12:00:00 AM"
"62638","2","12/23/2013 12:00:00 AM"
"62639","1","12/23/2013 12:00:00 AM"
"62639","2","12/23/2013 12:00:00 AM"
"62640","1","12/23/2013 12:00:00 AM"
"62641","1","12/23/2013 12:00:00 AM"
"62642","1","12/23/2013 12:00:00 AM"
"62643","1","12/23/2013 12:00:00 AM"
"62644","1","12/23/2013 12:00:00 AM"
"62645","1","12/23/2013 12:00:00 AM"
"62646","1","12/23/2013 12:00:00 AM"
"62647","4","12/23/2013 12:00:00 AM"
"62647","10","12/23/2013 12:00:00 AM"
"62648","1","12/23/2013 12:00:00 AM"
"62649","6","12/23/2013 12:00:00 AM"
"62650","1","12/23/2013 12:00:00 AM"
"62651","1","12/23/2013 12:00:00 AM"
"62652","1","12/23/2013 12:00:00 AM"
"62653","1","12/23/2013 12:00:00 AM"
"62654","1","12/23/2013 12:00:00 AM"
"62655","1","12/23/2013 12:00:00 AM"
"62656","1","12/23/2013 12:00:00 AM"
"62657","1","12/23/2013 12:00:00 AM"
"62657","10","12/23/2013 12:00:00 AM"
"62658","1","12/23/2013 12:00:00 AM"
"62659","1","12/23/2013 12:00:00 AM"
"62660","1","12/23/2013 12:00:00 AM"
"62661","1","12/23/2013 12:00:00 AM"
"62662","1","12/23/2013 12:00:00 AM"
"62663","1","12/23/2013 12:00:00 AM"
"62664","1","12/23/2013 12:00:00 AM"
"62664","2","12/23/2013 12:00:00 AM"
"62665","1","12/23/2013 12:00:00 AM"
"62666","1","12/23/2013 12:00:00 AM"
"62667","1","12/23/2013 12:00:00 AM"
"62668","1","12/23/2013 12:00:00 AM"
"62669","5","12/23/2013 12:00:00 AM"
"62670","6","12/23/2013 12:00:00 AM"
"62671","1","12/23/2013 12:00:00 AM"
"62672","1","12/23/2013 12:00:00 AM"
"62673","2","12/23/2013 12:00:00 AM"
"62674","2","12/23/2013 12:00:00 AM"
"62675","1","12/23/2013 12:00:00 AM"
"62676","1","12/23/2013 12:00:00 AM"
"62677","1","12/23/2013 12:00:00 AM"
"62678","1","12/23/2013 12:00:00 AM"
"62679","5","12/23/2013 12:00:00 AM"
"62680","1","12/23/2013 12:00:00 AM"
"62680","10","12/23/2013 12:00:00 AM"
"62681","1","12/23/2013 12:00:00 AM"
"62681","2","12/23/2013 12:00:00 AM"
"62682","1","12/23/2013 12:00:00 AM"
"62684","1","12/23/2013 12:00:00 AM"
"62684","2","12/23/2013 12:00:00 AM"
"62685","1","12/23/2013 12:00:00 AM"
"62685","10","12/23/2013 12:00:00 AM"
"62686","1","12/23/2013 12:00:00 AM"
"62687","6","12/23/2013 12:00:00 AM"
"62689","1","12/23/2013 12:00:00 AM"
"62690","1","12/23/2013 12:00:00 AM"
"62690","2","12/23/2013 12:00:00 AM"
"62691","5","12/23/2013 12:00:00 AM"
"62692","1","12/23/2013 12:00:00 AM"
"62693","1","12/23/2013 12:00:00 AM"
"62694","1","12/23/2013 12:00:00 AM"
"62694","2","12/23/2013 12:00:00 AM"
"62694","10","12/23/2013 12:00:00 AM"
"62695","1","12/24/2013 12:00:00 AM"
"62696","1","12/24/2013 12:00:00 AM"
"62697","1","12/24/2013 12:00:00 AM"
"62698","1","12/24/2013 12:00:00 AM"
"62699","1","12/24/2013 12:00:00 AM"
"62700","1","12/24/2013 12:00:00 AM"
"62702","1","12/24/2013 12:00:00 AM"
"62703","2","12/24/2013 12:00:00 AM"
"62704","4","12/24/2013 12:00:00 AM"
"62705","1","12/24/2013 12:00:00 AM"
"62706","1","12/24/2013 12:00:00 AM"
"62707","1","12/24/2013 12:00:00 AM"
"62708","1","12/24/2013 12:00:00 AM"
"62709","1","12/24/2013 12:00:00 AM"
"62710","4","12/24/2013 12:00:00 AM"
"62711","1","12/24/2013 12:00:00 AM"
"62712","1","12/24/2013 12:00:00 AM"
"62713","1","12/24/2013 12:00:00 AM"
"62714","6","12/24/2013 12:00:00 AM"
"62715","1","12/24/2013 12:00:00 AM"
"62716","1","12/24/2013 12:00:00 AM"
"62717","1","12/24/2013 12:00:00 AM"
"62718","1","12/24/2013 12:00:00 AM"
"62718","10","12/24/2013 12:00:00 AM"
"62719","1","12/24/2013 12:00:00 AM"
"62720","1","12/24/2013 12:00:00 AM"
"62721","1","12/24/2013 12:00:00 AM"
"62722","1","12/24/2013 12:00:00 AM"
"62723","1","12/24/2013 12:00:00 AM"
"62724","1","12/24/2013 12:00:00 AM"
"62725","1","12/24/2013 12:00:00 AM"
"62726","1","12/24/2013 12:00:00 AM"
"62727","1","12/24/2013 12:00:00 AM"
"62728","1","12/24/2013 12:00:00 AM"
"62729","1","12/24/2013 12:00:00 AM"
"62730","1","12/24/2013 12:00:00 AM"
"62731","1","12/24/2013 12:00:00 AM"
"62731","10","12/24/2013 12:00:00 AM"
"62732","1","12/24/2013 12:00:00 AM"
"62733","1","12/24/2013 12:00:00 AM"
"62734","1","12/24/2013 12:00:00 AM"
"62735","1","12/24/2013 12:00:00 AM"
"62736","6","12/24/2013 12:00:00 AM"
"62737","1","12/24/2013 12:00:00 AM"
"62738","6","12/24/2013 12:00:00 AM"
"62739","2","12/24/2013 12:00:00 AM"
"62740","1","12/24/2013 12:00:00 AM"
"62742","5","12/24/2013 12:00:00 AM"
"62743","1","12/24/2013 12:00:00 AM"
"62743","2","12/24/2013 12:00:00 AM"
"62744","1","12/24/2013 12:00:00 AM"
"62744","10","12/24/2013 12:00:00 AM"
"62745","1","12/24/2013 12:00:00 AM"
"62746","1","12/24/2013 12:00:00 AM"
"62748","1","12/24/2013 12:00:00 AM"
"62748","2","12/24/2013 12:00:00 AM"
"62748","10","12/24/2013 12:00:00 AM"
"62749","2","12/24/2013 12:00:00 AM"
"62751","1","12/25/2013 12:00:00 AM"
"62752","1","12/25/2013 12:00:00 AM"
"62753","1","12/25/2013 12:00:00 AM"
"62754","4","12/25/2013 12:00:00 AM"
"62755","1","12/25/2013 12:00:00 AM"
"62755","10","12/25/2013 12:00:00 AM"
"62756","1","12/25/2013 12:00:00 AM"
"62757","1","12/25/2013 12:00:00 AM"
"62758","1","12/25/2013 12:00:00 AM"
"62759","1","12/25/2013 12:00:00 AM"
"62759","10","12/25/2013 12:00:00 AM"
"62760","1","12/25/2013 12:00:00 AM"
"62761","1","12/25/2013 12:00:00 AM"
"62762","6","12/25/2013 12:00:00 AM"
"62763","1","12/25/2013 12:00:00 AM"
"62764","6","12/25/2013 12:00:00 AM"
"62766","1","12/25/2013 12:00:00 AM"
"62766","2","12/25/2013 12:00:00 AM"
"62768","2","12/25/2013 12:00:00 AM"
"62770","1","12/25/2013 12:00:00 AM"
"62771","1","12/25/2013 12:00:00 AM"
"62772","1","12/25/2013 12:00:00 AM"
"62773","1","12/25/2013 12:00:00 AM"
"62774","1","12/25/2013 12:00:00 AM"
"62775","1","12/25/2013 12:00:00 AM"
"62776","1","12/25/2013 12:00:00 AM"
"62777","1","12/25/2013 12:00:00 AM"
"62778","1","12/25/2013 12:00:00 AM"
"62779","1","12/25/2013 12:00:00 AM"
"62780","1","12/25/2013 12:00:00 AM"
"62781","1","12/25/2013 12:00:00 AM"
"62782","1","12/25/2013 12:00:00 AM"
"62783","1","12/25/2013 12:00:00 AM"
"62784","1","12/25/2013 12:00:00 AM"
"62785","1","12/25/2013 12:00:00 AM"
"62786","1","12/25/2013 12:00:00 AM"
"62786","10","12/25/2013 12:00:00 AM"
"62787","6","12/25/2013 12:00:00 AM"
"62788","1","12/25/2013 12:00:00 AM"
"62789","1","12/25/2013 12:00:00 AM"
"62790","1","12/25/2013 12:00:00 AM"
"62791","1","12/25/2013 12:00:00 AM"
"62792","1","12/25/2013 12:00:00 AM"
"62793","1","12/25/2013 12:00:00 AM"
"62794","1","12/25/2013 12:00:00 AM"
"62795","1","12/25/2013 12:00:00 AM"
"62796","1","12/25/2013 12:00:00 AM"
"62797","1","12/25/2013 12:00:00 AM"
"62798","1","12/25/2013 12:00:00 AM"
"62799","1","12/25/2013 12:00:00 AM"
"62800","1","12/25/2013 12:00:00 AM"
"62801","1","12/25/2013 12:00:00 AM"
"62802","1","12/25/2013 12:00:00 AM"
"62803","1","12/25/2013 12:00:00 AM"
"62804","1","12/25/2013 12:00:00 AM"
"62807","1","12/25/2013 12:00:00 AM"
"62808","1","12/25/2013 12:00:00 AM"
"62809","1","12/25/2013 12:00:00 AM"
"62809","2","12/25/2013 12:00:00 AM"
"62811","1","12/25/2013 12:00:00 AM"
"62811","2","12/25/2013 12:00:00 AM"
"62813","1","12/25/2013 12:00:00 AM"
"62813","2","12/25/2013 12:00:00 AM"
"62813","10","12/25/2013 12:00:00 AM"
"62814","1","12/25/2013 12:00:00 AM"
"62814","2","12/25/2013 12:00:00 AM"
"62816","2","12/25/2013 12:00:00 AM"
"62819","1","12/25/2013 12:00:00 AM"
"62820","1","12/26/2013 12:00:00 AM"
"62821","1","12/26/2013 12:00:00 AM"
"62822","1","12/26/2013 12:00:00 AM"
"62823","4","12/26/2013 12:00:00 AM"
"62824","1","12/26/2013 12:00:00 AM"
"62825","1","12/26/2013 12:00:00 AM"
"62825","2","12/26/2013 12:00:00 AM"
"62826","1","12/26/2013 12:00:00 AM"
"62826","2","12/26/2013 12:00:00 AM"
"62827","1","12/26/2013 12:00:00 AM"
"62828","1","12/26/2013 12:00:00 AM"
"62829","1","12/26/2013 12:00:00 AM"
"62830","1","12/26/2013 12:00:00 AM"
"62831","1","12/26/2013 12:00:00 AM"
"62832","1","12/26/2013 12:00:00 AM"
"62833","1","12/26/2013 12:00:00 AM"
"62834","1","12/26/2013 12:00:00 AM"
"62836","1","12/26/2013 12:00:00 AM"
"62837","1","12/26/2013 12:00:00 AM"
"62838","1","12/26/2013 12:00:00 AM"
"62839","1","12/26/2013 12:00:00 AM"
"62840","1","12/26/2013 12:00:00 AM"
"62841","1","12/26/2013 12:00:00 AM"
"62841","10","12/26/2013 12:00:00 AM"
"62842","1","12/26/2013 12:00:00 AM"
"62843","1","12/26/2013 12:00:00 AM"
"62844","1","12/26/2013 12:00:00 AM"
"62845","1","12/26/2013 12:00:00 AM"
"62846","1","12/26/2013 12:00:00 AM"
"62846","10","12/26/2013 12:00:00 AM"
"62847","1","12/26/2013 12:00:00 AM"
"62847","10","12/26/2013 12:00:00 AM"
"62848","1","12/26/2013 12:00:00 AM"
"62848","10","12/26/2013 12:00:00 AM"
"62849","1","12/26/2013 12:00:00 AM"
"62850","1","12/26/2013 12:00:00 AM"
"62851","2","12/26/2013 12:00:00 AM"
"62853","1","12/26/2013 12:00:00 AM"
"62854","1","12/26/2013 12:00:00 AM"
"62855","1","12/26/2013 12:00:00 AM"
"62856","1","12/26/2013 12:00:00 AM"
"62857","1","12/26/2013 12:00:00 AM"
"62857","2","12/26/2013 12:00:00 AM"
"62858","1","12/26/2013 12:00:00 AM"
"62860","1","12/26/2013 12:00:00 AM"
"62861","1","12/26/2013 12:00:00 AM"
"62863","1","12/26/2013 12:00:00 AM"
"62864","2","12/26/2013 12:00:00 AM"
"62865","1","12/26/2013 12:00:00 AM"
"62865","2","12/26/2013 12:00:00 AM"
"62866","1","12/26/2013 12:00:00 AM"
"62866","2","12/26/2013 12:00:00 AM"
"62868","1","12/26/2013 12:00:00 AM"
"62868","2","12/26/2013 12:00:00 AM"
"62869","1","12/26/2013 12:00:00 AM"
"62870","1","12/26/2013 12:00:00 AM"
"62871","1","12/26/2013 12:00:00 AM"
"62872","1","12/26/2013 12:00:00 AM"
"62874","1","12/26/2013 12:00:00 AM"
"62875","1","12/27/2013 12:00:00 AM"
"62876","4","12/27/2013 12:00:00 AM"
"62877","4","12/27/2013 12:00:00 AM"
"62878","1","12/27/2013 12:00:00 AM"
"62879","1","12/27/2013 12:00:00 AM"
"62880","1","12/27/2013 12:00:00 AM"
"62880","10","12/27/2013 12:00:00 AM"
"62881","1","12/27/2013 12:00:00 AM"
"62882","1","12/27/2013 12:00:00 AM"
"62884","1","12/27/2013 12:00:00 AM"
"62885","2","12/27/2013 12:00:00 AM"
"62886","1","12/27/2013 12:00:00 AM"
"62886","2","12/27/2013 12:00:00 AM"
"62887","1","12/27/2013 12:00:00 AM"
"62888","1","12/27/2013 12:00:00 AM"
"62889","1","12/27/2013 12:00:00 AM"
"62890","1","12/27/2013 12:00:00 AM"
"62891","1","12/27/2013 12:00:00 AM"
"62892","1","12/27/2013 12:00:00 AM"
"62893","1","12/27/2013 12:00:00 AM"
"62894","1","12/27/2013 12:00:00 AM"
"62895","1","12/27/2013 12:00:00 AM"
"62896","1","12/27/2013 12:00:00 AM"
"62897","1","12/27/2013 12:00:00 AM"
"62898","1","12/27/2013 12:00:00 AM"
"62899","4","12/27/2013 12:00:00 AM"
"62900","6","12/27/2013 12:00:00 AM"
"62901","1","12/27/2013 12:00:00 AM"
"62902","1","12/27/2013 12:00:00 AM"
"62903","1","12/27/2013 12:00:00 AM"
"62904","1","12/27/2013 12:00:00 AM"
"62905","1","12/27/2013 12:00:00 AM"
"62906","1","12/27/2013 12:00:00 AM"
"62907","1","12/27/2013 12:00:00 AM"
"62908","1","12/27/2013 12:00:00 AM"
"62909","1","12/27/2013 12:00:00 AM"
"62909","10","12/27/2013 12:00:00 AM"
"62910","1","12/27/2013 12:00:00 AM"
"62911","1","12/27/2013 12:00:00 AM"
"62911","10","12/27/2013 12:00:00 AM"
"62913","1","12/27/2013 12:00:00 AM"
"62914","1","12/27/2013 12:00:00 AM"
"62915","1","12/27/2013 12:00:00 AM"
"62916","1","12/27/2013 12:00:00 AM"
"62917","4","12/27/2013 12:00:00 AM"
"62918","1","12/27/2013 12:00:00 AM"
"62919","1","12/27/2013 12:00:00 AM"
"62920","1","12/27/2013 12:00:00 AM"
"62921","4","12/27/2013 12:00:00 AM"
"62922","1","12/27/2013 12:00:00 AM"
"62923","1","12/27/2013 12:00:00 AM"
"62924","1","12/27/2013 12:00:00 AM"
"62925","1","12/27/2013 12:00:00 AM"
"62925","2","12/27/2013 12:00:00 AM"
"62927","1","12/27/2013 12:00:00 AM"
"62927","2","12/27/2013 12:00:00 AM"
"62929","1","12/27/2013 12:00:00 AM"
"62930","1","12/27/2013 12:00:00 AM"
"62931","1","12/27/2013 12:00:00 AM"
"62932","1","12/27/2013 12:00:00 AM"
"62933","1","12/27/2013 12:00:00 AM"
"62934","1","12/27/2013 12:00:00 AM"
"62935","1","12/27/2013 12:00:00 AM"
"62936","1","12/27/2013 12:00:00 AM"
"62936","2","12/27/2013 12:00:00 AM"
"62938","1","12/27/2013 12:00:00 AM"
"62939","1","12/27/2013 12:00:00 AM"
"62940","1","12/27/2013 12:00:00 AM"
"62941","1","12/27/2013 12:00:00 AM"
"62941","2","12/27/2013 12:00:00 AM"
"62942","6","12/27/2013 12:00:00 AM"
"62943","1","12/27/2013 12:00:00 AM"
"62944","1","12/27/2013 12:00:00 AM"
"62945","1","12/27/2013 12:00:00 AM"
"62946","4","12/28/2013 12:00:00 AM"
"62947","1","12/28/2013 12:00:00 AM"
"62948","4","12/28/2013 12:00:00 AM"
"62949","1","12/28/2013 12:00:00 AM"
"62950","1","12/28/2013 12:00:00 AM"
"62951","1","12/28/2013 12:00:00 AM"
"62952","1","12/28/2013 12:00:00 AM"
"62952","2","12/28/2013 12:00:00 AM"
"62953","2","12/28/2013 12:00:00 AM"
"62954","1","12/28/2013 12:00:00 AM"
"62954","2","12/28/2013 12:00:00 AM"
"62955","1","12/28/2013 12:00:00 AM"
"62956","1","12/28/2013 12:00:00 AM"
"62957","4","12/28/2013 12:00:00 AM"
"62958","1","12/28/2013 12:00:00 AM"
"62959","1","12/28/2013 12:00:00 AM"
"62960","1","12/28/2013 12:00:00 AM"
"62961","1","12/28/2013 12:00:00 AM"
"62962","1","12/28/2013 12:00:00 AM"
"62963","1","12/28/2013 12:00:00 AM"
"62964","1","12/28/2013 12:00:00 AM"
"62965","1","12/28/2013 12:00:00 AM"
"62965","10","12/28/2013 12:00:00 AM"
"62966","1","12/28/2013 12:00:00 AM"
"62967","1","12/28/2013 12:00:00 AM"
"62968","1","12/28/2013 12:00:00 AM"
"62969","1","12/28/2013 12:00:00 AM"
"62970","1","12/28/2013 12:00:00 AM"
"62971","1","12/28/2013 12:00:00 AM"
"62971","10","12/28/2013 12:00:00 AM"
"62972","1","12/28/2013 12:00:00 AM"
"62973","1","12/28/2013 12:00:00 AM"
"62973","10","12/28/2013 12:00:00 AM"
"62974","1","12/28/2013 12:00:00 AM"
"62975","1","12/28/2013 12:00:00 AM"
"62976","1","12/28/2013 12:00:00 AM"
"62977","1","12/28/2013 12:00:00 AM"
"62978","1","12/28/2013 12:00:00 AM"
"62979","1","12/28/2013 12:00:00 AM"
"62980","1","12/28/2013 12:00:00 AM"
"62981","1","12/28/2013 12:00:00 AM"
"62982","1","12/28/2013 12:00:00 AM"
"62982","2","12/28/2013 12:00:00 AM"
"62983","1","12/28/2013 12:00:00 AM"
"62983","2","12/28/2013 12:00:00 AM"
"62984","1","12/28/2013 12:00:00 AM"
"62985","2","12/28/2013 12:00:00 AM"
"62986","1","12/28/2013 12:00:00 AM"
"62986","2","12/28/2013 12:00:00 AM"
"62987","1","12/28/2013 12:00:00 AM"
"62989","1","12/28/2013 12:00:00 AM"
"62990","6","12/28/2013 12:00:00 AM"
"62991","2","12/28/2013 12:00:00 AM"
"62992","1","12/28/2013 12:00:00 AM"
"62992","2","12/28/2013 12:00:00 AM"
"62994","1","12/28/2013 12:00:00 AM"
"62995","1","12/28/2013 12:00:00 AM"
"62995","2","12/28/2013 12:00:00 AM"
"62996","1","12/28/2013 12:00:00 AM"
"62997","1","12/28/2013 12:00:00 AM"
"62999","1","12/28/2013 12:00:00 AM"
"63000","1","12/28/2013 12:00:00 AM"
"63001","1","12/28/2013 12:00:00 AM"
"63002","1","12/28/2013 12:00:00 AM"
"63003","1","12/29/2013 12:00:00 AM"
"63004","1","12/29/2013 12:00:00 AM"
"63005","1","12/29/2013 12:00:00 AM"
"63006","1","12/29/2013 12:00:00 AM"
"63007","1","12/29/2013 12:00:00 AM"
"63008","1","12/29/2013 12:00:00 AM"
"63009","4","12/29/2013 12:00:00 AM"
"63010","1","12/29/2013 12:00:00 AM"
"63011","1","12/29/2013 12:00:00 AM"
"63012","1","12/29/2013 12:00:00 AM"
"63013","1","12/29/2013 12:00:00 AM"
"63013","10","12/29/2013 12:00:00 AM"
"63014","1","12/29/2013 12:00:00 AM"
"63015","1","12/29/2013 12:00:00 AM"
"63016","1","12/29/2013 12:00:00 AM"
"63017","1","12/29/2013 12:00:00 AM"
"63018","1","12/29/2013 12:00:00 AM"
"63019","1","12/29/2013 12:00:00 AM"
"63020","1","12/29/2013 12:00:00 AM"
"63021","1","12/29/2013 12:00:00 AM"
"63022","1","12/29/2013 12:00:00 AM"
"63023","1","12/29/2013 12:00:00 AM"
"63024","1","12/29/2013 12:00:00 AM"
"63025","1","12/29/2013 12:00:00 AM"
"63026","1","12/29/2013 12:00:00 AM"
"63027","1","12/29/2013 12:00:00 AM"
"63028","1","12/29/2013 12:00:00 AM"
"63029","1","12/29/2013 12:00:00 AM"
"63030","1","12/29/2013 12:00:00 AM"
"63031","1","12/29/2013 12:00:00 AM"
"63032","1","12/29/2013 12:00:00 AM"
"63033","1","12/29/2013 12:00:00 AM"
"63034","1","12/29/2013 12:00:00 AM"
"63035","1","12/29/2013 12:00:00 AM"
"63036","1","12/29/2013 12:00:00 AM"
"63037","1","12/29/2013 12:00:00 AM"
"63038","1","12/29/2013 12:00:00 AM"
"63039","1","12/29/2013 12:00:00 AM"
"63040","1","12/29/2013 12:00:00 AM"
"63041","1","12/29/2013 12:00:00 AM"
"63043","1","12/29/2013 12:00:00 AM"
"63044","1","12/29/2013 12:00:00 AM"
"63044","2","12/29/2013 12:00:00 AM"
"63045","1","12/29/2013 12:00:00 AM"
"63046","2","12/29/2013 12:00:00 AM"
"63047","1","12/29/2013 12:00:00 AM"
"63048","1","12/29/2013 12:00:00 AM"
"63049","1","12/29/2013 12:00:00 AM"
"63051","1","12/29/2013 12:00:00 AM"
"63051","2","12/29/2013 12:00:00 AM"
"63052","5","12/29/2013 12:00:00 AM"
"63053","1","12/29/2013 12:00:00 AM"
"63053","2","12/29/2013 12:00:00 AM"
"63054","1","12/29/2013 12:00:00 AM"
"63054","10","12/29/2013 12:00:00 AM"
"63056","1","12/29/2013 12:00:00 AM"
"63057","1","12/29/2013 12:00:00 AM"
"63058","1","12/29/2013 12:00:00 AM"
"63058","2","12/29/2013 12:00:00 AM"
"63059","1","12/29/2013 12:00:00 AM"
"63059","10","12/29/2013 12:00:00 AM"
"63060","1","12/29/2013 12:00:00 AM"
"63061","1","12/30/2013 12:00:00 AM"
"63062","1","12/30/2013 12:00:00 AM"
"63063","1","12/30/2013 12:00:00 AM"
"63064","1","12/30/2013 12:00:00 AM"
"63065","1","12/30/2013 12:00:00 AM"
"63066","1","12/30/2013 12:00:00 AM"
"63067","1","12/30/2013 12:00:00 AM"
"63068","1","12/30/2013 12:00:00 AM"
"63069","1","12/30/2013 12:00:00 AM"
"63069","2","12/30/2013 12:00:00 AM"
"63070","1","12/30/2013 12:00:00 AM"
"63070","2","12/30/2013 12:00:00 AM"
"63071","1","12/30/2013 12:00:00 AM"
"63072","1","12/30/2013 12:00:00 AM"
"63073","1","12/30/2013 12:00:00 AM"
"63074","1","12/30/2013 12:00:00 AM"
"63075","4","12/30/2013 12:00:00 AM"
"63075","10","12/30/2013 12:00:00 AM"
"63076","1","12/30/2013 12:00:00 AM"
"63077","1","12/30/2013 12:00:00 AM"
"63078","1","12/30/2013 12:00:00 AM"
"63079","1","12/30/2013 12:00:00 AM"
"63080","1","12/30/2013 12:00:00 AM"
"63081","4","12/30/2013 12:00:00 AM"
"63082","1","12/30/2013 12:00:00 AM"
"63083","1","12/30/2013 12:00:00 AM"
"63084","1","12/30/2013 12:00:00 AM"
"63085","1","12/30/2013 12:00:00 AM"
"63086","1","12/30/2013 12:00:00 AM"
"63087","1","12/30/2013 12:00:00 AM"
"63088","1","12/30/2013 12:00:00 AM"
"63089","1","12/30/2013 12:00:00 AM"
"63090","1","12/30/2013 12:00:00 AM"
"63091","1","12/30/2013 12:00:00 AM"
"63091","10","12/30/2013 12:00:00 AM"
"63092","1","12/30/2013 12:00:00 AM"
"63093","1","12/30/2013 12:00:00 AM"
"63094","1","12/30/2013 12:00:00 AM"
"63095","1","12/30/2013 12:00:00 AM"
"63096","1","12/30/2013 12:00:00 AM"
"63097","1","12/30/2013 12:00:00 AM"
"63098","1","12/30/2013 12:00:00 AM"
"63098","2","12/30/2013 12:00:00 AM"
"63098","10","12/30/2013 12:00:00 AM"
"63099","1","12/30/2013 12:00:00 AM"
"63100","1","12/30/2013 12:00:00 AM"
"63100","2","12/30/2013 12:00:00 AM"
"63100","10","12/30/2013 12:00:00 AM"
"63103","6","12/30/2013 12:00:00 AM"
"63106","1","12/30/2013 12:00:00 AM"
"63108","1","12/30/2013 12:00:00 AM"
"63108","2","12/30/2013 12:00:00 AM"
"63109","1","12/30/2013 12:00:00 AM"
"63110","1","12/30/2013 12:00:00 AM"
"63111","1","12/30/2013 12:00:00 AM"
"63112","1","12/30/2013 12:00:00 AM"
"63114","1","12/30/2013 12:00:00 AM"
"63114","2","12/30/2013 12:00:00 AM"
"63115","1","12/30/2013 12:00:00 AM"
"63115","2","12/30/2013 12:00:00 AM"
"63116","1","12/30/2013 12:00:00 AM"
"63116","2","12/30/2013 12:00:00 AM"
"63117","1","12/30/2013 12:00:00 AM"
"63294","1","12/31/2013 12:00:00 AM"
"63295","1","12/31/2013 12:00:00 AM"
"63296","1","12/31/2013 12:00:00 AM"
"63297","1","12/31/2013 12:00:00 AM"
"63298","1","12/31/2013 12:00:00 AM"
"63300","1","12/31/2013 12:00:00 AM"
"63301","1","12/31/2013 12:00:00 AM"
"63302","1","12/31/2013 12:00:00 AM"
"63302","2","12/31/2013 12:00:00 AM"
"63303","1","12/31/2013 12:00:00 AM"
"63304","1","12/31/2013 12:00:00 AM"
"63305","1","12/31/2013 12:00:00 AM"
"63306","1","12/31/2013 12:00:00 AM"
"63307","1","12/31/2013 12:00:00 AM"
"63308","1","12/31/2013 12:00:00 AM"
"63309","1","12/31/2013 12:00:00 AM"
"63310","6","12/31/2013 12:00:00 AM"
"63311","1","12/31/2013 12:00:00 AM"
"63312","1","12/31/2013 12:00:00 AM"
"63313","1","12/31/2013 12:00:00 AM"
"63314","1","12/31/2013 12:00:00 AM"
"63315","1","12/31/2013 12:00:00 AM"
"63316","1","12/31/2013 12:00:00 AM"
"63317","1","12/31/2013 12:00:00 AM"
"63318","1","12/31/2013 12:00:00 AM"
"63319","1","12/31/2013 12:00:00 AM"
"63320","1","12/31/2013 12:00:00 AM"
"63320","10","12/31/2013 12:00:00 AM"
"63321","1","12/31/2013 12:00:00 AM"
"63322","4","12/31/2013 12:00:00 AM"
"63323","1","12/31/2013 12:00:00 AM"
"63324","1","12/31/2013 12:00:00 AM"
"63325","1","12/31/2013 12:00:00 AM"
"63326","1","12/31/2013 12:00:00 AM"
"63327","1","12/31/2013 12:00:00 AM"
"63328","1","12/31/2013 12:00:00 AM"
"63329","1","12/31/2013 12:00:00 AM"
"63330","4","12/31/2013 12:00:00 AM"
"63331","1","12/31/2013 12:00:00 AM"
"63332","1","12/31/2013 12:00:00 AM"
"63333","1","12/31/2013 12:00:00 AM"
"63334","1","12/31/2013 12:00:00 AM"
"63335","6","12/31/2013 12:00:00 AM"
"63336","1","12/31/2013 12:00:00 AM"
"63336","2","12/31/2013 12:00:00 AM"
"63337","1","12/31/2013 12:00:00 AM"
"63338","2","12/31/2013 12:00:00 AM"
"63339","1","12/31/2013 12:00:00 AM"
"63340","1","12/31/2013 12:00:00 AM"
"63341","1","12/31/2013 12:00:00 AM"
"63342","1","12/31/2013 12:00:00 AM"
"63343","1","12/31/2013 12:00:00 AM"
"63344","1","12/31/2013 12:00:00 AM"
"63346","1","12/31/2013 12:00:00 AM"
"63347","1","12/31/2013 12:00:00 AM"
"63348","1","12/31/2013 12:00:00 AM"
"63349","2","12/31/2013 12:00:00 AM"
"63350","1","12/31/2013 12:00:00 AM"
"63351","1","12/31/2013 12:00:00 AM"
"63351","2","12/31/2013 12:00:00 AM"
"63352","1","12/31/2013 12:00:00 AM"
"63353","1","12/31/2013 12:00:00 AM"
"63353","2","12/31/2013 12:00:00 AM"
"63354","1","12/31/2013 12:00:00 AM"
"63354","2","12/31/2013 12:00:00 AM"
"63354","10","12/31/2013 12:00:00 AM"
"63355","1","12/31/2013 12:00:00 AM"
"63356","1","12/31/2013 12:00:00 AM"
"63356","2","12/31/2013 12:00:00 AM"
"63357","6","12/31/2013 12:00:00 AM"
"63358","1","12/31/2013 12:00:00 AM"
"63359","1","12/31/2013 12:00:00 AM"
"63360","1","12/31/2013 12:00:00 AM"
"63361","5","12/31/2013 12:00:00 AM"
"63363","1","1/1/2014 12:00:00 AM"
"63364","1","1/1/2014 12:00:00 AM"
"63365","1","1/1/2014 12:00:00 AM"
"63366","1","1/1/2014 12:00:00 AM"
"63368","1","1/1/2014 12:00:00 AM"
"63369","6","1/1/2014 12:00:00 AM"
"63370","6","1/1/2014 12:00:00 AM"
"63371","1","1/1/2014 12:00:00 AM"
"63373","1","1/1/2014 12:00:00 AM"
"63374","1","1/1/2014 12:00:00 AM"
"63375","1","1/1/2014 12:00:00 AM"
"63376","1","1/1/2014 12:00:00 AM"
"63378","1","1/1/2014 12:00:00 AM"
"63379","1","1/1/2014 12:00:00 AM"
"63380","1","1/1/2014 12:00:00 AM"
"63381","1","1/1/2014 12:00:00 AM"
"63382","1","1/1/2014 12:00:00 AM"
"63383","1","1/1/2014 12:00:00 AM"
"63384","1","1/1/2014 12:00:00 AM"
"63385","1","1/1/2014 12:00:00 AM"
"63386","1","1/1/2014 12:00:00 AM"
"63387","1","1/1/2014 12:00:00 AM"
"63388","1","1/1/2014 12:00:00 AM"
"63389","1","1/1/2014 12:00:00 AM"
"63390","1","1/1/2014 12:00:00 AM"
"63391","1","1/1/2014 12:00:00 AM"
"63392","1","1/1/2014 12:00:00 AM"
"63393","1","1/1/2014 12:00:00 AM"
"63394","1","1/1/2014 12:00:00 AM"
"63395","1","1/1/2014 12:00:00 AM"
"63396","1","1/1/2014 12:00:00 AM"
"63397","1","1/1/2014 12:00:00 AM"
"63398","1","1/1/2014 12:00:00 AM"
"63399","1","1/1/2014 12:00:00 AM"
"63400","1","1/1/2014 12:00:00 AM"
"63401","1","1/1/2014 12:00:00 AM"
"63402","1","1/1/2014 12:00:00 AM"
"63403","1","1/1/2014 12:00:00 AM"
"63404","1","1/1/2014 12:00:00 AM"
"63404","2","1/1/2014 12:00:00 AM"
"63405","5","1/1/2014 12:00:00 AM"
"63406","6","1/1/2014 12:00:00 AM"
"63407","1","1/1/2014 12:00:00 AM"
"63407","2","1/1/2014 12:00:00 AM"
"63408","1","1/1/2014 12:00:00 AM"
"63410","1","1/1/2014 12:00:00 AM"
"63411","2","1/1/2014 12:00:00 AM"
"63412","1","1/1/2014 12:00:00 AM"
"63413","1","1/1/2014 12:00:00 AM"
"63413","2","1/1/2014 12:00:00 AM"
"63413","10","1/1/2014 12:00:00 AM"
"63416","1","1/1/2014 12:00:00 AM"
"63417","1","1/1/2014 12:00:00 AM"
"63418","1","1/1/2014 12:00:00 AM"
"63419","1","1/1/2014 12:00:00 AM"
"63421","1","1/1/2014 12:00:00 AM"
"63422","5","1/1/2014 12:00:00 AM"
"63423","1","1/1/2014 12:00:00 AM"
"63424","1","1/1/2014 12:00:00 AM"
"63424","2","1/1/2014 12:00:00 AM"
"63425","1","1/2/2014 12:00:00 AM"
"63425","2","1/2/2014 12:00:00 AM"
"63426","1","1/2/2014 12:00:00 AM"
"63428","1","1/2/2014 12:00:00 AM"
"63429","1","1/2/2014 12:00:00 AM"
"63430","4","1/2/2014 12:00:00 AM"
"63431","1","1/2/2014 12:00:00 AM"
"63432","1","1/2/2014 12:00:00 AM"
"63433","4","1/2/2014 12:00:00 AM"
"63434","1","1/2/2014 12:00:00 AM"
"63435","1","1/2/2014 12:00:00 AM"
"63436","1","1/2/2014 12:00:00 AM"
"63437","1","1/2/2014 12:00:00 AM"
"63438","1","1/2/2014 12:00:00 AM"
"63439","1","1/2/2014 12:00:00 AM"
"63440","1","1/2/2014 12:00:00 AM"
"63440","10","1/2/2014 12:00:00 AM"
"63442","1","1/2/2014 12:00:00 AM"
"63443","1","1/2/2014 12:00:00 AM"
"63444","1","1/2/2014 12:00:00 AM"
"63445","1","1/2/2014 12:00:00 AM"
"63446","6","1/2/2014 12:00:00 AM"
"63447","1","1/2/2014 12:00:00 AM"
"63448","6","1/2/2014 12:00:00 AM"
"63449","1","1/2/2014 12:00:00 AM"
"63450","1","1/2/2014 12:00:00 AM"
"63451","6","1/2/2014 12:00:00 AM"
"63452","1","1/2/2014 12:00:00 AM"
"63453","1","1/2/2014 12:00:00 AM"
"63454","1","1/2/2014 12:00:00 AM"
"63455","1","1/2/2014 12:00:00 AM"
"63456","1","1/2/2014 12:00:00 AM"
"63457","1","1/2/2014 12:00:00 AM"
"63458","1","1/2/2014 12:00:00 AM"
"63458","10","1/2/2014 12:00:00 AM"
"63459","1","1/2/2014 12:00:00 AM"
"63460","1","1/2/2014 12:00:00 AM"
"63461","1","1/2/2014 12:00:00 AM"
"63462","1","1/2/2014 12:00:00 AM"
"63463","1","1/2/2014 12:00:00 AM"
"63464","1","1/2/2014 12:00:00 AM"
"63465","1","1/2/2014 12:00:00 AM"
"63466","1","1/2/2014 12:00:00 AM"
"63467","1","1/2/2014 12:00:00 AM"
"63468","1","1/2/2014 12:00:00 AM"
"63468","10","1/2/2014 12:00:00 AM"
"63469","1","1/2/2014 12:00:00 AM"
"63469","2","1/2/2014 12:00:00 AM"
"63470","1","1/2/2014 12:00:00 AM"
"63471","1","1/2/2014 12:00:00 AM"
"63472","1","1/2/2014 12:00:00 AM"
"63473","1","1/2/2014 12:00:00 AM"
"63474","1","1/2/2014 12:00:00 AM"
"63476","1","1/2/2014 12:00:00 AM"
"63477","1","1/2/2014 12:00:00 AM"
"63479","1","1/2/2014 12:00:00 AM"
"63481","1","1/2/2014 12:00:00 AM"
"63482","1","1/2/2014 12:00:00 AM"
"63483","1","1/2/2014 12:00:00 AM"
"63483","2","1/2/2014 12:00:00 AM"
"63484","1","1/2/2014 12:00:00 AM"
"63486","2","1/2/2014 12:00:00 AM"
"63487","1","1/2/2014 12:00:00 AM"
"63488","1","1/2/2014 12:00:00 AM"
"63488","2","1/2/2014 12:00:00 AM"
"63489","1","1/2/2014 12:00:00 AM"
"63490","1","1/2/2014 12:00:00 AM"
"63490","2","1/2/2014 12:00:00 AM"
"63495","1","1/2/2014 12:00:00 AM"
"63496","5","1/2/2014 12:00:00 AM"
"63497","1","1/3/2014 12:00:00 AM"
"63497","10","1/3/2014 12:00:00 AM"
"63498","1","1/3/2014 12:00:00 AM"
"63499","1","1/3/2014 12:00:00 AM"
"63500","1","1/3/2014 12:00:00 AM"
"63501","1","1/3/2014 12:00:00 AM"
"63502","4","1/3/2014 12:00:00 AM"
"63502","10","1/3/2014 12:00:00 AM"
"63503","6","1/3/2014 12:00:00 AM"
"63504","1","1/3/2014 12:00:00 AM"
"63505","1","1/3/2014 12:00:00 AM"
"63505","2","1/3/2014 12:00:00 AM"
"63507","1","1/3/2014 12:00:00 AM"
"63508","6","1/3/2014 12:00:00 AM"
"63509","1","1/3/2014 12:00:00 AM"
"63510","1","1/3/2014 12:00:00 AM"
"63511","1","1/3/2014 12:00:00 AM"
"63512","1","1/3/2014 12:00:00 AM"
"63513","1","1/3/2014 12:00:00 AM"
"63514","1","1/3/2014 12:00:00 AM"
"63515","1","1/3/2014 12:00:00 AM"
"63516","1","1/3/2014 12:00:00 AM"
"63517","1","1/3/2014 12:00:00 AM"
"63518","1","1/3/2014 12:00:00 AM"
"63519","1","1/3/2014 12:00:00 AM"
"63520","6","1/3/2014 12:00:00 AM"
"63521","1","1/3/2014 12:00:00 AM"
"63522","1","1/3/2014 12:00:00 AM"
"63523","6","1/3/2014 12:00:00 AM"
"63524","1","1/3/2014 12:00:00 AM"
"63525","1","1/3/2014 12:00:00 AM"
"63526","1","1/3/2014 12:00:00 AM"
"63527","1","1/3/2014 12:00:00 AM"
"63528","1","1/3/2014 12:00:00 AM"
"63529","1","1/3/2014 12:00:00 AM"
"63530","1","1/3/2014 12:00:00 AM"
"63531","1","1/3/2014 12:00:00 AM"
"63531","2","1/3/2014 12:00:00 AM"
"63532","1","1/3/2014 12:00:00 AM"
"63533","1","1/3/2014 12:00:00 AM"
"63534","1","1/3/2014 12:00:00 AM"
"63534","2","1/3/2014 12:00:00 AM"
"63535","1","1/3/2014 12:00:00 AM"
"63535","2","1/3/2014 12:00:00 AM"
"63536","2","1/3/2014 12:00:00 AM"
"63537","1","1/3/2014 12:00:00 AM"
"63539","1","1/3/2014 12:00:00 AM"
"63540","1","1/3/2014 12:00:00 AM"
"63540","2","1/3/2014 12:00:00 AM"
"63541","5","1/3/2014 12:00:00 AM"
"63542","1","1/3/2014 12:00:00 AM"
"63542","2","1/3/2014 12:00:00 AM"
"63543","1","1/3/2014 12:00:00 AM"
"63544","2","1/3/2014 12:00:00 AM"
"63545","1","1/3/2014 12:00:00 AM"
"63546","1","1/3/2014 12:00:00 AM"
"63547","1","1/3/2014 12:00:00 AM"
"63547","2","1/3/2014 12:00:00 AM"
"63548","1","1/3/2014 12:00:00 AM"
"63551","1","1/4/2014 12:00:00 AM"
"63552","1","1/4/2014 12:00:00 AM"
"63553","1","1/4/2014 12:00:00 AM"
"63554","1","1/4/2014 12:00:00 AM"
"63555","1","1/4/2014 12:00:00 AM"
"63556","1","1/4/2014 12:00:00 AM"
"63557","6","1/4/2014 12:00:00 AM"
"63558","1","1/4/2014 12:00:00 AM"
"63558","2","1/4/2014 12:00:00 AM"
"63559","1","1/4/2014 12:00:00 AM"
"63560","2","1/4/2014 12:00:00 AM"
"63561","1","1/4/2014 12:00:00 AM"
"63561","2","1/4/2014 12:00:00 AM"
"63562","1","1/4/2014 12:00:00 AM"
"63563","4","1/4/2014 12:00:00 AM"
"63564","4","1/4/2014 12:00:00 AM"
"63565","1","1/4/2014 12:00:00 AM"
"63566","1","1/4/2014 12:00:00 AM"
"63567","1","1/4/2014 12:00:00 AM"
"63568","1","1/4/2014 12:00:00 AM"
"63569","1","1/4/2014 12:00:00 AM"
"63570","4","1/4/2014 12:00:00 AM"
"63571","1","1/4/2014 12:00:00 AM"
"63573","1","1/4/2014 12:00:00 AM"
"63574","1","1/4/2014 12:00:00 AM"
"63575","1","1/4/2014 12:00:00 AM"
"63576","1","1/4/2014 12:00:00 AM"
"63577","1","1/4/2014 12:00:00 AM"
"63578","1","1/4/2014 12:00:00 AM"
"63579","1","1/4/2014 12:00:00 AM"
"63580","1","1/4/2014 12:00:00 AM"
"63581","1","1/4/2014 12:00:00 AM"
"63582","1","1/4/2014 12:00:00 AM"
"63583","1","1/4/2014 12:00:00 AM"
"63584","1","1/4/2014 12:00:00 AM"
"63585","1","1/4/2014 12:00:00 AM"
"63587","1","1/4/2014 12:00:00 AM"
"63588","1","1/4/2014 12:00:00 AM"
"63589","1","1/4/2014 12:00:00 AM"
"63590","1","1/4/2014 12:00:00 AM"
"63591","1","1/4/2014 12:00:00 AM"
"63592","1","1/4/2014 12:00:00 AM"
"63593","1","1/4/2014 12:00:00 AM"
"63594","1","1/4/2014 12:00:00 AM"
"63595","1","1/4/2014 12:00:00 AM"
"63597","1","1/4/2014 12:00:00 AM"
"63598","1","1/4/2014 12:00:00 AM"
"63599","1","1/4/2014 12:00:00 AM"
"63599","2","1/4/2014 12:00:00 AM"
"63600","1","1/4/2014 12:00:00 AM"
"63601","1","1/4/2014 12:00:00 AM"
"63601","2","1/4/2014 12:00:00 AM"
"63602","2","1/4/2014 12:00:00 AM"
"63603","1","1/4/2014 12:00:00 AM"
"63603","10","1/4/2014 12:00:00 AM"
"63604","2","1/4/2014 12:00:00 AM"
"63605","1","1/4/2014 12:00:00 AM"
"63607","1","1/4/2014 12:00:00 AM"
"63608","1","1/4/2014 12:00:00 AM"
"63608","2","1/4/2014 12:00:00 AM"
"63610","1","1/4/2014 12:00:00 AM"
"63610","2","1/4/2014 12:00:00 AM"
"63611","1","1/4/2014 12:00:00 AM"
"63612","2","1/4/2014 12:00:00 AM"
"63613","1","1/4/2014 12:00:00 AM"
"63614","2","1/4/2014 12:00:00 AM"
"63615","1","1/4/2014 12:00:00 AM"
"63616","1","1/4/2014 12:00:00 AM"
"63618","1","1/4/2014 12:00:00 AM"
"63618","2","1/4/2014 12:00:00 AM"
"63619","1","1/4/2014 12:00:00 AM"
"63619","2","1/4/2014 12:00:00 AM"
"63620","1","1/4/2014 12:00:00 AM"
"63620","10","1/4/2014 12:00:00 AM"
"63621","1","1/5/2014 12:00:00 AM"
"63622","1","1/5/2014 12:00:00 AM"
"63623","1","1/5/2014 12:00:00 AM"
"63624","1","1/5/2014 12:00:00 AM"
"63625","1","1/5/2014 12:00:00 AM"
"63626","1","1/5/2014 12:00:00 AM"
"63627","1","1/5/2014 12:00:00 AM"
"63628","1","1/5/2014 12:00:00 AM"
"63629","1","1/5/2014 12:00:00 AM"
"63630","1","1/5/2014 12:00:00 AM"
"63632","4","1/5/2014 12:00:00 AM"
"63633","1","1/5/2014 12:00:00 AM"
"63634","1","1/5/2014 12:00:00 AM"
"63635","1","1/5/2014 12:00:00 AM"
"63636","1","1/5/2014 12:00:00 AM"
"63637","1","1/5/2014 12:00:00 AM"
"63638","1","1/5/2014 12:00:00 AM"
"63638","10","1/5/2014 12:00:00 AM"
"63639","1","1/5/2014 12:00:00 AM"
"63639","10","1/5/2014 12:00:00 AM"
"63641","1","1/5/2014 12:00:00 AM"
"63642","1","1/5/2014 12:00:00 AM"
"63643","1","1/5/2014 12:00:00 AM"
"63644","1","1/5/2014 12:00:00 AM"
"63645","1","1/5/2014 12:00:00 AM"
"63647","6","1/5/2014 12:00:00 AM"
"63648","1","1/5/2014 12:00:00 AM"
"63649","1","1/5/2014 12:00:00 AM"
"63650","1","1/5/2014 12:00:00 AM"
"63650","10","1/5/2014 12:00:00 AM"
"63651","1","1/5/2014 12:00:00 AM"
"63652","1","1/5/2014 12:00:00 AM"
"63652","10","1/5/2014 12:00:00 AM"
"63653","1","1/5/2014 12:00:00 AM"
"63654","1","1/5/2014 12:00:00 AM"
"63654","10","1/5/2014 12:00:00 AM"
"63655","1","1/5/2014 12:00:00 AM"
"63656","1","1/5/2014 12:00:00 AM"
"63657","1","1/5/2014 12:00:00 AM"
"63658","1","1/5/2014 12:00:00 AM"
"63659","1","1/5/2014 12:00:00 AM"
"63660","1","1/5/2014 12:00:00 AM"
"63660","10","1/5/2014 12:00:00 AM"
"63662","1","1/5/2014 12:00:00 AM"
"63662","10","1/5/2014 12:00:00 AM"
"63663","1","1/5/2014 12:00:00 AM"
"63664","1","1/5/2014 12:00:00 AM"
"63665","1","1/5/2014 12:00:00 AM"
"63666","1","1/5/2014 12:00:00 AM"
"63667","1","1/5/2014 12:00:00 AM"
"63668","6","1/5/2014 12:00:00 AM"
"63672","2","1/5/2014 12:00:00 AM"
"63673","2","1/5/2014 12:00:00 AM"
"63679","1","1/5/2014 12:00:00 AM"
"63680","1","1/5/2014 12:00:00 AM"
"63681","1","1/5/2014 12:00:00 AM"
"63682","1","1/5/2014 12:00:00 AM"
"63682","2","1/5/2014 12:00:00 AM"
"63683","1","1/5/2014 12:00:00 AM"
"63683","2","1/5/2014 12:00:00 AM"
"63684","1","1/5/2014 12:00:00 AM"
"63684","2","1/5/2014 12:00:00 AM"
"63685","1","1/5/2014 12:00:00 AM"
"63685","2","1/5/2014 12:00:00 AM"
"63687","1","1/5/2014 12:00:00 AM"
"63687","2","1/5/2014 12:00:00 AM"
"63688","1","1/5/2014 12:00:00 AM"
"63688","2","1/5/2014 12:00:00 AM"
"63689","5","1/5/2014 12:00:00 AM"
"63690","1","1/6/2014 12:00:00 AM"
"63691","1","1/6/2014 12:00:00 AM"
"63692","1","1/6/2014 12:00:00 AM"
"63693","1","1/6/2014 12:00:00 AM"
"63695","1","1/6/2014 12:00:00 AM"
"63696","6","1/6/2014 12:00:00 AM"
"63697","6","1/6/2014 12:00:00 AM"
"63698","1","1/6/2014 12:00:00 AM"
"63699","2","1/6/2014 12:00:00 AM"
"63700","1","1/6/2014 12:00:00 AM"
"63701","1","1/6/2014 12:00:00 AM"
"63703","1","1/6/2014 12:00:00 AM"
"63703","2","1/6/2014 12:00:00 AM"
"63704","1","1/6/2014 12:00:00 AM"
"63704","2","1/6/2014 12:00:00 AM"
"63705","1","1/6/2014 12:00:00 AM"
"63706","1","1/6/2014 12:00:00 AM"
"63707","1","1/6/2014 12:00:00 AM"
"63708","1","1/6/2014 12:00:00 AM"
"63709","1","1/6/2014 12:00:00 AM"
"63710","1","1/6/2014 12:00:00 AM"
"63711","1","1/6/2014 12:00:00 AM"
"63712","1","1/6/2014 12:00:00 AM"
"63713","1","1/6/2014 12:00:00 AM"
"63714","1","1/6/2014 12:00:00 AM"
"63715","1","1/6/2014 12:00:00 AM"
"63715","10","1/6/2014 12:00:00 AM"
"63716","1","1/6/2014 12:00:00 AM"
"63717","1","1/6/2014 12:00:00 AM"
"63718","6","1/6/2014 12:00:00 AM"
"63719","4","1/6/2014 12:00:00 AM"
"63719","10","1/6/2014 12:00:00 AM"
"63720","1","1/6/2014 12:00:00 AM"
"63721","1","1/6/2014 12:00:00 AM"
"63722","1","1/6/2014 12:00:00 AM"
"63723","1","1/6/2014 12:00:00 AM"
"63724","1","1/6/2014 12:00:00 AM"
"63725","1","1/6/2014 12:00:00 AM"
"63726","1","1/6/2014 12:00:00 AM"
"63727","1","1/6/2014 12:00:00 AM"
"63727","2","1/6/2014 12:00:00 AM"
"63728","1","1/6/2014 12:00:00 AM"
"63729","1","1/6/2014 12:00:00 AM"
"63731","1","1/6/2014 12:00:00 AM"
"63732","6","1/6/2014 12:00:00 AM"
"63733","1","1/6/2014 12:00:00 AM"
"63733","2","1/6/2014 12:00:00 AM"
"63734","1","1/6/2014 12:00:00 AM"
"63734","2","1/6/2014 12:00:00 AM"
"63735","1","1/6/2014 12:00:00 AM"
"63736","1","1/6/2014 12:00:00 AM"
"63737","2","1/6/2014 12:00:00 AM"
"63739","1","1/6/2014 12:00:00 AM"
"63740","5","1/6/2014 12:00:00 AM"
"63741","1","1/6/2014 12:00:00 AM"
"63742","1","1/6/2014 12:00:00 AM"
"63743","2","1/6/2014 12:00:00 AM"
"63744","1","1/6/2014 12:00:00 AM"
"63745","1","1/6/2014 12:00:00 AM"
"63747","1","1/6/2014 12:00:00 AM"
"63748","1","1/6/2014 12:00:00 AM"
"63748","2","1/6/2014 12:00:00 AM"
"63750","1","1/6/2014 12:00:00 AM"
"63750","2","1/6/2014 12:00:00 AM"
"63751","5","1/6/2014 12:00:00 AM"
"63752","1","1/6/2014 12:00:00 AM"
"63752","2","1/6/2014 12:00:00 AM"
"63755","1","1/6/2014 12:00:00 AM"
"63755","2","1/6/2014 12:00:00 AM"
"63756","1","1/6/2014 12:00:00 AM"
"63756","2","1/6/2014 12:00:00 AM"
"63757","1","1/7/2014 12:00:00 AM"
"63758","1","1/7/2014 12:00:00 AM"
"63759","1","1/7/2014 12:00:00 AM"
"63760","1","1/7/2014 12:00:00 AM"
"63760","10","1/7/2014 12:00:00 AM"
"63761","1","1/7/2014 12:00:00 AM"
"63762","1","1/7/2014 12:00:00 AM"
"63763","1","1/7/2014 12:00:00 AM"
"63763","2","1/7/2014 12:00:00 AM"
"63764","2","1/7/2014 12:00:00 AM"
"63765","1","1/7/2014 12:00:00 AM"
"63766","1","1/7/2014 12:00:00 AM"
"63767","1","1/7/2014 12:00:00 AM"
"63768","1","1/7/2014 12:00:00 AM"
"63769","4","1/7/2014 12:00:00 AM"
"63770","1","1/7/2014 12:00:00 AM"
"63771","1","1/7/2014 12:00:00 AM"
"63772","1","1/7/2014 12:00:00 AM"
"63773","4","1/7/2014 12:00:00 AM"
"63773","10","1/7/2014 12:00:00 AM"
"63774","1","1/7/2014 12:00:00 AM"
"63774","10","1/7/2014 12:00:00 AM"
"63775","4","1/7/2014 12:00:00 AM"
"63776","1","1/7/2014 12:00:00 AM"
"63777","1","1/7/2014 12:00:00 AM"
"63778","1","1/7/2014 12:00:00 AM"
"63779","1","1/7/2014 12:00:00 AM"
"63780","1","1/7/2014 12:00:00 AM"
"63781","1","1/7/2014 12:00:00 AM"
"63782","1","1/7/2014 12:00:00 AM"
"63783","1","1/7/2014 12:00:00 AM"
"63784","4","1/7/2014 12:00:00 AM"
"63785","1","1/7/2014 12:00:00 AM"
"63786","1","1/7/2014 12:00:00 AM"
"63787","1","1/7/2014 12:00:00 AM"
"63787","10","1/7/2014 12:00:00 AM"
"63788","1","1/7/2014 12:00:00 AM"
"63789","1","1/7/2014 12:00:00 AM"
"63790","1","1/7/2014 12:00:00 AM"
"63791","1","1/7/2014 12:00:00 AM"
"63792","1","1/7/2014 12:00:00 AM"
"63793","1","1/7/2014 12:00:00 AM"
"63794","1","1/7/2014 12:00:00 AM"
"63795","1","1/7/2014 12:00:00 AM"
"63795","2","1/7/2014 12:00:00 AM"
"63796","1","1/7/2014 12:00:00 AM"
"63800","1","1/7/2014 12:00:00 AM"
"63801","1","1/7/2014 12:00:00 AM"
"63802","1","1/7/2014 12:00:00 AM"
"63802","2","1/7/2014 12:00:00 AM"
"63804","1","1/7/2014 12:00:00 AM"
"63805","1","1/7/2014 12:00:00 AM"
"63807","1","1/7/2014 12:00:00 AM"
"63810","1","1/7/2014 12:00:00 AM"
"63811","6","1/7/2014 12:00:00 AM"
"63812","1","1/7/2014 12:00:00 AM"
"63813","1","1/7/2014 12:00:00 AM"
"63815","1","1/7/2014 12:00:00 AM"
"63815","10","1/7/2014 12:00:00 AM"
"63816","1","1/7/2014 12:00:00 AM"
"63817","1","1/7/2014 12:00:00 AM"
"63818","1","1/7/2014 12:00:00 AM"
"63818","2","1/7/2014 12:00:00 AM"
"63819","1","1/7/2014 12:00:00 AM"
"63823","2","1/8/2014 12:00:00 AM"
"63824","1","1/8/2014 12:00:00 AM"
"63825","1","1/8/2014 12:00:00 AM"
"63826","1","1/8/2014 12:00:00 AM"
"63827","6","1/8/2014 12:00:00 AM"
"63828","1","1/8/2014 12:00:00 AM"
"63829","4","1/8/2014 12:00:00 AM"
"63830","1","1/8/2014 12:00:00 AM"
"63831","1","1/8/2014 12:00:00 AM"
"63832","1","1/8/2014 12:00:00 AM"
"63833","1","1/8/2014 12:00:00 AM"
"63833","2","1/8/2014 12:00:00 AM"
"63834","1","1/8/2014 12:00:00 AM"
"63835","1","1/8/2014 12:00:00 AM"
"63836","1","1/8/2014 12:00:00 AM"
"63837","1","1/8/2014 12:00:00 AM"
"63838","1","1/8/2014 12:00:00 AM"
"63839","1","1/8/2014 12:00:00 AM"
"63840","1","1/8/2014 12:00:00 AM"
"63841","1","1/8/2014 12:00:00 AM"
"63842","1","1/8/2014 12:00:00 AM"
"63843","1","1/8/2014 12:00:00 AM"
"63844","1","1/8/2014 12:00:00 AM"
"63846","6","1/8/2014 12:00:00 AM"
"63847","1","1/8/2014 12:00:00 AM"
"63848","1","1/8/2014 12:00:00 AM"
"63849","1","1/8/2014 12:00:00 AM"
"63850","1","1/8/2014 12:00:00 AM"
"63851","1","1/8/2014 12:00:00 AM"
"63852","1","1/8/2014 12:00:00 AM"
"63853","1","1/8/2014 12:00:00 AM"
"63854","1","1/8/2014 12:00:00 AM"
"63855","1","1/8/2014 12:00:00 AM"
"63856","1","1/8/2014 12:00:00 AM"
"63857","1","1/8/2014 12:00:00 AM"
"63858","1","1/8/2014 12:00:00 AM"
"63859","1","1/8/2014 12:00:00 AM"
"63860","4","1/8/2014 12:00:00 AM"
"63861","1","1/8/2014 12:00:00 AM"
"63861","2","1/8/2014 12:00:00 AM"
"63862","1","1/8/2014 12:00:00 AM"
"63862","2","1/8/2014 12:00:00 AM"
"63863","1","1/8/2014 12:00:00 AM"
"63863","2","1/8/2014 12:00:00 AM"
"63864","1","1/8/2014 12:00:00 AM"
"63865","1","1/8/2014 12:00:00 AM"
"63865","10","1/8/2014 12:00:00 AM"
"63866","1","1/8/2014 12:00:00 AM"
"63866","2","1/8/2014 12:00:00 AM"
"63866","10","1/8/2014 12:00:00 AM"
"63868","1","1/8/2014 12:00:00 AM"
"63869","1","1/8/2014 12:00:00 AM"
"63870","1","1/8/2014 12:00:00 AM"
"63872","1","1/8/2014 12:00:00 AM"
"63873","6","1/8/2014 12:00:00 AM"
"63876","1","1/8/2014 12:00:00 AM"
"63876","2","1/8/2014 12:00:00 AM"
"63876","10","1/8/2014 12:00:00 AM"
"63879","1","1/8/2014 12:00:00 AM"
"63879","2","1/8/2014 12:00:00 AM"
"63880","1","1/9/2014 12:00:00 AM"
"63881","2","1/9/2014 12:00:00 AM"
"63882","1","1/9/2014 12:00:00 AM"
"63882","10","1/9/2014 12:00:00 AM"
"63883","1","1/9/2014 12:00:00 AM"
"63884","1","1/9/2014 12:00:00 AM"
"63885","1","1/9/2014 12:00:00 AM"
"63886","1","1/9/2014 12:00:00 AM"
"63887","1","1/9/2014 12:00:00 AM"
"63888","1","1/9/2014 12:00:00 AM"
"63889","1","1/9/2014 12:00:00 AM"
"63890","4","1/9/2014 12:00:00 AM"
"63891","4","1/9/2014 12:00:00 AM"
"63893","1","1/9/2014 12:00:00 AM"
"63894","4","1/9/2014 12:00:00 AM"
"63895","1","1/9/2014 12:00:00 AM"
"63896","1","1/9/2014 12:00:00 AM"
"63897","1","1/9/2014 12:00:00 AM"
"63898","1","1/9/2014 12:00:00 AM"
"63899","1","1/9/2014 12:00:00 AM"
"63900","1","1/9/2014 12:00:00 AM"
"63901","1","1/9/2014 12:00:00 AM"
"63902","1","1/9/2014 12:00:00 AM"
"63903","1","1/9/2014 12:00:00 AM"
"63904","1","1/9/2014 12:00:00 AM"
"63905","1","1/9/2014 12:00:00 AM"
"63906","1","1/9/2014 12:00:00 AM"
"63907","1","1/9/2014 12:00:00 AM"
"63908","1","1/9/2014 12:00:00 AM"
"63909","1","1/9/2014 12:00:00 AM"
"63909","10","1/9/2014 12:00:00 AM"
"63910","1","1/9/2014 12:00:00 AM"
"63911","1","1/9/2014 12:00:00 AM"
"63912","1","1/9/2014 12:00:00 AM"
"63913","1","1/9/2014 12:00:00 AM"
"63914","1","1/9/2014 12:00:00 AM"
"63915","1","1/9/2014 12:00:00 AM"
"63916","1","1/9/2014 12:00:00 AM"
"63917","1","1/9/2014 12:00:00 AM"
"63918","1","1/9/2014 12:00:00 AM"
"63919","1","1/9/2014 12:00:00 AM"
"63920","1","1/9/2014 12:00:00 AM"
"63921","1","1/9/2014 12:00:00 AM"
"63922","1","1/9/2014 12:00:00 AM"
"63923","1","1/9/2014 12:00:00 AM"
"63923","2","1/9/2014 12:00:00 AM"
"63924","1","1/9/2014 12:00:00 AM"
"63925","1","1/9/2014 12:00:00 AM"
"63926","1","1/9/2014 12:00:00 AM"
"63927","1","1/9/2014 12:00:00 AM"
"63928","1","1/9/2014 12:00:00 AM"
"63929","1","1/9/2014 12:00:00 AM"
"63930","1","1/9/2014 12:00:00 AM"
"63931","1","1/9/2014 12:00:00 AM"
"63933","6","1/9/2014 12:00:00 AM"
"63936","1","1/9/2014 12:00:00 AM"
"63937","1","1/9/2014 12:00:00 AM"
"63939","5","1/9/2014 12:00:00 AM"
"63941","1","1/9/2014 12:00:00 AM"
"63941","2","1/9/2014 12:00:00 AM"
"63942","2","1/9/2014 12:00:00 AM"
"63943","1","1/9/2014 12:00:00 AM"
"63944","1","1/9/2014 12:00:00 AM"
"63944","2","1/9/2014 12:00:00 AM"
"63945","1","1/9/2014 12:00:00 AM"
"63946","1","1/9/2014 12:00:00 AM"
"63946","10","1/9/2014 12:00:00 AM"
"63947","1","1/10/2014 12:00:00 AM"
"63948","1","1/10/2014 12:00:00 AM"
"63949","4","1/10/2014 12:00:00 AM"
"63950","1","1/10/2014 12:00:00 AM"
"63951","1","1/10/2014 12:00:00 AM"
"63952","1","1/10/2014 12:00:00 AM"
"63953","1","1/10/2014 12:00:00 AM"
"63955","1","1/10/2014 12:00:00 AM"
"63956","1","1/10/2014 12:00:00 AM"
"63957","2","1/10/2014 12:00:00 AM"
"63958","1","1/10/2014 12:00:00 AM"
"63959","1","1/10/2014 12:00:00 AM"
"63960","1","1/10/2014 12:00:00 AM"
"63961","1","1/10/2014 12:00:00 AM"
"63962","1","1/10/2014 12:00:00 AM"
"63963","1","1/10/2014 12:00:00 AM"
"63964","1","1/10/2014 12:00:00 AM"
"63965","1","1/10/2014 12:00:00 AM"
"63966","1","1/10/2014 12:00:00 AM"
"63967","1","1/10/2014 12:00:00 AM"
"63968","1","1/10/2014 12:00:00 AM"
"63969","1","1/10/2014 12:00:00 AM"
"63970","1","1/10/2014 12:00:00 AM"
"63971","6","1/10/2014 12:00:00 AM"
"63972","1","1/10/2014 12:00:00 AM"
"63973","1","1/10/2014 12:00:00 AM"
"63974","1","1/10/2014 12:00:00 AM"
"63975","1","1/10/2014 12:00:00 AM"
"63976","1","1/10/2014 12:00:00 AM"
"63977","1","1/10/2014 12:00:00 AM"
"63978","1","1/10/2014 12:00:00 AM"
"63979","1","1/10/2014 12:00:00 AM"
"63979","2","1/10/2014 12:00:00 AM"
"63980","1","1/10/2014 12:00:00 AM"
"63981","1","1/10/2014 12:00:00 AM"
"63982","1","1/10/2014 12:00:00 AM"
"63982","2","1/10/2014 12:00:00 AM"
"63984","1","1/10/2014 12:00:00 AM"
"63985","1","1/10/2014 12:00:00 AM"
"63986","1","1/10/2014 12:00:00 AM"
"63986","2","1/10/2014 12:00:00 AM"
"63988","1","1/10/2014 12:00:00 AM"
"63989","1","1/10/2014 12:00:00 AM"
"63989","2","1/10/2014 12:00:00 AM"
"63990","1","1/10/2014 12:00:00 AM"
"63991","1","1/10/2014 12:00:00 AM"
"63992","1","1/10/2014 12:00:00 AM"
"63992","2","1/10/2014 12:00:00 AM"
"63992","10","1/10/2014 12:00:00 AM"
"63993","2","1/10/2014 12:00:00 AM"
"63994","1","1/10/2014 12:00:00 AM"
"63994","10","1/10/2014 12:00:00 AM"
"63995","1","1/10/2014 12:00:00 AM"
"63996","1","1/11/2014 12:00:00 AM"
"63997","1","1/11/2014 12:00:00 AM"
"63998","1","1/11/2014 12:00:00 AM"
"63999","1","1/11/2014 12:00:00 AM"
"64000","1","1/11/2014 12:00:00 AM"
"64001","1","1/11/2014 12:00:00 AM"
"64002","1","1/11/2014 12:00:00 AM"
"64003","1","1/11/2014 12:00:00 AM"
"64004","1","1/11/2014 12:00:00 AM"
"64005","1","1/11/2014 12:00:00 AM"
"64006","1","1/11/2014 12:00:00 AM"
"64008","1","1/11/2014 12:00:00 AM"
"64009","1","1/11/2014 12:00:00 AM"
"64010","1","1/11/2014 12:00:00 AM"
"64011","1","1/11/2014 12:00:00 AM"
"64012","1","1/11/2014 12:00:00 AM"
"64013","1","1/11/2014 12:00:00 AM"
"64014","1","1/11/2014 12:00:00 AM"
"64015","1","1/11/2014 12:00:00 AM"
"64016","1","1/11/2014 12:00:00 AM"
"64017","4","1/11/2014 12:00:00 AM"
"64017","10","1/11/2014 12:00:00 AM"
"64018","4","1/11/2014 12:00:00 AM"
"64018","10","1/11/2014 12:00:00 AM"
"64019","1","1/11/2014 12:00:00 AM"
"64020","1","1/11/2014 12:00:00 AM"
"64021","1","1/11/2014 12:00:00 AM"
"64022","1","1/11/2014 12:00:00 AM"
"64023","1","1/11/2014 12:00:00 AM"
"64024","1","1/11/2014 12:00:00 AM"
"64025","1","1/11/2014 12:00:00 AM"
"64026","1","1/11/2014 12:00:00 AM"
"64026","10","1/11/2014 12:00:00 AM"
"64027","1","1/11/2014 12:00:00 AM"
"64028","1","1/11/2014 12:00:00 AM"
"64029","1","1/11/2014 12:00:00 AM"
"64030","1","1/11/2014 12:00:00 AM"
"64031","1","1/11/2014 12:00:00 AM"
"64032","1","1/11/2014 12:00:00 AM"
"64033","1","1/11/2014 12:00:00 AM"
"64034","1","1/11/2014 12:00:00 AM"
"64036","1","1/11/2014 12:00:00 AM"
"64037","1","1/11/2014 12:00:00 AM"
"64038","1","1/11/2014 12:00:00 AM"
"64039","1","1/11/2014 12:00:00 AM"
"64041","1","1/11/2014 12:00:00 AM"
"64042","1","1/11/2014 12:00:00 AM"
"64043","1","1/11/2014 12:00:00 AM"
"64043","2","1/11/2014 12:00:00 AM"
"64044","1","1/11/2014 12:00:00 AM"
"64044","2","1/11/2014 12:00:00 AM"
"64045","1","1/11/2014 12:00:00 AM"
"64045","2","1/11/2014 12:00:00 AM"
"64045","10","1/11/2014 12:00:00 AM"
"64046","1","1/11/2014 12:00:00 AM"
"64046","2","1/11/2014 12:00:00 AM"
"64047","1","1/11/2014 12:00:00 AM"
"64048","1","1/11/2014 12:00:00 AM"
"64049","1","1/11/2014 12:00:00 AM"
"64049","2","1/11/2014 12:00:00 AM"
"64050","2","1/11/2014 12:00:00 AM"
"64051","1","1/11/2014 12:00:00 AM"
"64053","1","1/11/2014 12:00:00 AM"
"64054","2","1/12/2014 12:00:00 AM"
"64055","1","1/12/2014 12:00:00 AM"
"64056","4","1/12/2014 12:00:00 AM"
"64057","1","1/12/2014 12:00:00 AM"
"64058","1","1/12/2014 12:00:00 AM"
"64059","1","1/12/2014 12:00:00 AM"
"64060","6","1/12/2014 12:00:00 AM"
"64061","1","1/12/2014 12:00:00 AM"
"64062","1","1/12/2014 12:00:00 AM"
"64064","1","1/12/2014 12:00:00 AM"
"64066","6","1/12/2014 12:00:00 AM"
"64067","1","1/12/2014 12:00:00 AM"
"64068","1","1/12/2014 12:00:00 AM"
"64068","2","1/12/2014 12:00:00 AM"
"64069","1","1/12/2014 12:00:00 AM"
"64070","1","1/12/2014 12:00:00 AM"
"64070","2","1/12/2014 12:00:00 AM"
"64071","1","1/12/2014 12:00:00 AM"
"64072","1","1/12/2014 12:00:00 AM"
"64072","2","1/12/2014 12:00:00 AM"
"64073","1","1/12/2014 12:00:00 AM"
"64074","1","1/12/2014 12:00:00 AM"
"64075","1","1/12/2014 12:00:00 AM"
"64076","1","1/12/2014 12:00:00 AM"
"64077","1","1/12/2014 12:00:00 AM"
"64078","1","1/12/2014 12:00:00 AM"
"64079","1","1/12/2014 12:00:00 AM"
"64080","1","1/12/2014 12:00:00 AM"
"64081","1","1/12/2014 12:00:00 AM"
"64082","1","1/12/2014 12:00:00 AM"
"64082","10","1/12/2014 12:00:00 AM"
"64083","1","1/12/2014 12:00:00 AM"
"64084","6","1/12/2014 12:00:00 AM"
"64085","1","1/12/2014 12:00:00 AM"
"64086","6","1/12/2014 12:00:00 AM"
"64087","1","1/12/2014 12:00:00 AM"
"64088","1","1/12/2014 12:00:00 AM"
"64089","1","1/12/2014 12:00:00 AM"
"64090","1","1/12/2014 12:00:00 AM"
"64091","1","1/12/2014 12:00:00 AM"
"64092","1","1/12/2014 12:00:00 AM"
"64093","1","1/12/2014 12:00:00 AM"
"64094","1","1/12/2014 12:00:00 AM"
"64095","1","1/12/2014 12:00:00 AM"
"64096","1","1/12/2014 12:00:00 AM"
"64097","1","1/12/2014 12:00:00 AM"
"64097","10","1/12/2014 12:00:00 AM"
"64098","1","1/12/2014 12:00:00 AM"
"64099","1","1/12/2014 12:00:00 AM"
"64100","1","1/12/2014 12:00:00 AM"
"64101","1","1/12/2014 12:00:00 AM"
"64102","1","1/12/2014 12:00:00 AM"
"64103","1","1/12/2014 12:00:00 AM"
"64104","1","1/12/2014 12:00:00 AM"
"64105","1","1/12/2014 12:00:00 AM"
"64105","2","1/12/2014 12:00:00 AM"
"64106","2","1/12/2014 12:00:00 AM"
"64107","2","1/12/2014 12:00:00 AM"
"64108","1","1/12/2014 12:00:00 AM"
"64112","1","1/12/2014 12:00:00 AM"
"64112","2","1/12/2014 12:00:00 AM"
"64113","1","1/12/2014 12:00:00 AM"
"64113","2","1/12/2014 12:00:00 AM"
"64115","1","1/13/2014 12:00:00 AM"
"64116","4","1/13/2014 12:00:00 AM"
"64117","1","1/13/2014 12:00:00 AM"
"64118","1","1/13/2014 12:00:00 AM"
"64119","1","1/13/2014 12:00:00 AM"
"64120","1","1/13/2014 12:00:00 AM"
"64121","1","1/13/2014 12:00:00 AM"
"64122","1","1/13/2014 12:00:00 AM"
"64122","10","1/13/2014 12:00:00 AM"
"64123","2","1/13/2014 12:00:00 AM"
"64124","1","1/13/2014 12:00:00 AM"
"64125","1","1/13/2014 12:00:00 AM"
"64127","1","1/13/2014 12:00:00 AM"
"64127","2","1/13/2014 12:00:00 AM"
"64128","1","1/13/2014 12:00:00 AM"
"64129","1","1/13/2014 12:00:00 AM"
"64130","1","1/13/2014 12:00:00 AM"
"64131","1","1/13/2014 12:00:00 AM"
"64132","1","1/13/2014 12:00:00 AM"
"64133","1","1/13/2014 12:00:00 AM"
"64134","1","1/13/2014 12:00:00 AM"
"64134","10","1/13/2014 12:00:00 AM"
"64135","4","1/13/2014 12:00:00 AM"
"64136","1","1/13/2014 12:00:00 AM"
"64137","1","1/13/2014 12:00:00 AM"
"64138","1","1/13/2014 12:00:00 AM"
"64139","6","1/13/2014 12:00:00 AM"
"64140","1","1/13/2014 12:00:00 AM"
"64141","1","1/13/2014 12:00:00 AM"
"64142","1","1/13/2014 12:00:00 AM"
"64143","1","1/13/2014 12:00:00 AM"
"64144","1","1/13/2014 12:00:00 AM"
"64144","10","1/13/2014 12:00:00 AM"
"64145","4","1/13/2014 12:00:00 AM"
"64146","1","1/13/2014 12:00:00 AM"
"64146","10","1/13/2014 12:00:00 AM"
"64147","1","1/13/2014 12:00:00 AM"
"64148","1","1/13/2014 12:00:00 AM"
"64149","1","1/13/2014 12:00:00 AM"
"64150","1","1/13/2014 12:00:00 AM"
"64151","1","1/13/2014 12:00:00 AM"
"64152","1","1/13/2014 12:00:00 AM"
"64153","1","1/13/2014 12:00:00 AM"
"64154","1","1/13/2014 12:00:00 AM"
"64155","1","1/13/2014 12:00:00 AM"
"64155","2","1/13/2014 12:00:00 AM"
"64157","1","1/13/2014 12:00:00 AM"
"64158","6","1/13/2014 12:00:00 AM"
"64160","1","1/13/2014 12:00:00 AM"
"64161","1","1/13/2014 12:00:00 AM"
"64161","2","1/13/2014 12:00:00 AM"
"64165","1","1/13/2014 12:00:00 AM"
"64166","1","1/13/2014 12:00:00 AM"
"64167","1","1/13/2014 12:00:00 AM"
"64168","1","1/13/2014 12:00:00 AM"
"64171","1","1/13/2014 12:00:00 AM"
"64172","6","1/13/2014 12:00:00 AM"
"64173","6","1/13/2014 12:00:00 AM"
"64176","1","1/13/2014 12:00:00 AM"
"64178","1","1/14/2014 12:00:00 AM"
"64178","10","1/14/2014 12:00:00 AM"
"64179","4","1/14/2014 12:00:00 AM"
"64180","1","1/14/2014 12:00:00 AM"
"64181","1","1/14/2014 12:00:00 AM"
"64182","1","1/14/2014 12:00:00 AM"
"64183","1","1/14/2014 12:00:00 AM"
"64184","1","1/14/2014 12:00:00 AM"
"64185","2","1/14/2014 12:00:00 AM"
"64187","1","1/14/2014 12:00:00 AM"
"64187","2","1/14/2014 12:00:00 AM"
"64188","1","1/14/2014 12:00:00 AM"
"64189","1","1/14/2014 12:00:00 AM"
"64190","1","1/14/2014 12:00:00 AM"
"64191","1","1/14/2014 12:00:00 AM"
"64192","1","1/14/2014 12:00:00 AM"
"64193","1","1/14/2014 12:00:00 AM"
"64194","1","1/14/2014 12:00:00 AM"
"64195","1","1/14/2014 12:00:00 AM"
"64196","1","1/14/2014 12:00:00 AM"
"64197","1","1/14/2014 12:00:00 AM"
"64197","10","1/14/2014 12:00:00 AM"
"64198","1","1/14/2014 12:00:00 AM"
"64199","1","1/14/2014 12:00:00 AM"
"64200","1","1/14/2014 12:00:00 AM"
"64201","1","1/14/2014 12:00:00 AM"
"64202","6","1/14/2014 12:00:00 AM"
"64203","1","1/14/2014 12:00:00 AM"
"64204","1","1/14/2014 12:00:00 AM"
"64204","10","1/14/2014 12:00:00 AM"
"64205","1","1/14/2014 12:00:00 AM"
"64205","10","1/14/2014 12:00:00 AM"
"64206","1","1/14/2014 12:00:00 AM"
"64207","1","1/14/2014 12:00:00 AM"
"64207","10","1/14/2014 12:00:00 AM"
"64208","1","1/14/2014 12:00:00 AM"
"64209","1","1/14/2014 12:00:00 AM"
"64210","4","1/14/2014 12:00:00 AM"
"64211","1","1/14/2014 12:00:00 AM"
"64212","1","1/14/2014 12:00:00 AM"
"64213","1","1/14/2014 12:00:00 AM"
"64214","1","1/14/2014 12:00:00 AM"
"64215","1","1/14/2014 12:00:00 AM"
"64216","1","1/14/2014 12:00:00 AM"
"64217","1","1/14/2014 12:00:00 AM"
"64220","6","1/14/2014 12:00:00 AM"
"64222","1","1/14/2014 12:00:00 AM"
"64224","1","1/14/2014 12:00:00 AM"
"64225","1","1/14/2014 12:00:00 AM"
"64225","10","1/14/2014 12:00:00 AM"
"64227","2","1/14/2014 12:00:00 AM"
"64228","1","1/14/2014 12:00:00 AM"
"64228","2","1/14/2014 12:00:00 AM"
"64229","1","1/14/2014 12:00:00 AM"
"64230","1","1/14/2014 12:00:00 AM"
"64230","2","1/14/2014 12:00:00 AM"
"64231","5","1/14/2014 12:00:00 AM"
"64232","1","1/14/2014 12:00:00 AM"
"64232","2","1/14/2014 12:00:00 AM"
"64233","1","1/14/2014 12:00:00 AM"
"64233","2","1/14/2014 12:00:00 AM"
"64234","1","1/14/2014 12:00:00 AM"
"64236","1","1/14/2014 12:00:00 AM"
"64237","5","1/14/2014 12:00:00 AM"
"64238","1","1/14/2014 12:00:00 AM"
"64238","10","1/14/2014 12:00:00 AM"
"64239","1","1/14/2014 12:00:00 AM"
"64239","2","1/14/2014 12:00:00 AM"
"64241","1","1/14/2014 12:00:00 AM"
"64241","2","1/14/2014 12:00:00 AM"
"64242","5","1/14/2014 12:00:00 AM"
"64243","1","1/14/2014 12:00:00 AM"
"64245","1","1/15/2014 12:00:00 AM"
"64245","10","1/15/2014 12:00:00 AM"
"64246","1","1/15/2014 12:00:00 AM"
"64247","1","1/15/2014 12:00:00 AM"
"64248","1","1/15/2014 12:00:00 AM"
"64249","1","1/15/2014 12:00:00 AM"
"64249","2","1/15/2014 12:00:00 AM"
"64250","1","1/15/2014 12:00:00 AM"
"64250","2","1/15/2014 12:00:00 AM"
"64252","1","1/15/2014 12:00:00 AM"
"64254","4","1/15/2014 12:00:00 AM"
"64255","1","1/15/2014 12:00:00 AM"
"64256","1","1/15/2014 12:00:00 AM"
"64257","1","1/15/2014 12:00:00 AM"
"64258","1","1/15/2014 12:00:00 AM"
"64259","1","1/15/2014 12:00:00 AM"
"64260","1","1/15/2014 12:00:00 AM"
"64261","1","1/15/2014 12:00:00 AM"
"64262","1","1/15/2014 12:00:00 AM"
"64263","1","1/15/2014 12:00:00 AM"
"64264","1","1/15/2014 12:00:00 AM"
"64265","1","1/15/2014 12:00:00 AM"
"64266","1","1/15/2014 12:00:00 AM"
"64267","1","1/15/2014 12:00:00 AM"
"64268","1","1/15/2014 12:00:00 AM"
"64269","1","1/15/2014 12:00:00 AM"
"64270","1","1/15/2014 12:00:00 AM"
"64271","1","1/15/2014 12:00:00 AM"
"64272","1","1/15/2014 12:00:00 AM"
"64273","1","1/15/2014 12:00:00 AM"
"64274","1","1/15/2014 12:00:00 AM"
"64275","1","1/15/2014 12:00:00 AM"
"64276","1","1/15/2014 12:00:00 AM"
"64277","1","1/15/2014 12:00:00 AM"
"64278","1","1/15/2014 12:00:00 AM"
"64279","1","1/15/2014 12:00:00 AM"
"64280","1","1/15/2014 12:00:00 AM"
"64281","1","1/15/2014 12:00:00 AM"
"64284","1","1/15/2014 12:00:00 AM"
"64285","2","1/15/2014 12:00:00 AM"
"64286","1","1/15/2014 12:00:00 AM"
"64286","2","1/15/2014 12:00:00 AM"
"64287","1","1/15/2014 12:00:00 AM"
"64290","2","1/15/2014 12:00:00 AM"
"64291","1","1/15/2014 12:00:00 AM"
"64292","1","1/15/2014 12:00:00 AM"
"64292","2","1/15/2014 12:00:00 AM"
"64293","1","1/15/2014 12:00:00 AM"
"64293","2","1/15/2014 12:00:00 AM"
"64294","1","1/15/2014 12:00:00 AM"
"64294","2","1/15/2014 12:00:00 AM"
"64295","1","1/15/2014 12:00:00 AM"
"64296","1","1/15/2014 12:00:00 AM"
"64297","1","1/16/2014 12:00:00 AM"
"64298","1","1/16/2014 12:00:00 AM"
"64298","10","1/16/2014 12:00:00 AM"
"64299","1","1/16/2014 12:00:00 AM"
"64300","1","1/16/2014 12:00:00 AM"
"64301","1","1/16/2014 12:00:00 AM"
"64302","1","1/16/2014 12:00:00 AM"
"64303","1","1/16/2014 12:00:00 AM"
"64304","4","1/16/2014 12:00:00 AM"
"64304","10","1/16/2014 12:00:00 AM"
"64305","1","1/16/2014 12:00:00 AM"
"64307","1","1/16/2014 12:00:00 AM"
"64308","1","1/16/2014 12:00:00 AM"
"64309","1","1/16/2014 12:00:00 AM"
"64310","2","1/16/2014 12:00:00 AM"
"64311","2","1/16/2014 12:00:00 AM"
"64313","1","1/16/2014 12:00:00 AM"
"64314","1","1/16/2014 12:00:00 AM"
"64315","1","1/16/2014 12:00:00 AM"
"64316","1","1/16/2014 12:00:00 AM"
"64317","1","1/16/2014 12:00:00 AM"
"64318","1","1/16/2014 12:00:00 AM"
"64319","1","1/16/2014 12:00:00 AM"
"64320","4","1/16/2014 12:00:00 AM"
"64321","1","1/16/2014 12:00:00 AM"
"64322","1","1/16/2014 12:00:00 AM"
"64322","10","1/16/2014 12:00:00 AM"
"64323","1","1/16/2014 12:00:00 AM"
"64324","1","1/16/2014 12:00:00 AM"
"64326","1","1/16/2014 12:00:00 AM"
"64327","1","1/16/2014 12:00:00 AM"
"64328","1","1/16/2014 12:00:00 AM"
"64329","1","1/16/2014 12:00:00 AM"
"64330","1","1/16/2014 12:00:00 AM"
"64331","1","1/16/2014 12:00:00 AM"
"64332","1","1/16/2014 12:00:00 AM"
"64333","1","1/16/2014 12:00:00 AM"
"64333","10","1/16/2014 12:00:00 AM"
"64334","1","1/16/2014 12:00:00 AM"
"64335","1","1/16/2014 12:00:00 AM"
"64336","1","1/16/2014 12:00:00 AM"
"64337","1","1/16/2014 12:00:00 AM"
"64338","1","1/16/2014 12:00:00 AM"
"64339","1","1/16/2014 12:00:00 AM"
"64340","1","1/16/2014 12:00:00 AM"
"64341","1","1/16/2014 12:00:00 AM"
"64341","10","1/16/2014 12:00:00 AM"
"64342","1","1/16/2014 12:00:00 AM"
"64344","1","1/16/2014 12:00:00 AM"
"64346","1","1/16/2014 12:00:00 AM"
"64347","1","1/16/2014 12:00:00 AM"
"64347","10","1/16/2014 12:00:00 AM"
"64348","4","1/16/2014 12:00:00 AM"
"64349","1","1/16/2014 12:00:00 AM"
"64350","1","1/16/2014 12:00:00 AM"
"64351","1","1/16/2014 12:00:00 AM"
"64353","1","1/16/2014 12:00:00 AM"
"64354","1","1/16/2014 12:00:00 AM"
"64355","1","1/16/2014 12:00:00 AM"
"64357","1","1/16/2014 12:00:00 AM"
"64358","2","1/16/2014 12:00:00 AM"
"64361","1","1/16/2014 12:00:00 AM"
"64362","1","1/16/2014 12:00:00 AM"
"64363","2","1/16/2014 12:00:00 AM"
"64364","1","1/16/2014 12:00:00 AM"
"64365","1","1/16/2014 12:00:00 AM"
"64366","1","1/16/2014 12:00:00 AM"
"64366","2","1/16/2014 12:00:00 AM"
"64367","1","1/16/2014 12:00:00 AM"
"64368","1","1/16/2014 12:00:00 AM"
"64369","1","1/16/2014 12:00:00 AM"
"64370","1","1/16/2014 12:00:00 AM"
"64370","10","1/16/2014 12:00:00 AM"
"64372","1","1/16/2014 12:00:00 AM"
"64373","1","1/16/2014 12:00:00 AM"
"64375","1","1/16/2014 12:00:00 AM"
"64376","1","1/16/2014 12:00:00 AM"
"64377","1","1/17/2014 12:00:00 AM"
"64378","1","1/17/2014 12:00:00 AM"
"64379","1","1/17/2014 12:00:00 AM"
"64380","1","1/17/2014 12:00:00 AM"
"64381","1","1/17/2014 12:00:00 AM"
"64382","1","1/17/2014 12:00:00 AM"
"64383","1","1/17/2014 12:00:00 AM"
"64384","1","1/17/2014 12:00:00 AM"
"64385","1","1/17/2014 12:00:00 AM"
"64386","1","1/17/2014 12:00:00 AM"
"64387","1","1/17/2014 12:00:00 AM"
"64388","1","1/17/2014 12:00:00 AM"
"64389","1","1/17/2014 12:00:00 AM"
"64390","1","1/17/2014 12:00:00 AM"
"64392","1","1/17/2014 12:00:00 AM"
"64393","1","1/17/2014 12:00:00 AM"
"64394","1","1/17/2014 12:00:00 AM"
"64395","1","1/17/2014 12:00:00 AM"
"64396","1","1/17/2014 12:00:00 AM"
"64397","1","1/17/2014 12:00:00 AM"
"64398","1","1/17/2014 12:00:00 AM"
"64398","10","1/17/2014 12:00:00 AM"
"64399","1","1/17/2014 12:00:00 AM"
"64400","1","1/17/2014 12:00:00 AM"
"64401","1","1/17/2014 12:00:00 AM"
"64402","1","1/17/2014 12:00:00 AM"
"64403","1","1/17/2014 12:00:00 AM"
"64404","1","1/17/2014 12:00:00 AM"
"64405","1","1/17/2014 12:00:00 AM"
"64406","1","1/17/2014 12:00:00 AM"
"64407","1","1/17/2014 12:00:00 AM"
"64408","1","1/17/2014 12:00:00 AM"
"64409","1","1/17/2014 12:00:00 AM"
"64410","1","1/17/2014 12:00:00 AM"
"64411","1","1/17/2014 12:00:00 AM"
"64412","1","1/17/2014 12:00:00 AM"
"64413","1","1/17/2014 12:00:00 AM"
"64414","1","1/17/2014 12:00:00 AM"
"64415","1","1/17/2014 12:00:00 AM"
"64415","10","1/17/2014 12:00:00 AM"
"64416","1","1/17/2014 12:00:00 AM"
"64417","1","1/17/2014 12:00:00 AM"
"64418","1","1/17/2014 12:00:00 AM"
"64419","1","1/17/2014 12:00:00 AM"
"64420","6","1/17/2014 12:00:00 AM"
"64421","4","1/17/2014 12:00:00 AM"
"64422","1","1/17/2014 12:00:00 AM"
"64422","2","1/17/2014 12:00:00 AM"
"64424","2","1/17/2014 12:00:00 AM"
"64425","1","1/17/2014 12:00:00 AM"
"64427","1","1/17/2014 12:00:00 AM"
"64428","1","1/17/2014 12:00:00 AM"
"64429","1","1/17/2014 12:00:00 AM"
"64430","1","1/17/2014 12:00:00 AM"
"64430","2","1/17/2014 12:00:00 AM"
"64431","1","1/17/2014 12:00:00 AM"
"64433","1","1/17/2014 12:00:00 AM"
"64434","1","1/17/2014 12:00:00 AM"
"64435","2","1/17/2014 12:00:00 AM"
"64436","2","1/17/2014 12:00:00 AM"
"64438","1","1/17/2014 12:00:00 AM"
"64439","1","1/17/2014 12:00:00 AM"
"64440","5","1/17/2014 12:00:00 AM"
"64441","1","1/17/2014 12:00:00 AM"
"64443","1","1/17/2014 12:00:00 AM"
"64444","1","1/17/2014 12:00:00 AM"
"64445","2","1/17/2014 12:00:00 AM"
"64446","1","1/17/2014 12:00:00 AM"
"64447","1","1/17/2014 12:00:00 AM"
"64447","2","1/17/2014 12:00:00 AM"
"64448","1","1/17/2014 12:00:00 AM"
"64448","2","1/17/2014 12:00:00 AM"
"64449","1","1/17/2014 12:00:00 AM"
"64451","5","1/17/2014 12:00:00 AM"
"64452","1","1/17/2014 12:00:00 AM"
"64453","1","1/18/2014 12:00:00 AM"
"64454","1","1/18/2014 12:00:00 AM"
"64455","1","1/18/2014 12:00:00 AM"
"64455","2","1/18/2014 12:00:00 AM"
"64456","1","1/18/2014 12:00:00 AM"
"64457","1","1/18/2014 12:00:00 AM"
"64458","1","1/18/2014 12:00:00 AM"
"64458","10","1/18/2014 12:00:00 AM"
"64459","1","1/18/2014 12:00:00 AM"
"64459","10","1/18/2014 12:00:00 AM"
"64460","1","1/18/2014 12:00:00 AM"
"64461","1","1/18/2014 12:00:00 AM"
"64462","4","1/18/2014 12:00:00 AM"
"64463","1","1/18/2014 12:00:00 AM"
"64464","1","1/18/2014 12:00:00 AM"
"64465","1","1/18/2014 12:00:00 AM"
"64466","1","1/18/2014 12:00:00 AM"
"64467","1","1/18/2014 12:00:00 AM"
"64468","1","1/18/2014 12:00:00 AM"
"64469","1","1/18/2014 12:00:00 AM"
"64469","2","1/18/2014 12:00:00 AM"
"64470","1","1/18/2014 12:00:00 AM"
"64471","1","1/18/2014 12:00:00 AM"
"64472","1","1/18/2014 12:00:00 AM"
"64473","1","1/18/2014 12:00:00 AM"
"64474","1","1/18/2014 12:00:00 AM"
"64475","1","1/18/2014 12:00:00 AM"
"64476","1","1/18/2014 12:00:00 AM"
"64477","1","1/18/2014 12:00:00 AM"
"64478","1","1/18/2014 12:00:00 AM"
"64479","1","1/18/2014 12:00:00 AM"
"64480","1","1/18/2014 12:00:00 AM"
"64481","1","1/18/2014 12:00:00 AM"
"64482","1","1/18/2014 12:00:00 AM"
"64483","1","1/18/2014 12:00:00 AM"
"64484","1","1/18/2014 12:00:00 AM"
"64485","1","1/18/2014 12:00:00 AM"
"64486","1","1/18/2014 12:00:00 AM"
"64487","1","1/18/2014 12:00:00 AM"
"64488","1","1/18/2014 12:00:00 AM"
"64489","1","1/18/2014 12:00:00 AM"
"64490","1","1/18/2014 12:00:00 AM"
"64491","1","1/18/2014 12:00:00 AM"
"64492","1","1/18/2014 12:00:00 AM"
"64493","1","1/18/2014 12:00:00 AM"
"64494","1","1/18/2014 12:00:00 AM"
"64495","1","1/18/2014 12:00:00 AM"
"64496","4","1/18/2014 12:00:00 AM"
"64497","1","1/18/2014 12:00:00 AM"
"64498","1","1/18/2014 12:00:00 AM"
"64499","1","1/18/2014 12:00:00 AM"
"64500","1","1/18/2014 12:00:00 AM"
"64501","1","1/18/2014 12:00:00 AM"
"64502","1","1/18/2014 12:00:00 AM"
"64503","1","1/18/2014 12:00:00 AM"
"64504","1","1/18/2014 12:00:00 AM"
"64505","2","1/18/2014 12:00:00 AM"
"64508","1","1/18/2014 12:00:00 AM"
"64509","1","1/18/2014 12:00:00 AM"
"64510","1","1/18/2014 12:00:00 AM"
"64511","1","1/18/2014 12:00:00 AM"
"64512","1","1/18/2014 12:00:00 AM"
"64513","1","1/18/2014 12:00:00 AM"
"64514","1","1/18/2014 12:00:00 AM"
"64515","1","1/18/2014 12:00:00 AM"
"64515","2","1/18/2014 12:00:00 AM"
"64515","10","1/18/2014 12:00:00 AM"
"64516","1","1/18/2014 12:00:00 AM"
"64516","2","1/18/2014 12:00:00 AM"
"64517","1","1/18/2014 12:00:00 AM"
"64517","2","1/18/2014 12:00:00 AM"
"64519","1","1/18/2014 12:00:00 AM"
"64520","1","1/18/2014 12:00:00 AM"
"64520","2","1/18/2014 12:00:00 AM"
"64522","1","1/19/2014 12:00:00 AM"
"64522","2","1/19/2014 12:00:00 AM"
"64523","1","1/19/2014 12:00:00 AM"
"64524","1","1/19/2014 12:00:00 AM"
"64524","2","1/19/2014 12:00:00 AM"
"64525","1","1/19/2014 12:00:00 AM"
"64526","1","1/19/2014 12:00:00 AM"
"64527","1","1/19/2014 12:00:00 AM"
"64528","1","1/19/2014 12:00:00 AM"
"64529","1","1/19/2014 12:00:00 AM"
"64530","1","1/19/2014 12:00:00 AM"
"64531","4","1/19/2014 12:00:00 AM"
"64532","1","1/19/2014 12:00:00 AM"
"64533","1","1/19/2014 12:00:00 AM"
"64534","1","1/19/2014 12:00:00 AM"
"64535","1","1/19/2014 12:00:00 AM"
"64535","10","1/19/2014 12:00:00 AM"
"64536","1","1/19/2014 12:00:00 AM"
"64537","1","1/19/2014 12:00:00 AM"
"64538","1","1/19/2014 12:00:00 AM"
"64539","1","1/19/2014 12:00:00 AM"
"64540","1","1/19/2014 12:00:00 AM"
"64541","1","1/19/2014 12:00:00 AM"
"64541","10","1/19/2014 12:00:00 AM"
"64542","1","1/19/2014 12:00:00 AM"
"64542","2","1/19/2014 12:00:00 AM"
"64543","1","1/19/2014 12:00:00 AM"
"64544","1","1/19/2014 12:00:00 AM"
"64544","2","1/19/2014 12:00:00 AM"
"64545","1","1/19/2014 12:00:00 AM"
"64545","2","1/19/2014 12:00:00 AM"
"64547","1","1/19/2014 12:00:00 AM"
"64547","2","1/19/2014 12:00:00 AM"
"64548","1","1/19/2014 12:00:00 AM"
"64549","4","1/19/2014 12:00:00 AM"
"64550","4","1/19/2014 12:00:00 AM"
"64551","1","1/19/2014 12:00:00 AM"
"64552","1","1/19/2014 12:00:00 AM"
"64553","1","1/19/2014 12:00:00 AM"
"64554","6","1/19/2014 12:00:00 AM"
"64555","6","1/19/2014 12:00:00 AM"
"64556","1","1/19/2014 12:00:00 AM"
"64557","1","1/19/2014 12:00:00 AM"
"64558","1","1/19/2014 12:00:00 AM"
"64559","1","1/19/2014 12:00:00 AM"
"64560","1","1/19/2014 12:00:00 AM"
"64561","4","1/19/2014 12:00:00 AM"
"64562","1","1/19/2014 12:00:00 AM"
"64563","1","1/19/2014 12:00:00 AM"
"64564","1","1/19/2014 12:00:00 AM"
"64565","1","1/19/2014 12:00:00 AM"
"64566","1","1/19/2014 12:00:00 AM"
"64566","10","1/19/2014 12:00:00 AM"
"64567","1","1/19/2014 12:00:00 AM"
"64568","1","1/19/2014 12:00:00 AM"
"64569","1","1/19/2014 12:00:00 AM"
"64570","1","1/19/2014 12:00:00 AM"
"64571","1","1/19/2014 12:00:00 AM"
"64572","1","1/19/2014 12:00:00 AM"
"64574","1","1/19/2014 12:00:00 AM"
"64575","1","1/19/2014 12:00:00 AM"
"64576","1","1/19/2014 12:00:00 AM"
"64577","1","1/19/2014 12:00:00 AM"
"64578","1","1/19/2014 12:00:00 AM"
"64579","1","1/19/2014 12:00:00 AM"
"64580","1","1/19/2014 12:00:00 AM"
"64581","1","1/19/2014 12:00:00 AM"
"64582","1","1/19/2014 12:00:00 AM"
"64582","10","1/19/2014 12:00:00 AM"
"64583","1","1/19/2014 12:00:00 AM"
"64584","1","1/19/2014 12:00:00 AM"
"64585","1","1/19/2014 12:00:00 AM"
"64585","2","1/19/2014 12:00:00 AM"
"64586","1","1/19/2014 12:00:00 AM"
"64586","2","1/19/2014 12:00:00 AM"
"64587","1","1/19/2014 12:00:00 AM"
"64588","1","1/19/2014 12:00:00 AM"
"64589","1","1/19/2014 12:00:00 AM"
"64590","1","1/19/2014 12:00:00 AM"
"64591","1","1/19/2014 12:00:00 AM"
"64592","1","1/19/2014 12:00:00 AM"
"64592","2","1/19/2014 12:00:00 AM"
"64593","6","1/19/2014 12:00:00 AM"
"64594","1","1/19/2014 12:00:00 AM"
"64595","6","1/19/2014 12:00:00 AM"
"64596","1","1/19/2014 12:00:00 AM"
"64596","2","1/19/2014 12:00:00 AM"
"64598","1","1/19/2014 12:00:00 AM"
"64599","1","1/19/2014 12:00:00 AM"
"64600","1","1/19/2014 12:00:00 AM"
"64601","1","1/19/2014 12:00:00 AM"
"64601","10","1/19/2014 12:00:00 AM"
"64603","1","1/19/2014 12:00:00 AM"
"64603","2","1/19/2014 12:00:00 AM"
"64604","1","1/19/2014 12:00:00 AM"
"64606","1","1/19/2014 12:00:00 AM"
"64607","1","1/19/2014 12:00:00 AM"
"64608","1","1/19/2014 12:00:00 AM"
"64611","5","1/19/2014 12:00:00 AM"
"64612","1","1/20/2014 12:00:00 AM"
"64613","1","1/20/2014 12:00:00 AM"
"64614","1","1/20/2014 12:00:00 AM"
"64615","1","1/20/2014 12:00:00 AM"
"64616","1","1/20/2014 12:00:00 AM"
"64617","1","1/20/2014 12:00:00 AM"
"64618","1","1/20/2014 12:00:00 AM"
"64620","4","1/20/2014 12:00:00 AM"
"64621","4","1/20/2014 12:00:00 AM"
"64622","1","1/20/2014 12:00:00 AM"
"64623","1","1/20/2014 12:00:00 AM"
"64624","1","1/20/2014 12:00:00 AM"
"64625","1","1/20/2014 12:00:00 AM"
"64626","1","1/20/2014 12:00:00 AM"
"64627","1","1/20/2014 12:00:00 AM"
"64627","10","1/20/2014 12:00:00 AM"
"64628","1","1/20/2014 12:00:00 AM"
"64629","1","1/20/2014 12:00:00 AM"
"64630","1","1/20/2014 12:00:00 AM"
"64631","4","1/20/2014 12:00:00 AM"
"64632","1","1/20/2014 12:00:00 AM"
"64633","1","1/20/2014 12:00:00 AM"
"64634","1","1/20/2014 12:00:00 AM"
"64635","1","1/20/2014 12:00:00 AM"
"64636","6","1/20/2014 12:00:00 AM"
"64637","1","1/20/2014 12:00:00 AM"
"64638","1","1/20/2014 12:00:00 AM"
"64639","1","1/20/2014 12:00:00 AM"
"64640","1","1/20/2014 12:00:00 AM"
"64641","1","1/20/2014 12:00:00 AM"
"64642","4","1/20/2014 12:00:00 AM"
"64642","10","1/20/2014 12:00:00 AM"
"64643","1","1/20/2014 12:00:00 AM"
"64644","1","1/20/2014 12:00:00 AM"
"64645","1","1/20/2014 12:00:00 AM"
"64645","10","1/20/2014 12:00:00 AM"
"64646","1","1/20/2014 12:00:00 AM"
"64647","1","1/20/2014 12:00:00 AM"
"64648","1","1/20/2014 12:00:00 AM"
"64649","1","1/20/2014 12:00:00 AM"
"64650","1","1/20/2014 12:00:00 AM"
"64651","1","1/20/2014 12:00:00 AM"
"64652","2","1/20/2014 12:00:00 AM"
"64653","1","1/20/2014 12:00:00 AM"
"64653","10","1/20/2014 12:00:00 AM"
"64654","2","1/20/2014 12:00:00 AM"
"64655","1","1/20/2014 12:00:00 AM"
"64655","2","1/20/2014 12:00:00 AM"
"64657","1","1/20/2014 12:00:00 AM"
"64658","1","1/20/2014 12:00:00 AM"
"64658","2","1/20/2014 12:00:00 AM"
"64659","1","1/20/2014 12:00:00 AM"
"64660","1","1/20/2014 12:00:00 AM"
"64661","1","1/20/2014 12:00:00 AM"
"64662","1","1/20/2014 12:00:00 AM"
"64663","1","1/20/2014 12:00:00 AM"
"64666","1","1/20/2014 12:00:00 AM"
"64666","2","1/20/2014 12:00:00 AM"
"64667","1","1/20/2014 12:00:00 AM"
"64667","2","1/20/2014 12:00:00 AM"
"64668","1","1/20/2014 12:00:00 AM"
"64670","6","1/20/2014 12:00:00 AM"
"64671","1","1/20/2014 12:00:00 AM"
"64674","1","1/20/2014 12:00:00 AM"
"64675","1","1/20/2014 12:00:00 AM"
"64676","1","1/20/2014 12:00:00 AM"
"64677","1","1/21/2014 12:00:00 AM"
"64678","4","1/21/2014 12:00:00 AM"
"64679","1","1/21/2014 12:00:00 AM"
"64680","1","1/21/2014 12:00:00 AM"
"64681","1","1/21/2014 12:00:00 AM"
"64682","1","1/21/2014 12:00:00 AM"
"64683","1","1/21/2014 12:00:00 AM"
"64683","10","1/21/2014 12:00:00 AM"
"64684","1","1/21/2014 12:00:00 AM"
"64685","1","1/21/2014 12:00:00 AM"
"64686","1","1/21/2014 12:00:00 AM"
"64687","2","1/21/2014 12:00:00 AM"
"64688","1","1/21/2014 12:00:00 AM"
"64689","1","1/21/2014 12:00:00 AM"
"64690","1","1/21/2014 12:00:00 AM"
"64690","2","1/21/2014 12:00:00 AM"
"64691","6","1/21/2014 12:00:00 AM"
"64692","1","1/21/2014 12:00:00 AM"
"64693","4","1/21/2014 12:00:00 AM"
"64694","1","1/21/2014 12:00:00 AM"
"64695","1","1/21/2014 12:00:00 AM"
"64696","1","1/21/2014 12:00:00 AM"
"64696","10","1/21/2014 12:00:00 AM"
"64697","1","1/21/2014 12:00:00 AM"
"64698","1","1/21/2014 12:00:00 AM"
"64699","1","1/21/2014 12:00:00 AM"
"64700","4","1/21/2014 12:00:00 AM"
"64701","1","1/21/2014 12:00:00 AM"
"64702","6","1/21/2014 12:00:00 AM"
"64703","1","1/21/2014 12:00:00 AM"
"64704","1","1/21/2014 12:00:00 AM"
"64704","10","1/21/2014 12:00:00 AM"
"64705","1","1/21/2014 12:00:00 AM"
"64705","10","1/21/2014 12:00:00 AM"
"64706","1","1/21/2014 12:00:00 AM"
"64707","1","1/21/2014 12:00:00 AM"
"64708","1","1/21/2014 12:00:00 AM"
"64709","1","1/21/2014 12:00:00 AM"
"64710","1","1/21/2014 12:00:00 AM"
"64711","1","1/21/2014 12:00:00 AM"
"64712","1","1/21/2014 12:00:00 AM"
"64713","1","1/21/2014 12:00:00 AM"
"64714","1","1/21/2014 12:00:00 AM"
"64716","1","1/21/2014 12:00:00 AM"
"64718","1","1/21/2014 12:00:00 AM"
"64719","1","1/21/2014 12:00:00 AM"
"64719","2","1/21/2014 12:00:00 AM"
"64720","2","1/21/2014 12:00:00 AM"
"64721","1","1/21/2014 12:00:00 AM"
"64722","1","1/21/2014 12:00:00 AM"
"64723","1","1/21/2014 12:00:00 AM"
"64723","2","1/21/2014 12:00:00 AM"
"64726","1","1/21/2014 12:00:00 AM"
"64727","1","1/21/2014 12:00:00 AM"
"64728","6","1/21/2014 12:00:00 AM"
"64729","1","1/22/2014 12:00:00 AM"
"64729","10","1/22/2014 12:00:00 AM"
"64730","1","1/22/2014 12:00:00 AM"
"64731","1","1/22/2014 12:00:00 AM"
"64732","1","1/22/2014 12:00:00 AM"
"64732","2","1/22/2014 12:00:00 AM"
"64733","1","1/22/2014 12:00:00 AM"
"64734","2","1/22/2014 12:00:00 AM"
"64737","1","1/22/2014 12:00:00 AM"
"64738","1","1/22/2014 12:00:00 AM"
"64739","1","1/22/2014 12:00:00 AM"
"64740","1","1/22/2014 12:00:00 AM"
"64741","1","1/22/2014 12:00:00 AM"
"64742","1","1/22/2014 12:00:00 AM"
"64743","1","1/22/2014 12:00:00 AM"
"64743","10","1/22/2014 12:00:00 AM"
"64744","1","1/22/2014 12:00:00 AM"
"64745","1","1/22/2014 12:00:00 AM"
"64746","1","1/22/2014 12:00:00 AM"
"64747","1","1/22/2014 12:00:00 AM"
"64748","1","1/22/2014 12:00:00 AM"
"64749","1","1/22/2014 12:00:00 AM"
"64750","6","1/22/2014 12:00:00 AM"
"64751","1","1/22/2014 12:00:00 AM"
"64752","1","1/22/2014 12:00:00 AM"
"64753","1","1/22/2014 12:00:00 AM"
"64754","1","1/22/2014 12:00:00 AM"
"64755","1","1/22/2014 12:00:00 AM"
"64755","10","1/22/2014 12:00:00 AM"
"64756","4","1/22/2014 12:00:00 AM"
"64757","6","1/22/2014 12:00:00 AM"
"64758","1","1/22/2014 12:00:00 AM"
"64759","1","1/22/2014 12:00:00 AM"
"64760","1","1/22/2014 12:00:00 AM"
"64760","10","1/22/2014 12:00:00 AM"
"64761","1","1/22/2014 12:00:00 AM"
"64762","1","1/22/2014 12:00:00 AM"
"64763","1","1/22/2014 12:00:00 AM"
"64764","1","1/22/2014 12:00:00 AM"
"64765","1","1/22/2014 12:00:00 AM"
"64766","1","1/22/2014 12:00:00 AM"
"64767","1","1/22/2014 12:00:00 AM"
"64768","2","1/22/2014 12:00:00 AM"
"64769","1","1/22/2014 12:00:00 AM"
"64770","1","1/22/2014 12:00:00 AM"
"64771","1","1/22/2014 12:00:00 AM"
"64772","5","1/22/2014 12:00:00 AM"
"64773","1","1/22/2014 12:00:00 AM"
"64774","1","1/22/2014 12:00:00 AM"
"64776","1","1/22/2014 12:00:00 AM"
"64777","1","1/22/2014 12:00:00 AM"
"64779","1","1/22/2014 12:00:00 AM"
"64781","1","1/22/2014 12:00:00 AM"
"64781","10","1/22/2014 12:00:00 AM"
"64782","1","1/22/2014 12:00:00 AM"
"64782","2","1/22/2014 12:00:00 AM"
"64784","1","1/22/2014 12:00:00 AM"
"64785","1","1/22/2014 12:00:00 AM"
"64787","1","1/22/2014 12:00:00 AM"
"64789","1","1/22/2014 12:00:00 AM"
"64789","2","1/22/2014 12:00:00 AM"
"64792","1","1/23/2014 12:00:00 AM"
"64793","1","1/23/2014 12:00:00 AM"
"64794","1","1/23/2014 12:00:00 AM"
"64795","1","1/23/2014 12:00:00 AM"
"64795","2","1/23/2014 12:00:00 AM"
"64796","1","1/23/2014 12:00:00 AM"
"64797","2","1/23/2014 12:00:00 AM"
"64798","1","1/23/2014 12:00:00 AM"
"64800","1","1/23/2014 12:00:00 AM"
"64801","2","1/23/2014 12:00:00 AM"
"64802","1","1/23/2014 12:00:00 AM"
"64803","1","1/23/2014 12:00:00 AM"
"64804","1","1/23/2014 12:00:00 AM"
"64805","1","1/23/2014 12:00:00 AM"
"64806","1","1/23/2014 12:00:00 AM"
"64807","1","1/23/2014 12:00:00 AM"
"64808","1","1/23/2014 12:00:00 AM"
"64809","1","1/23/2014 12:00:00 AM"
"64810","1","1/23/2014 12:00:00 AM"
"64811","1","1/23/2014 12:00:00 AM"
"64812","1","1/23/2014 12:00:00 AM"
"64813","1","1/23/2014 12:00:00 AM"
"64814","1","1/23/2014 12:00:00 AM"
"64815","1","1/23/2014 12:00:00 AM"
"64816","1","1/23/2014 12:00:00 AM"
"64817","1","1/23/2014 12:00:00 AM"
"64818","1","1/23/2014 12:00:00 AM"
"64819","1","1/23/2014 12:00:00 AM"
"64820","1","1/23/2014 12:00:00 AM"
"64821","1","1/23/2014 12:00:00 AM"
"64822","1","1/23/2014 12:00:00 AM"
"64822","10","1/23/2014 12:00:00 AM"
"64823","1","1/23/2014 12:00:00 AM"
"64824","1","1/23/2014 12:00:00 AM"
"64825","1","1/23/2014 12:00:00 AM"
"64826","1","1/23/2014 12:00:00 AM"
"64827","1","1/23/2014 12:00:00 AM"
"64828","1","1/23/2014 12:00:00 AM"
"64829","1","1/23/2014 12:00:00 AM"
"64830","1","1/23/2014 12:00:00 AM"
"64830","10","1/23/2014 12:00:00 AM"
"64831","4","1/23/2014 12:00:00 AM"
"64832","1","1/23/2014 12:00:00 AM"
"64833","1","1/23/2014 12:00:00 AM"
"64834","1","1/23/2014 12:00:00 AM"
"64835","1","1/23/2014 12:00:00 AM"
"64836","1","1/23/2014 12:00:00 AM"
"64836","2","1/23/2014 12:00:00 AM"
"64837","1","1/23/2014 12:00:00 AM"
"64838","1","1/23/2014 12:00:00 AM"
"64839","1","1/23/2014 12:00:00 AM"
"64841","1","1/23/2014 12:00:00 AM"
"64841","2","1/23/2014 12:00:00 AM"
"64842","1","1/23/2014 12:00:00 AM"
"64843","1","1/23/2014 12:00:00 AM"
"64843","2","1/23/2014 12:00:00 AM"
"64844","2","1/23/2014 12:00:00 AM"
"64845","1","1/23/2014 12:00:00 AM"
"64847","1","1/23/2014 12:00:00 AM"
"64848","1","1/23/2014 12:00:00 AM"
"64849","5","1/23/2014 12:00:00 AM"
"64850","1","1/23/2014 12:00:00 AM"
"64851","1","1/23/2014 12:00:00 AM"
"64853","1","1/23/2014 12:00:00 AM"
"64854","1","1/24/2014 12:00:00 AM"
"64855","1","1/24/2014 12:00:00 AM"
"64856","6","1/24/2014 12:00:00 AM"
"64857","1","1/24/2014 12:00:00 AM"
"64858","1","1/24/2014 12:00:00 AM"
"64859","1","1/24/2014 12:00:00 AM"
"64860","1","1/24/2014 12:00:00 AM"
"64861","1","1/24/2014 12:00:00 AM"
"64862","1","1/24/2014 12:00:00 AM"
"64863","1","1/24/2014 12:00:00 AM"
"64863","2","1/24/2014 12:00:00 AM"
"64864","2","1/24/2014 12:00:00 AM"
"64865","1","1/24/2014 12:00:00 AM"
"64866","1","1/24/2014 12:00:00 AM"
"64867","1","1/24/2014 12:00:00 AM"
"64868","1","1/24/2014 12:00:00 AM"
"64869","1","1/24/2014 12:00:00 AM"
"64869","10","1/24/2014 12:00:00 AM"
"64870","1","1/24/2014 12:00:00 AM"
"64871","6","1/24/2014 12:00:00 AM"
"64872","6","1/24/2014 12:00:00 AM"
"64873","1","1/24/2014 12:00:00 AM"
"64874","1","1/24/2014 12:00:00 AM"
"64875","1","1/24/2014 12:00:00 AM"
"64876","1","1/24/2014 12:00:00 AM"
"64877","1","1/24/2014 12:00:00 AM"
"64878","1","1/24/2014 12:00:00 AM"
"64879","1","1/24/2014 12:00:00 AM"
"64880","1","1/24/2014 12:00:00 AM"
"64881","1","1/24/2014 12:00:00 AM"
"64883","1","1/24/2014 12:00:00 AM"
"64884","1","1/24/2014 12:00:00 AM"
"64886","1","1/24/2014 12:00:00 AM"
"64887","1","1/24/2014 12:00:00 AM"
"64887","2","1/24/2014 12:00:00 AM"
"64888","1","1/24/2014 12:00:00 AM"
"64889","1","1/24/2014 12:00:00 AM"
"64889","2","1/24/2014 12:00:00 AM"
"64890","1","1/24/2014 12:00:00 AM"
"64890","2","1/24/2014 12:00:00 AM"
"64891","1","1/24/2014 12:00:00 AM"
"64891","2","1/24/2014 12:00:00 AM"
"64892","1","1/24/2014 12:00:00 AM"
"64892","2","1/24/2014 12:00:00 AM"
"64893","1","1/24/2014 12:00:00 AM"
"64893","2","1/24/2014 12:00:00 AM"
"64894","1","1/24/2014 12:00:00 AM"
"64894","2","1/24/2014 12:00:00 AM"
"64896","1","1/24/2014 12:00:00 AM"
"64897","1","1/25/2014 12:00:00 AM"
"64898","1","1/25/2014 12:00:00 AM"
"64899","1","1/25/2014 12:00:00 AM"
"64900","1","1/25/2014 12:00:00 AM"
"64902","1","1/25/2014 12:00:00 AM"
"64903","1","1/25/2014 12:00:00 AM"
"64904","1","1/25/2014 12:00:00 AM"
"64905","1","1/25/2014 12:00:00 AM"
"64907","1","1/25/2014 12:00:00 AM"
"64908","1","1/25/2014 12:00:00 AM"
"64909","1","1/25/2014 12:00:00 AM"
"64909","10","1/25/2014 12:00:00 AM"
"64910","1","1/25/2014 12:00:00 AM"
"64911","1","1/25/2014 12:00:00 AM"
"64911","10","1/25/2014 12:00:00 AM"
"64912","1","1/25/2014 12:00:00 AM"
"64913","1","1/25/2014 12:00:00 AM"
"64914","6","1/25/2014 12:00:00 AM"
"64915","1","1/25/2014 12:00:00 AM"
"64916","6","1/25/2014 12:00:00 AM"
"64917","1","1/25/2014 12:00:00 AM"
"64918","1","1/25/2014 12:00:00 AM"
"64919","1","1/25/2014 12:00:00 AM"
"64920","1","1/25/2014 12:00:00 AM"
"64921","1","1/25/2014 12:00:00 AM"
"64921","10","1/25/2014 12:00:00 AM"
"64922","1","1/25/2014 12:00:00 AM"
"64923","1","1/25/2014 12:00:00 AM"
"64923","10","1/25/2014 12:00:00 AM"
"64924","1","1/25/2014 12:00:00 AM"
"64925","1","1/25/2014 12:00:00 AM"
"64926","1","1/25/2014 12:00:00 AM"
"64927","4","1/25/2014 12:00:00 AM"
"64928","1","1/25/2014 12:00:00 AM"
"64929","1","1/25/2014 12:00:00 AM"
"64929","2","1/25/2014 12:00:00 AM"
"64930","1","1/25/2014 12:00:00 AM"
"64931","1","1/25/2014 12:00:00 AM"
"64932","1","1/25/2014 12:00:00 AM"
"64934","6","1/25/2014 12:00:00 AM"
"64935","6","1/25/2014 12:00:00 AM"
"64936","2","1/25/2014 12:00:00 AM"
"64939","1","1/25/2014 12:00:00 AM"
"64941","1","1/25/2014 12:00:00 AM"
"64941","2","1/25/2014 12:00:00 AM"
"64942","1","1/25/2014 12:00:00 AM"
"64942","2","1/25/2014 12:00:00 AM"
"64943","1","1/25/2014 12:00:00 AM"
"64944","6","1/25/2014 12:00:00 AM"
"64945","1","1/25/2014 12:00:00 AM"
"64946","1","1/25/2014 12:00:00 AM"
"64947","1","1/25/2014 12:00:00 AM"
"64947","2","1/25/2014 12:00:00 AM"
"64948","1","1/26/2014 12:00:00 AM"
"64949","4","1/26/2014 12:00:00 AM"
"64950","4","1/26/2014 12:00:00 AM"
"64951","6","1/26/2014 12:00:00 AM"
"64952","1","1/26/2014 12:00:00 AM"
"64953","1","1/26/2014 12:00:00 AM"
"64954","1","1/26/2014 12:00:00 AM"
"64955","1","1/26/2014 12:00:00 AM"
"64956","1","1/26/2014 12:00:00 AM"
"64957","1","1/26/2014 12:00:00 AM"
"64958","1","1/26/2014 12:00:00 AM"
"64959","1","1/26/2014 12:00:00 AM"
"64960","1","1/26/2014 12:00:00 AM"
"64961","1","1/26/2014 12:00:00 AM"
"64962","1","1/26/2014 12:00:00 AM"
"64963","1","1/26/2014 12:00:00 AM"
"64964","4","1/26/2014 12:00:00 AM"
"64965","1","1/26/2014 12:00:00 AM"
"64966","1","1/26/2014 12:00:00 AM"
"64967","1","1/26/2014 12:00:00 AM"
"64968","1","1/26/2014 12:00:00 AM"
"64969","1","1/26/2014 12:00:00 AM"
"64969","10","1/26/2014 12:00:00 AM"
"64970","1","1/26/2014 12:00:00 AM"
"64971","1","1/26/2014 12:00:00 AM"
"64972","1","1/26/2014 12:00:00 AM"
"64973","1","1/26/2014 12:00:00 AM"
"64974","1","1/26/2014 12:00:00 AM"
"64975","1","1/26/2014 12:00:00 AM"
"64976","1","1/26/2014 12:00:00 AM"
"64977","1","1/26/2014 12:00:00 AM"
"64978","1","1/26/2014 12:00:00 AM"
"64979","1","1/26/2014 12:00:00 AM"
"64980","1","1/26/2014 12:00:00 AM"
"64980","10","1/26/2014 12:00:00 AM"
"64981","1","1/26/2014 12:00:00 AM"
"64982","1","1/26/2014 12:00:00 AM"
"64983","1","1/26/2014 12:00:00 AM"
"64984","1","1/26/2014 12:00:00 AM"
"64985","1","1/26/2014 12:00:00 AM"
"64985","10","1/26/2014 12:00:00 AM"
"64986","1","1/26/2014 12:00:00 AM"
"64987","1","1/26/2014 12:00:00 AM"
"64988","1","1/26/2014 12:00:00 AM"
"64989","1","1/26/2014 12:00:00 AM"
"64990","1","1/26/2014 12:00:00 AM"
"64991","1","1/26/2014 12:00:00 AM"
"64991","10","1/26/2014 12:00:00 AM"
"64992","1","1/26/2014 12:00:00 AM"
"64993","1","1/26/2014 12:00:00 AM"
"64994","1","1/26/2014 12:00:00 AM"
"64995","1","1/26/2014 12:00:00 AM"
"64996","1","1/26/2014 12:00:00 AM"
"64997","1","1/26/2014 12:00:00 AM"
"64999","1","1/26/2014 12:00:00 AM"
"65000","1","1/26/2014 12:00:00 AM"
"65001","1","1/26/2014 12:00:00 AM"
"65002","1","1/26/2014 12:00:00 AM"
"65003","1","1/26/2014 12:00:00 AM"
"65004","1","1/26/2014 12:00:00 AM"
"65005","2","1/26/2014 12:00:00 AM"
"65006","1","1/26/2014 12:00:00 AM"
"65007","1","1/26/2014 12:00:00 AM"
"65007","2","1/26/2014 12:00:00 AM"
"65008","1","1/26/2014 12:00:00 AM"
"65009","2","1/26/2014 12:00:00 AM"
"65010","2","1/26/2014 12:00:00 AM"
"65011","1","1/26/2014 12:00:00 AM"
"65013","1","1/26/2014 12:00:00 AM"
"65014","1","1/26/2014 12:00:00 AM"
"65015","1","1/26/2014 12:00:00 AM"
"65017","1","1/26/2014 12:00:00 AM"
"65018","1","1/26/2014 12:00:00 AM"
"65019","1","1/26/2014 12:00:00 AM"
"65019","2","1/26/2014 12:00:00 AM"
"65019","10","1/26/2014 12:00:00 AM"
"65022","1","1/27/2014 12:00:00 AM"
"65023","1","1/27/2014 12:00:00 AM"
"65024","1","1/27/2014 12:00:00 AM"
"65025","1","1/27/2014 12:00:00 AM"
"65026","1","1/27/2014 12:00:00 AM"
"65027","1","1/27/2014 12:00:00 AM"
"65028","1","1/27/2014 12:00:00 AM"
"65029","1","1/27/2014 12:00:00 AM"
"65030","1","1/27/2014 12:00:00 AM"
"65031","1","1/27/2014 12:00:00 AM"
"65032","1","1/27/2014 12:00:00 AM"
"65032","2","1/27/2014 12:00:00 AM"
"65033","1","1/27/2014 12:00:00 AM"
"65033","2","1/27/2014 12:00:00 AM"
"65034","1","1/27/2014 12:00:00 AM"
"65035","4","1/27/2014 12:00:00 AM"
"65036","1","1/27/2014 12:00:00 AM"
"65037","1","1/27/2014 12:00:00 AM"
"65038","1","1/27/2014 12:00:00 AM"
"65039","1","1/27/2014 12:00:00 AM"
"65040","1","1/27/2014 12:00:00 AM"
"65040","10","1/27/2014 12:00:00 AM"
"65041","1","1/27/2014 12:00:00 AM"
"65041","10","1/27/2014 12:00:00 AM"
"65042","1","1/27/2014 12:00:00 AM"
"65043","1","1/27/2014 12:00:00 AM"
"65044","1","1/27/2014 12:00:00 AM"
"65045","1","1/27/2014 12:00:00 AM"
"65046","1","1/27/2014 12:00:00 AM"
"65047","4","1/27/2014 12:00:00 AM"
"65048","1","1/27/2014 12:00:00 AM"
"65048","10","1/27/2014 12:00:00 AM"
"65049","1","1/27/2014 12:00:00 AM"
"65050","4","1/27/2014 12:00:00 AM"
"65051","1","1/27/2014 12:00:00 AM"
"65052","1","1/27/2014 12:00:00 AM"
"65053","1","1/27/2014 12:00:00 AM"
"65054","1","1/27/2014 12:00:00 AM"
"65054","10","1/27/2014 12:00:00 AM"
"65055","1","1/27/2014 12:00:00 AM"
"65055","10","1/27/2014 12:00:00 AM"
"65056","1","1/27/2014 12:00:00 AM"
"65057","1","1/27/2014 12:00:00 AM"
"65058","4","1/27/2014 12:00:00 AM"
"65059","1","1/27/2014 12:00:00 AM"
"65060","1","1/27/2014 12:00:00 AM"
"65060","2","1/27/2014 12:00:00 AM"
"65062","1","1/27/2014 12:00:00 AM"
"65062","2","1/27/2014 12:00:00 AM"
"65063","2","1/27/2014 12:00:00 AM"
"65064","1","1/27/2014 12:00:00 AM"
"65065","1","1/27/2014 12:00:00 AM"
"65066","1","1/27/2014 12:00:00 AM"
"65067","1","1/27/2014 12:00:00 AM"
"65068","1","1/27/2014 12:00:00 AM"
"65069","1","1/27/2014 12:00:00 AM"
"65070","1","1/27/2014 12:00:00 AM"
"65070","2","1/27/2014 12:00:00 AM"
"65071","1","1/27/2014 12:00:00 AM"
"65071","2","1/27/2014 12:00:00 AM"
"65073","1","1/27/2014 12:00:00 AM"
"65073","2","1/27/2014 12:00:00 AM"
"65075","1","1/27/2014 12:00:00 AM"
"65075","2","1/27/2014 12:00:00 AM"
"65076","1","1/27/2014 12:00:00 AM"
"65076","2","1/27/2014 12:00:00 AM"
"65076","10","1/27/2014 12:00:00 AM"
"65080","6","1/27/2014 12:00:00 AM"
"65084","1","1/27/2014 12:00:00 AM"
"65085","1","1/27/2014 12:00:00 AM"
"65085","2","1/27/2014 12:00:00 AM"
"65087","1","1/27/2014 12:00:00 AM"
"65088","1","1/27/2014 12:00:00 AM"
"65088","2","1/27/2014 12:00:00 AM"
"65091","1","1/28/2014 12:00:00 AM"
"65091","10","1/28/2014 12:00:00 AM"
"65092","1","1/28/2014 12:00:00 AM"
"65093","1","1/28/2014 12:00:00 AM"
"65094","1","1/28/2014 12:00:00 AM"
"65095","1","1/28/2014 12:00:00 AM"
"65096","6","1/28/2014 12:00:00 AM"
"65097","1","1/28/2014 12:00:00 AM"
"65098","2","1/28/2014 12:00:00 AM"
"65099","1","1/28/2014 12:00:00 AM"
"65100","4","1/28/2014 12:00:00 AM"
"65101","1","1/28/2014 12:00:00 AM"
"65102","1","1/28/2014 12:00:00 AM"
"65103","1","1/28/2014 12:00:00 AM"
"65103","10","1/28/2014 12:00:00 AM"
"65104","1","1/28/2014 12:00:00 AM"
"65105","1","1/28/2014 12:00:00 AM"
"65106","1","1/28/2014 12:00:00 AM"
"65107","1","1/28/2014 12:00:00 AM"
"65108","1","1/28/2014 12:00:00 AM"
"65109","1","1/28/2014 12:00:00 AM"
"65110","4","1/28/2014 12:00:00 AM"
"65111","1","1/28/2014 12:00:00 AM"
"65113","1","1/28/2014 12:00:00 AM"
"65114","1","1/28/2014 12:00:00 AM"
"65115","1","1/28/2014 12:00:00 AM"
"65116","1","1/28/2014 12:00:00 AM"
"65117","1","1/28/2014 12:00:00 AM"
"65118","1","1/28/2014 12:00:00 AM"
"65119","1","1/28/2014 12:00:00 AM"
"65120","1","1/28/2014 12:00:00 AM"
"65121","1","1/28/2014 12:00:00 AM"
"65122","1","1/28/2014 12:00:00 AM"
"65123","1","1/28/2014 12:00:00 AM"
"65124","1","1/28/2014 12:00:00 AM"
"65125","1","1/28/2014 12:00:00 AM"
"65126","1","1/28/2014 12:00:00 AM"
"65127","1","1/28/2014 12:00:00 AM"
"65128","1","1/28/2014 12:00:00 AM"
"65129","1","1/28/2014 12:00:00 AM"
"65130","6","1/28/2014 12:00:00 AM"
"65131","1","1/28/2014 12:00:00 AM"
"65131","2","1/28/2014 12:00:00 AM"
"65132","2","1/28/2014 12:00:00 AM"
"65133","1","1/28/2014 12:00:00 AM"
"65133","2","1/28/2014 12:00:00 AM"
"65134","1","1/28/2014 12:00:00 AM"
"65135","1","1/28/2014 12:00:00 AM"
"65136","1","1/28/2014 12:00:00 AM"
"65138","2","1/28/2014 12:00:00 AM"
"65139","1","1/28/2014 12:00:00 AM"
"65140","1","1/28/2014 12:00:00 AM"
"65142","2","1/28/2014 12:00:00 AM"
"65143","1","1/28/2014 12:00:00 AM"
"65144","1","1/28/2014 12:00:00 AM"
"65144","2","1/28/2014 12:00:00 AM"
"65145","1","1/28/2014 12:00:00 AM"
"65145","2","1/28/2014 12:00:00 AM"
"65147","1","1/28/2014 12:00:00 AM"
"65147","2","1/28/2014 12:00:00 AM"
"65148","1","1/28/2014 12:00:00 AM"
"65149","1","1/28/2014 12:00:00 AM"
"65149","2","1/28/2014 12:00:00 AM"
"65150","1","1/28/2014 12:00:00 AM"
"65324","6","1/29/2014 12:00:00 AM"
"65325","6","1/29/2014 12:00:00 AM"
"65326","6","1/29/2014 12:00:00 AM"
"65327","2","1/29/2014 12:00:00 AM"
"65328","6","1/29/2014 12:00:00 AM"
"65329","1","1/29/2014 12:00:00 AM"
"65330","1","1/29/2014 12:00:00 AM"
"65331","1","1/29/2014 12:00:00 AM"
"65331","10","1/29/2014 12:00:00 AM"
"65332","1","1/29/2014 12:00:00 AM"
"65333","1","1/29/2014 12:00:00 AM"
"65334","1","1/29/2014 12:00:00 AM"
"65335","6","1/29/2014 12:00:00 AM"
"65336","1","1/29/2014 12:00:00 AM"
"65337","1","1/29/2014 12:00:00 AM"
"65339","6","1/29/2014 12:00:00 AM"
"65340","1","1/29/2014 12:00:00 AM"
"65341","4","1/29/2014 12:00:00 AM"
"65341","10","1/29/2014 12:00:00 AM"
"65342","1","1/29/2014 12:00:00 AM"
"65343","1","1/29/2014 12:00:00 AM"
"65344","1","1/29/2014 12:00:00 AM"
"65345","1","1/29/2014 12:00:00 AM"
"65346","1","1/29/2014 12:00:00 AM"
"65347","1","1/29/2014 12:00:00 AM"
"65348","1","1/29/2014 12:00:00 AM"
"65349","1","1/29/2014 12:00:00 AM"
"65350","1","1/29/2014 12:00:00 AM"
"65351","1","1/29/2014 12:00:00 AM"
"65352","1","1/29/2014 12:00:00 AM"
"65353","1","1/29/2014 12:00:00 AM"
"65354","1","1/29/2014 12:00:00 AM"
"65355","1","1/29/2014 12:00:00 AM"
"65356","1","1/29/2014 12:00:00 AM"
"65357","1","1/29/2014 12:00:00 AM"
"65357","10","1/29/2014 12:00:00 AM"
"65358","1","1/29/2014 12:00:00 AM"
"65359","1","1/29/2014 12:00:00 AM"
"65360","1","1/29/2014 12:00:00 AM"
"65361","1","1/29/2014 12:00:00 AM"
"65362","1","1/29/2014 12:00:00 AM"
"65363","1","1/29/2014 12:00:00 AM"
"65364","1","1/29/2014 12:00:00 AM"
"65365","1","1/29/2014 12:00:00 AM"
"65366","1","1/29/2014 12:00:00 AM"
"65367","1","1/29/2014 12:00:00 AM"
"65368","1","1/29/2014 12:00:00 AM"
"65369","1","1/29/2014 12:00:00 AM"
"65370","1","1/29/2014 12:00:00 AM"
"65371","1","1/29/2014 12:00:00 AM"
"65372","1","1/29/2014 12:00:00 AM"
"65374","2","1/29/2014 12:00:00 AM"
"65375","1","1/29/2014 12:00:00 AM"
"65376","2","1/29/2014 12:00:00 AM"
"65377","6","1/29/2014 12:00:00 AM"
"65380","1","1/29/2014 12:00:00 AM"
"65381","1","1/29/2014 12:00:00 AM"
"65382","1","1/29/2014 12:00:00 AM"
"65383","6","1/29/2014 12:00:00 AM"
"65384","5","1/29/2014 12:00:00 AM"
"65386","1","1/29/2014 12:00:00 AM"
"65386","2","1/29/2014 12:00:00 AM"
"65387","1","1/29/2014 12:00:00 AM"
"65387","2","1/29/2014 12:00:00 AM"
"65388","1","1/29/2014 12:00:00 AM"
"65388","2","1/29/2014 12:00:00 AM"
"65388","10","1/29/2014 12:00:00 AM"
"65391","1","1/29/2014 12:00:00 AM"
"65391","10","1/29/2014 12:00:00 AM"
"65392","1","1/29/2014 12:00:00 AM"
"65394","5","1/29/2014 12:00:00 AM"
"65395","1","1/29/2014 12:00:00 AM"
"65396","6","1/30/2014 12:00:00 AM"
"65397","1","1/30/2014 12:00:00 AM"
"65397","2","1/30/2014 12:00:00 AM"
"65398","1","1/30/2014 12:00:00 AM"
"65399","1","1/30/2014 12:00:00 AM"
"65400","1","1/30/2014 12:00:00 AM"
"65401","6","1/30/2014 12:00:00 AM"
"65402","1","1/30/2014 12:00:00 AM"
"65403","1","1/30/2014 12:00:00 AM"
"65404","1","1/30/2014 12:00:00 AM"
"65405","1","1/30/2014 12:00:00 AM"
"65406","1","1/30/2014 12:00:00 AM"
"65407","1","1/30/2014 12:00:00 AM"
"65408","1","1/30/2014 12:00:00 AM"
"65409","1","1/30/2014 12:00:00 AM"
"65410","1","1/30/2014 12:00:00 AM"
"65411","4","1/30/2014 12:00:00 AM"
"65412","1","1/30/2014 12:00:00 AM"
"65412","10","1/30/2014 12:00:00 AM"
"65413","1","1/30/2014 12:00:00 AM"
"65414","1","1/30/2014 12:00:00 AM"
"65416","1","1/30/2014 12:00:00 AM"
"65417","1","1/30/2014 12:00:00 AM"
"65418","1","1/30/2014 12:00:00 AM"
"65419","1","1/30/2014 12:00:00 AM"
"65419","10","1/30/2014 12:00:00 AM"
"65420","1","1/30/2014 12:00:00 AM"
"65421","1","1/30/2014 12:00:00 AM"
"65422","1","1/30/2014 12:00:00 AM"
"65422","10","1/30/2014 12:00:00 AM"
"65423","1","1/30/2014 12:00:00 AM"
"65424","1","1/30/2014 12:00:00 AM"
"65425","1","1/30/2014 12:00:00 AM"
"65426","1","1/30/2014 12:00:00 AM"
"65427","1","1/30/2014 12:00:00 AM"
"65428","1","1/30/2014 12:00:00 AM"
"65429","1","1/30/2014 12:00:00 AM"
"65430","1","1/30/2014 12:00:00 AM"
"65431","1","1/30/2014 12:00:00 AM"
"65432","1","1/30/2014 12:00:00 AM"
"65433","1","1/30/2014 12:00:00 AM"
"65434","1","1/30/2014 12:00:00 AM"
"65435","1","1/30/2014 12:00:00 AM"
"65435","2","1/30/2014 12:00:00 AM"
"65436","1","1/30/2014 12:00:00 AM"
"65436","2","1/30/2014 12:00:00 AM"
"65439","1","1/30/2014 12:00:00 AM"
"65439","2","1/30/2014 12:00:00 AM"
"65439","10","1/30/2014 12:00:00 AM"
"65440","1","1/30/2014 12:00:00 AM"
"65440","2","1/30/2014 12:00:00 AM"
"65440","10","1/30/2014 12:00:00 AM"
"65442","2","1/30/2014 12:00:00 AM"
"65443","1","1/30/2014 12:00:00 AM"
"65446","1","1/30/2014 12:00:00 AM"
"65447","1","1/30/2014 12:00:00 AM"
"65450","1","1/30/2014 12:00:00 AM"
"65450","2","1/30/2014 12:00:00 AM"
"65450","10","1/30/2014 12:00:00 AM"
"65451","1","1/30/2014 12:00:00 AM"
"65451","2","1/30/2014 12:00:00 AM"
"65452","1","1/31/2014 12:00:00 AM"
"65453","6","1/31/2014 12:00:00 AM"
"65454","1","1/31/2014 12:00:00 AM"
"65455","1","1/31/2014 12:00:00 AM"
"65456","1","1/31/2014 12:00:00 AM"
"65456","10","1/31/2014 12:00:00 AM"
"65458","1","1/31/2014 12:00:00 AM"
"65459","1","1/31/2014 12:00:00 AM"
"65460","1","1/31/2014 12:00:00 AM"
"65461","1","1/31/2014 12:00:00 AM"
"65462","1","1/31/2014 12:00:00 AM"
"65462","2","1/31/2014 12:00:00 AM"
"65463","1","1/31/2014 12:00:00 AM"
"65464","1","1/31/2014 12:00:00 AM"
"65464","2","1/31/2014 12:00:00 AM"
"65465","1","1/31/2014 12:00:00 AM"
"65466","1","1/31/2014 12:00:00 AM"
"65467","1","1/31/2014 12:00:00 AM"
"65468","1","1/31/2014 12:00:00 AM"
"65469","1","1/31/2014 12:00:00 AM"
"65470","1","1/31/2014 12:00:00 AM"
"65471","1","1/31/2014 12:00:00 AM"
"65472","1","1/31/2014 12:00:00 AM"
"65473","1","1/31/2014 12:00:00 AM"
"65474","1","1/31/2014 12:00:00 AM"
"65475","6","1/31/2014 12:00:00 AM"
"65476","1","1/31/2014 12:00:00 AM"
"65477","1","1/31/2014 12:00:00 AM"
"65478","1","1/31/2014 12:00:00 AM"
"65479","1","1/31/2014 12:00:00 AM"
"65480","1","1/31/2014 12:00:00 AM"
"65481","1","1/31/2014 12:00:00 AM"
"65482","1","1/31/2014 12:00:00 AM"
"65482","10","1/31/2014 12:00:00 AM"
"65483","1","1/31/2014 12:00:00 AM"
"65484","1","1/31/2014 12:00:00 AM"
"65485","1","1/31/2014 12:00:00 AM"
"65486","1","1/31/2014 12:00:00 AM"
"65487","1","1/31/2014 12:00:00 AM"
"65488","1","1/31/2014 12:00:00 AM"
"65489","6","1/31/2014 12:00:00 AM"
"65490","1","1/31/2014 12:00:00 AM"
"65491","2","1/31/2014 12:00:00 AM"
"65492","1","1/31/2014 12:00:00 AM"
"65494","2","1/31/2014 12:00:00 AM"
"65496","1","1/31/2014 12:00:00 AM"
"65497","2","1/31/2014 12:00:00 AM"
"65497","10","1/31/2014 12:00:00 AM"
"65499","1","1/31/2014 12:00:00 AM"
"65500","1","1/31/2014 12:00:00 AM"
"65501","1","1/31/2014 12:00:00 AM"
"65501","2","1/31/2014 12:00:00 AM"
"65501","10","1/31/2014 12:00:00 AM"
"65503","1","1/31/2014 12:00:00 AM"
"65503","2","1/31/2014 12:00:00 AM"
"65504","6","2/1/2014 12:00:00 AM"
"65505","1","2/1/2014 12:00:00 AM"
"65506","1","2/1/2014 12:00:00 AM"
"65507","1","2/1/2014 12:00:00 AM"
"65508","1","2/1/2014 12:00:00 AM"
"65509","4","2/1/2014 12:00:00 AM"
"65510","1","2/1/2014 12:00:00 AM"
"65510","2","2/1/2014 12:00:00 AM"
"65511","1","2/1/2014 12:00:00 AM"
"65512","1","2/1/2014 12:00:00 AM"
"65513","1","2/1/2014 12:00:00 AM"
"65514","1","2/1/2014 12:00:00 AM"
"65515","1","2/1/2014 12:00:00 AM"
"65516","1","2/1/2014 12:00:00 AM"
"65517","1","2/1/2014 12:00:00 AM"
"65518","1","2/1/2014 12:00:00 AM"
"65519","1","2/1/2014 12:00:00 AM"
"65519","10","2/1/2014 12:00:00 AM"
"65520","1","2/1/2014 12:00:00 AM"
"65521","1","2/1/2014 12:00:00 AM"
"65522","1","2/1/2014 12:00:00 AM"
"65523","1","2/1/2014 12:00:00 AM"
"65524","1","2/1/2014 12:00:00 AM"
"65525","1","2/1/2014 12:00:00 AM"
"65525","10","2/1/2014 12:00:00 AM"
"65526","1","2/1/2014 12:00:00 AM"
"65527","1","2/1/2014 12:00:00 AM"
"65528","1","2/1/2014 12:00:00 AM"
"65529","1","2/1/2014 12:00:00 AM"
"65530","1","2/1/2014 12:00:00 AM"
"65531","1","2/1/2014 12:00:00 AM"
"65532","1","2/1/2014 12:00:00 AM"
"65533","1","2/1/2014 12:00:00 AM"
"65534","1","2/1/2014 12:00:00 AM"
"65535","1","2/1/2014 12:00:00 AM"
"65536","1","2/1/2014 12:00:00 AM"
"65537","1","2/1/2014 12:00:00 AM"
"65538","1","2/1/2014 12:00:00 AM"
"65539","1","2/1/2014 12:00:00 AM"
"65540","1","2/1/2014 12:00:00 AM"
"65541","1","2/1/2014 12:00:00 AM"
"65542","1","2/1/2014 12:00:00 AM"
"65543","1","2/1/2014 12:00:00 AM"
"65547","1","2/1/2014 12:00:00 AM"
"65549","2","2/1/2014 12:00:00 AM"
"65550","1","2/1/2014 12:00:00 AM"
"65550","2","2/1/2014 12:00:00 AM"
"65551","1","2/1/2014 12:00:00 AM"
"65551","2","2/1/2014 12:00:00 AM"
"65551","10","2/1/2014 12:00:00 AM"
"65552","1","2/1/2014 12:00:00 AM"
"65552","2","2/1/2014 12:00:00 AM"
"65553","1","2/1/2014 12:00:00 AM"
"65554","6","2/1/2014 12:00:00 AM"
"65555","6","2/1/2014 12:00:00 AM"
"65556","2","2/1/2014 12:00:00 AM"
"65558","1","2/1/2014 12:00:00 AM"
"65559","1","2/1/2014 12:00:00 AM"
"65560","1","2/1/2014 12:00:00 AM"
"65560","2","2/1/2014 12:00:00 AM"
"65561","1","2/2/2014 12:00:00 AM"
"65562","1","2/2/2014 12:00:00 AM"
"65563","1","2/2/2014 12:00:00 AM"
"65564","1","2/2/2014 12:00:00 AM"
"65565","1","2/2/2014 12:00:00 AM"
"65566","1","2/2/2014 12:00:00 AM"
"65567","1","2/2/2014 12:00:00 AM"
"65568","1","2/2/2014 12:00:00 AM"
"65569","1","2/2/2014 12:00:00 AM"
"65569","2","2/2/2014 12:00:00 AM"
"65570","1","2/2/2014 12:00:00 AM"
"65572","1","2/2/2014 12:00:00 AM"
"65573","1","2/2/2014 12:00:00 AM"
"65573","10","2/2/2014 12:00:00 AM"
"65574","1","2/2/2014 12:00:00 AM"
"65575","1","2/2/2014 12:00:00 AM"
"65576","1","2/2/2014 12:00:00 AM"
"65577","1","2/2/2014 12:00:00 AM"
"65578","1","2/2/2014 12:00:00 AM"
"65579","1","2/2/2014 12:00:00 AM"
"65581","1","2/2/2014 12:00:00 AM"
"65582","1","2/2/2014 12:00:00 AM"
"65583","1","2/2/2014 12:00:00 AM"
"65584","1","2/2/2014 12:00:00 AM"
"65585","1","2/2/2014 12:00:00 AM"
"65586","1","2/2/2014 12:00:00 AM"
"65587","1","2/2/2014 12:00:00 AM"
"65588","1","2/2/2014 12:00:00 AM"
"65588","10","2/2/2014 12:00:00 AM"
"65589","4","2/2/2014 12:00:00 AM"
"65589","10","2/2/2014 12:00:00 AM"
"65590","4","2/2/2014 12:00:00 AM"
"65591","1","2/2/2014 12:00:00 AM"
"65592","1","2/2/2014 12:00:00 AM"
"65593","1","2/2/2014 12:00:00 AM"
"65594","1","2/2/2014 12:00:00 AM"
"65595","4","2/2/2014 12:00:00 AM"
"65596","1","2/2/2014 12:00:00 AM"
"65597","4","2/2/2014 12:00:00 AM"
"65598","1","2/2/2014 12:00:00 AM"
"65599","1","2/2/2014 12:00:00 AM"
"65600","1","2/2/2014 12:00:00 AM"
"65601","1","2/2/2014 12:00:00 AM"
"65602","1","2/2/2014 12:00:00 AM"
"65603","1","2/2/2014 12:00:00 AM"
"65604","1","2/2/2014 12:00:00 AM"
"65604","2","2/2/2014 12:00:00 AM"
"65605","1","2/2/2014 12:00:00 AM"
"65606","1","2/2/2014 12:00:00 AM"
"65608","1","2/2/2014 12:00:00 AM"
"65609","1","2/2/2014 12:00:00 AM"
"65610","1","2/2/2014 12:00:00 AM"
"65613","2","2/2/2014 12:00:00 AM"
"65614","2","2/2/2014 12:00:00 AM"
"65615","1","2/2/2014 12:00:00 AM"
"65616","1","2/2/2014 12:00:00 AM"
"65616","2","2/2/2014 12:00:00 AM"
"65617","1","2/2/2014 12:00:00 AM"
"65617","2","2/2/2014 12:00:00 AM"
"65619","2","2/2/2014 12:00:00 AM"
"65620","1","2/2/2014 12:00:00 AM"
"65621","2","2/2/2014 12:00:00 AM"
"65622","2","2/2/2014 12:00:00 AM"
"65623","1","2/2/2014 12:00:00 AM"
"65623","2","2/2/2014 12:00:00 AM"
"65624","1","2/2/2014 12:00:00 AM"
"65624","2","2/2/2014 12:00:00 AM"
"65626","5","2/2/2014 12:00:00 AM"
"65627","1","2/3/2014 12:00:00 AM"
"65627","2","2/3/2014 12:00:00 AM"
"65628","1","2/3/2014 12:00:00 AM"
"65629","1","2/3/2014 12:00:00 AM"
"65629","10","2/3/2014 12:00:00 AM"
"65630","1","2/3/2014 12:00:00 AM"
"65630","10","2/3/2014 12:00:00 AM"
"65631","1","2/3/2014 12:00:00 AM"
"65632","1","2/3/2014 12:00:00 AM"
"65633","4","2/3/2014 12:00:00 AM"
"65634","1","2/3/2014 12:00:00 AM"
"65635","1","2/3/2014 12:00:00 AM"
"65636","1","2/3/2014 12:00:00 AM"
"65636","2","2/3/2014 12:00:00 AM"
"65637","1","2/3/2014 12:00:00 AM"
"65638","1","2/3/2014 12:00:00 AM"
"65639","1","2/3/2014 12:00:00 AM"
"65639","2","2/3/2014 12:00:00 AM"
"65640","1","2/3/2014 12:00:00 AM"
"65641","1","2/3/2014 12:00:00 AM"
"65642","1","2/3/2014 12:00:00 AM"
"65643","1","2/3/2014 12:00:00 AM"
"65644","1","2/3/2014 12:00:00 AM"
"65645","1","2/3/2014 12:00:00 AM"
"65646","1","2/3/2014 12:00:00 AM"
"65647","1","2/3/2014 12:00:00 AM"
"65648","4","2/3/2014 12:00:00 AM"
"65649","1","2/3/2014 12:00:00 AM"
"65650","1","2/3/2014 12:00:00 AM"
"65651","6","2/3/2014 12:00:00 AM"
"65652","1","2/3/2014 12:00:00 AM"
"65653","1","2/3/2014 12:00:00 AM"
"65654","1","2/3/2014 12:00:00 AM"
"65655","1","2/3/2014 12:00:00 AM"
"65656","1","2/3/2014 12:00:00 AM"
"65657","1","2/3/2014 12:00:00 AM"
"65658","1","2/3/2014 12:00:00 AM"
"65659","1","2/3/2014 12:00:00 AM"
"65660","1","2/3/2014 12:00:00 AM"
"65661","1","2/3/2014 12:00:00 AM"
"65662","1","2/3/2014 12:00:00 AM"
"65663","1","2/3/2014 12:00:00 AM"
"65664","1","2/3/2014 12:00:00 AM"
"65665","1","2/3/2014 12:00:00 AM"
"65665","2","2/3/2014 12:00:00 AM"
"65666","1","2/3/2014 12:00:00 AM"
"65667","1","2/3/2014 12:00:00 AM"
"65669","1","2/3/2014 12:00:00 AM"
"65670","1","2/3/2014 12:00:00 AM"
"65671","1","2/3/2014 12:00:00 AM"
"65672","2","2/3/2014 12:00:00 AM"
"65675","1","2/3/2014 12:00:00 AM"
"65675","2","2/3/2014 12:00:00 AM"
"65675","10","2/3/2014 12:00:00 AM"
"65676","1","2/3/2014 12:00:00 AM"
"65678","1","2/3/2014 12:00:00 AM"
"65679","1","2/3/2014 12:00:00 AM"
"65680","2","2/3/2014 12:00:00 AM"
"65681","2","2/4/2014 12:00:00 AM"
"65682","1","2/4/2014 12:00:00 AM"
"65682","2","2/4/2014 12:00:00 AM"
"65683","1","2/4/2014 12:00:00 AM"
"65683","10","2/4/2014 12:00:00 AM"
"65684","1","2/4/2014 12:00:00 AM"
"65684","10","2/4/2014 12:00:00 AM"
"65685","1","2/4/2014 12:00:00 AM"
"65686","1","2/4/2014 12:00:00 AM"
"65687","1","2/4/2014 12:00:00 AM"
"65687","2","2/4/2014 12:00:00 AM"
"65688","1","2/4/2014 12:00:00 AM"
"65689","1","2/4/2014 12:00:00 AM"
"65690","1","2/4/2014 12:00:00 AM"
"65691","1","2/4/2014 12:00:00 AM"
"65692","4","2/4/2014 12:00:00 AM"
"65693","1","2/4/2014 12:00:00 AM"
"65694","1","2/4/2014 12:00:00 AM"
"65695","1","2/4/2014 12:00:00 AM"
"65695","10","2/4/2014 12:00:00 AM"
"65696","1","2/4/2014 12:00:00 AM"
"65697","1","2/4/2014 12:00:00 AM"
"65698","6","2/4/2014 12:00:00 AM"
"65699","1","2/4/2014 12:00:00 AM"
"65700","1","2/4/2014 12:00:00 AM"
"65701","1","2/4/2014 12:00:00 AM"
"65702","1","2/4/2014 12:00:00 AM"
"65703","1","2/4/2014 12:00:00 AM"
"65704","1","2/4/2014 12:00:00 AM"
"65705","1","2/4/2014 12:00:00 AM"
"65706","1","2/4/2014 12:00:00 AM"
"65706","10","2/4/2014 12:00:00 AM"
"65707","1","2/4/2014 12:00:00 AM"
"65708","6","2/4/2014 12:00:00 AM"
"65709","1","2/4/2014 12:00:00 AM"
"65710","1","2/4/2014 12:00:00 AM"
"65711","1","2/4/2014 12:00:00 AM"
"65712","1","2/4/2014 12:00:00 AM"
"65713","1","2/4/2014 12:00:00 AM"
"65714","1","2/4/2014 12:00:00 AM"
"65715","1","2/4/2014 12:00:00 AM"
"65716","1","2/4/2014 12:00:00 AM"
"65717","1","2/4/2014 12:00:00 AM"
"65718","1","2/4/2014 12:00:00 AM"
"65719","1","2/4/2014 12:00:00 AM"
"65720","1","2/4/2014 12:00:00 AM"
"65721","1","2/4/2014 12:00:00 AM"
"65722","1","2/4/2014 12:00:00 AM"
"65723","1","2/4/2014 12:00:00 AM"
"65724","1","2/4/2014 12:00:00 AM"
"65724","2","2/4/2014 12:00:00 AM"
"65725","1","2/4/2014 12:00:00 AM"
"65727","6","2/4/2014 12:00:00 AM"
"65730","1","2/4/2014 12:00:00 AM"
"65730","2","2/4/2014 12:00:00 AM"
"65730","10","2/4/2014 12:00:00 AM"
"65732","1","2/4/2014 12:00:00 AM"
"65732","2","2/4/2014 12:00:00 AM"
"65734","1","2/4/2014 12:00:00 AM"
"65734","10","2/4/2014 12:00:00 AM"
"65735","5","2/4/2014 12:00:00 AM"
"65736","1","2/4/2014 12:00:00 AM"
"65737","1","2/4/2014 12:00:00 AM"
"65737","2","2/4/2014 12:00:00 AM"
"65738","1","2/4/2014 12:00:00 AM"
"65738","2","2/4/2014 12:00:00 AM"
"65739","1","2/4/2014 12:00:00 AM"
"65739","2","2/4/2014 12:00:00 AM"
"65740","1","2/4/2014 12:00:00 AM"
"65740","2","2/4/2014 12:00:00 AM"
"65741","1","2/4/2014 12:00:00 AM"
"65742","1","2/4/2014 12:00:00 AM"
"65745","5","2/4/2014 12:00:00 AM"
"65746","1","2/5/2014 12:00:00 AM"
"65747","1","2/5/2014 12:00:00 AM"
"65748","1","2/5/2014 12:00:00 AM"
"65749","1","2/5/2014 12:00:00 AM"
"65750","1","2/5/2014 12:00:00 AM"
"65751","1","2/5/2014 12:00:00 AM"
"65752","1","2/5/2014 12:00:00 AM"
"65753","1","2/5/2014 12:00:00 AM"
"65755","1","2/5/2014 12:00:00 AM"
"65755","2","2/5/2014 12:00:00 AM"
"65756","2","2/5/2014 12:00:00 AM"
"65757","1","2/5/2014 12:00:00 AM"
"65758","1","2/5/2014 12:00:00 AM"
"65759","1","2/5/2014 12:00:00 AM"
"65760","1","2/5/2014 12:00:00 AM"
"65760","10","2/5/2014 12:00:00 AM"
"65761","4","2/5/2014 12:00:00 AM"
"65761","10","2/5/2014 12:00:00 AM"
"65762","1","2/5/2014 12:00:00 AM"
"65763","1","2/5/2014 12:00:00 AM"
"65764","1","2/5/2014 12:00:00 AM"
"65765","1","2/5/2014 12:00:00 AM"
"65766","1","2/5/2014 12:00:00 AM"
"65767","6","2/5/2014 12:00:00 AM"
"65768","1","2/5/2014 12:00:00 AM"
"65769","1","2/5/2014 12:00:00 AM"
"65770","1","2/5/2014 12:00:00 AM"
"65771","1","2/5/2014 12:00:00 AM"
"65772","1","2/5/2014 12:00:00 AM"
"65773","1","2/5/2014 12:00:00 AM"
"65774","1","2/5/2014 12:00:00 AM"
"65775","1","2/5/2014 12:00:00 AM"
"65777","1","2/5/2014 12:00:00 AM"
"65777","2","2/5/2014 12:00:00 AM"
"65778","1","2/5/2014 12:00:00 AM"
"65780","1","2/5/2014 12:00:00 AM"
"65780","2","2/5/2014 12:00:00 AM"
"65782","1","2/5/2014 12:00:00 AM"
"65783","1","2/5/2014 12:00:00 AM"
"65784","2","2/5/2014 12:00:00 AM"
"65786","1","2/5/2014 12:00:00 AM"
"65786","2","2/5/2014 12:00:00 AM"
"65787","5","2/5/2014 12:00:00 AM"
"65788","1","2/5/2014 12:00:00 AM"
"65788","2","2/5/2014 12:00:00 AM"
"65789","1","2/5/2014 12:00:00 AM"
"65789","2","2/5/2014 12:00:00 AM"
"65789","10","2/5/2014 12:00:00 AM"
"65790","1","2/5/2014 12:00:00 AM"
"65790","2","2/5/2014 12:00:00 AM"
"65792","1","2/5/2014 12:00:00 AM"
"65792","10","2/5/2014 12:00:00 AM"
"65793","1","2/5/2014 12:00:00 AM"
"65793","10","2/5/2014 12:00:00 AM"
"65794","1","2/5/2014 12:00:00 AM"
"65794","2","2/5/2014 12:00:00 AM"
"65795","1","2/5/2014 12:00:00 AM"
"65797","1","2/5/2014 12:00:00 AM"
"65800","1","2/5/2014 12:00:00 AM"
"65801","5","2/5/2014 12:00:00 AM"
"65802","5","2/6/2014 12:00:00 AM"
"65803","1","2/6/2014 12:00:00 AM"
"65804","2","2/6/2014 12:00:00 AM"
"65805","1","2/6/2014 12:00:00 AM"
"65806","1","2/6/2014 12:00:00 AM"
"65807","1","2/6/2014 12:00:00 AM"
"65807","10","2/6/2014 12:00:00 AM"
"65808","1","2/6/2014 12:00:00 AM"
"65809","1","2/6/2014 12:00:00 AM"
"65810","1","2/6/2014 12:00:00 AM"
"65811","6","2/6/2014 12:00:00 AM"
"65812","1","2/6/2014 12:00:00 AM"
"65813","1","2/6/2014 12:00:00 AM"
"65814","1","2/6/2014 12:00:00 AM"
"65815","2","2/6/2014 12:00:00 AM"
"65816","1","2/6/2014 12:00:00 AM"
"65817","1","2/6/2014 12:00:00 AM"
"65818","1","2/6/2014 12:00:00 AM"
"65819","1","2/6/2014 12:00:00 AM"
"65820","1","2/6/2014 12:00:00 AM"
"65821","1","2/6/2014 12:00:00 AM"
"65822","1","2/6/2014 12:00:00 AM"
"65823","1","2/6/2014 12:00:00 AM"
"65824","4","2/6/2014 12:00:00 AM"
"65825","1","2/6/2014 12:00:00 AM"
"65825","10","2/6/2014 12:00:00 AM"
"65826","1","2/6/2014 12:00:00 AM"
"65827","1","2/6/2014 12:00:00 AM"
"65828","1","2/6/2014 12:00:00 AM"
"65829","1","2/6/2014 12:00:00 AM"
"65830","1","2/6/2014 12:00:00 AM"
"65831","1","2/6/2014 12:00:00 AM"
"65832","1","2/6/2014 12:00:00 AM"
"65833","1","2/6/2014 12:00:00 AM"
"65833","10","2/6/2014 12:00:00 AM"
"65834","1","2/6/2014 12:00:00 AM"
"65835","1","2/6/2014 12:00:00 AM"
"65836","1","2/6/2014 12:00:00 AM"
"65837","1","2/6/2014 12:00:00 AM"
"65838","1","2/6/2014 12:00:00 AM"
"65839","1","2/6/2014 12:00:00 AM"
"65840","1","2/6/2014 12:00:00 AM"
"65841","1","2/6/2014 12:00:00 AM"
"65842","1","2/6/2014 12:00:00 AM"
"65843","1","2/6/2014 12:00:00 AM"
"65844","1","2/6/2014 12:00:00 AM"
"65845","1","2/6/2014 12:00:00 AM"
"65846","1","2/6/2014 12:00:00 AM"
"65847","1","2/6/2014 12:00:00 AM"
"65847","10","2/6/2014 12:00:00 AM"
"65848","1","2/6/2014 12:00:00 AM"
"65849","1","2/6/2014 12:00:00 AM"
"65850","1","2/6/2014 12:00:00 AM"
"65851","1","2/6/2014 12:00:00 AM"
"65851","2","2/6/2014 12:00:00 AM"
"65853","1","2/6/2014 12:00:00 AM"
"65854","1","2/6/2014 12:00:00 AM"
"65854","2","2/6/2014 12:00:00 AM"
"65855","1","2/6/2014 12:00:00 AM"
"65856","1","2/6/2014 12:00:00 AM"
"65856","2","2/6/2014 12:00:00 AM"
"65857","2","2/6/2014 12:00:00 AM"
"65858","2","2/6/2014 12:00:00 AM"
"65864","1","2/6/2014 12:00:00 AM"
"65866","1","2/6/2014 12:00:00 AM"
"65867","6","2/6/2014 12:00:00 AM"
"65868","6","2/6/2014 12:00:00 AM"
"65869","1","2/6/2014 12:00:00 AM"
"65870","1","2/6/2014 12:00:00 AM"
"65871","1","2/6/2014 12:00:00 AM"
"65872","1","2/6/2014 12:00:00 AM"
"65872","2","2/6/2014 12:00:00 AM"
"65873","2","2/6/2014 12:00:00 AM"
"65874","1","2/6/2014 12:00:00 AM"
"65874","2","2/6/2014 12:00:00 AM"
"65876","1","2/6/2014 12:00:00 AM"
"65878","5","2/6/2014 12:00:00 AM"
"65879","1","2/7/2014 12:00:00 AM"
"65880","1","2/7/2014 12:00:00 AM"
"65880","2","2/7/2014 12:00:00 AM"
"65881","1","2/7/2014 12:00:00 AM"
"65882","1","2/7/2014 12:00:00 AM"
"65883","1","2/7/2014 12:00:00 AM"
"65884","1","2/7/2014 12:00:00 AM"
"65885","6","2/7/2014 12:00:00 AM"
"65886","1","2/7/2014 12:00:00 AM"
"65887","1","2/7/2014 12:00:00 AM"
"65889","1","2/7/2014 12:00:00 AM"
"65890","1","2/7/2014 12:00:00 AM"
"65891","4","2/7/2014 12:00:00 AM"
"65892","1","2/7/2014 12:00:00 AM"
"65892","10","2/7/2014 12:00:00 AM"
"65893","1","2/7/2014 12:00:00 AM"
"65894","1","2/7/2014 12:00:00 AM"
"65895","1","2/7/2014 12:00:00 AM"
"65896","1","2/7/2014 12:00:00 AM"
"65897","1","2/7/2014 12:00:00 AM"
"65898","1","2/7/2014 12:00:00 AM"
"65899","1","2/7/2014 12:00:00 AM"
"65900","1","2/7/2014 12:00:00 AM"
"65901","1","2/7/2014 12:00:00 AM"
"65902","1","2/7/2014 12:00:00 AM"
"65903","1","2/7/2014 12:00:00 AM"
"65904","1","2/7/2014 12:00:00 AM"
"65905","1","2/7/2014 12:00:00 AM"
"65906","1","2/7/2014 12:00:00 AM"
"65907","1","2/7/2014 12:00:00 AM"
"65908","1","2/7/2014 12:00:00 AM"
"65909","1","2/7/2014 12:00:00 AM"
"65910","1","2/7/2014 12:00:00 AM"
"65911","1","2/7/2014 12:00:00 AM"
"65911","10","2/7/2014 12:00:00 AM"
"65912","1","2/7/2014 12:00:00 AM"
"65913","1","2/7/2014 12:00:00 AM"
"65913","10","2/7/2014 12:00:00 AM"
"65914","1","2/7/2014 12:00:00 AM"
"65915","1","2/7/2014 12:00:00 AM"
"65916","1","2/7/2014 12:00:00 AM"
"65916","10","2/7/2014 12:00:00 AM"
"65917","1","2/7/2014 12:00:00 AM"
"65918","1","2/7/2014 12:00:00 AM"
"65919","1","2/7/2014 12:00:00 AM"
"65920","1","2/7/2014 12:00:00 AM"
"65921","1","2/7/2014 12:00:00 AM"
"65922","1","2/7/2014 12:00:00 AM"
"65923","1","2/7/2014 12:00:00 AM"
"65924","1","2/7/2014 12:00:00 AM"
"65925","1","2/7/2014 12:00:00 AM"
"65926","1","2/7/2014 12:00:00 AM"
"65927","1","2/7/2014 12:00:00 AM"
"65929","1","2/7/2014 12:00:00 AM"
"65929","2","2/7/2014 12:00:00 AM"
"65930","1","2/7/2014 12:00:00 AM"
"65931","1","2/7/2014 12:00:00 AM"
"65932","1","2/7/2014 12:00:00 AM"
"65933","2","2/7/2014 12:00:00 AM"
"65934","1","2/7/2014 12:00:00 AM"
"65935","1","2/7/2014 12:00:00 AM"
"65936","1","2/7/2014 12:00:00 AM"
"65936","2","2/7/2014 12:00:00 AM"
"65937","1","2/7/2014 12:00:00 AM"
"65940","2","2/7/2014 12:00:00 AM"
"65941","1","2/7/2014 12:00:00 AM"
"65942","1","2/7/2014 12:00:00 AM"
"65943","1","2/7/2014 12:00:00 AM"
"65944","1","2/7/2014 12:00:00 AM"
"65944","2","2/7/2014 12:00:00 AM"
"65945","6","2/7/2014 12:00:00 AM"
"65946","1","2/7/2014 12:00:00 AM"
"65948","1","2/7/2014 12:00:00 AM"
"65950","1","2/8/2014 12:00:00 AM"
"65950","2","2/8/2014 12:00:00 AM"
"65951","1","2/8/2014 12:00:00 AM"
"65952","1","2/8/2014 12:00:00 AM"
"65953","1","2/8/2014 12:00:00 AM"
"65954","1","2/8/2014 12:00:00 AM"
"65955","1","2/8/2014 12:00:00 AM"
"65956","1","2/8/2014 12:00:00 AM"
"65958","1","2/8/2014 12:00:00 AM"
"65959","1","2/8/2014 12:00:00 AM"
"65960","1","2/8/2014 12:00:00 AM"
"65961","1","2/8/2014 12:00:00 AM"
"65962","1","2/8/2014 12:00:00 AM"
"65963","1","2/8/2014 12:00:00 AM"
"65964","1","2/8/2014 12:00:00 AM"
"65965","1","2/8/2014 12:00:00 AM"
"65967","1","2/8/2014 12:00:00 AM"
"65968","1","2/8/2014 12:00:00 AM"
"65969","1","2/8/2014 12:00:00 AM"
"65970","1","2/8/2014 12:00:00 AM"
"65971","4","2/8/2014 12:00:00 AM"
"65972","6","2/8/2014 12:00:00 AM"
"65973","1","2/8/2014 12:00:00 AM"
"65974","1","2/8/2014 12:00:00 AM"
"65975","1","2/8/2014 12:00:00 AM"
"65976","1","2/8/2014 12:00:00 AM"
"65977","1","2/8/2014 12:00:00 AM"
"65978","1","2/8/2014 12:00:00 AM"
"65979","1","2/8/2014 12:00:00 AM"
"65980","1","2/8/2014 12:00:00 AM"
"65981","1","2/8/2014 12:00:00 AM"
"65982","1","2/8/2014 12:00:00 AM"
"65983","1","2/8/2014 12:00:00 AM"
"65984","1","2/8/2014 12:00:00 AM"
"65985","1","2/8/2014 12:00:00 AM"
"65986","1","2/8/2014 12:00:00 AM"
"65987","1","2/8/2014 12:00:00 AM"
"65988","1","2/8/2014 12:00:00 AM"
"65989","1","2/8/2014 12:00:00 AM"
"65990","1","2/8/2014 12:00:00 AM"
"65991","1","2/8/2014 12:00:00 AM"
"65991","10","2/8/2014 12:00:00 AM"
"65992","1","2/8/2014 12:00:00 AM"
"65993","1","2/8/2014 12:00:00 AM"
"65994","4","2/8/2014 12:00:00 AM"
"65995","1","2/8/2014 12:00:00 AM"
"65996","1","2/8/2014 12:00:00 AM"
"65997","6","2/8/2014 12:00:00 AM"
"65998","2","2/8/2014 12:00:00 AM"
"65999","1","2/8/2014 12:00:00 AM"
"66000","1","2/8/2014 12:00:00 AM"
"66001","1","2/8/2014 12:00:00 AM"
"66003","1","2/8/2014 12:00:00 AM"
"66005","1","2/8/2014 12:00:00 AM"
"66005","2","2/8/2014 12:00:00 AM"
"66006","6","2/8/2014 12:00:00 AM"
"66007","1","2/8/2014 12:00:00 AM"
"66007","2","2/8/2014 12:00:00 AM"
"66007","10","2/8/2014 12:00:00 AM"
"66008","1","2/8/2014 12:00:00 AM"
"66009","1","2/8/2014 12:00:00 AM"
"66011","1","2/8/2014 12:00:00 AM"
"66011","2","2/8/2014 12:00:00 AM"
"66011","10","2/8/2014 12:00:00 AM"
"66012","1","2/8/2014 12:00:00 AM"
"66012","2","2/8/2014 12:00:00 AM"
"66013","1","2/8/2014 12:00:00 AM"
"66013","2","2/8/2014 12:00:00 AM"
"66014","1","2/8/2014 12:00:00 AM"
"66014","10","2/8/2014 12:00:00 AM"
"66015","1","2/9/2014 12:00:00 AM"
"66016","1","2/9/2014 12:00:00 AM"
"66017","1","2/9/2014 12:00:00 AM"
"66018","1","2/9/2014 12:00:00 AM"
"66018","2","2/9/2014 12:00:00 AM"
"66019","1","2/9/2014 12:00:00 AM"
"66020","1","2/9/2014 12:00:00 AM"
"66020","2","2/9/2014 12:00:00 AM"
"66021","1","2/9/2014 12:00:00 AM"
"66022","1","2/9/2014 12:00:00 AM"
"66022","2","2/9/2014 12:00:00 AM"
"66023","1","2/9/2014 12:00:00 AM"
"66023","10","2/9/2014 12:00:00 AM"
"66024","1","2/9/2014 12:00:00 AM"
"66025","1","2/9/2014 12:00:00 AM"
"66026","1","2/9/2014 12:00:00 AM"
"66027","1","2/9/2014 12:00:00 AM"
"66028","1","2/9/2014 12:00:00 AM"
"66029","1","2/9/2014 12:00:00 AM"
"66031","1","2/9/2014 12:00:00 AM"
"66032","1","2/9/2014 12:00:00 AM"
"66033","1","2/9/2014 12:00:00 AM"
"66034","1","2/9/2014 12:00:00 AM"
"66035","1","2/9/2014 12:00:00 AM"
"66036","1","2/9/2014 12:00:00 AM"
"66037","1","2/9/2014 12:00:00 AM"
"66038","1","2/9/2014 12:00:00 AM"
"66038","10","2/9/2014 12:00:00 AM"
"66039","1","2/9/2014 12:00:00 AM"
"66040","1","2/9/2014 12:00:00 AM"
"66041","1","2/9/2014 12:00:00 AM"
"66042","1","2/9/2014 12:00:00 AM"
"66043","1","2/9/2014 12:00:00 AM"
"66044","1","2/9/2014 12:00:00 AM"
"66045","1","2/9/2014 12:00:00 AM"
"66046","1","2/9/2014 12:00:00 AM"
"66047","1","2/9/2014 12:00:00 AM"
"66048","1","2/9/2014 12:00:00 AM"
"66049","1","2/9/2014 12:00:00 AM"
"66050","1","2/9/2014 12:00:00 AM"
"66051","1","2/9/2014 12:00:00 AM"
"66051","2","2/9/2014 12:00:00 AM"
"66052","1","2/9/2014 12:00:00 AM"
"66052","2","2/9/2014 12:00:00 AM"
"66053","1","2/9/2014 12:00:00 AM"
"66054","1","2/9/2014 12:00:00 AM"
"66055","1","2/9/2014 12:00:00 AM"
"66056","1","2/9/2014 12:00:00 AM"
"66056","2","2/9/2014 12:00:00 AM"
"66057","1","2/9/2014 12:00:00 AM"
"66058","5","2/9/2014 12:00:00 AM"
"66059","6","2/9/2014 12:00:00 AM"
"66060","1","2/9/2014 12:00:00 AM"
"66060","2","2/9/2014 12:00:00 AM"
"66061","1","2/9/2014 12:00:00 AM"
"66063","1","2/9/2014 12:00:00 AM"
"66064","1","2/9/2014 12:00:00 AM"
"66066","1","2/9/2014 12:00:00 AM"
"66066","2","2/9/2014 12:00:00 AM"
"66067","1","2/9/2014 12:00:00 AM"
"66067","2","2/9/2014 12:00:00 AM"
"66068","1","2/9/2014 12:00:00 AM"
"66069","1","2/9/2014 12:00:00 AM"
"66071","1","2/9/2014 12:00:00 AM"
"66073","1","2/9/2014 12:00:00 AM"
"66074","1","2/9/2014 12:00:00 AM"
"66074","10","2/9/2014 12:00:00 AM"
"66076","1","2/9/2014 12:00:00 AM"
"66077","2","2/9/2014 12:00:00 AM"
"66078","1","2/9/2014 12:00:00 AM"
"66079","1","2/10/2014 12:00:00 AM"
"66080","6","2/10/2014 12:00:00 AM"
"66081","1","2/10/2014 12:00:00 AM"
"66082","1","2/10/2014 12:00:00 AM"
"66083","1","2/10/2014 12:00:00 AM"
"66084","1","2/10/2014 12:00:00 AM"
"66085","1","2/10/2014 12:00:00 AM"
"66086","1","2/10/2014 12:00:00 AM"
"66087","1","2/10/2014 12:00:00 AM"
"66090","1","2/10/2014 12:00:00 AM"
"66092","1","2/10/2014 12:00:00 AM"
"66093","6","2/10/2014 12:00:00 AM"
"66094","1","2/10/2014 12:00:00 AM"
"66094","10","2/10/2014 12:00:00 AM"
"66095","1","2/10/2014 12:00:00 AM"
"66095","10","2/10/2014 12:00:00 AM"
"66096","1","2/10/2014 12:00:00 AM"
"66097","1","2/10/2014 12:00:00 AM"
"66098","1","2/10/2014 12:00:00 AM"
"66098","10","2/10/2014 12:00:00 AM"
"66099","1","2/10/2014 12:00:00 AM"
"66100","1","2/10/2014 12:00:00 AM"
"66101","1","2/10/2014 12:00:00 AM"
"66102","1","2/10/2014 12:00:00 AM"
"66102","10","2/10/2014 12:00:00 AM"
"66103","1","2/10/2014 12:00:00 AM"
"66104","4","2/10/2014 12:00:00 AM"
"66105","1","2/10/2014 12:00:00 AM"
"66106","1","2/10/2014 12:00:00 AM"
"66107","1","2/10/2014 12:00:00 AM"
"66108","1","2/10/2014 12:00:00 AM"
"66109","1","2/10/2014 12:00:00 AM"
"66110","1","2/10/2014 12:00:00 AM"
"66111","1","2/10/2014 12:00:00 AM"
"66112","1","2/10/2014 12:00:00 AM"
"66113","1","2/10/2014 12:00:00 AM"
"66114","1","2/10/2014 12:00:00 AM"
"66115","1","2/10/2014 12:00:00 AM"
"66116","1","2/10/2014 12:00:00 AM"
"66117","1","2/10/2014 12:00:00 AM"
"66118","1","2/10/2014 12:00:00 AM"
"66119","1","2/10/2014 12:00:00 AM"
"66120","1","2/10/2014 12:00:00 AM"
"66121","1","2/10/2014 12:00:00 AM"
"66121","10","2/10/2014 12:00:00 AM"
"66122","1","2/10/2014 12:00:00 AM"
"66124","1","2/10/2014 12:00:00 AM"
"66125","1","2/10/2014 12:00:00 AM"
"66126","1","2/10/2014 12:00:00 AM"
"66127","1","2/10/2014 12:00:00 AM"
"66127","10","2/10/2014 12:00:00 AM"
"66128","1","2/10/2014 12:00:00 AM"
"66128","10","2/10/2014 12:00:00 AM"
"66129","1","2/10/2014 12:00:00 AM"
"66129","2","2/10/2014 12:00:00 AM"
"66130","1","2/10/2014 12:00:00 AM"
"66131","2","2/10/2014 12:00:00 AM"
"66132","1","2/10/2014 12:00:00 AM"
"66137","1","2/10/2014 12:00:00 AM"
"66138","1","2/10/2014 12:00:00 AM"
"66139","2","2/10/2014 12:00:00 AM"
"66140","2","2/10/2014 12:00:00 AM"
"66141","1","2/10/2014 12:00:00 AM"
"66141","2","2/10/2014 12:00:00 AM"
"66142","1","2/10/2014 12:00:00 AM"
"66143","1","2/10/2014 12:00:00 AM"
"66143","2","2/10/2014 12:00:00 AM"
"66144","5","2/10/2014 12:00:00 AM"
"66145","1","2/10/2014 12:00:00 AM"
"66147","1","2/10/2014 12:00:00 AM"
"66147","2","2/10/2014 12:00:00 AM"
"66148","1","2/10/2014 12:00:00 AM"
"66149","1","2/10/2014 12:00:00 AM"
"66150","1","2/10/2014 12:00:00 AM"
"66151","5","2/10/2014 12:00:00 AM"
"66153","1","2/10/2014 12:00:00 AM"
"66153","2","2/10/2014 12:00:00 AM"
"66154","1","2/11/2014 12:00:00 AM"
"66155","1","2/11/2014 12:00:00 AM"
"66156","1","2/11/2014 12:00:00 AM"
"66157","4","2/11/2014 12:00:00 AM"
"66158","1","2/11/2014 12:00:00 AM"
"66158","10","2/11/2014 12:00:00 AM"
"66159","1","2/11/2014 12:00:00 AM"
"66160","1","2/11/2014 12:00:00 AM"
"66161","1","2/11/2014 12:00:00 AM"
"66162","1","2/11/2014 12:00:00 AM"
"66163","1","2/11/2014 12:00:00 AM"
"66164","1","2/11/2014 12:00:00 AM"
"66165","1","2/11/2014 12:00:00 AM"
"66166","1","2/11/2014 12:00:00 AM"
"66167","1","2/11/2014 12:00:00 AM"
"66168","1","2/11/2014 12:00:00 AM"
"66169","1","2/11/2014 12:00:00 AM"
"66171","1","2/11/2014 12:00:00 AM"
"66172","1","2/11/2014 12:00:00 AM"
"66173","1","2/11/2014 12:00:00 AM"
"66174","1","2/11/2014 12:00:00 AM"
"66174","10","2/11/2014 12:00:00 AM"
"66175","1","2/11/2014 12:00:00 AM"
"66175","10","2/11/2014 12:00:00 AM"
"66176","1","2/11/2014 12:00:00 AM"
"66177","1","2/11/2014 12:00:00 AM"
"66178","1","2/11/2014 12:00:00 AM"
"66179","1","2/11/2014 12:00:00 AM"
"66180","1","2/11/2014 12:00:00 AM"
"66181","1","2/11/2014 12:00:00 AM"
"66182","4","2/11/2014 12:00:00 AM"
"66183","1","2/11/2014 12:00:00 AM"
"66184","1","2/11/2014 12:00:00 AM"
"66184","10","2/11/2014 12:00:00 AM"
"66185","1","2/11/2014 12:00:00 AM"
"66186","1","2/11/2014 12:00:00 AM"
"66187","1","2/11/2014 12:00:00 AM"
"66188","1","2/11/2014 12:00:00 AM"
"66189","1","2/11/2014 12:00:00 AM"
"66190","1","2/11/2014 12:00:00 AM"
"66191","2","2/11/2014 12:00:00 AM"
"66192","1","2/11/2014 12:00:00 AM"
"66195","1","2/11/2014 12:00:00 AM"
"66196","1","2/11/2014 12:00:00 AM"
"66197","1","2/11/2014 12:00:00 AM"
"66197","2","2/11/2014 12:00:00 AM"
"66199","1","2/11/2014 12:00:00 AM"
"66202","6","2/11/2014 12:00:00 AM"
"66203","1","2/11/2014 12:00:00 AM"
"66205","1","2/11/2014 12:00:00 AM"
"66206","1","2/11/2014 12:00:00 AM"
"66207","1","2/12/2014 12:00:00 AM"
"66208","4","2/12/2014 12:00:00 AM"
"66209","1","2/12/2014 12:00:00 AM"
"66210","1","2/12/2014 12:00:00 AM"
"66211","1","2/12/2014 12:00:00 AM"
"66212","4","2/12/2014 12:00:00 AM"
"66213","4","2/12/2014 12:00:00 AM"
"66214","1","2/12/2014 12:00:00 AM"
"66215","1","2/12/2014 12:00:00 AM"
"66216","1","2/12/2014 12:00:00 AM"
"66217","1","2/12/2014 12:00:00 AM"
"66218","1","2/12/2014 12:00:00 AM"
"66219","1","2/12/2014 12:00:00 AM"
"66219","10","2/12/2014 12:00:00 AM"
"66220","1","2/12/2014 12:00:00 AM"
"66221","4","2/12/2014 12:00:00 AM"
"66222","1","2/12/2014 12:00:00 AM"
"66223","1","2/12/2014 12:00:00 AM"
"66224","1","2/12/2014 12:00:00 AM"
"66225","1","2/12/2014 12:00:00 AM"
"66226","1","2/12/2014 12:00:00 AM"
"66227","1","2/12/2014 12:00:00 AM"
"66228","1","2/12/2014 12:00:00 AM"
"66229","1","2/12/2014 12:00:00 AM"
"66230","1","2/12/2014 12:00:00 AM"
"66231","1","2/12/2014 12:00:00 AM"
"66232","1","2/12/2014 12:00:00 AM"
"66233","1","2/12/2014 12:00:00 AM"
"66234","4","2/12/2014 12:00:00 AM"
"66236","1","2/12/2014 12:00:00 AM"
"66237","1","2/12/2014 12:00:00 AM"
"66238","1","2/12/2014 12:00:00 AM"
"66239","1","2/12/2014 12:00:00 AM"
"66240","1","2/12/2014 12:00:00 AM"
"66241","1","2/12/2014 12:00:00 AM"
"66241","2","2/12/2014 12:00:00 AM"
"66242","1","2/12/2014 12:00:00 AM"
"66244","1","2/12/2014 12:00:00 AM"
"66246","1","2/12/2014 12:00:00 AM"
"66247","1","2/12/2014 12:00:00 AM"
"66247","2","2/12/2014 12:00:00 AM"
"66248","6","2/12/2014 12:00:00 AM"
"66249","1","2/12/2014 12:00:00 AM"
"66249","2","2/12/2014 12:00:00 AM"
"66250","1","2/12/2014 12:00:00 AM"
"66250","2","2/12/2014 12:00:00 AM"
"66251","1","2/12/2014 12:00:00 AM"
"66252","1","2/12/2014 12:00:00 AM"
"66252","2","2/12/2014 12:00:00 AM"
"66253","1","2/12/2014 12:00:00 AM"
"66254","1","2/12/2014 12:00:00 AM"
"66254","2","2/12/2014 12:00:00 AM"
"66255","6","2/12/2014 12:00:00 AM"
"66256","1","2/12/2014 12:00:00 AM"
"66256","2","2/12/2014 12:00:00 AM"
"66257","1","2/12/2014 12:00:00 AM"
"66258","1","2/12/2014 12:00:00 AM"
"66258","2","2/12/2014 12:00:00 AM"
"66258","10","2/12/2014 12:00:00 AM"
"66259","1","2/12/2014 12:00:00 AM"
"66259","2","2/12/2014 12:00:00 AM"
"66260","1","2/12/2014 12:00:00 AM"
"66261","1","2/12/2014 12:00:00 AM"
"66262","5","2/12/2014 12:00:00 AM"
"66263","1","2/13/2014 12:00:00 AM"
"66263","10","2/13/2014 12:00:00 AM"
"66264","1","2/13/2014 12:00:00 AM"
"66265","1","2/13/2014 12:00:00 AM"
"66266","1","2/13/2014 12:00:00 AM"
"66267","1","2/13/2014 12:00:00 AM"
"66269","4","2/13/2014 12:00:00 AM"
"66270","1","2/13/2014 12:00:00 AM"
"66270","10","2/13/2014 12:00:00 AM"
"66271","2","2/13/2014 12:00:00 AM"
"66272","1","2/13/2014 12:00:00 AM"
"66273","1","2/13/2014 12:00:00 AM"
"66274","1","2/13/2014 12:00:00 AM"
"66275","1","2/13/2014 12:00:00 AM"
"66276","1","2/13/2014 12:00:00 AM"
"66277","1","2/13/2014 12:00:00 AM"
"66278","1","2/13/2014 12:00:00 AM"
"66279","4","2/13/2014 12:00:00 AM"
"66279","10","2/13/2014 12:00:00 AM"
"66280","1","2/13/2014 12:00:00 AM"
"66280","10","2/13/2014 12:00:00 AM"
"66281","1","2/13/2014 12:00:00 AM"
"66282","1","2/13/2014 12:00:00 AM"
"66283","1","2/13/2014 12:00:00 AM"
"66284","6","2/13/2014 12:00:00 AM"
"66285","6","2/13/2014 12:00:00 AM"
"66286","1","2/13/2014 12:00:00 AM"
"66287","1","2/13/2014 12:00:00 AM"
"66288","1","2/13/2014 12:00:00 AM"
"66289","1","2/13/2014 12:00:00 AM"
"66290","1","2/13/2014 12:00:00 AM"
"66290","10","2/13/2014 12:00:00 AM"
"66291","1","2/13/2014 12:00:00 AM"
"66293","1","2/13/2014 12:00:00 AM"
"66295","1","2/13/2014 12:00:00 AM"
"66296","1","2/13/2014 12:00:00 AM"
"66297","2","2/13/2014 12:00:00 AM"
"66298","1","2/13/2014 12:00:00 AM"
"66299","1","2/13/2014 12:00:00 AM"
"66300","2","2/13/2014 12:00:00 AM"
"66301","1","2/13/2014 12:00:00 AM"
"66302","2","2/13/2014 12:00:00 AM"
"66303","1","2/13/2014 12:00:00 AM"
"66303","2","2/13/2014 12:00:00 AM"
"66307","1","2/13/2014 12:00:00 AM"
"66307","2","2/13/2014 12:00:00 AM"
"66308","2","2/13/2014 12:00:00 AM"
"66310","1","2/13/2014 12:00:00 AM"
"66311","1","2/13/2014 12:00:00 AM"
"66312","1","2/13/2014 12:00:00 AM"
"66312","2","2/13/2014 12:00:00 AM"
"66312","10","2/13/2014 12:00:00 AM"
"66314","1","2/13/2014 12:00:00 AM"
"66314","2","2/13/2014 12:00:00 AM"
"66315","1","2/13/2014 12:00:00 AM"
"66316","1","2/13/2014 12:00:00 AM"
"66318","1","2/14/2014 12:00:00 AM"
"66319","1","2/14/2014 12:00:00 AM"
"66320","1","2/14/2014 12:00:00 AM"
"66321","1","2/14/2014 12:00:00 AM"
"66321","10","2/14/2014 12:00:00 AM"
"66322","6","2/14/2014 12:00:00 AM"
"66323","4","2/14/2014 12:00:00 AM"
"66324","1","2/14/2014 12:00:00 AM"
"66325","1","2/14/2014 12:00:00 AM"
"66327","2","2/14/2014 12:00:00 AM"
"66328","1","2/14/2014 12:00:00 AM"
"66329","1","2/14/2014 12:00:00 AM"
"66330","1","2/14/2014 12:00:00 AM"
"66331","1","2/14/2014 12:00:00 AM"
"66332","1","2/14/2014 12:00:00 AM"
"66333","1","2/14/2014 12:00:00 AM"
"66333","10","2/14/2014 12:00:00 AM"
"66334","4","2/14/2014 12:00:00 AM"
"66334","10","2/14/2014 12:00:00 AM"
"66335","1","2/14/2014 12:00:00 AM"
"66336","1","2/14/2014 12:00:00 AM"
"66337","1","2/14/2014 12:00:00 AM"
"66338","1","2/14/2014 12:00:00 AM"
"66339","1","2/14/2014 12:00:00 AM"
"66340","1","2/14/2014 12:00:00 AM"
"66341","1","2/14/2014 12:00:00 AM"
"66342","1","2/14/2014 12:00:00 AM"
"66343","6","2/14/2014 12:00:00 AM"
"66344","1","2/14/2014 12:00:00 AM"
"66344","10","2/14/2014 12:00:00 AM"
"66345","1","2/14/2014 12:00:00 AM"
"66346","1","2/14/2014 12:00:00 AM"
"66347","1","2/14/2014 12:00:00 AM"
"66348","1","2/14/2014 12:00:00 AM"
"66349","1","2/14/2014 12:00:00 AM"
"66349","10","2/14/2014 12:00:00 AM"
"66350","1","2/14/2014 12:00:00 AM"
"66350","2","2/14/2014 12:00:00 AM"
"66351","1","2/14/2014 12:00:00 AM"
"66352","1","2/14/2014 12:00:00 AM"
"66352","2","2/14/2014 12:00:00 AM"
"66353","1","2/14/2014 12:00:00 AM"
"66354","1","2/14/2014 12:00:00 AM"
"66354","2","2/14/2014 12:00:00 AM"
"66355","1","2/14/2014 12:00:00 AM"
"66356","2","2/14/2014 12:00:00 AM"
"66357","1","2/14/2014 12:00:00 AM"
"66358","2","2/14/2014 12:00:00 AM"
"66359","1","2/14/2014 12:00:00 AM"
"66360","1","2/14/2014 12:00:00 AM"
"66360","2","2/14/2014 12:00:00 AM"
"66361","1","2/14/2014 12:00:00 AM"
"66362","5","2/14/2014 12:00:00 AM"
"66363","1","2/14/2014 12:00:00 AM"
"66364","1","2/14/2014 12:00:00 AM"
"66364","2","2/14/2014 12:00:00 AM"
"66365","6","2/14/2014 12:00:00 AM"
"66366","1","2/14/2014 12:00:00 AM"
"66367","1","2/14/2014 12:00:00 AM"
"66368","5","2/14/2014 12:00:00 AM"
"66369","2","2/14/2014 12:00:00 AM"
"66370","2","2/14/2014 12:00:00 AM"
"66371","1","2/14/2014 12:00:00 AM"
"66372","5","2/14/2014 12:00:00 AM"
"66373","6","2/15/2014 12:00:00 AM"
"66374","1","2/15/2014 12:00:00 AM"
"66375","1","2/15/2014 12:00:00 AM"
"66376","1","2/15/2014 12:00:00 AM"
"66377","1","2/15/2014 12:00:00 AM"
"66378","1","2/15/2014 12:00:00 AM"
"66379","1","2/15/2014 12:00:00 AM"
"66380","2","2/15/2014 12:00:00 AM"
"66381","1","2/15/2014 12:00:00 AM"
"66382","1","2/15/2014 12:00:00 AM"
"66383","1","2/15/2014 12:00:00 AM"
"66384","1","2/15/2014 12:00:00 AM"
"66385","1","2/15/2014 12:00:00 AM"
"66386","1","2/15/2014 12:00:00 AM"
"66386","10","2/15/2014 12:00:00 AM"
"66387","1","2/15/2014 12:00:00 AM"
"66388","1","2/15/2014 12:00:00 AM"
"66389","1","2/15/2014 12:00:00 AM"
"66390","6","2/15/2014 12:00:00 AM"
"66391","1","2/15/2014 12:00:00 AM"
"66392","1","2/15/2014 12:00:00 AM"
"66393","1","2/15/2014 12:00:00 AM"
"66394","1","2/15/2014 12:00:00 AM"
"66395","1","2/15/2014 12:00:00 AM"
"66396","1","2/15/2014 12:00:00 AM"
"66397","1","2/15/2014 12:00:00 AM"
"66398","1","2/15/2014 12:00:00 AM"
"66399","1","2/15/2014 12:00:00 AM"
"66400","1","2/15/2014 12:00:00 AM"
"66401","1","2/15/2014 12:00:00 AM"
"66402","1","2/15/2014 12:00:00 AM"
"66403","1","2/15/2014 12:00:00 AM"
"66404","1","2/15/2014 12:00:00 AM"
"66405","1","2/15/2014 12:00:00 AM"
"66405","2","2/15/2014 12:00:00 AM"
"66406","1","2/15/2014 12:00:00 AM"
"66406","2","2/15/2014 12:00:00 AM"
"66407","1","2/15/2014 12:00:00 AM"
"66407","2","2/15/2014 12:00:00 AM"
"66408","1","2/15/2014 12:00:00 AM"
"66408","2","2/15/2014 12:00:00 AM"
"66409","2","2/15/2014 12:00:00 AM"
"66410","2","2/15/2014 12:00:00 AM"
"66413","1","2/15/2014 12:00:00 AM"
"66413","2","2/15/2014 12:00:00 AM"
"66414","1","2/15/2014 12:00:00 AM"
"66415","2","2/15/2014 12:00:00 AM"
"66416","1","2/15/2014 12:00:00 AM"
"66416","2","2/15/2014 12:00:00 AM"
"66417","1","2/15/2014 12:00:00 AM"
"66418","1","2/15/2014 12:00:00 AM"
"66420","2","2/15/2014 12:00:00 AM"
"66422","1","2/15/2014 12:00:00 AM"
"66422","2","2/15/2014 12:00:00 AM"
"66424","1","2/15/2014 12:00:00 AM"
"66427","1","2/15/2014 12:00:00 AM"
"66428","1","2/15/2014 12:00:00 AM"
"66429","1","2/15/2014 12:00:00 AM"
"66430","1","2/15/2014 12:00:00 AM"
"66430","2","2/15/2014 12:00:00 AM"
"66430","10","2/15/2014 12:00:00 AM"
"66431","1","2/15/2014 12:00:00 AM"
"66433","1","2/16/2014 12:00:00 AM"
"66434","1","2/16/2014 12:00:00 AM"
"66435","1","2/16/2014 12:00:00 AM"
"66436","1","2/16/2014 12:00:00 AM"
"66437","6","2/16/2014 12:00:00 AM"
"66438","1","2/16/2014 12:00:00 AM"
"66439","6","2/16/2014 12:00:00 AM"
"66440","1","2/16/2014 12:00:00 AM"
"66441","4","2/16/2014 12:00:00 AM"
"66444","1","2/16/2014 12:00:00 AM"
"66444","10","2/16/2014 12:00:00 AM"
"66445","1","2/16/2014 12:00:00 AM"
"66445","2","2/16/2014 12:00:00 AM"
"66447","1","2/16/2014 12:00:00 AM"
"66448","1","2/16/2014 12:00:00 AM"
"66449","1","2/16/2014 12:00:00 AM"
"66450","1","2/16/2014 12:00:00 AM"
"66451","1","2/16/2014 12:00:00 AM"
"66452","1","2/16/2014 12:00:00 AM"
"66453","1","2/16/2014 12:00:00 AM"
"66453","10","2/16/2014 12:00:00 AM"
"66454","1","2/16/2014 12:00:00 AM"
"66455","1","2/16/2014 12:00:00 AM"
"66456","1","2/16/2014 12:00:00 AM"
"66457","1","2/16/2014 12:00:00 AM"
"66458","1","2/16/2014 12:00:00 AM"
"66459","6","2/16/2014 12:00:00 AM"
"66460","1","2/16/2014 12:00:00 AM"
"66461","1","2/16/2014 12:00:00 AM"
"66462","1","2/16/2014 12:00:00 AM"
"66463","1","2/16/2014 12:00:00 AM"
"66464","1","2/16/2014 12:00:00 AM"
"66465","1","2/16/2014 12:00:00 AM"
"66465","10","2/16/2014 12:00:00 AM"
"66466","4","2/16/2014 12:00:00 AM"
"66467","1","2/16/2014 12:00:00 AM"
"66468","1","2/16/2014 12:00:00 AM"
"66469","1","2/16/2014 12:00:00 AM"
"66470","1","2/16/2014 12:00:00 AM"
"66471","1","2/16/2014 12:00:00 AM"
"66472","1","2/16/2014 12:00:00 AM"
"66473","1","2/16/2014 12:00:00 AM"
"66474","1","2/16/2014 12:00:00 AM"
"66475","1","2/16/2014 12:00:00 AM"
"66476","1","2/16/2014 12:00:00 AM"
"66477","1","2/16/2014 12:00:00 AM"
"66478","1","2/16/2014 12:00:00 AM"
"66479","1","2/16/2014 12:00:00 AM"
"66480","2","2/16/2014 12:00:00 AM"
"66481","1","2/16/2014 12:00:00 AM"
"66483","1","2/16/2014 12:00:00 AM"
"66484","2","2/16/2014 12:00:00 AM"
"66486","1","2/16/2014 12:00:00 AM"
"66487","1","2/16/2014 12:00:00 AM"
"66487","2","2/16/2014 12:00:00 AM"
"66488","2","2/16/2014 12:00:00 AM"
"66489","2","2/16/2014 12:00:00 AM"
"66490","1","2/16/2014 12:00:00 AM"
"66491","1","2/16/2014 12:00:00 AM"
"66491","2","2/16/2014 12:00:00 AM"
"66493","6","2/16/2014 12:00:00 AM"
"66494","1","2/16/2014 12:00:00 AM"
"66495","2","2/16/2014 12:00:00 AM"
"66496","1","2/16/2014 12:00:00 AM"
"66499","1","2/16/2014 12:00:00 AM"
"66500","1","2/16/2014 12:00:00 AM"
"66500","2","2/16/2014 12:00:00 AM"
"66501","1","2/16/2014 12:00:00 AM"
"66503","1","2/17/2014 12:00:00 AM"
"66504","6","2/17/2014 12:00:00 AM"
"66505","1","2/17/2014 12:00:00 AM"
"66506","1","2/17/2014 12:00:00 AM"
"66507","1","2/17/2014 12:00:00 AM"
"66508","1","2/17/2014 12:00:00 AM"
"66509","4","2/17/2014 12:00:00 AM"
"66510","1","2/17/2014 12:00:00 AM"
"66511","1","2/17/2014 12:00:00 AM"
"66512","1","2/17/2014 12:00:00 AM"
"66513","4","2/17/2014 12:00:00 AM"
"66514","1","2/17/2014 12:00:00 AM"
"66515","4","2/17/2014 12:00:00 AM"
"66516","1","2/17/2014 12:00:00 AM"
"66517","1","2/17/2014 12:00:00 AM"
"66518","1","2/17/2014 12:00:00 AM"
"66519","1","2/17/2014 12:00:00 AM"
"66520","1","2/17/2014 12:00:00 AM"
"66520","10","2/17/2014 12:00:00 AM"
"66522","1","2/17/2014 12:00:00 AM"
"66523","1","2/17/2014 12:00:00 AM"
"66524","1","2/17/2014 12:00:00 AM"
"66525","1","2/17/2014 12:00:00 AM"
"66526","1","2/17/2014 12:00:00 AM"
"66527","1","2/17/2014 12:00:00 AM"
"66528","6","2/17/2014 12:00:00 AM"
"66529","1","2/17/2014 12:00:00 AM"
"66530","1","2/17/2014 12:00:00 AM"
"66531","1","2/17/2014 12:00:00 AM"
"66532","1","2/17/2014 12:00:00 AM"
"66533","1","2/17/2014 12:00:00 AM"
"66533","10","2/17/2014 12:00:00 AM"
"66534","1","2/17/2014 12:00:00 AM"
"66535","1","2/17/2014 12:00:00 AM"
"66536","1","2/17/2014 12:00:00 AM"
"66537","1","2/17/2014 12:00:00 AM"
"66538","1","2/17/2014 12:00:00 AM"
"66539","1","2/17/2014 12:00:00 AM"
"66540","1","2/17/2014 12:00:00 AM"
"66540","10","2/17/2014 12:00:00 AM"
"66541","1","2/17/2014 12:00:00 AM"
"66542","2","2/17/2014 12:00:00 AM"
"66543","1","2/17/2014 12:00:00 AM"
"66544","1","2/17/2014 12:00:00 AM"
"66548","1","2/17/2014 12:00:00 AM"
"66549","1","2/17/2014 12:00:00 AM"
"66550","1","2/17/2014 12:00:00 AM"
"66551","1","2/17/2014 12:00:00 AM"
"66554","1","2/17/2014 12:00:00 AM"
"66555","1","2/17/2014 12:00:00 AM"
"66555","2","2/17/2014 12:00:00 AM"
"66556","1","2/17/2014 12:00:00 AM"
"66556","2","2/17/2014 12:00:00 AM"
"66557","1","2/17/2014 12:00:00 AM"
"66557","2","2/17/2014 12:00:00 AM"
"66558","1","2/17/2014 12:00:00 AM"
"66559","1","2/17/2014 12:00:00 AM"
"66560","1","2/17/2014 12:00:00 AM"
"66560","2","2/17/2014 12:00:00 AM"
"66561","6","2/17/2014 12:00:00 AM"
"66562","6","2/17/2014 12:00:00 AM"
"66563","1","2/17/2014 12:00:00 AM"
"66563","2","2/17/2014 12:00:00 AM"
"66564","1","2/17/2014 12:00:00 AM"
"66564","2","2/17/2014 12:00:00 AM"
"66565","1","2/17/2014 12:00:00 AM"
"66565","2","2/17/2014 12:00:00 AM"
"66566","1","2/17/2014 12:00:00 AM"
"66567","1","2/18/2014 12:00:00 AM"
"66568","6","2/18/2014 12:00:00 AM"
"66569","1","2/18/2014 12:00:00 AM"
"66569","10","2/18/2014 12:00:00 AM"
"66570","4","2/18/2014 12:00:00 AM"
"66571","1","2/18/2014 12:00:00 AM"
"66572","1","2/18/2014 12:00:00 AM"
"66573","1","2/18/2014 12:00:00 AM"
"66573","10","2/18/2014 12:00:00 AM"
"66574","4","2/18/2014 12:00:00 AM"
"66575","1","2/18/2014 12:00:00 AM"
"66576","1","2/18/2014 12:00:00 AM"
"66577","2","2/18/2014 12:00:00 AM"
"66578","1","2/18/2014 12:00:00 AM"
"66579","1","2/18/2014 12:00:00 AM"
"66580","4","2/18/2014 12:00:00 AM"
"66581","1","2/18/2014 12:00:00 AM"
"66582","1","2/18/2014 12:00:00 AM"
"66583","1","2/18/2014 12:00:00 AM"
"66584","1","2/18/2014 12:00:00 AM"
"66585","1","2/18/2014 12:00:00 AM"
"66586","1","2/18/2014 12:00:00 AM"
"66587","1","2/18/2014 12:00:00 AM"
"66588","1","2/18/2014 12:00:00 AM"
"66589","4","2/18/2014 12:00:00 AM"
"66589","10","2/18/2014 12:00:00 AM"
"66590","1","2/18/2014 12:00:00 AM"
"66591","1","2/18/2014 12:00:00 AM"
"66592","1","2/18/2014 12:00:00 AM"
"66593","1","2/18/2014 12:00:00 AM"
"66594","1","2/18/2014 12:00:00 AM"
"66595","1","2/18/2014 12:00:00 AM"
"66596","1","2/18/2014 12:00:00 AM"
"66597","1","2/18/2014 12:00:00 AM"
"66599","1","2/18/2014 12:00:00 AM"
"66600","1","2/18/2014 12:00:00 AM"
"66601","1","2/18/2014 12:00:00 AM"
"66602","1","2/18/2014 12:00:00 AM"
"66603","1","2/18/2014 12:00:00 AM"
"66604","6","2/18/2014 12:00:00 AM"
"66605","1","2/18/2014 12:00:00 AM"
"66606","1","2/18/2014 12:00:00 AM"
"66607","1","2/18/2014 12:00:00 AM"
"66608","1","2/18/2014 12:00:00 AM"
"66609","1","2/18/2014 12:00:00 AM"
"66610","1","2/18/2014 12:00:00 AM"
"66611","1","2/18/2014 12:00:00 AM"
"66612","1","2/18/2014 12:00:00 AM"
"66613","1","2/18/2014 12:00:00 AM"
"66614","1","2/18/2014 12:00:00 AM"
"66615","1","2/18/2014 12:00:00 AM"
"66615","10","2/18/2014 12:00:00 AM"
"66616","1","2/18/2014 12:00:00 AM"
"66617","1","2/18/2014 12:00:00 AM"
"66617","2","2/18/2014 12:00:00 AM"
"66618","1","2/18/2014 12:00:00 AM"
"66619","1","2/18/2014 12:00:00 AM"
"66621","1","2/18/2014 12:00:00 AM"
"66623","5","2/18/2014 12:00:00 AM"
"66625","1","2/18/2014 12:00:00 AM"
"66626","1","2/18/2014 12:00:00 AM"
"66626","2","2/18/2014 12:00:00 AM"
"66628","1","2/18/2014 12:00:00 AM"
"66628","2","2/18/2014 12:00:00 AM"
"66628","10","2/18/2014 12:00:00 AM"
"66631","1","2/18/2014 12:00:00 AM"
"66632","6","2/18/2014 12:00:00 AM"
"66635","1","2/18/2014 12:00:00 AM"
"66636","1","2/18/2014 12:00:00 AM"
"66637","5","2/18/2014 12:00:00 AM"
"66638","1","2/18/2014 12:00:00 AM"
"66638","2","2/18/2014 12:00:00 AM"
"66639","2","2/19/2014 12:00:00 AM"
"66640","1","2/19/2014 12:00:00 AM"
"66641","1","2/19/2014 12:00:00 AM"
"66642","1","2/19/2014 12:00:00 AM"
"66643","1","2/19/2014 12:00:00 AM"
"66644","1","2/19/2014 12:00:00 AM"
"66645","1","2/19/2014 12:00:00 AM"
"66646","1","2/19/2014 12:00:00 AM"
"66647","1","2/19/2014 12:00:00 AM"
"66648","6","2/19/2014 12:00:00 AM"
"66649","1","2/19/2014 12:00:00 AM"
"66650","1","2/19/2014 12:00:00 AM"
"66651","1","2/19/2014 12:00:00 AM"
"66652","1","2/19/2014 12:00:00 AM"
"66652","2","2/19/2014 12:00:00 AM"
"66653","1","2/19/2014 12:00:00 AM"
"66654","2","2/19/2014 12:00:00 AM"
"66655","1","2/19/2014 12:00:00 AM"
"66656","1","2/19/2014 12:00:00 AM"
"66657","1","2/19/2014 12:00:00 AM"
"66658","1","2/19/2014 12:00:00 AM"
"66659","1","2/19/2014 12:00:00 AM"
"66660","4","2/19/2014 12:00:00 AM"
"66661","1","2/19/2014 12:00:00 AM"
"66662","6","2/19/2014 12:00:00 AM"
"66663","1","2/19/2014 12:00:00 AM"
"66664","1","2/19/2014 12:00:00 AM"
"66665","1","2/19/2014 12:00:00 AM"
"66666","1","2/19/2014 12:00:00 AM"
"66667","1","2/19/2014 12:00:00 AM"
"66668","1","2/19/2014 12:00:00 AM"
"66669","1","2/19/2014 12:00:00 AM"
"66669","10","2/19/2014 12:00:00 AM"
"66670","1","2/19/2014 12:00:00 AM"
"66671","1","2/19/2014 12:00:00 AM"
"66672","1","2/19/2014 12:00:00 AM"
"66673","1","2/19/2014 12:00:00 AM"
"66674","1","2/19/2014 12:00:00 AM"
"66675","1","2/19/2014 12:00:00 AM"
"66676","1","2/19/2014 12:00:00 AM"
"66677","1","2/19/2014 12:00:00 AM"
"66678","1","2/19/2014 12:00:00 AM"
"66679","1","2/19/2014 12:00:00 AM"
"66679","10","2/19/2014 12:00:00 AM"
"66680","1","2/19/2014 12:00:00 AM"
"66681","1","2/19/2014 12:00:00 AM"
"66682","1","2/19/2014 12:00:00 AM"
"66682","10","2/19/2014 12:00:00 AM"
"66683","1","2/19/2014 12:00:00 AM"
"66684","1","2/19/2014 12:00:00 AM"
"66685","1","2/19/2014 12:00:00 AM"
"66686","1","2/19/2014 12:00:00 AM"
"66687","6","2/19/2014 12:00:00 AM"
"66689","1","2/19/2014 12:00:00 AM"
"66690","1","2/19/2014 12:00:00 AM"
"66691","1","2/19/2014 12:00:00 AM"
"66691","2","2/19/2014 12:00:00 AM"
"66692","1","2/19/2014 12:00:00 AM"
"66693","1","2/19/2014 12:00:00 AM"
"66694","1","2/19/2014 12:00:00 AM"
"66695","1","2/19/2014 12:00:00 AM"
"66697","1","2/19/2014 12:00:00 AM"
"66698","5","2/19/2014 12:00:00 AM"
"66699","5","2/19/2014 12:00:00 AM"
"66700","1","2/20/2014 12:00:00 AM"
"66701","1","2/20/2014 12:00:00 AM"
"66702","6","2/20/2014 12:00:00 AM"
"66703","1","2/20/2014 12:00:00 AM"
"66704","1","2/20/2014 12:00:00 AM"
"66705","1","2/20/2014 12:00:00 AM"
"66706","1","2/20/2014 12:00:00 AM"
"66707","1","2/20/2014 12:00:00 AM"
"66708","1","2/20/2014 12:00:00 AM"
"66709","1","2/20/2014 12:00:00 AM"
"66710","1","2/20/2014 12:00:00 AM"
"66711","1","2/20/2014 12:00:00 AM"
"66712","1","2/20/2014 12:00:00 AM"
"66713","1","2/20/2014 12:00:00 AM"
"66714","1","2/20/2014 12:00:00 AM"
"66715","1","2/20/2014 12:00:00 AM"
"66716","4","2/20/2014 12:00:00 AM"
"66716","10","2/20/2014 12:00:00 AM"
"66717","1","2/20/2014 12:00:00 AM"
"66718","1","2/20/2014 12:00:00 AM"
"66719","1","2/20/2014 12:00:00 AM"
"66720","6","2/20/2014 12:00:00 AM"
"66721","1","2/20/2014 12:00:00 AM"
"66724","1","2/20/2014 12:00:00 AM"
"66725","1","2/20/2014 12:00:00 AM"
"66726","1","2/20/2014 12:00:00 AM"
"66727","1","2/20/2014 12:00:00 AM"
"66728","1","2/20/2014 12:00:00 AM"
"66729","4","2/20/2014 12:00:00 AM"
"66730","1","2/20/2014 12:00:00 AM"
"66730","10","2/20/2014 12:00:00 AM"
"66731","1","2/20/2014 12:00:00 AM"
"66732","1","2/20/2014 12:00:00 AM"
"66733","1","2/20/2014 12:00:00 AM"
"66734","1","2/20/2014 12:00:00 AM"
"66735","1","2/20/2014 12:00:00 AM"
"66735","2","2/20/2014 12:00:00 AM"
"66736","1","2/20/2014 12:00:00 AM"
"66737","1","2/20/2014 12:00:00 AM"
"66737","2","2/20/2014 12:00:00 AM"
"66738","1","2/20/2014 12:00:00 AM"
"66738","2","2/20/2014 12:00:00 AM"
"66739","1","2/20/2014 12:00:00 AM"
"66740","1","2/20/2014 12:00:00 AM"
"66740","2","2/20/2014 12:00:00 AM"
"66742","1","2/20/2014 12:00:00 AM"
"66743","6","2/20/2014 12:00:00 AM"
"66744","1","2/20/2014 12:00:00 AM"
"66745","1","2/20/2014 12:00:00 AM"
"66745","2","2/20/2014 12:00:00 AM"
"66746","2","2/20/2014 12:00:00 AM"
"66747","1","2/20/2014 12:00:00 AM"
"66748","1","2/20/2014 12:00:00 AM"
"66749","2","2/20/2014 12:00:00 AM"
"66750","1","2/20/2014 12:00:00 AM"
"66751","1","2/20/2014 12:00:00 AM"
"66751","2","2/20/2014 12:00:00 AM"
"66753","2","2/20/2014 12:00:00 AM"
"66754","1","2/20/2014 12:00:00 AM"
"66754","2","2/20/2014 12:00:00 AM"
"66755","1","2/20/2014 12:00:00 AM"
"66757","1","2/20/2014 12:00:00 AM"
"66759","1","2/20/2014 12:00:00 AM"
"66759","2","2/20/2014 12:00:00 AM"
"66760","1","2/20/2014 12:00:00 AM"
"66761","1","2/20/2014 12:00:00 AM"
"66761","2","2/20/2014 12:00:00 AM"
"66762","1","2/20/2014 12:00:00 AM"
"66763","1","2/20/2014 12:00:00 AM"
"66764","2","2/20/2014 12:00:00 AM"
"66765","1","2/21/2014 12:00:00 AM"
"66766","1","2/21/2014 12:00:00 AM"
"66767","1","2/21/2014 12:00:00 AM"
"66768","1","2/21/2014 12:00:00 AM"
"66769","1","2/21/2014 12:00:00 AM"
"66770","1","2/21/2014 12:00:00 AM"
"66771","1","2/21/2014 12:00:00 AM"
"66772","1","2/21/2014 12:00:00 AM"
"66773","1","2/21/2014 12:00:00 AM"
"66774","1","2/21/2014 12:00:00 AM"
"66775","4","2/21/2014 12:00:00 AM"
"66776","1","2/21/2014 12:00:00 AM"
"66777","1","2/21/2014 12:00:00 AM"
"66778","1","2/21/2014 12:00:00 AM"
"66780","1","2/21/2014 12:00:00 AM"
"66781","1","2/21/2014 12:00:00 AM"
"66782","1","2/21/2014 12:00:00 AM"
"66783","1","2/21/2014 12:00:00 AM"
"66784","1","2/21/2014 12:00:00 AM"
"66785","1","2/21/2014 12:00:00 AM"
"66786","1","2/21/2014 12:00:00 AM"
"66787","1","2/21/2014 12:00:00 AM"
"66788","1","2/21/2014 12:00:00 AM"
"66789","1","2/21/2014 12:00:00 AM"
"66790","1","2/21/2014 12:00:00 AM"
"66790","10","2/21/2014 12:00:00 AM"
"66791","1","2/21/2014 12:00:00 AM"
"66793","1","2/21/2014 12:00:00 AM"
"66793","10","2/21/2014 12:00:00 AM"
"66794","1","2/21/2014 12:00:00 AM"
"66795","1","2/21/2014 12:00:00 AM"
"66796","1","2/21/2014 12:00:00 AM"
"66797","1","2/21/2014 12:00:00 AM"
"66798","1","2/21/2014 12:00:00 AM"
"66799","1","2/21/2014 12:00:00 AM"
"66800","1","2/21/2014 12:00:00 AM"
"66800","10","2/21/2014 12:00:00 AM"
"66801","1","2/21/2014 12:00:00 AM"
"66802","1","2/21/2014 12:00:00 AM"
"66803","1","2/21/2014 12:00:00 AM"
"66804","1","2/21/2014 12:00:00 AM"
"66805","4","2/21/2014 12:00:00 AM"
"66806","1","2/21/2014 12:00:00 AM"
"66807","4","2/21/2014 12:00:00 AM"
"66808","1","2/21/2014 12:00:00 AM"
"66809","1","2/21/2014 12:00:00 AM"
"66810","4","2/21/2014 12:00:00 AM"
"66811","2","2/21/2014 12:00:00 AM"
"66812","1","2/21/2014 12:00:00 AM"
"66812","10","2/21/2014 12:00:00 AM"
"66813","1","2/21/2014 12:00:00 AM"
"66814","1","2/21/2014 12:00:00 AM"
"66814","2","2/21/2014 12:00:00 AM"
"66816","1","2/21/2014 12:00:00 AM"
"66817","1","2/21/2014 12:00:00 AM"
"66819","1","2/21/2014 12:00:00 AM"
"66820","2","2/21/2014 12:00:00 AM"
"66821","1","2/21/2014 12:00:00 AM"
"66822","1","2/21/2014 12:00:00 AM"
"66823","1","2/21/2014 12:00:00 AM"
"66824","1","2/21/2014 12:00:00 AM"
"66824","2","2/21/2014 12:00:00 AM"
"66824","10","2/21/2014 12:00:00 AM"
"66829","1","2/22/2014 12:00:00 AM"
"66830","1","2/22/2014 12:00:00 AM"
"66831","1","2/22/2014 12:00:00 AM"
"66832","1","2/22/2014 12:00:00 AM"
"66833","1","2/22/2014 12:00:00 AM"
"66834","1","2/22/2014 12:00:00 AM"
"66835","6","2/22/2014 12:00:00 AM"
"66836","1","2/22/2014 12:00:00 AM"
"66837","1","2/22/2014 12:00:00 AM"
"66838","1","2/22/2014 12:00:00 AM"
"66838","2","2/22/2014 12:00:00 AM"
"66839","1","2/22/2014 12:00:00 AM"
"66840","1","2/22/2014 12:00:00 AM"
"66841","1","2/22/2014 12:00:00 AM"
"66842","1","2/22/2014 12:00:00 AM"
"66843","1","2/22/2014 12:00:00 AM"
"66844","1","2/22/2014 12:00:00 AM"
"66845","1","2/22/2014 12:00:00 AM"
"66846","1","2/22/2014 12:00:00 AM"
"66847","1","2/22/2014 12:00:00 AM"
"66848","1","2/22/2014 12:00:00 AM"
"66849","1","2/22/2014 12:00:00 AM"
"66850","1","2/22/2014 12:00:00 AM"
"66851","1","2/22/2014 12:00:00 AM"
"66852","1","2/22/2014 12:00:00 AM"
"66853","1","2/22/2014 12:00:00 AM"
"66854","1","2/22/2014 12:00:00 AM"
"66855","1","2/22/2014 12:00:00 AM"
"66856","1","2/22/2014 12:00:00 AM"
"66857","1","2/22/2014 12:00:00 AM"
"66858","1","2/22/2014 12:00:00 AM"
"66859","1","2/22/2014 12:00:00 AM"
"66860","1","2/22/2014 12:00:00 AM"
"66861","1","2/22/2014 12:00:00 AM"
"66862","1","2/22/2014 12:00:00 AM"
"66863","1","2/22/2014 12:00:00 AM"
"66863","2","2/22/2014 12:00:00 AM"
"66864","1","2/22/2014 12:00:00 AM"
"66865","1","2/22/2014 12:00:00 AM"
"66865","2","2/22/2014 12:00:00 AM"
"66866","1","2/22/2014 12:00:00 AM"
"66869","1","2/22/2014 12:00:00 AM"
"66870","1","2/22/2014 12:00:00 AM"
"66872","1","2/22/2014 12:00:00 AM"
"66873","1","2/22/2014 12:00:00 AM"
"66874","1","2/22/2014 12:00:00 AM"
"66874","10","2/22/2014 12:00:00 AM"
"66875","5","2/22/2014 12:00:00 AM"
"66876","1","2/22/2014 12:00:00 AM"
"66876","2","2/22/2014 12:00:00 AM"
"66877","1","2/22/2014 12:00:00 AM"
"66878","1","2/22/2014 12:00:00 AM"
"66878","2","2/22/2014 12:00:00 AM"
"66879","1","2/22/2014 12:00:00 AM"
"66882","1","2/22/2014 12:00:00 AM"
"66884","1","2/22/2014 12:00:00 AM"
"66885","1","2/23/2014 12:00:00 AM"
"66886","1","2/23/2014 12:00:00 AM"
"66887","6","2/23/2014 12:00:00 AM"
"66888","1","2/23/2014 12:00:00 AM"
"66889","1","2/23/2014 12:00:00 AM"
"66890","1","2/23/2014 12:00:00 AM"
"66891","1","2/23/2014 12:00:00 AM"
"66892","1","2/23/2014 12:00:00 AM"
"66893","1","2/23/2014 12:00:00 AM"
"66894","1","2/23/2014 12:00:00 AM"
"66895","1","2/23/2014 12:00:00 AM"
"66896","6","2/23/2014 12:00:00 AM"
"66897","1","2/23/2014 12:00:00 AM"
"66898","1","2/23/2014 12:00:00 AM"
"66899","1","2/23/2014 12:00:00 AM"
"66900","1","2/23/2014 12:00:00 AM"
"66900","10","2/23/2014 12:00:00 AM"
"66901","1","2/23/2014 12:00:00 AM"
"66902","1","2/23/2014 12:00:00 AM"
"66903","1","2/23/2014 12:00:00 AM"
"66904","6","2/23/2014 12:00:00 AM"
"66905","6","2/23/2014 12:00:00 AM"
"66906","1","2/23/2014 12:00:00 AM"
"66907","1","2/23/2014 12:00:00 AM"
"66908","1","2/23/2014 12:00:00 AM"
"66909","1","2/23/2014 12:00:00 AM"
"66910","1","2/23/2014 12:00:00 AM"
"66911","1","2/23/2014 12:00:00 AM"
"66912","1","2/23/2014 12:00:00 AM"
"66913","1","2/23/2014 12:00:00 AM"
"66914","1","2/23/2014 12:00:00 AM"
"66915","1","2/23/2014 12:00:00 AM"
"66916","1","2/23/2014 12:00:00 AM"
"66917","1","2/23/2014 12:00:00 AM"
"66917","10","2/23/2014 12:00:00 AM"
"66918","1","2/23/2014 12:00:00 AM"
"66919","2","2/23/2014 12:00:00 AM"
"66919","10","2/23/2014 12:00:00 AM"
"66921","1","2/23/2014 12:00:00 AM"
"66922","1","2/23/2014 12:00:00 AM"
"66923","1","2/23/2014 12:00:00 AM"
"66924","2","2/23/2014 12:00:00 AM"
"66926","1","2/23/2014 12:00:00 AM"
"66926","2","2/23/2014 12:00:00 AM"
"66927","1","2/23/2014 12:00:00 AM"
"66929","1","2/23/2014 12:00:00 AM"
"66929","2","2/23/2014 12:00:00 AM"
"66929","10","2/23/2014 12:00:00 AM"
"66930","1","2/23/2014 12:00:00 AM"
"66930","2","2/23/2014 12:00:00 AM"
"66932","2","2/23/2014 12:00:00 AM"
"66934","1","2/23/2014 12:00:00 AM"
"66934","2","2/23/2014 12:00:00 AM"
"66935","1","2/23/2014 12:00:00 AM"
"66937","1","2/23/2014 12:00:00 AM"
"66939","1","2/23/2014 12:00:00 AM"
"66940","5","2/23/2014 12:00:00 AM"
"66943","1","2/24/2014 12:00:00 AM"
"66945","1","2/24/2014 12:00:00 AM"
"66946","2","2/24/2014 12:00:00 AM"
"66947","1","2/24/2014 12:00:00 AM"
"66948","1","2/24/2014 12:00:00 AM"
"66949","4","2/24/2014 12:00:00 AM"
"66950","1","2/24/2014 12:00:00 AM"
"66951","4","2/24/2014 12:00:00 AM"
"66952","1","2/24/2014 12:00:00 AM"
"66953","1","2/24/2014 12:00:00 AM"
"66954","1","2/24/2014 12:00:00 AM"
"66955","1","2/24/2014 12:00:00 AM"
"66956","1","2/24/2014 12:00:00 AM"
"66957","4","2/24/2014 12:00:00 AM"
"66958","1","2/24/2014 12:00:00 AM"
"66958","10","2/24/2014 12:00:00 AM"
"66959","1","2/24/2014 12:00:00 AM"
"66960","1","2/24/2014 12:00:00 AM"
"66961","1","2/24/2014 12:00:00 AM"
"66962","4","2/24/2014 12:00:00 AM"
"66962","10","2/24/2014 12:00:00 AM"
"66963","1","2/24/2014 12:00:00 AM"
"66963","10","2/24/2014 12:00:00 AM"
"66964","1","2/24/2014 12:00:00 AM"
"66965","1","2/24/2014 12:00:00 AM"
"66966","1","2/24/2014 12:00:00 AM"
"66967","1","2/24/2014 12:00:00 AM"
"66968","1","2/24/2014 12:00:00 AM"
"66968","10","2/24/2014 12:00:00 AM"
"66969","1","2/24/2014 12:00:00 AM"
"66970","1","2/24/2014 12:00:00 AM"
"66971","1","2/24/2014 12:00:00 AM"
"66972","1","2/24/2014 12:00:00 AM"
"66973","1","2/24/2014 12:00:00 AM"
"66974","1","2/24/2014 12:00:00 AM"
"66975","1","2/24/2014 12:00:00 AM"
"66975","10","2/24/2014 12:00:00 AM"
"66976","4","2/24/2014 12:00:00 AM"
"66977","1","2/24/2014 12:00:00 AM"
"66978","1","2/24/2014 12:00:00 AM"
"66979","1","2/24/2014 12:00:00 AM"
"66980","1","2/24/2014 12:00:00 AM"
"66981","1","2/24/2014 12:00:00 AM"
"66982","1","2/24/2014 12:00:00 AM"
"66983","1","2/24/2014 12:00:00 AM"
"66984","1","2/24/2014 12:00:00 AM"
"66985","1","2/24/2014 12:00:00 AM"
"66986","1","2/24/2014 12:00:00 AM"
"66987","4","2/24/2014 12:00:00 AM"
"66988","1","2/24/2014 12:00:00 AM"
"66989","1","2/24/2014 12:00:00 AM"
"66990","1","2/24/2014 12:00:00 AM"
"66991","1","2/24/2014 12:00:00 AM"
"66992","2","2/24/2014 12:00:00 AM"
"66993","1","2/24/2014 12:00:00 AM"
"66994","1","2/24/2014 12:00:00 AM"
"66995","1","2/24/2014 12:00:00 AM"
"66996","1","2/24/2014 12:00:00 AM"
"66997","1","2/24/2014 12:00:00 AM"
"66997","2","2/24/2014 12:00:00 AM"
"66998","1","2/24/2014 12:00:00 AM"
"66998","2","2/24/2014 12:00:00 AM"
"66999","1","2/24/2014 12:00:00 AM"
"67000","1","2/24/2014 12:00:00 AM"
"67002","1","2/24/2014 12:00:00 AM"
"67003","1","2/24/2014 12:00:00 AM"
"67004","1","2/24/2014 12:00:00 AM"
"67005","1","2/24/2014 12:00:00 AM"
"67006","1","2/24/2014 12:00:00 AM"
"67007","1","2/24/2014 12:00:00 AM"
"67008","1","2/24/2014 12:00:00 AM"
"67009","1","2/24/2014 12:00:00 AM"
"67009","2","2/24/2014 12:00:00 AM"
"67011","1","2/24/2014 12:00:00 AM"
"67013","1","2/24/2014 12:00:00 AM"
"67013","2","2/24/2014 12:00:00 AM"
"67013","10","2/24/2014 12:00:00 AM"
"67014","1","2/24/2014 12:00:00 AM"
"67015","2","2/24/2014 12:00:00 AM"
"67017","5","2/24/2014 12:00:00 AM"
"67018","4","2/25/2014 12:00:00 AM"
"67019","1","2/25/2014 12:00:00 AM"
"67020","1","2/25/2014 12:00:00 AM"
"67021","1","2/25/2014 12:00:00 AM"
"67022","1","2/25/2014 12:00:00 AM"
"67023","1","2/25/2014 12:00:00 AM"
"67024","1","2/25/2014 12:00:00 AM"
"67026","2","2/25/2014 12:00:00 AM"
"67027","1","2/25/2014 12:00:00 AM"
"67028","1","2/25/2014 12:00:00 AM"
"67029","1","2/25/2014 12:00:00 AM"
"67030","1","2/25/2014 12:00:00 AM"
"67031","1","2/25/2014 12:00:00 AM"
"67032","1","2/25/2014 12:00:00 AM"
"67033","1","2/25/2014 12:00:00 AM"
"67034","4","2/25/2014 12:00:00 AM"
"67034","10","2/25/2014 12:00:00 AM"
"67035","1","2/25/2014 12:00:00 AM"
"67036","1","2/25/2014 12:00:00 AM"
"67037","1","2/25/2014 12:00:00 AM"
"67038","1","2/25/2014 12:00:00 AM"
"67039","1","2/25/2014 12:00:00 AM"
"67040","1","2/25/2014 12:00:00 AM"
"67041","1","2/25/2014 12:00:00 AM"
"67042","1","2/25/2014 12:00:00 AM"
"67043","1","2/25/2014 12:00:00 AM"
"67044","1","2/25/2014 12:00:00 AM"
"67045","1","2/25/2014 12:00:00 AM"
"67046","1","2/25/2014 12:00:00 AM"
"67047","1","2/25/2014 12:00:00 AM"
"67048","1","2/25/2014 12:00:00 AM"
"67049","4","2/25/2014 12:00:00 AM"
"67049","10","2/25/2014 12:00:00 AM"
"67050","1","2/25/2014 12:00:00 AM"
"67051","1","2/25/2014 12:00:00 AM"
"67052","1","2/25/2014 12:00:00 AM"
"67053","1","2/25/2014 12:00:00 AM"
"67054","1","2/25/2014 12:00:00 AM"
"67055","1","2/25/2014 12:00:00 AM"
"67056","1","2/25/2014 12:00:00 AM"
"67057","1","2/25/2014 12:00:00 AM"
"67058","1","2/25/2014 12:00:00 AM"
"67059","1","2/25/2014 12:00:00 AM"
"67060","1","2/25/2014 12:00:00 AM"
"67061","4","2/25/2014 12:00:00 AM"
"67062","1","2/25/2014 12:00:00 AM"
"67063","1","2/25/2014 12:00:00 AM"
"67064","1","2/25/2014 12:00:00 AM"
"67065","1","2/25/2014 12:00:00 AM"
"67066","2","2/25/2014 12:00:00 AM"
"67067","1","2/25/2014 12:00:00 AM"
"67068","1","2/25/2014 12:00:00 AM"
"67069","1","2/25/2014 12:00:00 AM"
"67070","1","2/25/2014 12:00:00 AM"
"67070","2","2/25/2014 12:00:00 AM"
"67071","1","2/25/2014 12:00:00 AM"
"67072","1","2/25/2014 12:00:00 AM"
"67072","2","2/25/2014 12:00:00 AM"
"67074","1","2/25/2014 12:00:00 AM"
"67075","1","2/25/2014 12:00:00 AM"
"67079","1","2/25/2014 12:00:00 AM"
"67079","2","2/25/2014 12:00:00 AM"
"67080","1","2/25/2014 12:00:00 AM"
"67080","2","2/25/2014 12:00:00 AM"
"67081","1","2/26/2014 12:00:00 AM"
"67082","6","2/26/2014 12:00:00 AM"
"67083","1","2/26/2014 12:00:00 AM"
"67084","1","2/26/2014 12:00:00 AM"
"67084","10","2/26/2014 12:00:00 AM"
"67085","1","2/26/2014 12:00:00 AM"
"67086","1","2/26/2014 12:00:00 AM"
"67087","1","2/26/2014 12:00:00 AM"
"67089","1","2/26/2014 12:00:00 AM"
"67089","2","2/26/2014 12:00:00 AM"
"67090","2","2/26/2014 12:00:00 AM"
"67092","1","2/26/2014 12:00:00 AM"
"67093","1","2/26/2014 12:00:00 AM"
"67094","1","2/26/2014 12:00:00 AM"
"67095","1","2/26/2014 12:00:00 AM"
"67096","1","2/26/2014 12:00:00 AM"
"67097","1","2/26/2014 12:00:00 AM"
"67098","1","2/26/2014 12:00:00 AM"
"67099","1","2/26/2014 12:00:00 AM"
"67100","1","2/26/2014 12:00:00 AM"
"67101","1","2/26/2014 12:00:00 AM"
"67102","1","2/26/2014 12:00:00 AM"
"67103","6","2/26/2014 12:00:00 AM"
"67104","6","2/26/2014 12:00:00 AM"
"67105","6","2/26/2014 12:00:00 AM"
"67106","1","2/26/2014 12:00:00 AM"
"67107","6","2/26/2014 12:00:00 AM"
"67108","1","2/26/2014 12:00:00 AM"
"67109","1","2/26/2014 12:00:00 AM"
"67110","1","2/26/2014 12:00:00 AM"
"67111","1","2/26/2014 12:00:00 AM"
"67111","10","2/26/2014 12:00:00 AM"
"67112","1","2/26/2014 12:00:00 AM"
"67113","1","2/26/2014 12:00:00 AM"
"67114","1","2/26/2014 12:00:00 AM"
"67115","1","2/26/2014 12:00:00 AM"
"67116","1","2/26/2014 12:00:00 AM"
"67117","1","2/26/2014 12:00:00 AM"
"67118","1","2/26/2014 12:00:00 AM"
"67119","1","2/26/2014 12:00:00 AM"
"67120","1","2/26/2014 12:00:00 AM"
"67121","1","2/26/2014 12:00:00 AM"
"67122","1","2/26/2014 12:00:00 AM"
"67123","4","2/26/2014 12:00:00 AM"
"67124","1","2/26/2014 12:00:00 AM"
"67125","1","2/26/2014 12:00:00 AM"
"67126","1","2/26/2014 12:00:00 AM"
"67127","1","2/26/2014 12:00:00 AM"
"67127","2","2/26/2014 12:00:00 AM"
"67128","2","2/26/2014 12:00:00 AM"
"67129","1","2/26/2014 12:00:00 AM"
"67129","2","2/26/2014 12:00:00 AM"
"67130","1","2/26/2014 12:00:00 AM"
"67131","1","2/26/2014 12:00:00 AM"
"67133","1","2/26/2014 12:00:00 AM"
"67134","2","2/26/2014 12:00:00 AM"
"67135","1","2/26/2014 12:00:00 AM"
"67136","1","2/26/2014 12:00:00 AM"
"67137","1","2/26/2014 12:00:00 AM"
"67139","1","2/26/2014 12:00:00 AM"
"67139","10","2/26/2014 12:00:00 AM"
"67140","1","2/26/2014 12:00:00 AM"
"67140","10","2/26/2014 12:00:00 AM"
"67141","6","2/27/2014 12:00:00 AM"
"67142","1","2/27/2014 12:00:00 AM"
"67144","1","2/27/2014 12:00:00 AM"
"67145","1","2/27/2014 12:00:00 AM"
"67146","4","2/27/2014 12:00:00 AM"
"67147","1","2/27/2014 12:00:00 AM"
"67148","1","2/27/2014 12:00:00 AM"
"67148","10","2/27/2014 12:00:00 AM"
"67149","1","2/27/2014 12:00:00 AM"
"67150","1","2/27/2014 12:00:00 AM"
"67151","1","2/27/2014 12:00:00 AM"
"67152","1","2/27/2014 12:00:00 AM"
"67153","6","2/27/2014 12:00:00 AM"
"67154","1","2/27/2014 12:00:00 AM"
"67155","1","2/27/2014 12:00:00 AM"
"67156","1","2/27/2014 12:00:00 AM"
"67156","2","2/27/2014 12:00:00 AM"
"67157","2","2/27/2014 12:00:00 AM"
"67158","1","2/27/2014 12:00:00 AM"
"67159","4","2/27/2014 12:00:00 AM"
"67160","1","2/27/2014 12:00:00 AM"
"67161","1","2/27/2014 12:00:00 AM"
"67162","1","2/27/2014 12:00:00 AM"
"67163","1","2/27/2014 12:00:00 AM"
"67164","1","2/27/2014 12:00:00 AM"
"67165","1","2/27/2014 12:00:00 AM"
"67166","1","2/27/2014 12:00:00 AM"
"67167","6","2/27/2014 12:00:00 AM"
"67168","1","2/27/2014 12:00:00 AM"
"67169","1","2/27/2014 12:00:00 AM"
"67170","1","2/27/2014 12:00:00 AM"
"67170","10","2/27/2014 12:00:00 AM"
"67171","1","2/27/2014 12:00:00 AM"
"67171","10","2/27/2014 12:00:00 AM"
"67172","1","2/27/2014 12:00:00 AM"
"67173","1","2/27/2014 12:00:00 AM"
"67174","1","2/27/2014 12:00:00 AM"
"67175","1","2/27/2014 12:00:00 AM"
"67176","1","2/27/2014 12:00:00 AM"
"67177","1","2/27/2014 12:00:00 AM"
"67178","1","2/27/2014 12:00:00 AM"
"67179","1","2/27/2014 12:00:00 AM"
"67180","1","2/27/2014 12:00:00 AM"
"67181","1","2/27/2014 12:00:00 AM"
"67182","1","2/27/2014 12:00:00 AM"
"67183","1","2/27/2014 12:00:00 AM"
"67183","2","2/27/2014 12:00:00 AM"
"67184","1","2/27/2014 12:00:00 AM"
"67185","1","2/27/2014 12:00:00 AM"
"67186","1","2/27/2014 12:00:00 AM"
"67186","2","2/27/2014 12:00:00 AM"
"67187","2","2/27/2014 12:00:00 AM"
"67188","6","2/27/2014 12:00:00 AM"
"67189","2","2/27/2014 12:00:00 AM"
"67189","10","2/27/2014 12:00:00 AM"
"67191","1","2/27/2014 12:00:00 AM"
"67192","1","2/27/2014 12:00:00 AM"
"67193","1","2/27/2014 12:00:00 AM"
"67193","2","2/27/2014 12:00:00 AM"
"67194","1","2/27/2014 12:00:00 AM"
"67194","2","2/27/2014 12:00:00 AM"
"67196","1","2/27/2014 12:00:00 AM"
"67196","2","2/27/2014 12:00:00 AM"
"67198","1","2/27/2014 12:00:00 AM"
"67200","1","2/27/2014 12:00:00 AM"
"67201","1","2/27/2014 12:00:00 AM"
"67205","1","2/28/2014 12:00:00 AM"
"67206","1","2/28/2014 12:00:00 AM"
"67206","2","2/28/2014 12:00:00 AM"
"67207","6","2/28/2014 12:00:00 AM"
"67208","1","2/28/2014 12:00:00 AM"
"67208","10","2/28/2014 12:00:00 AM"
"67209","1","2/28/2014 12:00:00 AM"
"67210","4","2/28/2014 12:00:00 AM"
"67211","1","2/28/2014 12:00:00 AM"
"67212","4","2/28/2014 12:00:00 AM"
"67213","1","2/28/2014 12:00:00 AM"
"67214","1","2/28/2014 12:00:00 AM"
"67215","1","2/28/2014 12:00:00 AM"
"67216","4","2/28/2014 12:00:00 AM"
"67217","4","2/28/2014 12:00:00 AM"
"67218","1","2/28/2014 12:00:00 AM"
"67219","4","2/28/2014 12:00:00 AM"
"67219","10","2/28/2014 12:00:00 AM"
"67220","1","2/28/2014 12:00:00 AM"
"67221","1","2/28/2014 12:00:00 AM"
"67222","1","2/28/2014 12:00:00 AM"
"67222","10","2/28/2014 12:00:00 AM"
"67223","4","2/28/2014 12:00:00 AM"
"67224","1","2/28/2014 12:00:00 AM"
"67224","10","2/28/2014 12:00:00 AM"
"67225","1","2/28/2014 12:00:00 AM"
"67226","6","2/28/2014 12:00:00 AM"
"67227","6","2/28/2014 12:00:00 AM"
"67228","1","2/28/2014 12:00:00 AM"
"67229","1","2/28/2014 12:00:00 AM"
"67230","1","2/28/2014 12:00:00 AM"
"67231","1","2/28/2014 12:00:00 AM"
"67232","1","2/28/2014 12:00:00 AM"
"67234","1","2/28/2014 12:00:00 AM"
"67235","2","2/28/2014 12:00:00 AM"
"67236","6","2/28/2014 12:00:00 AM"
"67237","1","2/28/2014 12:00:00 AM"
"67238","6","2/28/2014 12:00:00 AM"
"67239","2","2/28/2014 12:00:00 AM"
"67240","1","2/28/2014 12:00:00 AM"
"67241","1","2/28/2014 12:00:00 AM"
"67242","1","2/28/2014 12:00:00 AM"
"67242","2","2/28/2014 12:00:00 AM"
"67243","1","2/28/2014 12:00:00 AM"
"67244","1","2/28/2014 12:00:00 AM"
"67246","2","2/28/2014 12:00:00 AM"
"67247","1","2/28/2014 12:00:00 AM"
"67248","1","2/28/2014 12:00:00 AM"
"67249","1","2/28/2014 12:00:00 AM"
"67250","5","2/28/2014 12:00:00 AM"
"67251","5","2/28/2014 12:00:00 AM"
"67253","1","2/28/2014 12:00:00 AM"
"67254","1","2/28/2014 12:00:00 AM"
"67257","1","2/28/2014 12:00:00 AM"
"67257","2","2/28/2014 12:00:00 AM"
"67259","1","2/28/2014 12:00:00 AM"
"67259","2","2/28/2014 12:00:00 AM"
"67351","1","3/1/2014 12:00:00 AM"
"67352","1","3/1/2014 12:00:00 AM"
"67353","1","3/1/2014 12:00:00 AM"
"67354","6","3/1/2014 12:00:00 AM"
"67355","6","3/1/2014 12:00:00 AM"
"67356","1","3/1/2014 12:00:00 AM"
"67357","6","3/1/2014 12:00:00 AM"
"67358","1","3/1/2014 12:00:00 AM"
"67359","1","3/1/2014 12:00:00 AM"
"67360","1","3/1/2014 12:00:00 AM"
"67361","1","3/1/2014 12:00:00 AM"
"67362","1","3/1/2014 12:00:00 AM"
"67363","1","3/1/2014 12:00:00 AM"
"67364","1","3/1/2014 12:00:00 AM"
"67365","1","3/1/2014 12:00:00 AM"
"67366","1","3/1/2014 12:00:00 AM"
"67367","6","3/1/2014 12:00:00 AM"
"67368","1","3/1/2014 12:00:00 AM"
"67369","1","3/1/2014 12:00:00 AM"
"67370","1","3/1/2014 12:00:00 AM"
"67371","1","3/1/2014 12:00:00 AM"
"67371","10","3/1/2014 12:00:00 AM"
"67372","1","3/1/2014 12:00:00 AM"
"67373","1","3/1/2014 12:00:00 AM"
"67374","1","3/1/2014 12:00:00 AM"
"67375","1","3/1/2014 12:00:00 AM"
"67376","1","3/1/2014 12:00:00 AM"
"67377","1","3/1/2014 12:00:00 AM"
"67378","1","3/1/2014 12:00:00 AM"
"67379","4","3/1/2014 12:00:00 AM"
"67380","1","3/1/2014 12:00:00 AM"
"67381","1","3/1/2014 12:00:00 AM"
"67382","1","3/1/2014 12:00:00 AM"
"67383","4","3/1/2014 12:00:00 AM"
"67384","4","3/1/2014 12:00:00 AM"
"67385","1","3/1/2014 12:00:00 AM"
"67386","1","3/1/2014 12:00:00 AM"
"67387","2","3/1/2014 12:00:00 AM"
"67388","1","3/1/2014 12:00:00 AM"
"67389","1","3/1/2014 12:00:00 AM"
"67390","1","3/1/2014 12:00:00 AM"
"67392","1","3/1/2014 12:00:00 AM"
"67393","1","3/1/2014 12:00:00 AM"
"67393","2","3/1/2014 12:00:00 AM"
"67394","1","3/1/2014 12:00:00 AM"
"67394","2","3/1/2014 12:00:00 AM"
"67395","1","3/1/2014 12:00:00 AM"
"67395","2","3/1/2014 12:00:00 AM"
"67396","1","3/1/2014 12:00:00 AM"
"67397","1","3/1/2014 12:00:00 AM"
"67399","1","3/1/2014 12:00:00 AM"
"67399","2","3/1/2014 12:00:00 AM"
"67401","1","3/1/2014 12:00:00 AM"
"67401","2","3/1/2014 12:00:00 AM"
"67402","1","3/1/2014 12:00:00 AM"
"67403","1","3/1/2014 12:00:00 AM"
"67404","1","3/1/2014 12:00:00 AM"
"67405","1","3/1/2014 12:00:00 AM"
"67405","2","3/1/2014 12:00:00 AM"
"67406","1","3/1/2014 12:00:00 AM"
"67407","1","3/1/2014 12:00:00 AM"
"67409","1","3/1/2014 12:00:00 AM"
"67411","1","3/1/2014 12:00:00 AM"
"67411","10","3/1/2014 12:00:00 AM"
"67413","1","3/1/2014 12:00:00 AM"
"67414","1","3/1/2014 12:00:00 AM"
"67414","2","3/1/2014 12:00:00 AM"
"67415","1","3/1/2014 12:00:00 AM"
"67416","1","3/1/2014 12:00:00 AM"
"67416","2","3/1/2014 12:00:00 AM"
"67418","6","3/2/2014 12:00:00 AM"
"67419","1","3/2/2014 12:00:00 AM"
"67420","1","3/2/2014 12:00:00 AM"
"67421","4","3/2/2014 12:00:00 AM"
"67422","1","3/2/2014 12:00:00 AM"
"67423","1","3/2/2014 12:00:00 AM"
"67424","1","3/2/2014 12:00:00 AM"
"67425","1","3/2/2014 12:00:00 AM"
"67426","1","3/2/2014 12:00:00 AM"
"67427","1","3/2/2014 12:00:00 AM"
"67429","1","3/2/2014 12:00:00 AM"
"67430","1","3/2/2014 12:00:00 AM"
"67431","1","3/2/2014 12:00:00 AM"
"67432","1","3/2/2014 12:00:00 AM"
"67433","1","3/2/2014 12:00:00 AM"
"67434","1","3/2/2014 12:00:00 AM"
"67435","1","3/2/2014 12:00:00 AM"
"67435","10","3/2/2014 12:00:00 AM"
"67436","1","3/2/2014 12:00:00 AM"
"67437","1","3/2/2014 12:00:00 AM"
"67438","1","3/2/2014 12:00:00 AM"
"67439","1","3/2/2014 12:00:00 AM"
"67440","1","3/2/2014 12:00:00 AM"
"67441","1","3/2/2014 12:00:00 AM"
"67442","1","3/2/2014 12:00:00 AM"
"67443","1","3/2/2014 12:00:00 AM"
"67444","1","3/2/2014 12:00:00 AM"
"67445","1","3/2/2014 12:00:00 AM"
"67446","1","3/2/2014 12:00:00 AM"
"67447","1","3/2/2014 12:00:00 AM"
"67448","1","3/2/2014 12:00:00 AM"
"67449","1","3/2/2014 12:00:00 AM"
"67450","1","3/2/2014 12:00:00 AM"
"67451","1","3/2/2014 12:00:00 AM"
"67452","1","3/2/2014 12:00:00 AM"
"67453","1","3/2/2014 12:00:00 AM"
"67454","1","3/2/2014 12:00:00 AM"
"67454","2","3/2/2014 12:00:00 AM"
"67455","1","3/2/2014 12:00:00 AM"
"67455","2","3/2/2014 12:00:00 AM"
"67456","1","3/2/2014 12:00:00 AM"
"67457","1","3/2/2014 12:00:00 AM"
"67458","1","3/2/2014 12:00:00 AM"
"67459","2","3/2/2014 12:00:00 AM"
"67461","5","3/2/2014 12:00:00 AM"
"67462","6","3/2/2014 12:00:00 AM"
"67464","1","3/2/2014 12:00:00 AM"
"67465","2","3/2/2014 12:00:00 AM"
"67466","1","3/2/2014 12:00:00 AM"
"67467","1","3/2/2014 12:00:00 AM"
"67469","1","3/2/2014 12:00:00 AM"
"67470","1","3/2/2014 12:00:00 AM"
"67471","2","3/2/2014 12:00:00 AM"
"67472","1","3/2/2014 12:00:00 AM"
"67473","1","3/2/2014 12:00:00 AM"
"67476","1","3/2/2014 12:00:00 AM"
"67478","1","3/2/2014 12:00:00 AM"
"67479","1","3/2/2014 12:00:00 AM"
"67479","10","3/2/2014 12:00:00 AM"
"67481","1","3/2/2014 12:00:00 AM"
"67483","1","3/3/2014 12:00:00 AM"
"67484","1","3/3/2014 12:00:00 AM"
"67484","10","3/3/2014 12:00:00 AM"
"67485","1","3/3/2014 12:00:00 AM"
"67486","1","3/3/2014 12:00:00 AM"
"67488","1","3/3/2014 12:00:00 AM"
"67489","6","3/3/2014 12:00:00 AM"
"67490","1","3/3/2014 12:00:00 AM"
"67491","1","3/3/2014 12:00:00 AM"
"67492","1","3/3/2014 12:00:00 AM"
"67493","1","3/3/2014 12:00:00 AM"
"67494","1","3/3/2014 12:00:00 AM"
"67496","1","3/3/2014 12:00:00 AM"
"67497","2","3/3/2014 12:00:00 AM"
"67499","1","3/3/2014 12:00:00 AM"
"67500","1","3/3/2014 12:00:00 AM"
"67501","6","3/3/2014 12:00:00 AM"
"67502","1","3/3/2014 12:00:00 AM"
"67503","1","3/3/2014 12:00:00 AM"
"67503","10","3/3/2014 12:00:00 AM"
"67504","1","3/3/2014 12:00:00 AM"
"67506","1","3/3/2014 12:00:00 AM"
"67506","10","3/3/2014 12:00:00 AM"
"67507","1","3/3/2014 12:00:00 AM"
"67508","1","3/3/2014 12:00:00 AM"
"67509","1","3/3/2014 12:00:00 AM"
"67510","4","3/3/2014 12:00:00 AM"
"67511","1","3/3/2014 12:00:00 AM"
"67511","10","3/3/2014 12:00:00 AM"
"67512","1","3/3/2014 12:00:00 AM"
"67513","1","3/3/2014 12:00:00 AM"
"67514","1","3/3/2014 12:00:00 AM"
"67515","6","3/3/2014 12:00:00 AM"
"67516","1","3/3/2014 12:00:00 AM"
"67517","1","3/3/2014 12:00:00 AM"
"67518","1","3/3/2014 12:00:00 AM"
"67519","1","3/3/2014 12:00:00 AM"
"67520","1","3/3/2014 12:00:00 AM"
"67521","1","3/3/2014 12:00:00 AM"
"67522","1","3/3/2014 12:00:00 AM"
"67523","1","3/3/2014 12:00:00 AM"
"67524","1","3/3/2014 12:00:00 AM"
"67525","4","3/3/2014 12:00:00 AM"
"67526","1","3/3/2014 12:00:00 AM"
"67527","1","3/3/2014 12:00:00 AM"
"67528","1","3/3/2014 12:00:00 AM"
"67528","10","3/3/2014 12:00:00 AM"
"67529","1","3/3/2014 12:00:00 AM"
"67530","1","3/3/2014 12:00:00 AM"
"67531","1","3/3/2014 12:00:00 AM"
"67531","10","3/3/2014 12:00:00 AM"
"67532","1","3/3/2014 12:00:00 AM"
"67532","10","3/3/2014 12:00:00 AM"
"67533","1","3/3/2014 12:00:00 AM"
"67534","1","3/3/2014 12:00:00 AM"
"67535","1","3/3/2014 12:00:00 AM"
"67536","1","3/3/2014 12:00:00 AM"
"67537","1","3/3/2014 12:00:00 AM"
"67538","1","3/3/2014 12:00:00 AM"
"67539","1","3/3/2014 12:00:00 AM"
"67540","1","3/3/2014 12:00:00 AM"
"67541","1","3/3/2014 12:00:00 AM"
"67542","1","3/3/2014 12:00:00 AM"
"67543","1","3/3/2014 12:00:00 AM"
"67544","1","3/3/2014 12:00:00 AM"
"67545","2","3/3/2014 12:00:00 AM"
"67546","1","3/3/2014 12:00:00 AM"
"67547","2","3/3/2014 12:00:00 AM"
"67548","1","3/3/2014 12:00:00 AM"
"67548","2","3/3/2014 12:00:00 AM"
"67549","1","3/3/2014 12:00:00 AM"
"67550","6","3/3/2014 12:00:00 AM"
"67551","1","3/3/2014 12:00:00 AM"
"67552","1","3/3/2014 12:00:00 AM"
"67552","2","3/3/2014 12:00:00 AM"
"67553","6","3/3/2014 12:00:00 AM"
"67554","1","3/3/2014 12:00:00 AM"
"67554","2","3/3/2014 12:00:00 AM"
"67555","1","3/3/2014 12:00:00 AM"
"67556","1","3/3/2014 12:00:00 AM"
"67557","1","3/3/2014 12:00:00 AM"
"67558","5","3/3/2014 12:00:00 AM"
"67561","1","3/3/2014 12:00:00 AM"
"67562","1","3/3/2014 12:00:00 AM"
"67564","1","3/3/2014 12:00:00 AM"
"67564","2","3/3/2014 12:00:00 AM"
"67564","10","3/3/2014 12:00:00 AM"
"67565","1","3/3/2014 12:00:00 AM"
"67565","2","3/3/2014 12:00:00 AM"
"67566","1","3/3/2014 12:00:00 AM"
"67566","2","3/3/2014 12:00:00 AM"
"67566","10","3/3/2014 12:00:00 AM"
"67567","1","3/3/2014 12:00:00 AM"
"67568","1","3/3/2014 12:00:00 AM"
"67569","1","3/3/2014 12:00:00 AM"
"67571","1","3/3/2014 12:00:00 AM"
"67572","2","3/3/2014 12:00:00 AM"
"67573","5","3/3/2014 12:00:00 AM"
"67575","5","3/3/2014 12:00:00 AM"
"67576","1","3/3/2014 12:00:00 AM"
"67577","1","3/4/2014 12:00:00 AM"
"67577","10","3/4/2014 12:00:00 AM"
"67578","6","3/4/2014 12:00:00 AM"
"67579","1","3/4/2014 12:00:00 AM"
"67580","1","3/4/2014 12:00:00 AM"
"67581","1","3/4/2014 12:00:00 AM"
"67582","2","3/4/2014 12:00:00 AM"
"67583","1","3/4/2014 12:00:00 AM"
"67584","1","3/4/2014 12:00:00 AM"
"67585","6","3/4/2014 12:00:00 AM"
"67586","1","3/4/2014 12:00:00 AM"
"67587","6","3/4/2014 12:00:00 AM"
"67588","1","3/4/2014 12:00:00 AM"
"67589","1","3/4/2014 12:00:00 AM"
"67590","1","3/4/2014 12:00:00 AM"
"67591","1","3/4/2014 12:00:00 AM"
"67592","1","3/4/2014 12:00:00 AM"
"67593","1","3/4/2014 12:00:00 AM"
"67594","1","3/4/2014 12:00:00 AM"
"67595","1","3/4/2014 12:00:00 AM"
"67596","1","3/4/2014 12:00:00 AM"
"67597","6","3/4/2014 12:00:00 AM"
"67598","1","3/4/2014 12:00:00 AM"
"67599","1","3/4/2014 12:00:00 AM"
"67600","1","3/4/2014 12:00:00 AM"
"67601","1","3/4/2014 12:00:00 AM"
"67602","1","3/4/2014 12:00:00 AM"
"67603","1","3/4/2014 12:00:00 AM"
"67604","1","3/4/2014 12:00:00 AM"
"67605","1","3/4/2014 12:00:00 AM"
"67606","1","3/4/2014 12:00:00 AM"
"67606","10","3/4/2014 12:00:00 AM"
"67607","1","3/4/2014 12:00:00 AM"
"67608","1","3/4/2014 12:00:00 AM"
"67609","1","3/4/2014 12:00:00 AM"
"67610","1","3/4/2014 12:00:00 AM"
"67611","1","3/4/2014 12:00:00 AM"
"67612","1","3/4/2014 12:00:00 AM"
"67613","1","3/4/2014 12:00:00 AM"
"67614","1","3/4/2014 12:00:00 AM"
"67615","1","3/4/2014 12:00:00 AM"
"67616","1","3/4/2014 12:00:00 AM"
"67617","1","3/4/2014 12:00:00 AM"
"67619","1","3/4/2014 12:00:00 AM"
"67620","1","3/4/2014 12:00:00 AM"
"67623","1","3/4/2014 12:00:00 AM"
"67624","1","3/4/2014 12:00:00 AM"
"67626","1","3/4/2014 12:00:00 AM"
"67626","2","3/4/2014 12:00:00 AM"
"67626","10","3/4/2014 12:00:00 AM"
"67627","1","3/4/2014 12:00:00 AM"
"67629","2","3/4/2014 12:00:00 AM"
"67630","1","3/4/2014 12:00:00 AM"
"67631","1","3/4/2014 12:00:00 AM"
"67631","2","3/4/2014 12:00:00 AM"
"67632","1","3/4/2014 12:00:00 AM"
"67633","1","3/4/2014 12:00:00 AM"
"67635","1","3/4/2014 12:00:00 AM"
"67636","2","3/4/2014 12:00:00 AM"
"67637","1","3/4/2014 12:00:00 AM"
"67638","1","3/4/2014 12:00:00 AM"
"67638","2","3/4/2014 12:00:00 AM"
"67639","1","3/4/2014 12:00:00 AM"
"67640","1","3/4/2014 12:00:00 AM"
"67640","2","3/4/2014 12:00:00 AM"
"67641","1","3/4/2014 12:00:00 AM"
"67642","1","3/4/2014 12:00:00 AM"
"67644","5","3/4/2014 12:00:00 AM"
"67645","1","3/5/2014 12:00:00 AM"
"67646","1","3/5/2014 12:00:00 AM"
"67647","1","3/5/2014 12:00:00 AM"
"67648","6","3/5/2014 12:00:00 AM"
"67649","1","3/5/2014 12:00:00 AM"
"67650","4","3/5/2014 12:00:00 AM"
"67651","1","3/5/2014 12:00:00 AM"
"67652","1","3/5/2014 12:00:00 AM"
"67653","1","3/5/2014 12:00:00 AM"
"67654","1","3/5/2014 12:00:00 AM"
"67655","1","3/5/2014 12:00:00 AM"
"67656","1","3/5/2014 12:00:00 AM"
"67657","1","3/5/2014 12:00:00 AM"
"67658","1","3/5/2014 12:00:00 AM"
"67659","1","3/5/2014 12:00:00 AM"
"67660","1","3/5/2014 12:00:00 AM"
"67661","4","3/5/2014 12:00:00 AM"
"67662","1","3/5/2014 12:00:00 AM"
"67663","1","3/5/2014 12:00:00 AM"
"67664","1","3/5/2014 12:00:00 AM"
"67665","1","3/5/2014 12:00:00 AM"
"67666","1","3/5/2014 12:00:00 AM"
"67667","6","3/5/2014 12:00:00 AM"
"67668","6","3/5/2014 12:00:00 AM"
"67669","1","3/5/2014 12:00:00 AM"
"67670","1","3/5/2014 12:00:00 AM"
"67671","1","3/5/2014 12:00:00 AM"
"67672","1","3/5/2014 12:00:00 AM"
"67672","10","3/5/2014 12:00:00 AM"
"67674","1","3/5/2014 12:00:00 AM"
"67675","1","3/5/2014 12:00:00 AM"
"67676","1","3/5/2014 12:00:00 AM"
"67677","1","3/5/2014 12:00:00 AM"
"67678","1","3/5/2014 12:00:00 AM"
"67679","1","3/5/2014 12:00:00 AM"
"67680","1","3/5/2014 12:00:00 AM"
"67681","1","3/5/2014 12:00:00 AM"
"67682","1","3/5/2014 12:00:00 AM"
"67682","10","3/5/2014 12:00:00 AM"
"67685","1","3/5/2014 12:00:00 AM"
"67686","1","3/5/2014 12:00:00 AM"
"67687","1","3/5/2014 12:00:00 AM"
"67688","2","3/5/2014 12:00:00 AM"
"67689","1","3/5/2014 12:00:00 AM"
"67690","2","3/5/2014 12:00:00 AM"
"67692","1","3/5/2014 12:00:00 AM"
"67693","1","3/5/2014 12:00:00 AM"
"67694","1","3/5/2014 12:00:00 AM"
"67694","2","3/5/2014 12:00:00 AM"
"67695","1","3/5/2014 12:00:00 AM"
"67696","1","3/5/2014 12:00:00 AM"
"67696","2","3/5/2014 12:00:00 AM"
"67697","1","3/6/2014 12:00:00 AM"
"67698","1","3/6/2014 12:00:00 AM"
"67699","1","3/6/2014 12:00:00 AM"
"67700","1","3/6/2014 12:00:00 AM"
"67701","1","3/6/2014 12:00:00 AM"
"67702","1","3/6/2014 12:00:00 AM"
"67703","1","3/6/2014 12:00:00 AM"
"67705","4","3/6/2014 12:00:00 AM"
"67706","1","3/6/2014 12:00:00 AM"
"67707","1","3/6/2014 12:00:00 AM"
"67708","1","3/6/2014 12:00:00 AM"
"67709","1","3/6/2014 12:00:00 AM"
"67710","1","3/6/2014 12:00:00 AM"
"67711","1","3/6/2014 12:00:00 AM"
"67712","1","3/6/2014 12:00:00 AM"
"67713","1","3/6/2014 12:00:00 AM"
"67714","1","3/6/2014 12:00:00 AM"
"67715","1","3/6/2014 12:00:00 AM"
"67716","1","3/6/2014 12:00:00 AM"
"67717","1","3/6/2014 12:00:00 AM"
"67718","1","3/6/2014 12:00:00 AM"
"67719","6","3/6/2014 12:00:00 AM"
"67720","1","3/6/2014 12:00:00 AM"
"67721","1","3/6/2014 12:00:00 AM"
"67722","1","3/6/2014 12:00:00 AM"
"67723","1","3/6/2014 12:00:00 AM"
"67723","10","3/6/2014 12:00:00 AM"
"67724","1","3/6/2014 12:00:00 AM"
"67725","1","3/6/2014 12:00:00 AM"
"67725","10","3/6/2014 12:00:00 AM"
"67726","1","3/6/2014 12:00:00 AM"
"67727","1","3/6/2014 12:00:00 AM"
"67728","4","3/6/2014 12:00:00 AM"
"67729","1","3/6/2014 12:00:00 AM"
"67729","10","3/6/2014 12:00:00 AM"
"67730","1","3/6/2014 12:00:00 AM"
"67730","10","3/6/2014 12:00:00 AM"
"67731","1","3/6/2014 12:00:00 AM"
"67732","6","3/6/2014 12:00:00 AM"
"67733","2","3/6/2014 12:00:00 AM"
"67734","1","3/6/2014 12:00:00 AM"
"67735","1","3/6/2014 12:00:00 AM"
"67735","2","3/6/2014 12:00:00 AM"
"67737","1","3/6/2014 12:00:00 AM"
"67738","1","3/6/2014 12:00:00 AM"
"67738","2","3/6/2014 12:00:00 AM"
"67739","1","3/6/2014 12:00:00 AM"
"67740","1","3/6/2014 12:00:00 AM"
"67741","1","3/6/2014 12:00:00 AM"
"67741","2","3/6/2014 12:00:00 AM"
"67742","1","3/6/2014 12:00:00 AM"
"67746","1","3/6/2014 12:00:00 AM"
"67746","2","3/6/2014 12:00:00 AM"
"67747","1","3/6/2014 12:00:00 AM"
"67748","1","3/6/2014 12:00:00 AM"
"67749","5","3/6/2014 12:00:00 AM"
"67750","1","3/6/2014 12:00:00 AM"
"67750","2","3/6/2014 12:00:00 AM"
"67751","1","3/6/2014 12:00:00 AM"
"67751","2","3/6/2014 12:00:00 AM"
"67754","1","3/6/2014 12:00:00 AM"
"67754","10","3/6/2014 12:00:00 AM"
"67755","1","3/6/2014 12:00:00 AM"
"67756","1","3/6/2014 12:00:00 AM"
"67759","1","3/6/2014 12:00:00 AM"
"67760","1","3/6/2014 12:00:00 AM"
"67765","1","3/7/2014 12:00:00 AM"
"67766","1","3/7/2014 12:00:00 AM"
"67767","1","3/7/2014 12:00:00 AM"
"67768","4","3/7/2014 12:00:00 AM"
"67769","1","3/7/2014 12:00:00 AM"
"67770","1","3/7/2014 12:00:00 AM"
"67771","6","3/7/2014 12:00:00 AM"
"67772","1","3/7/2014 12:00:00 AM"
"67773","1","3/7/2014 12:00:00 AM"
"67774","1","3/7/2014 12:00:00 AM"
"67774","2","3/7/2014 12:00:00 AM"
"67775","1","3/7/2014 12:00:00 AM"
"67776","1","3/7/2014 12:00:00 AM"
"67776","2","3/7/2014 12:00:00 AM"
"67779","1","3/7/2014 12:00:00 AM"
"67780","2","3/7/2014 12:00:00 AM"
"67781","6","3/7/2014 12:00:00 AM"
"67782","1","3/7/2014 12:00:00 AM"
"67783","1","3/7/2014 12:00:00 AM"
"67784","1","3/7/2014 12:00:00 AM"
"67785","1","3/7/2014 12:00:00 AM"
"67786","1","3/7/2014 12:00:00 AM"
"67787","1","3/7/2014 12:00:00 AM"
"67788","1","3/7/2014 12:00:00 AM"
"67789","1","3/7/2014 12:00:00 AM"
"67790","1","3/7/2014 12:00:00 AM"
"67791","1","3/7/2014 12:00:00 AM"
"67791","10","3/7/2014 12:00:00 AM"
"67792","1","3/7/2014 12:00:00 AM"
"67793","1","3/7/2014 12:00:00 AM"
"67794","1","3/7/2014 12:00:00 AM"
"67795","1","3/7/2014 12:00:00 AM"
"67796","1","3/7/2014 12:00:00 AM"
"67797","1","3/7/2014 12:00:00 AM"
"67798","1","3/7/2014 12:00:00 AM"
"67799","1","3/7/2014 12:00:00 AM"
"67800","1","3/7/2014 12:00:00 AM"
"67801","1","3/7/2014 12:00:00 AM"
"67802","1","3/7/2014 12:00:00 AM"
"67803","1","3/7/2014 12:00:00 AM"
"67803","10","3/7/2014 12:00:00 AM"
"67804","1","3/7/2014 12:00:00 AM"
"67805","1","3/7/2014 12:00:00 AM"
"67806","1","3/7/2014 12:00:00 AM"
"67807","1","3/7/2014 12:00:00 AM"
"67807","10","3/7/2014 12:00:00 AM"
"67808","1","3/7/2014 12:00:00 AM"
"67809","1","3/7/2014 12:00:00 AM"
"67810","1","3/7/2014 12:00:00 AM"
"67811","1","3/7/2014 12:00:00 AM"
"67812","1","3/7/2014 12:00:00 AM"
"67813","1","3/7/2014 12:00:00 AM"
"67814","4","3/7/2014 12:00:00 AM"
"67815","1","3/7/2014 12:00:00 AM"
"67816","1","3/7/2014 12:00:00 AM"
"67817","2","3/7/2014 12:00:00 AM"
"67818","1","3/7/2014 12:00:00 AM"
"67819","1","3/7/2014 12:00:00 AM"
"67820","1","3/7/2014 12:00:00 AM"
"67820","2","3/7/2014 12:00:00 AM"
"67823","1","3/7/2014 12:00:00 AM"
"67825","1","3/7/2014 12:00:00 AM"
"67826","1","3/7/2014 12:00:00 AM"
"67828","2","3/7/2014 12:00:00 AM"
"67829","2","3/7/2014 12:00:00 AM"
"67830","1","3/7/2014 12:00:00 AM"
"67830","10","3/7/2014 12:00:00 AM"
"67831","1","3/7/2014 12:00:00 AM"
"67833","1","3/7/2014 12:00:00 AM"
"67834","2","3/7/2014 12:00:00 AM"
"67835","1","3/7/2014 12:00:00 AM"
"67837","2","3/7/2014 12:00:00 AM"
"67838","1","3/7/2014 12:00:00 AM"
"67839","1","3/8/2014 12:00:00 AM"
"67839","10","3/8/2014 12:00:00 AM"
"67840","1","3/8/2014 12:00:00 AM"
"67841","1","3/8/2014 12:00:00 AM"
"67841","10","3/8/2014 12:00:00 AM"
"67842","1","3/8/2014 12:00:00 AM"
"67843","1","3/8/2014 12:00:00 AM"
"67844","1","3/8/2014 12:00:00 AM"
"67845","1","3/8/2014 12:00:00 AM"
"67846","1","3/8/2014 12:00:00 AM"
"67847","4","3/8/2014 12:00:00 AM"
"67848","1","3/8/2014 12:00:00 AM"
"67848","2","3/8/2014 12:00:00 AM"
"67849","1","3/8/2014 12:00:00 AM"
"67850","1","3/8/2014 12:00:00 AM"
"67851","2","3/8/2014 12:00:00 AM"
"67852","1","3/8/2014 12:00:00 AM"
"67853","1","3/8/2014 12:00:00 AM"
"67854","1","3/8/2014 12:00:00 AM"
"67855","1","3/8/2014 12:00:00 AM"
"67856","1","3/8/2014 12:00:00 AM"
"67857","1","3/8/2014 12:00:00 AM"
"67858","1","3/8/2014 12:00:00 AM"
"67859","1","3/8/2014 12:00:00 AM"
"67860","1","3/8/2014 12:00:00 AM"
"67861","1","3/8/2014 12:00:00 AM"
"67862","1","3/8/2014 12:00:00 AM"
"67862","10","3/8/2014 12:00:00 AM"
"67863","1","3/8/2014 12:00:00 AM"
"67864","1","3/8/2014 12:00:00 AM"
"67865","1","3/8/2014 12:00:00 AM"
"67866","6","3/8/2014 12:00:00 AM"
"67867","1","3/8/2014 12:00:00 AM"
"67868","1","3/8/2014 12:00:00 AM"
"67869","1","3/8/2014 12:00:00 AM"
"67870","1","3/8/2014 12:00:00 AM"
"67871","1","3/8/2014 12:00:00 AM"
"67872","1","3/8/2014 12:00:00 AM"
"67872","10","3/8/2014 12:00:00 AM"
"67873","1","3/8/2014 12:00:00 AM"
"67874","1","3/8/2014 12:00:00 AM"
"67875","1","3/8/2014 12:00:00 AM"
"67876","1","3/8/2014 12:00:00 AM"
"67877","1","3/8/2014 12:00:00 AM"
"67878","1","3/8/2014 12:00:00 AM"
"67879","1","3/8/2014 12:00:00 AM"
"67879","10","3/8/2014 12:00:00 AM"
"67880","1","3/8/2014 12:00:00 AM"
"67880","10","3/8/2014 12:00:00 AM"
"67881","1","3/8/2014 12:00:00 AM"
"67882","1","3/8/2014 12:00:00 AM"
"67882","10","3/8/2014 12:00:00 AM"
"67883","1","3/8/2014 12:00:00 AM"
"67884","1","3/8/2014 12:00:00 AM"
"67885","1","3/8/2014 12:00:00 AM"
"67886","1","3/8/2014 12:00:00 AM"
"67886","10","3/8/2014 12:00:00 AM"
"67887","1","3/8/2014 12:00:00 AM"
"67888","6","3/8/2014 12:00:00 AM"
"67889","2","3/8/2014 12:00:00 AM"
"67890","1","3/8/2014 12:00:00 AM"
"67890","2","3/8/2014 12:00:00 AM"
"67891","1","3/8/2014 12:00:00 AM"
"67891","2","3/8/2014 12:00:00 AM"
"67891","10","3/8/2014 12:00:00 AM"
"67892","1","3/8/2014 12:00:00 AM"
"67893","1","3/8/2014 12:00:00 AM"
"67894","1","3/8/2014 12:00:00 AM"
"67894","2","3/8/2014 12:00:00 AM"
"67896","1","3/8/2014 12:00:00 AM"
"67897","1","3/8/2014 12:00:00 AM"
"67897","2","3/8/2014 12:00:00 AM"
"67897","10","3/8/2014 12:00:00 AM"
"67898","1","3/8/2014 12:00:00 AM"
"67898","2","3/8/2014 12:00:00 AM"
"67899","6","3/8/2014 12:00:00 AM"
"67900","6","3/8/2014 12:00:00 AM"
"67901","1","3/8/2014 12:00:00 AM"
"67902","1","3/8/2014 12:00:00 AM"
"67903","1","3/8/2014 12:00:00 AM"
"67904","1","3/9/2014 12:00:00 AM"
"67905","1","3/9/2014 12:00:00 AM"
"67906","1","3/9/2014 12:00:00 AM"
"67906","10","3/9/2014 12:00:00 AM"
"67907","1","3/9/2014 12:00:00 AM"
"67907","10","3/9/2014 12:00:00 AM"
"67910","1","3/9/2014 12:00:00 AM"
"67911","1","3/9/2014 12:00:00 AM"
"67912","1","3/9/2014 12:00:00 AM"
"67913","1","3/9/2014 12:00:00 AM"
"67913","10","3/9/2014 12:00:00 AM"
"67914","1","3/9/2014 12:00:00 AM"
"67915","1","3/9/2014 12:00:00 AM"
"67916","1","3/9/2014 12:00:00 AM"
"67917","1","3/9/2014 12:00:00 AM"
"67918","1","3/9/2014 12:00:00 AM"
"67919","1","3/9/2014 12:00:00 AM"
"67920","1","3/9/2014 12:00:00 AM"
"67921","1","3/9/2014 12:00:00 AM"
"67922","1","3/9/2014 12:00:00 AM"
"67923","1","3/9/2014 12:00:00 AM"
"67924","1","3/9/2014 12:00:00 AM"
"67925","1","3/9/2014 12:00:00 AM"
"67926","1","3/9/2014 12:00:00 AM"
"67927","1","3/9/2014 12:00:00 AM"
"67928","1","3/9/2014 12:00:00 AM"
"67929","4","3/9/2014 12:00:00 AM"
"67930","1","3/9/2014 12:00:00 AM"
"67931","1","3/9/2014 12:00:00 AM"
"67932","1","3/9/2014 12:00:00 AM"
"67933","1","3/9/2014 12:00:00 AM"
"67934","1","3/9/2014 12:00:00 AM"
"67935","1","3/9/2014 12:00:00 AM"
"67936","1","3/9/2014 12:00:00 AM"
"67937","1","3/9/2014 12:00:00 AM"
"67938","4","3/9/2014 12:00:00 AM"
"67939","1","3/9/2014 12:00:00 AM"
"67939","2","3/9/2014 12:00:00 AM"
"67940","1","3/9/2014 12:00:00 AM"
"67942","2","3/9/2014 12:00:00 AM"
"67944","1","3/9/2014 12:00:00 AM"
"67945","1","3/9/2014 12:00:00 AM"
"67946","1","3/9/2014 12:00:00 AM"
"67946","2","3/9/2014 12:00:00 AM"
"67947","1","3/9/2014 12:00:00 AM"
"67947","2","3/9/2014 12:00:00 AM"
"67949","1","3/9/2014 12:00:00 AM"
"67950","1","3/9/2014 12:00:00 AM"
"67952","1","3/9/2014 12:00:00 AM"
"67953","1","3/9/2014 12:00:00 AM"
"67954","1","3/9/2014 12:00:00 AM"
"67955","6","3/9/2014 12:00:00 AM"
"67956","1","3/9/2014 12:00:00 AM"
"67958","1","3/9/2014 12:00:00 AM"
"67958","2","3/9/2014 12:00:00 AM"
"67959","1","3/9/2014 12:00:00 AM"
"67960","1","3/9/2014 12:00:00 AM"
"67961","2","3/9/2014 12:00:00 AM"
"67962","6","3/9/2014 12:00:00 AM"
"67963","6","3/9/2014 12:00:00 AM"
"67964","1","3/9/2014 12:00:00 AM"
"67965","1","3/10/2014 12:00:00 AM"
"67966","1","3/10/2014 12:00:00 AM"
"67966","10","3/10/2014 12:00:00 AM"
"67967","1","3/10/2014 12:00:00 AM"
"67968","1","3/10/2014 12:00:00 AM"
"67969","1","3/10/2014 12:00:00 AM"
"67970","1","3/10/2014 12:00:00 AM"
"67971","1","3/10/2014 12:00:00 AM"
"67972","4","3/10/2014 12:00:00 AM"
"67973","1","3/10/2014 12:00:00 AM"
"67974","1","3/10/2014 12:00:00 AM"
"67975","1","3/10/2014 12:00:00 AM"
"67976","1","3/10/2014 12:00:00 AM"
"67977","1","3/10/2014 12:00:00 AM"
"67978","1","3/10/2014 12:00:00 AM"
"67979","1","3/10/2014 12:00:00 AM"
"67980","1","3/10/2014 12:00:00 AM"
"67981","1","3/10/2014 12:00:00 AM"
"67982","1","3/10/2014 12:00:00 AM"
"67983","1","3/10/2014 12:00:00 AM"
"67984","1","3/10/2014 12:00:00 AM"
"67985","1","3/10/2014 12:00:00 AM"
"67986","1","3/10/2014 12:00:00 AM"
"67987","1","3/10/2014 12:00:00 AM"
"67988","1","3/10/2014 12:00:00 AM"
"67988","10","3/10/2014 12:00:00 AM"
"67989","1","3/10/2014 12:00:00 AM"
"67990","6","3/10/2014 12:00:00 AM"
"67991","1","3/10/2014 12:00:00 AM"
"67992","1","3/10/2014 12:00:00 AM"
"67993","1","3/10/2014 12:00:00 AM"
"67994","1","3/10/2014 12:00:00 AM"
"67995","1","3/10/2014 12:00:00 AM"
"67996","1","3/10/2014 12:00:00 AM"
"67997","1","3/10/2014 12:00:00 AM"
"67998","1","3/10/2014 12:00:00 AM"
"67999","1","3/10/2014 12:00:00 AM"
"68000","1","3/10/2014 12:00:00 AM"
"68001","1","3/10/2014 12:00:00 AM"
"68002","1","3/10/2014 12:00:00 AM"
"68003","1","3/10/2014 12:00:00 AM"
"68004","1","3/10/2014 12:00:00 AM"
"68004","10","3/10/2014 12:00:00 AM"
"68005","1","3/10/2014 12:00:00 AM"
"68007","1","3/10/2014 12:00:00 AM"
"68008","1","3/10/2014 12:00:00 AM"
"68009","1","3/10/2014 12:00:00 AM"
"68009","2","3/10/2014 12:00:00 AM"
"68010","2","3/10/2014 12:00:00 AM"
"68011","2","3/10/2014 12:00:00 AM"
"68012","1","3/10/2014 12:00:00 AM"
"68013","1","3/10/2014 12:00:00 AM"
"68013","2","3/10/2014 12:00:00 AM"
"68013","10","3/10/2014 12:00:00 AM"
"68014","1","3/10/2014 12:00:00 AM"
"68016","1","3/10/2014 12:00:00 AM"
"68016","2","3/10/2014 12:00:00 AM"
"68018","1","3/10/2014 12:00:00 AM"
"68019","1","3/10/2014 12:00:00 AM"
"68019","2","3/10/2014 12:00:00 AM"
"68020","1","3/10/2014 12:00:00 AM"
"68023","1","3/10/2014 12:00:00 AM"
"68023","2","3/10/2014 12:00:00 AM"
"68024","1","3/10/2014 12:00:00 AM"
"68026","1","3/10/2014 12:00:00 AM"
"68028","1","3/10/2014 12:00:00 AM"
"68030","1","3/11/2014 12:00:00 AM"
"68031","1","3/11/2014 12:00:00 AM"
"68032","4","3/11/2014 12:00:00 AM"
"68033","1","3/11/2014 12:00:00 AM"
"68034","1","3/11/2014 12:00:00 AM"
"68035","1","3/11/2014 12:00:00 AM"
"68036","1","3/11/2014 12:00:00 AM"
"68037","1","3/11/2014 12:00:00 AM"
"68038","1","3/11/2014 12:00:00 AM"
"68039","1","3/11/2014 12:00:00 AM"
"68039","10","3/11/2014 12:00:00 AM"
"68040","1","3/11/2014 12:00:00 AM"
"68041","1","3/11/2014 12:00:00 AM"
"68042","1","3/11/2014 12:00:00 AM"
"68043","1","3/11/2014 12:00:00 AM"
"68044","1","3/11/2014 12:00:00 AM"
"68045","1","3/11/2014 12:00:00 AM"
"68046","1","3/11/2014 12:00:00 AM"
"68047","1","3/11/2014 12:00:00 AM"
"68048","1","3/11/2014 12:00:00 AM"
"68049","1","3/11/2014 12:00:00 AM"
"68049","10","3/11/2014 12:00:00 AM"
"68050","1","3/11/2014 12:00:00 AM"
"68051","1","3/11/2014 12:00:00 AM"
"68052","1","3/11/2014 12:00:00 AM"
"68053","1","3/11/2014 12:00:00 AM"
"68054","4","3/11/2014 12:00:00 AM"
"68055","1","3/11/2014 12:00:00 AM"
"68056","1","3/11/2014 12:00:00 AM"
"68057","1","3/11/2014 12:00:00 AM"
"68058","1","3/11/2014 12:00:00 AM"
"68059","1","3/11/2014 12:00:00 AM"
"68059","10","3/11/2014 12:00:00 AM"
"68060","1","3/11/2014 12:00:00 AM"
"68061","6","3/11/2014 12:00:00 AM"
"68063","1","3/11/2014 12:00:00 AM"
"68064","1","3/11/2014 12:00:00 AM"
"68065","2","3/11/2014 12:00:00 AM"
"68066","1","3/11/2014 12:00:00 AM"
"68067","1","3/11/2014 12:00:00 AM"
"68069","1","3/11/2014 12:00:00 AM"
"68070","2","3/11/2014 12:00:00 AM"
"68072","2","3/11/2014 12:00:00 AM"
"68073","1","3/11/2014 12:00:00 AM"
"68075","1","3/11/2014 12:00:00 AM"
"68075","2","3/11/2014 12:00:00 AM"
"68075","10","3/11/2014 12:00:00 AM"
"68078","1","3/11/2014 12:00:00 AM"
"68079","6","3/11/2014 12:00:00 AM"
"68080","2","3/11/2014 12:00:00 AM"
"68081","1","3/11/2014 12:00:00 AM"
"68082","1","3/11/2014 12:00:00 AM"
"68083","1","3/11/2014 12:00:00 AM"
"68083","10","3/11/2014 12:00:00 AM"
"68084","5","3/11/2014 12:00:00 AM"
"68085","1","3/11/2014 12:00:00 AM"
"68086","5","3/11/2014 12:00:00 AM"
"68087","5","3/11/2014 12:00:00 AM"
"68088","1","3/11/2014 12:00:00 AM"
"68088","2","3/11/2014 12:00:00 AM"
"68089","1","3/12/2014 12:00:00 AM"
"68090","1","3/12/2014 12:00:00 AM"
"68091","4","3/12/2014 12:00:00 AM"
"68092","1","3/12/2014 12:00:00 AM"
"68093","1","3/12/2014 12:00:00 AM"
"68094","1","3/12/2014 12:00:00 AM"
"68095","4","3/12/2014 12:00:00 AM"
"68096","1","3/12/2014 12:00:00 AM"
"68097","1","3/12/2014 12:00:00 AM"
"68097","2","3/12/2014 12:00:00 AM"
"68098","1","3/12/2014 12:00:00 AM"
"68099","2","3/12/2014 12:00:00 AM"
"68101","1","3/12/2014 12:00:00 AM"
"68101","2","3/12/2014 12:00:00 AM"
"68102","1","3/12/2014 12:00:00 AM"
"68103","1","3/12/2014 12:00:00 AM"
"68104","1","3/12/2014 12:00:00 AM"
"68105","1","3/12/2014 12:00:00 AM"
"68106","1","3/12/2014 12:00:00 AM"
"68107","1","3/12/2014 12:00:00 AM"
"68107","10","3/12/2014 12:00:00 AM"
"68108","1","3/12/2014 12:00:00 AM"
"68109","1","3/12/2014 12:00:00 AM"
"68110","1","3/12/2014 12:00:00 AM"
"68110","10","3/12/2014 12:00:00 AM"
"68111","1","3/12/2014 12:00:00 AM"
"68111","10","3/12/2014 12:00:00 AM"
"68112","4","3/12/2014 12:00:00 AM"
"68113","1","3/12/2014 12:00:00 AM"
"68114","6","3/12/2014 12:00:00 AM"
"68115","1","3/12/2014 12:00:00 AM"
"68117","1","3/12/2014 12:00:00 AM"
"68118","1","3/12/2014 12:00:00 AM"
"68119","1","3/12/2014 12:00:00 AM"
"68120","1","3/12/2014 12:00:00 AM"
"68121","1","3/12/2014 12:00:00 AM"
"68122","1","3/12/2014 12:00:00 AM"
"68123","1","3/12/2014 12:00:00 AM"
"68124","1","3/12/2014 12:00:00 AM"
"68125","1","3/12/2014 12:00:00 AM"
"68126","1","3/12/2014 12:00:00 AM"
"68127","1","3/12/2014 12:00:00 AM"
"68128","1","3/12/2014 12:00:00 AM"
"68128","10","3/12/2014 12:00:00 AM"
"68129","1","3/12/2014 12:00:00 AM"
"68130","2","3/12/2014 12:00:00 AM"
"68131","1","3/12/2014 12:00:00 AM"
"68132","1","3/12/2014 12:00:00 AM"
"68133","1","3/12/2014 12:00:00 AM"
"68134","1","3/12/2014 12:00:00 AM"
"68134","2","3/12/2014 12:00:00 AM"
"68135","1","3/12/2014 12:00:00 AM"
"68136","1","3/12/2014 12:00:00 AM"
"68137","1","3/12/2014 12:00:00 AM"
"68138","1","3/12/2014 12:00:00 AM"
"68139","5","3/12/2014 12:00:00 AM"
"68140","1","3/12/2014 12:00:00 AM"
"68140","2","3/12/2014 12:00:00 AM"
"68143","1","3/12/2014 12:00:00 AM"
"68144","1","3/12/2014 12:00:00 AM"
"68145","6","3/12/2014 12:00:00 AM"
"68146","1","3/12/2014 12:00:00 AM"
"68147","1","3/12/2014 12:00:00 AM"
"68147","2","3/12/2014 12:00:00 AM"
"68149","1","3/12/2014 12:00:00 AM"
"68150","6","3/12/2014 12:00:00 AM"
"68151","1","3/13/2014 12:00:00 AM"
"68152","1","3/13/2014 12:00:00 AM"
"68153","1","3/13/2014 12:00:00 AM"
"68154","1","3/13/2014 12:00:00 AM"
"68155","1","3/13/2014 12:00:00 AM"
"68156","1","3/13/2014 12:00:00 AM"
"68157","1","3/13/2014 12:00:00 AM"
"68158","1","3/13/2014 12:00:00 AM"
"68159","1","3/13/2014 12:00:00 AM"
"68161","1","3/13/2014 12:00:00 AM"
"68162","1","3/13/2014 12:00:00 AM"
"68163","1","3/13/2014 12:00:00 AM"
"68164","1","3/13/2014 12:00:00 AM"
"68165","1","3/13/2014 12:00:00 AM"
"68166","1","3/13/2014 12:00:00 AM"
"68167","1","3/13/2014 12:00:00 AM"
"68168","1","3/13/2014 12:00:00 AM"
"68168","10","3/13/2014 12:00:00 AM"
"68169","1","3/13/2014 12:00:00 AM"
"68170","4","3/13/2014 12:00:00 AM"
"68170","10","3/13/2014 12:00:00 AM"
"68171","1","3/13/2014 12:00:00 AM"
"68171","10","3/13/2014 12:00:00 AM"
"68172","1","3/13/2014 12:00:00 AM"
"68173","1","3/13/2014 12:00:00 AM"
"68174","1","3/13/2014 12:00:00 AM"
"68175","1","3/13/2014 12:00:00 AM"
"68176","1","3/13/2014 12:00:00 AM"
"68177","1","3/13/2014 12:00:00 AM"
"68178","6","3/13/2014 12:00:00 AM"
"68179","6","3/13/2014 12:00:00 AM"
"68180","1","3/13/2014 12:00:00 AM"
"68181","1","3/13/2014 12:00:00 AM"
"68182","1","3/13/2014 12:00:00 AM"
"68183","1","3/13/2014 12:00:00 AM"
"68183","10","3/13/2014 12:00:00 AM"
"68184","1","3/13/2014 12:00:00 AM"
"68185","1","3/13/2014 12:00:00 AM"
"68186","1","3/13/2014 12:00:00 AM"
"68187","1","3/13/2014 12:00:00 AM"
"68188","1","3/13/2014 12:00:00 AM"
"68188","2","3/13/2014 12:00:00 AM"
"68191","2","3/13/2014 12:00:00 AM"
"68193","1","3/13/2014 12:00:00 AM"
"68194","1","3/13/2014 12:00:00 AM"
"68197","1","3/13/2014 12:00:00 AM"
"68197","2","3/13/2014 12:00:00 AM"
"68198","1","3/13/2014 12:00:00 AM"
"68199","1","3/14/2014 12:00:00 AM"
"68200","1","3/14/2014 12:00:00 AM"
"68200","10","3/14/2014 12:00:00 AM"
"68201","1","3/14/2014 12:00:00 AM"
"68202","1","3/14/2014 12:00:00 AM"
"68203","1","3/14/2014 12:00:00 AM"
"68205","1","3/14/2014 12:00:00 AM"
"68206","1","3/14/2014 12:00:00 AM"
"68207","1","3/14/2014 12:00:00 AM"
"68208","1","3/14/2014 12:00:00 AM"
"68209","1","3/14/2014 12:00:00 AM"
"68210","1","3/14/2014 12:00:00 AM"
"68211","1","3/14/2014 12:00:00 AM"
"68212","1","3/14/2014 12:00:00 AM"
"68213","1","3/14/2014 12:00:00 AM"
"68214","1","3/14/2014 12:00:00 AM"
"68215","1","3/14/2014 12:00:00 AM"
"68216","1","3/14/2014 12:00:00 AM"
"68217","1","3/14/2014 12:00:00 AM"
"68218","1","3/14/2014 12:00:00 AM"
"68219","1","3/14/2014 12:00:00 AM"
"68220","1","3/14/2014 12:00:00 AM"
"68221","1","3/14/2014 12:00:00 AM"
"68222","1","3/14/2014 12:00:00 AM"
"68223","1","3/14/2014 12:00:00 AM"
"68224","1","3/14/2014 12:00:00 AM"
"68225","1","3/14/2014 12:00:00 AM"
"68226","1","3/14/2014 12:00:00 AM"
"68227","1","3/14/2014 12:00:00 AM"
"68228","1","3/14/2014 12:00:00 AM"
"68229","1","3/14/2014 12:00:00 AM"
"68230","1","3/14/2014 12:00:00 AM"
"68231","1","3/14/2014 12:00:00 AM"
"68232","1","3/14/2014 12:00:00 AM"
"68233","1","3/14/2014 12:00:00 AM"
"68234","1","3/14/2014 12:00:00 AM"
"68235","1","3/14/2014 12:00:00 AM"
"68236","1","3/14/2014 12:00:00 AM"
"68237","1","3/14/2014 12:00:00 AM"
"68238","1","3/14/2014 12:00:00 AM"
"68238","10","3/14/2014 12:00:00 AM"
"68239","1","3/14/2014 12:00:00 AM"
"68241","1","3/14/2014 12:00:00 AM"
"68242","2","3/14/2014 12:00:00 AM"
"68243","1","3/14/2014 12:00:00 AM"
"68244","2","3/14/2014 12:00:00 AM"
"68245","6","3/14/2014 12:00:00 AM"
"68246","1","3/14/2014 12:00:00 AM"
"68247","1","3/14/2014 12:00:00 AM"
"68248","1","3/14/2014 12:00:00 AM"
"68248","2","3/14/2014 12:00:00 AM"
"68249","1","3/14/2014 12:00:00 AM"
"68251","1","3/14/2014 12:00:00 AM"
"68252","1","3/14/2014 12:00:00 AM"
"68253","2","3/14/2014 12:00:00 AM"
"68256","1","3/14/2014 12:00:00 AM"
"68256","2","3/14/2014 12:00:00 AM"
"68257","1","3/14/2014 12:00:00 AM"
"68257","10","3/14/2014 12:00:00 AM"
"68258","1","3/14/2014 12:00:00 AM"
"68260","1","3/14/2014 12:00:00 AM"
"68261","1","3/14/2014 12:00:00 AM"
"68262","1","3/14/2014 12:00:00 AM"
"68264","1","3/14/2014 12:00:00 AM"
"68264","10","3/14/2014 12:00:00 AM"
"68265","1","3/14/2014 12:00:00 AM"
"68266","1","3/15/2014 12:00:00 AM"
"68268","4","3/15/2014 12:00:00 AM"
"68269","1","3/15/2014 12:00:00 AM"
"68270","1","3/15/2014 12:00:00 AM"
"68271","1","3/15/2014 12:00:00 AM"
"68272","1","3/15/2014 12:00:00 AM"
"68273","1","3/15/2014 12:00:00 AM"
"68274","1","3/15/2014 12:00:00 AM"
"68275","1","3/15/2014 12:00:00 AM"
"68277","1","3/15/2014 12:00:00 AM"
"68278","1","3/15/2014 12:00:00 AM"
"68278","2","3/15/2014 12:00:00 AM"
"68279","1","3/15/2014 12:00:00 AM"
"68280","1","3/15/2014 12:00:00 AM"
"68280","2","3/15/2014 12:00:00 AM"
"68281","1","3/15/2014 12:00:00 AM"
"68282","1","3/15/2014 12:00:00 AM"
"68283","1","3/15/2014 12:00:00 AM"
"68284","1","3/15/2014 12:00:00 AM"
"68285","4","3/15/2014 12:00:00 AM"
"68286","1","3/15/2014 12:00:00 AM"
"68287","1","3/15/2014 12:00:00 AM"
"68288","1","3/15/2014 12:00:00 AM"
"68289","1","3/15/2014 12:00:00 AM"
"68289","10","3/15/2014 12:00:00 AM"
"68290","1","3/15/2014 12:00:00 AM"
"68291","4","3/15/2014 12:00:00 AM"
"68291","10","3/15/2014 12:00:00 AM"
"68292","1","3/15/2014 12:00:00 AM"
"68292","10","3/15/2014 12:00:00 AM"
"68293","1","3/15/2014 12:00:00 AM"
"68294","1","3/15/2014 12:00:00 AM"
"68295","1","3/15/2014 12:00:00 AM"
"68296","1","3/15/2014 12:00:00 AM"
"68297","1","3/15/2014 12:00:00 AM"
"68298","1","3/15/2014 12:00:00 AM"
"68299","1","3/15/2014 12:00:00 AM"
"68301","1","3/15/2014 12:00:00 AM"
"68302","1","3/15/2014 12:00:00 AM"
"68303","1","3/15/2014 12:00:00 AM"
"68304","1","3/15/2014 12:00:00 AM"
"68305","1","3/15/2014 12:00:00 AM"
"68306","1","3/15/2014 12:00:00 AM"
"68306","10","3/15/2014 12:00:00 AM"
"68307","1","3/15/2014 12:00:00 AM"
"68308","1","3/15/2014 12:00:00 AM"
"68309","1","3/15/2014 12:00:00 AM"
"68310","1","3/15/2014 12:00:00 AM"
"68311","1","3/15/2014 12:00:00 AM"
"68312","1","3/15/2014 12:00:00 AM"
"68313","1","3/15/2014 12:00:00 AM"
"68314","1","3/15/2014 12:00:00 AM"
"68315","1","3/15/2014 12:00:00 AM"
"68315","10","3/15/2014 12:00:00 AM"
"68316","1","3/15/2014 12:00:00 AM"
"68317","1","3/15/2014 12:00:00 AM"
"68318","1","3/15/2014 12:00:00 AM"
"68319","4","3/15/2014 12:00:00 AM"
"68320","1","3/15/2014 12:00:00 AM"
"68321","1","3/15/2014 12:00:00 AM"
"68322","1","3/15/2014 12:00:00 AM"
"68324","1","3/15/2014 12:00:00 AM"
"68325","1","3/15/2014 12:00:00 AM"
"68325","2","3/15/2014 12:00:00 AM"
"68326","1","3/15/2014 12:00:00 AM"
"68327","1","3/15/2014 12:00:00 AM"
"68327","2","3/15/2014 12:00:00 AM"
"68329","2","3/15/2014 12:00:00 AM"
"68330","1","3/15/2014 12:00:00 AM"
"68330","2","3/15/2014 12:00:00 AM"
"68331","2","3/15/2014 12:00:00 AM"
"68332","5","3/15/2014 12:00:00 AM"
"68333","1","3/15/2014 12:00:00 AM"
"68337","1","3/15/2014 12:00:00 AM"
"68338","6","3/15/2014 12:00:00 AM"
"68339","1","3/15/2014 12:00:00 AM"
"68339","2","3/15/2014 12:00:00 AM"
"68340","1","3/15/2014 12:00:00 AM"
"68341","1","3/15/2014 12:00:00 AM"
"68341","10","3/15/2014 12:00:00 AM"
"68342","1","3/16/2014 12:00:00 AM"
"68342","10","3/16/2014 12:00:00 AM"
"68343","1","3/16/2014 12:00:00 AM"
"68344","1","3/16/2014 12:00:00 AM"
"68345","4","3/16/2014 12:00:00 AM"
"68346","4","3/16/2014 12:00:00 AM"
"68347","1","3/16/2014 12:00:00 AM"
"68350","2","3/16/2014 12:00:00 AM"
"68351","1","3/16/2014 12:00:00 AM"
"68352","1","3/16/2014 12:00:00 AM"
"68353","1","3/16/2014 12:00:00 AM"
"68354","1","3/16/2014 12:00:00 AM"
"68355","4","3/16/2014 12:00:00 AM"
"68355","10","3/16/2014 12:00:00 AM"
"68356","1","3/16/2014 12:00:00 AM"
"68357","1","3/16/2014 12:00:00 AM"
"68358","1","3/16/2014 12:00:00 AM"
"68359","1","3/16/2014 12:00:00 AM"
"68360","6","3/16/2014 12:00:00 AM"
"68361","1","3/16/2014 12:00:00 AM"
"68362","1","3/16/2014 12:00:00 AM"
"68363","1","3/16/2014 12:00:00 AM"
"68364","1","3/16/2014 12:00:00 AM"
"68365","1","3/16/2014 12:00:00 AM"
"68366","1","3/16/2014 12:00:00 AM"
"68367","1","3/16/2014 12:00:00 AM"
"68368","1","3/16/2014 12:00:00 AM"
"68369","1","3/16/2014 12:00:00 AM"
"68370","1","3/16/2014 12:00:00 AM"
"68371","1","3/16/2014 12:00:00 AM"
"68372","1","3/16/2014 12:00:00 AM"
"68373","1","3/16/2014 12:00:00 AM"
"68374","1","3/16/2014 12:00:00 AM"
"68375","1","3/16/2014 12:00:00 AM"
"68376","1","3/16/2014 12:00:00 AM"
"68379","1","3/16/2014 12:00:00 AM"
"68380","1","3/16/2014 12:00:00 AM"
"68381","1","3/16/2014 12:00:00 AM"
"68382","1","3/16/2014 12:00:00 AM"
"68383","1","3/16/2014 12:00:00 AM"
"68384","1","3/16/2014 12:00:00 AM"
"68387","6","3/16/2014 12:00:00 AM"
"68388","1","3/16/2014 12:00:00 AM"
"68389","1","3/16/2014 12:00:00 AM"
"68390","1","3/16/2014 12:00:00 AM"
"68391","1","3/16/2014 12:00:00 AM"
"68391","2","3/16/2014 12:00:00 AM"
"68392","2","3/16/2014 12:00:00 AM"
"68393","1","3/16/2014 12:00:00 AM"
"68394","1","3/16/2014 12:00:00 AM"
"68394","2","3/16/2014 12:00:00 AM"
"68396","2","3/16/2014 12:00:00 AM"
"68397","1","3/16/2014 12:00:00 AM"
"68398","1","3/16/2014 12:00:00 AM"
"68399","6","3/16/2014 12:00:00 AM"
"68400","1","3/16/2014 12:00:00 AM"
"68400","2","3/16/2014 12:00:00 AM"
"68402","1","3/17/2014 12:00:00 AM"
"68403","1","3/17/2014 12:00:00 AM"
"68404","1","3/17/2014 12:00:00 AM"
"68404","10","3/17/2014 12:00:00 AM"
"68405","1","3/17/2014 12:00:00 AM"
"68406","1","3/17/2014 12:00:00 AM"
"68407","1","3/17/2014 12:00:00 AM"
"68408","1","3/17/2014 12:00:00 AM"
"68409","1","3/17/2014 12:00:00 AM"
"68409","2","3/17/2014 12:00:00 AM"
"68410","1","3/17/2014 12:00:00 AM"
"68410","2","3/17/2014 12:00:00 AM"
"68411","1","3/17/2014 12:00:00 AM"
"68412","6","3/17/2014 12:00:00 AM"
"68413","1","3/17/2014 12:00:00 AM"
"68414","1","3/17/2014 12:00:00 AM"
"68415","1","3/17/2014 12:00:00 AM"
"68416","1","3/17/2014 12:00:00 AM"
"68417","1","3/17/2014 12:00:00 AM"
"68418","1","3/17/2014 12:00:00 AM"
"68419","1","3/17/2014 12:00:00 AM"
"68420","1","3/17/2014 12:00:00 AM"
"68421","1","3/17/2014 12:00:00 AM"
"68422","1","3/17/2014 12:00:00 AM"
"68423","1","3/17/2014 12:00:00 AM"
"68423","10","3/17/2014 12:00:00 AM"
"68424","1","3/17/2014 12:00:00 AM"
"68425","1","3/17/2014 12:00:00 AM"
"68426","1","3/17/2014 12:00:00 AM"
"68427","1","3/17/2014 12:00:00 AM"
"68428","1","3/17/2014 12:00:00 AM"
"68429","1","3/17/2014 12:00:00 AM"
"68430","1","3/17/2014 12:00:00 AM"
"68431","1","3/17/2014 12:00:00 AM"
"68432","1","3/17/2014 12:00:00 AM"
"68432","10","3/17/2014 12:00:00 AM"
"68433","1","3/17/2014 12:00:00 AM"
"68434","1","3/17/2014 12:00:00 AM"
"68435","1","3/17/2014 12:00:00 AM"
"68436","1","3/17/2014 12:00:00 AM"
"68437","1","3/17/2014 12:00:00 AM"
"68438","1","3/17/2014 12:00:00 AM"
"68438","10","3/17/2014 12:00:00 AM"
"68439","1","3/17/2014 12:00:00 AM"
"68440","1","3/17/2014 12:00:00 AM"
"68440","2","3/17/2014 12:00:00 AM"
"68441","1","3/17/2014 12:00:00 AM"
"68442","1","3/17/2014 12:00:00 AM"
"68444","1","3/17/2014 12:00:00 AM"
"68445","1","3/17/2014 12:00:00 AM"
"68447","1","3/17/2014 12:00:00 AM"
"68448","1","3/17/2014 12:00:00 AM"
"68449","1","3/17/2014 12:00:00 AM"
"68449","2","3/17/2014 12:00:00 AM"
"68449","10","3/17/2014 12:00:00 AM"
"68450","1","3/17/2014 12:00:00 AM"
"68453","1","3/17/2014 12:00:00 AM"
"68457","1","3/17/2014 12:00:00 AM"
"68460","1","3/17/2014 12:00:00 AM"
"68461","1","3/17/2014 12:00:00 AM"
"68462","1","3/17/2014 12:00:00 AM"
"68463","1","3/17/2014 12:00:00 AM"
"68463","10","3/17/2014 12:00:00 AM"
"68464","1","3/17/2014 12:00:00 AM"
"68465","1","3/17/2014 12:00:00 AM"
"68466","1","3/17/2014 12:00:00 AM"
"68467","1","3/17/2014 12:00:00 AM"
"68467","2","3/17/2014 12:00:00 AM"
"68468","1","3/17/2014 12:00:00 AM"
"68469","6","3/18/2014 12:00:00 AM"
"68470","6","3/18/2014 12:00:00 AM"
"68471","1","3/18/2014 12:00:00 AM"
"68472","1","3/18/2014 12:00:00 AM"
"68473","1","3/18/2014 12:00:00 AM"
"68473","10","3/18/2014 12:00:00 AM"
"68474","1","3/18/2014 12:00:00 AM"
"68475","1","3/18/2014 12:00:00 AM"
"68476","1","3/18/2014 12:00:00 AM"
"68477","1","3/18/2014 12:00:00 AM"
"68478","1","3/18/2014 12:00:00 AM"
"68478","10","3/18/2014 12:00:00 AM"
"68480","1","3/18/2014 12:00:00 AM"
"68481","1","3/18/2014 12:00:00 AM"
"68482","1","3/18/2014 12:00:00 AM"
"68482","10","3/18/2014 12:00:00 AM"
"68483","1","3/18/2014 12:00:00 AM"
"68484","1","3/18/2014 12:00:00 AM"
"68485","1","3/18/2014 12:00:00 AM"
"68486","1","3/18/2014 12:00:00 AM"
"68487","1","3/18/2014 12:00:00 AM"
"68488","1","3/18/2014 12:00:00 AM"
"68489","1","3/18/2014 12:00:00 AM"
"68490","1","3/18/2014 12:00:00 AM"
"68491","1","3/18/2014 12:00:00 AM"
"68492","1","3/18/2014 12:00:00 AM"
"68493","1","3/18/2014 12:00:00 AM"
"68494","1","3/18/2014 12:00:00 AM"
"68495","1","3/18/2014 12:00:00 AM"
"68496","1","3/18/2014 12:00:00 AM"
"68497","1","3/18/2014 12:00:00 AM"
"68497","10","3/18/2014 12:00:00 AM"
"68498","1","3/18/2014 12:00:00 AM"
"68498","10","3/18/2014 12:00:00 AM"
"68499","1","3/18/2014 12:00:00 AM"
"68500","4","3/18/2014 12:00:00 AM"
"68501","1","3/18/2014 12:00:00 AM"
"68502","1","3/18/2014 12:00:00 AM"
"68503","1","3/18/2014 12:00:00 AM"
"68504","1","3/18/2014 12:00:00 AM"
"68505","1","3/18/2014 12:00:00 AM"
"68506","4","3/18/2014 12:00:00 AM"
"68507","1","3/18/2014 12:00:00 AM"
"68508","1","3/18/2014 12:00:00 AM"
"68509","1","3/18/2014 12:00:00 AM"
"68510","1","3/18/2014 12:00:00 AM"
"68511","1","3/18/2014 12:00:00 AM"
"68511","2","3/18/2014 12:00:00 AM"
"68512","1","3/18/2014 12:00:00 AM"
"68512","2","3/18/2014 12:00:00 AM"
"68513","1","3/18/2014 12:00:00 AM"
"68513","2","3/18/2014 12:00:00 AM"
"68514","1","3/18/2014 12:00:00 AM"
"68515","1","3/18/2014 12:00:00 AM"
"68515","2","3/18/2014 12:00:00 AM"
"68516","1","3/18/2014 12:00:00 AM"
"68517","6","3/18/2014 12:00:00 AM"
"68518","1","3/18/2014 12:00:00 AM"
"68519","1","3/18/2014 12:00:00 AM"
"68519","2","3/18/2014 12:00:00 AM"
"68519","10","3/18/2014 12:00:00 AM"
"68520","1","3/18/2014 12:00:00 AM"
"68521","1","3/18/2014 12:00:00 AM"
"68521","2","3/18/2014 12:00:00 AM"
"68521","10","3/18/2014 12:00:00 AM"
"68522","1","3/18/2014 12:00:00 AM"
"68523","1","3/18/2014 12:00:00 AM"
"68524","1","3/18/2014 12:00:00 AM"
"68524","2","3/18/2014 12:00:00 AM"
"68526","5","3/18/2014 12:00:00 AM"
"68527","1","3/18/2014 12:00:00 AM"
"68527","2","3/18/2014 12:00:00 AM"
"68528","1","3/18/2014 12:00:00 AM"
"68529","1","3/18/2014 12:00:00 AM"
"68529","2","3/18/2014 12:00:00 AM"
"68530","1","3/18/2014 12:00:00 AM"
"68530","2","3/18/2014 12:00:00 AM"
"68532","1","3/18/2014 12:00:00 AM"
"68533","1","3/18/2014 12:00:00 AM"
"68534","1","3/18/2014 12:00:00 AM"
"68535","1","3/18/2014 12:00:00 AM"
"68536","1","3/18/2014 12:00:00 AM"
"68537","1","3/18/2014 12:00:00 AM"
"68538","1","3/18/2014 12:00:00 AM"
"68538","2","3/18/2014 12:00:00 AM"
"68539","5","3/18/2014 12:00:00 AM"
"68540","1","3/19/2014 12:00:00 AM"
"68541","1","3/19/2014 12:00:00 AM"
"68542","6","3/19/2014 12:00:00 AM"
"68543","1","3/19/2014 12:00:00 AM"
"68544","6","3/19/2014 12:00:00 AM"
"68545","1","3/19/2014 12:00:00 AM"
"68546","2","3/19/2014 12:00:00 AM"
"68548","2","3/19/2014 12:00:00 AM"
"68549","1","3/19/2014 12:00:00 AM"
"68550","1","3/19/2014 12:00:00 AM"
"68550","2","3/19/2014 12:00:00 AM"
"68551","1","3/19/2014 12:00:00 AM"
"68552","1","3/19/2014 12:00:00 AM"
"68553","1","3/19/2014 12:00:00 AM"
"68554","1","3/19/2014 12:00:00 AM"
"68554","2","3/19/2014 12:00:00 AM"
"68555","1","3/19/2014 12:00:00 AM"
"68555","10","3/19/2014 12:00:00 AM"
"68556","1","3/19/2014 12:00:00 AM"
"68557","1","3/19/2014 12:00:00 AM"
"68558","1","3/19/2014 12:00:00 AM"
"68559","1","3/19/2014 12:00:00 AM"
"68560","1","3/19/2014 12:00:00 AM"
"68561","1","3/19/2014 12:00:00 AM"
"68562","1","3/19/2014 12:00:00 AM"
"68563","1","3/19/2014 12:00:00 AM"
"68564","1","3/19/2014 12:00:00 AM"
"68564","10","3/19/2014 12:00:00 AM"
"68565","1","3/19/2014 12:00:00 AM"
"68565","10","3/19/2014 12:00:00 AM"
"68566","1","3/19/2014 12:00:00 AM"
"68567","1","3/19/2014 12:00:00 AM"
"68568","1","3/19/2014 12:00:00 AM"
"68569","1","3/19/2014 12:00:00 AM"
"68570","6","3/19/2014 12:00:00 AM"
"68571","6","3/19/2014 12:00:00 AM"
"68572","6","3/19/2014 12:00:00 AM"
"68573","1","3/19/2014 12:00:00 AM"
"68574","1","3/19/2014 12:00:00 AM"
"68575","1","3/19/2014 12:00:00 AM"
"68576","1","3/19/2014 12:00:00 AM"
"68577","1","3/19/2014 12:00:00 AM"
"68578","1","3/19/2014 12:00:00 AM"
"68579","6","3/19/2014 12:00:00 AM"
"68580","1","3/19/2014 12:00:00 AM"
"68581","1","3/19/2014 12:00:00 AM"
"68582","1","3/19/2014 12:00:00 AM"
"68583","1","3/19/2014 12:00:00 AM"
"68584","1","3/19/2014 12:00:00 AM"
"68585","1","3/19/2014 12:00:00 AM"
"68586","1","3/19/2014 12:00:00 AM"
"68587","1","3/19/2014 12:00:00 AM"
"68588","1","3/19/2014 12:00:00 AM"
"68589","1","3/19/2014 12:00:00 AM"
"68590","1","3/19/2014 12:00:00 AM"
"68591","1","3/19/2014 12:00:00 AM"
"68592","1","3/19/2014 12:00:00 AM"
"68593","1","3/19/2014 12:00:00 AM"
"68593","10","3/19/2014 12:00:00 AM"
"68594","1","3/19/2014 12:00:00 AM"
"68594","10","3/19/2014 12:00:00 AM"
"68595","1","3/19/2014 12:00:00 AM"
"68596","1","3/19/2014 12:00:00 AM"
"68597","1","3/19/2014 12:00:00 AM"
"68598","2","3/19/2014 12:00:00 AM"
"68600","1","3/19/2014 12:00:00 AM"
"68600","10","3/19/2014 12:00:00 AM"
"68601","1","3/19/2014 12:00:00 AM"
"68602","2","3/19/2014 12:00:00 AM"
"68604","1","3/19/2014 12:00:00 AM"
"68605","2","3/19/2014 12:00:00 AM"
"68606","6","3/19/2014 12:00:00 AM"
"68607","1","3/19/2014 12:00:00 AM"
"68608","1","3/19/2014 12:00:00 AM"
"68608","10","3/19/2014 12:00:00 AM"
"68609","1","3/19/2014 12:00:00 AM"
"68609","2","3/19/2014 12:00:00 AM"
"68610","1","3/19/2014 12:00:00 AM"
"68611","1","3/19/2014 12:00:00 AM"
"68612","1","3/19/2014 12:00:00 AM"
"68613","1","3/19/2014 12:00:00 AM"
"68615","1","3/19/2014 12:00:00 AM"
"68616","1","3/19/2014 12:00:00 AM"
"68617","1","3/19/2014 12:00:00 AM"
"68619","1","3/19/2014 12:00:00 AM"
"68620","1","3/19/2014 12:00:00 AM"
"68621","1","3/19/2014 12:00:00 AM"
"68622","1","3/19/2014 12:00:00 AM"
"68623","1","3/19/2014 12:00:00 AM"
"68624","1","3/20/2014 12:00:00 AM"
"68624","10","3/20/2014 12:00:00 AM"
"68625","1","3/20/2014 12:00:00 AM"
"68626","1","3/20/2014 12:00:00 AM"
"68627","1","3/20/2014 12:00:00 AM"
"68628","2","3/20/2014 12:00:00 AM"
"68629","1","3/20/2014 12:00:00 AM"
"68629","2","3/20/2014 12:00:00 AM"
"68630","1","3/20/2014 12:00:00 AM"
"68631","1","3/20/2014 12:00:00 AM"
"68631","2","3/20/2014 12:00:00 AM"
"68632","6","3/20/2014 12:00:00 AM"
"68633","6","3/20/2014 12:00:00 AM"
"68634","1","3/20/2014 12:00:00 AM"
"68635","1","3/20/2014 12:00:00 AM"
"68636","1","3/20/2014 12:00:00 AM"
"68637","1","3/20/2014 12:00:00 AM"
"68638","1","3/20/2014 12:00:00 AM"
"68639","1","3/20/2014 12:00:00 AM"
"68639","10","3/20/2014 12:00:00 AM"
"68640","1","3/20/2014 12:00:00 AM"
"68641","1","3/20/2014 12:00:00 AM"
"68642","4","3/20/2014 12:00:00 AM"
"68642","10","3/20/2014 12:00:00 AM"
"68643","4","3/20/2014 12:00:00 AM"
"68644","1","3/20/2014 12:00:00 AM"
"68645","1","3/20/2014 12:00:00 AM"
"68646","1","3/20/2014 12:00:00 AM"
"68647","6","3/20/2014 12:00:00 AM"
"68648","1","3/20/2014 12:00:00 AM"
"68649","1","3/20/2014 12:00:00 AM"
"68650","1","3/20/2014 12:00:00 AM"
"68651","1","3/20/2014 12:00:00 AM"
"68652","1","3/20/2014 12:00:00 AM"
"68653","1","3/20/2014 12:00:00 AM"
"68654","4","3/20/2014 12:00:00 AM"
"68655","1","3/20/2014 12:00:00 AM"
"68656","1","3/20/2014 12:00:00 AM"
"68657","1","3/20/2014 12:00:00 AM"
"68658","1","3/20/2014 12:00:00 AM"
"68660","1","3/20/2014 12:00:00 AM"
"68661","2","3/20/2014 12:00:00 AM"
"68662","1","3/20/2014 12:00:00 AM"
"68663","1","3/20/2014 12:00:00 AM"
"68665","1","3/20/2014 12:00:00 AM"
"68666","1","3/20/2014 12:00:00 AM"
"68668","1","3/20/2014 12:00:00 AM"
"68669","5","3/20/2014 12:00:00 AM"
"68670","1","3/20/2014 12:00:00 AM"
"68671","1","3/20/2014 12:00:00 AM"
"68671","2","3/20/2014 12:00:00 AM"
"68672","1","3/20/2014 12:00:00 AM"
"68674","1","3/20/2014 12:00:00 AM"
"68675","1","3/20/2014 12:00:00 AM"
"68676","1","3/20/2014 12:00:00 AM"
"68677","1","3/20/2014 12:00:00 AM"
"68677","10","3/20/2014 12:00:00 AM"
"68678","1","3/20/2014 12:00:00 AM"
"68678","2","3/20/2014 12:00:00 AM"
"68679","1","3/20/2014 12:00:00 AM"
"68680","1","3/20/2014 12:00:00 AM"
"68681","1","3/20/2014 12:00:00 AM"
"68682","1","3/20/2014 12:00:00 AM"
"68683","1","3/21/2014 12:00:00 AM"
"68684","1","3/21/2014 12:00:00 AM"
"68685","1","3/21/2014 12:00:00 AM"
"68686","1","3/21/2014 12:00:00 AM"
"68687","1","3/21/2014 12:00:00 AM"
"68688","1","3/21/2014 12:00:00 AM"
"68688","2","3/21/2014 12:00:00 AM"
"68689","1","3/21/2014 12:00:00 AM"
"68690","1","3/21/2014 12:00:00 AM"
"68691","1","3/21/2014 12:00:00 AM"
"68692","1","3/21/2014 12:00:00 AM"
"68693","1","3/21/2014 12:00:00 AM"
"68694","1","3/21/2014 12:00:00 AM"
"68695","1","3/21/2014 12:00:00 AM"
"68695","10","3/21/2014 12:00:00 AM"
"68696","1","3/21/2014 12:00:00 AM"
"68697","1","3/21/2014 12:00:00 AM"
"68697","10","3/21/2014 12:00:00 AM"
"68698","4","3/21/2014 12:00:00 AM"
"68698","10","3/21/2014 12:00:00 AM"
"68699","1","3/21/2014 12:00:00 AM"
"68701","1","3/21/2014 12:00:00 AM"
"68702","1","3/21/2014 12:00:00 AM"
"68703","1","3/21/2014 12:00:00 AM"
"68704","1","3/21/2014 12:00:00 AM"
"68705","6","3/21/2014 12:00:00 AM"
"68706","1","3/21/2014 12:00:00 AM"
"68707","1","3/21/2014 12:00:00 AM"
"68708","1","3/21/2014 12:00:00 AM"
"68709","1","3/21/2014 12:00:00 AM"
"68710","1","3/21/2014 12:00:00 AM"
"68711","1","3/21/2014 12:00:00 AM"
"68711","10","3/21/2014 12:00:00 AM"
"68712","1","3/21/2014 12:00:00 AM"
"68713","1","3/21/2014 12:00:00 AM"
"68714","1","3/21/2014 12:00:00 AM"
"68715","1","3/21/2014 12:00:00 AM"
"68716","1","3/21/2014 12:00:00 AM"
"68717","1","3/21/2014 12:00:00 AM"
"68718","2","3/21/2014 12:00:00 AM"
"68719","1","3/21/2014 12:00:00 AM"
"68719","2","3/21/2014 12:00:00 AM"
"68720","1","3/21/2014 12:00:00 AM"
"68721","1","3/21/2014 12:00:00 AM"
"68721","2","3/21/2014 12:00:00 AM"
"68722","1","3/21/2014 12:00:00 AM"
"68724","2","3/21/2014 12:00:00 AM"
"68726","1","3/21/2014 12:00:00 AM"
"68729","1","3/21/2014 12:00:00 AM"
"68730","1","3/21/2014 12:00:00 AM"
"68730","2","3/21/2014 12:00:00 AM"
"68732","1","3/21/2014 12:00:00 AM"
"68735","1","3/21/2014 12:00:00 AM"
"68735","10","3/21/2014 12:00:00 AM"
"68736","1","3/21/2014 12:00:00 AM"
"68737","5","3/21/2014 12:00:00 AM"
"68739","1","3/22/2014 12:00:00 AM"
"68740","1","3/22/2014 12:00:00 AM"
"68741","1","3/22/2014 12:00:00 AM"
"68742","1","3/22/2014 12:00:00 AM"
"68743","1","3/22/2014 12:00:00 AM"
"68744","4","3/22/2014 12:00:00 AM"
"68745","1","3/22/2014 12:00:00 AM"
"68746","6","3/22/2014 12:00:00 AM"
"68747","1","3/22/2014 12:00:00 AM"
"68748","1","3/22/2014 12:00:00 AM"
"68750","1","3/22/2014 12:00:00 AM"
"68750","2","3/22/2014 12:00:00 AM"
"68751","1","3/22/2014 12:00:00 AM"
"68752","1","3/22/2014 12:00:00 AM"
"68753","1","3/22/2014 12:00:00 AM"
"68754","1","3/22/2014 12:00:00 AM"
"68754","10","3/22/2014 12:00:00 AM"
"68755","1","3/22/2014 12:00:00 AM"
"68756","1","3/22/2014 12:00:00 AM"
"68757","1","3/22/2014 12:00:00 AM"
"68758","1","3/22/2014 12:00:00 AM"
"68759","1","3/22/2014 12:00:00 AM"
"68760","1","3/22/2014 12:00:00 AM"
"68761","1","3/22/2014 12:00:00 AM"
"68762","1","3/22/2014 12:00:00 AM"
"68763","1","3/22/2014 12:00:00 AM"
"68764","1","3/22/2014 12:00:00 AM"
"68765","1","3/22/2014 12:00:00 AM"
"68766","1","3/22/2014 12:00:00 AM"
"68766","10","3/22/2014 12:00:00 AM"
"68767","1","3/22/2014 12:00:00 AM"
"68768","1","3/22/2014 12:00:00 AM"
"68769","1","3/22/2014 12:00:00 AM"
"68770","1","3/22/2014 12:00:00 AM"
"68771","1","3/22/2014 12:00:00 AM"
"68772","1","3/22/2014 12:00:00 AM"
"68773","1","3/22/2014 12:00:00 AM"
"68774","1","3/22/2014 12:00:00 AM"
"68775","1","3/22/2014 12:00:00 AM"
"68776","1","3/22/2014 12:00:00 AM"
"68777","1","3/22/2014 12:00:00 AM"
"68778","1","3/22/2014 12:00:00 AM"
"68779","1","3/22/2014 12:00:00 AM"
"68780","1","3/22/2014 12:00:00 AM"
"68781","1","3/22/2014 12:00:00 AM"
"68781","2","3/22/2014 12:00:00 AM"
"68782","1","3/22/2014 12:00:00 AM"
"68782","2","3/22/2014 12:00:00 AM"
"68784","1","3/22/2014 12:00:00 AM"
"68785","1","3/22/2014 12:00:00 AM"
"68786","6","3/22/2014 12:00:00 AM"
"68789","6","3/22/2014 12:00:00 AM"
"68790","1","3/22/2014 12:00:00 AM"
"68791","1","3/22/2014 12:00:00 AM"
"68792","2","3/22/2014 12:00:00 AM"
"68794","1","3/22/2014 12:00:00 AM"
"68795","1","3/22/2014 12:00:00 AM"
"68795","2","3/22/2014 12:00:00 AM"
"68798","1","3/22/2014 12:00:00 AM"
"68799","6","3/22/2014 12:00:00 AM"
"68800","6","3/22/2014 12:00:00 AM"
"68801","6","3/22/2014 12:00:00 AM"
"68802","1","3/22/2014 12:00:00 AM"
"68805","1","3/22/2014 12:00:00 AM"
"68805","2","3/22/2014 12:00:00 AM"
"68806","1","3/22/2014 12:00:00 AM"
"68806","2","3/22/2014 12:00:00 AM"
"68808","1","3/22/2014 12:00:00 AM"
"68810","5","3/22/2014 12:00:00 AM"
"68811","1","3/22/2014 12:00:00 AM"
"68811","2","3/22/2014 12:00:00 AM"
"68812","1","3/23/2014 12:00:00 AM"
"68812","10","3/23/2014 12:00:00 AM"
"68813","1","3/23/2014 12:00:00 AM"
"68813","10","3/23/2014 12:00:00 AM"
"68814","1","3/23/2014 12:00:00 AM"
"68815","1","3/23/2014 12:00:00 AM"
"68816","1","3/23/2014 12:00:00 AM"
"68817","1","3/23/2014 12:00:00 AM"
"68818","1","3/23/2014 12:00:00 AM"
"68819","1","3/23/2014 12:00:00 AM"
"68820","1","3/23/2014 12:00:00 AM"
"68822","2","3/23/2014 12:00:00 AM"
"68823","1","3/23/2014 12:00:00 AM"
"68824","1","3/23/2014 12:00:00 AM"
"68825","1","3/23/2014 12:00:00 AM"
"68825","2","3/23/2014 12:00:00 AM"
"68826","1","3/23/2014 12:00:00 AM"
"68827","4","3/23/2014 12:00:00 AM"
"68828","1","3/23/2014 12:00:00 AM"
"68829","1","3/23/2014 12:00:00 AM"
"68830","1","3/23/2014 12:00:00 AM"
"68831","1","3/23/2014 12:00:00 AM"
"68832","1","3/23/2014 12:00:00 AM"
"68833","1","3/23/2014 12:00:00 AM"
"68834","1","3/23/2014 12:00:00 AM"
"68835","1","3/23/2014 12:00:00 AM"
"68836","1","3/23/2014 12:00:00 AM"
"68837","1","3/23/2014 12:00:00 AM"
"68838","1","3/23/2014 12:00:00 AM"
"68839","1","3/23/2014 12:00:00 AM"
"68840","1","3/23/2014 12:00:00 AM"
"68841","1","3/23/2014 12:00:00 AM"
"68843","1","3/23/2014 12:00:00 AM"
"68844","1","3/23/2014 12:00:00 AM"
"68845","1","3/23/2014 12:00:00 AM"
"68846","1","3/23/2014 12:00:00 AM"
"68847","1","3/23/2014 12:00:00 AM"
"68848","1","3/23/2014 12:00:00 AM"
"68849","1","3/23/2014 12:00:00 AM"
"68850","1","3/23/2014 12:00:00 AM"
"68851","1","3/23/2014 12:00:00 AM"
"68852","1","3/23/2014 12:00:00 AM"
"68853","1","3/23/2014 12:00:00 AM"
"68854","1","3/23/2014 12:00:00 AM"
"68855","1","3/23/2014 12:00:00 AM"
"68856","1","3/23/2014 12:00:00 AM"
"68857","1","3/23/2014 12:00:00 AM"
"68858","1","3/23/2014 12:00:00 AM"
"68859","2","3/23/2014 12:00:00 AM"
"68860","5","3/23/2014 12:00:00 AM"
"68861","2","3/23/2014 12:00:00 AM"
"68862","1","3/23/2014 12:00:00 AM"
"68863","1","3/23/2014 12:00:00 AM"
"68863","2","3/23/2014 12:00:00 AM"
"68864","6","3/23/2014 12:00:00 AM"
"68865","2","3/23/2014 12:00:00 AM"
"68866","1","3/23/2014 12:00:00 AM"
"68869","1","3/23/2014 12:00:00 AM"
"68870","2","3/23/2014 12:00:00 AM"
"68872","1","3/23/2014 12:00:00 AM"
"68874","1","3/23/2014 12:00:00 AM"
"68877","1","3/23/2014 12:00:00 AM"
"68882","1","3/23/2014 12:00:00 AM"
"68884","1","3/23/2014 12:00:00 AM"
"68884","2","3/23/2014 12:00:00 AM"
"68886","5","3/23/2014 12:00:00 AM"
"68887","1","3/24/2014 12:00:00 AM"
"68887","10","3/24/2014 12:00:00 AM"
"68888","1","3/24/2014 12:00:00 AM"
"68889","1","3/24/2014 12:00:00 AM"
"68890","1","3/24/2014 12:00:00 AM"
"68891","1","3/24/2014 12:00:00 AM"
"68892","1","3/24/2014 12:00:00 AM"
"68893","1","3/24/2014 12:00:00 AM"
"68894","1","3/24/2014 12:00:00 AM"
"68895","1","3/24/2014 12:00:00 AM"
"68896","1","3/24/2014 12:00:00 AM"
"68897","1","3/24/2014 12:00:00 AM"
"68897","2","3/24/2014 12:00:00 AM"
"68898","1","3/24/2014 12:00:00 AM"
"68898","2","3/24/2014 12:00:00 AM"
"68899","1","3/24/2014 12:00:00 AM"
"68900","1","3/24/2014 12:00:00 AM"
"68901","1","3/24/2014 12:00:00 AM"
"68902","1","3/24/2014 12:00:00 AM"
"68903","1","3/24/2014 12:00:00 AM"
"68904","1","3/24/2014 12:00:00 AM"
"68905","1","3/24/2014 12:00:00 AM"
"68906","1","3/24/2014 12:00:00 AM"
"68906","10","3/24/2014 12:00:00 AM"
"68907","1","3/24/2014 12:00:00 AM"
"68908","1","3/24/2014 12:00:00 AM"
"68909","1","3/24/2014 12:00:00 AM"
"68910","1","3/24/2014 12:00:00 AM"
"68911","1","3/24/2014 12:00:00 AM"
"68912","6","3/24/2014 12:00:00 AM"
"68913","1","3/24/2014 12:00:00 AM"
"68914","1","3/24/2014 12:00:00 AM"
"68915","1","3/24/2014 12:00:00 AM"
"68916","1","3/24/2014 12:00:00 AM"
"68917","1","3/24/2014 12:00:00 AM"
"68918","1","3/24/2014 12:00:00 AM"
"68919","1","3/24/2014 12:00:00 AM"
"68920","1","3/24/2014 12:00:00 AM"
"68921","1","3/24/2014 12:00:00 AM"
"68922","1","3/24/2014 12:00:00 AM"
"68923","4","3/24/2014 12:00:00 AM"
"68924","1","3/24/2014 12:00:00 AM"
"68924","2","3/24/2014 12:00:00 AM"
"68926","1","3/24/2014 12:00:00 AM"
"68927","1","3/24/2014 12:00:00 AM"
"68928","1","3/24/2014 12:00:00 AM"
"68928","2","3/24/2014 12:00:00 AM"
"68929","1","3/24/2014 12:00:00 AM"
"68930","1","3/24/2014 12:00:00 AM"
"68931","1","3/24/2014 12:00:00 AM"
"68932","2","3/24/2014 12:00:00 AM"
"68934","1","3/24/2014 12:00:00 AM"
"68935","1","3/24/2014 12:00:00 AM"
"68936","1","3/24/2014 12:00:00 AM"
"68937","1","3/24/2014 12:00:00 AM"
"68938","2","3/24/2014 12:00:00 AM"
"68939","5","3/24/2014 12:00:00 AM"
"68940","1","3/24/2014 12:00:00 AM"
"68940","2","3/24/2014 12:00:00 AM"
"68940","10","3/24/2014 12:00:00 AM"
"68941","1","3/24/2014 12:00:00 AM"
"68942","1","3/24/2014 12:00:00 AM"
"68942","2","3/24/2014 12:00:00 AM"
"68942","10","3/24/2014 12:00:00 AM"
"68943","1","3/24/2014 12:00:00 AM"
"68944","1","3/24/2014 12:00:00 AM"
"68945","1","3/24/2014 12:00:00 AM"
"68948","1","3/24/2014 12:00:00 AM"
"68948","2","3/24/2014 12:00:00 AM"
"68949","1","3/24/2014 12:00:00 AM"
"68951","1","3/25/2014 12:00:00 AM"
"68952","1","3/25/2014 12:00:00 AM"
"68953","1","3/25/2014 12:00:00 AM"
"68953","10","3/25/2014 12:00:00 AM"
"68954","1","3/25/2014 12:00:00 AM"
"68954","10","3/25/2014 12:00:00 AM"
"68955","1","3/25/2014 12:00:00 AM"
"68956","1","3/25/2014 12:00:00 AM"
"68957","1","3/25/2014 12:00:00 AM"
"68958","1","3/25/2014 12:00:00 AM"
"68959","1","3/25/2014 12:00:00 AM"
"68960","1","3/25/2014 12:00:00 AM"
"68961","1","3/25/2014 12:00:00 AM"
"68962","4","3/25/2014 12:00:00 AM"
"68963","1","3/25/2014 12:00:00 AM"
"68964","4","3/25/2014 12:00:00 AM"
"68965","1","3/25/2014 12:00:00 AM"
"68966","1","3/25/2014 12:00:00 AM"
"68967","1","3/25/2014 12:00:00 AM"
"68968","1","3/25/2014 12:00:00 AM"
"68969","1","3/25/2014 12:00:00 AM"
"68970","1","3/25/2014 12:00:00 AM"
"68971","4","3/25/2014 12:00:00 AM"
"68972","1","3/25/2014 12:00:00 AM"
"68973","1","3/25/2014 12:00:00 AM"
"68974","1","3/25/2014 12:00:00 AM"
"68975","6","3/25/2014 12:00:00 AM"
"68976","1","3/25/2014 12:00:00 AM"
"68977","1","3/25/2014 12:00:00 AM"
"68978","1","3/25/2014 12:00:00 AM"
"68979","1","3/25/2014 12:00:00 AM"
"68980","1","3/25/2014 12:00:00 AM"
"68981","1","3/25/2014 12:00:00 AM"
"68982","1","3/25/2014 12:00:00 AM"
"68983","1","3/25/2014 12:00:00 AM"
"68984","1","3/25/2014 12:00:00 AM"
"68985","1","3/25/2014 12:00:00 AM"
"68986","1","3/25/2014 12:00:00 AM"
"68987","1","3/25/2014 12:00:00 AM"
"68988","1","3/25/2014 12:00:00 AM"
"68989","1","3/25/2014 12:00:00 AM"
"68990","1","3/25/2014 12:00:00 AM"
"68992","1","3/25/2014 12:00:00 AM"
"68993","1","3/25/2014 12:00:00 AM"
"68994","1","3/25/2014 12:00:00 AM"
"68995","1","3/25/2014 12:00:00 AM"
"68996","1","3/25/2014 12:00:00 AM"
"68997","1","3/25/2014 12:00:00 AM"
"69001","1","3/25/2014 12:00:00 AM"
"69002","1","3/25/2014 12:00:00 AM"
"69003","1","3/25/2014 12:00:00 AM"
"69003","10","3/25/2014 12:00:00 AM"
"69004","1","3/25/2014 12:00:00 AM"
"69006","1","3/25/2014 12:00:00 AM"
"69007","2","3/25/2014 12:00:00 AM"
"69008","2","3/25/2014 12:00:00 AM"
"69008","10","3/25/2014 12:00:00 AM"
"69009","1","3/25/2014 12:00:00 AM"
"69009","2","3/25/2014 12:00:00 AM"
"69011","1","3/25/2014 12:00:00 AM"
"69012","1","3/25/2014 12:00:00 AM"
"69014","1","3/25/2014 12:00:00 AM"
"69014","2","3/25/2014 12:00:00 AM"
"69017","1","3/25/2014 12:00:00 AM"
"69018","1","3/25/2014 12:00:00 AM"
"69019","1","3/25/2014 12:00:00 AM"
"69021","1","3/25/2014 12:00:00 AM"
"69022","1","3/25/2014 12:00:00 AM"
"69023","1","3/25/2014 12:00:00 AM"
"69025","1","3/25/2014 12:00:00 AM"
"69026","1","3/25/2014 12:00:00 AM"
"69027","1","3/26/2014 12:00:00 AM"
"69028","4","3/26/2014 12:00:00 AM"
"69029","1","3/26/2014 12:00:00 AM"
"69030","1","3/26/2014 12:00:00 AM"
"69031","2","3/26/2014 12:00:00 AM"
"69032","2","3/26/2014 12:00:00 AM"
"69033","1","3/26/2014 12:00:00 AM"
"69034","1","3/26/2014 12:00:00 AM"
"69035","1","3/26/2014 12:00:00 AM"
"69036","1","3/26/2014 12:00:00 AM"
"69037","1","3/26/2014 12:00:00 AM"
"69038","1","3/26/2014 12:00:00 AM"
"69039","1","3/26/2014 12:00:00 AM"
"69040","1","3/26/2014 12:00:00 AM"
"69041","1","3/26/2014 12:00:00 AM"
"69042","1","3/26/2014 12:00:00 AM"
"69044","1","3/26/2014 12:00:00 AM"
"69045","1","3/26/2014 12:00:00 AM"
"69046","1","3/26/2014 12:00:00 AM"
"69047","1","3/26/2014 12:00:00 AM"
"69048","1","3/26/2014 12:00:00 AM"
"69049","1","3/26/2014 12:00:00 AM"
"69049","10","3/26/2014 12:00:00 AM"
"69050","1","3/26/2014 12:00:00 AM"
"69051","1","3/26/2014 12:00:00 AM"
"69052","1","3/26/2014 12:00:00 AM"
"69053","1","3/26/2014 12:00:00 AM"
"69054","1","3/26/2014 12:00:00 AM"
"69055","1","3/26/2014 12:00:00 AM"
"69056","1","3/26/2014 12:00:00 AM"
"69058","6","3/26/2014 12:00:00 AM"
"69059","1","3/26/2014 12:00:00 AM"
"69060","1","3/26/2014 12:00:00 AM"
"69061","2","3/26/2014 12:00:00 AM"
"69062","1","3/26/2014 12:00:00 AM"
"69064","1","3/26/2014 12:00:00 AM"
"69064","2","3/26/2014 12:00:00 AM"
"69068","2","3/26/2014 12:00:00 AM"
"69069","1","3/26/2014 12:00:00 AM"
"69070","1","3/26/2014 12:00:00 AM"
"69071","1","3/26/2014 12:00:00 AM"
"69072","1","3/26/2014 12:00:00 AM"
"69072","2","3/26/2014 12:00:00 AM"
"69073","1","3/26/2014 12:00:00 AM"
"69073","2","3/26/2014 12:00:00 AM"
"69076","1","3/26/2014 12:00:00 AM"
"69077","1","3/26/2014 12:00:00 AM"
"69078","1","3/26/2014 12:00:00 AM"
"69082","1","3/26/2014 12:00:00 AM"
"69083","1","3/26/2014 12:00:00 AM"
"69085","1","3/26/2014 12:00:00 AM"
"69085","10","3/26/2014 12:00:00 AM"
"69087","1","3/26/2014 12:00:00 AM"
"69088","1","3/26/2014 12:00:00 AM"
"69088","2","3/26/2014 12:00:00 AM"
"69090","6","3/27/2014 12:00:00 AM"
"69091","1","3/27/2014 12:00:00 AM"
"69092","1","3/27/2014 12:00:00 AM"
"69093","1","3/27/2014 12:00:00 AM"
"69094","1","3/27/2014 12:00:00 AM"
"69095","1","3/27/2014 12:00:00 AM"
"69097","1","3/27/2014 12:00:00 AM"
"69098","1","3/27/2014 12:00:00 AM"
"69098","2","3/27/2014 12:00:00 AM"
"69099","1","3/27/2014 12:00:00 AM"
"69100","1","3/27/2014 12:00:00 AM"
"69101","1","3/27/2014 12:00:00 AM"
"69102","1","3/27/2014 12:00:00 AM"
"69103","1","3/27/2014 12:00:00 AM"
"69104","1","3/27/2014 12:00:00 AM"
"69105","1","3/27/2014 12:00:00 AM"
"69106","1","3/27/2014 12:00:00 AM"
"69107","1","3/27/2014 12:00:00 AM"
"69108","4","3/27/2014 12:00:00 AM"
"69109","1","3/27/2014 12:00:00 AM"
"69110","1","3/27/2014 12:00:00 AM"
"69112","1","3/27/2014 12:00:00 AM"
"69113","1","3/27/2014 12:00:00 AM"
"69114","1","3/27/2014 12:00:00 AM"
"69115","1","3/27/2014 12:00:00 AM"
"69116","1","3/27/2014 12:00:00 AM"
"69117","1","3/27/2014 12:00:00 AM"
"69117","10","3/27/2014 12:00:00 AM"
"69118","1","3/27/2014 12:00:00 AM"
"69118","10","3/27/2014 12:00:00 AM"
"69119","1","3/27/2014 12:00:00 AM"
"69120","1","3/27/2014 12:00:00 AM"
"69121","1","3/27/2014 12:00:00 AM"
"69122","1","3/27/2014 12:00:00 AM"
"69123","1","3/27/2014 12:00:00 AM"
"69124","1","3/27/2014 12:00:00 AM"
"69125","1","3/27/2014 12:00:00 AM"
"69126","1","3/27/2014 12:00:00 AM"
"69126","10","3/27/2014 12:00:00 AM"
"69127","1","3/27/2014 12:00:00 AM"
"69128","1","3/27/2014 12:00:00 AM"
"69129","2","3/27/2014 12:00:00 AM"
"69130","1","3/27/2014 12:00:00 AM"
"69130","2","3/27/2014 12:00:00 AM"
"69131","1","3/27/2014 12:00:00 AM"
"69131","2","3/27/2014 12:00:00 AM"
"69132","1","3/27/2014 12:00:00 AM"
"69133","1","3/27/2014 12:00:00 AM"
"69133","2","3/27/2014 12:00:00 AM"
"69134","2","3/27/2014 12:00:00 AM"
"69135","6","3/27/2014 12:00:00 AM"
"69136","1","3/27/2014 12:00:00 AM"
"69137","2","3/27/2014 12:00:00 AM"
"69138","1","3/27/2014 12:00:00 AM"
"69139","6","3/27/2014 12:00:00 AM"
"69140","1","3/27/2014 12:00:00 AM"
"69140","2","3/27/2014 12:00:00 AM"
"69141","2","3/27/2014 12:00:00 AM"
"69142","1","3/27/2014 12:00:00 AM"
"69142","2","3/27/2014 12:00:00 AM"
"69143","1","3/27/2014 12:00:00 AM"
"69145","1","3/27/2014 12:00:00 AM"
"69146","1","3/27/2014 12:00:00 AM"
"69146","2","3/27/2014 12:00:00 AM"
"69147","1","3/27/2014 12:00:00 AM"
"69147","2","3/27/2014 12:00:00 AM"
"69148","5","3/27/2014 12:00:00 AM"
"69149","1","3/27/2014 12:00:00 AM"
"69149","2","3/27/2014 12:00:00 AM"
"69150","5","3/27/2014 12:00:00 AM"
"69151","1","3/27/2014 12:00:00 AM"
"69152","1","3/27/2014 12:00:00 AM"
"69153","1","3/27/2014 12:00:00 AM"
"69154","1","3/27/2014 12:00:00 AM"
"69155","1","3/27/2014 12:00:00 AM"
"69155","10","3/27/2014 12:00:00 AM"
"69156","1","3/27/2014 12:00:00 AM"
"69156","2","3/27/2014 12:00:00 AM"
"69157","2","3/27/2014 12:00:00 AM"
"69158","1","3/27/2014 12:00:00 AM"
"69159","1","3/27/2014 12:00:00 AM"
"69159","2","3/27/2014 12:00:00 AM"
"69160","1","3/27/2014 12:00:00 AM"
"69161","1","3/28/2014 12:00:00 AM"
"69162","1","3/28/2014 12:00:00 AM"
"69163","1","3/28/2014 12:00:00 AM"
"69164","1","3/28/2014 12:00:00 AM"
"69165","1","3/28/2014 12:00:00 AM"
"69166","1","3/28/2014 12:00:00 AM"
"69167","1","3/28/2014 12:00:00 AM"
"69169","1","3/28/2014 12:00:00 AM"
"69170","1","3/28/2014 12:00:00 AM"
"69171","1","3/28/2014 12:00:00 AM"
"69172","1","3/28/2014 12:00:00 AM"
"69174","1","3/28/2014 12:00:00 AM"
"69175","1","3/28/2014 12:00:00 AM"
"69175","2","3/28/2014 12:00:00 AM"
"69176","2","3/28/2014 12:00:00 AM"
"69177","4","3/28/2014 12:00:00 AM"
"69178","4","3/28/2014 12:00:00 AM"
"69179","1","3/28/2014 12:00:00 AM"
"69180","1","3/28/2014 12:00:00 AM"
"69181","1","3/28/2014 12:00:00 AM"
"69182","1","3/28/2014 12:00:00 AM"
"69183","1","3/28/2014 12:00:00 AM"
"69184","1","3/28/2014 12:00:00 AM"
"69185","4","3/28/2014 12:00:00 AM"
"69186","1","3/28/2014 12:00:00 AM"
"69187","1","3/28/2014 12:00:00 AM"
"69188","1","3/28/2014 12:00:00 AM"
"69189","6","3/28/2014 12:00:00 AM"
"69190","1","3/28/2014 12:00:00 AM"
"69191","1","3/28/2014 12:00:00 AM"
"69192","1","3/28/2014 12:00:00 AM"
"69193","1","3/28/2014 12:00:00 AM"
"69194","1","3/28/2014 12:00:00 AM"
"69194","10","3/28/2014 12:00:00 AM"
"69195","1","3/28/2014 12:00:00 AM"
"69196","1","3/28/2014 12:00:00 AM"
"69197","1","3/28/2014 12:00:00 AM"
"69198","1","3/28/2014 12:00:00 AM"
"69199","1","3/28/2014 12:00:00 AM"
"69201","1","3/28/2014 12:00:00 AM"
"69201","10","3/28/2014 12:00:00 AM"
"69202","1","3/28/2014 12:00:00 AM"
"69203","1","3/28/2014 12:00:00 AM"
"69205","1","3/28/2014 12:00:00 AM"
"69205","10","3/28/2014 12:00:00 AM"
"69206","1","3/28/2014 12:00:00 AM"
"69207","1","3/28/2014 12:00:00 AM"
"69208","1","3/28/2014 12:00:00 AM"
"69209","1","3/28/2014 12:00:00 AM"
"69210","1","3/28/2014 12:00:00 AM"
"69211","1","3/28/2014 12:00:00 AM"
"69212","1","3/28/2014 12:00:00 AM"
"69213","1","3/28/2014 12:00:00 AM"
"69215","1","3/28/2014 12:00:00 AM"
"69216","2","3/28/2014 12:00:00 AM"
"69217","1","3/28/2014 12:00:00 AM"
"69217","2","3/28/2014 12:00:00 AM"
"69218","1","3/28/2014 12:00:00 AM"
"69219","1","3/28/2014 12:00:00 AM"
"69220","2","3/28/2014 12:00:00 AM"
"69221","1","3/28/2014 12:00:00 AM"
"69222","1","3/28/2014 12:00:00 AM"
"69223","1","3/28/2014 12:00:00 AM"
"69224","6","3/28/2014 12:00:00 AM"
"69226","1","3/28/2014 12:00:00 AM"
"69226","2","3/28/2014 12:00:00 AM"
"69227","1","3/28/2014 12:00:00 AM"
"69229","1","3/28/2014 12:00:00 AM"
"69230","1","3/28/2014 12:00:00 AM"
"69230","2","3/28/2014 12:00:00 AM"
"69231","1","3/28/2014 12:00:00 AM"
"69231","2","3/28/2014 12:00:00 AM"
"69232","1","3/28/2014 12:00:00 AM"
"69232","2","3/28/2014 12:00:00 AM"
"69233","1","3/28/2014 12:00:00 AM"
"69234","1","3/28/2014 12:00:00 AM"
"69234","2","3/28/2014 12:00:00 AM"
"69236","2","3/28/2014 12:00:00 AM"
"69239","1","3/28/2014 12:00:00 AM"
"69241","1","3/28/2014 12:00:00 AM"
"69243","1","3/28/2014 12:00:00 AM"
"69243","2","3/28/2014 12:00:00 AM"
"69244","1","3/28/2014 12:00:00 AM"
"69244","2","3/28/2014 12:00:00 AM"
"69245","1","3/29/2014 12:00:00 AM"
"69246","1","3/29/2014 12:00:00 AM"
"69247","1","3/29/2014 12:00:00 AM"
"69248","1","3/29/2014 12:00:00 AM"
"69249","1","3/29/2014 12:00:00 AM"
"69250","6","3/29/2014 12:00:00 AM"
"69251","1","3/29/2014 12:00:00 AM"
"69251","2","3/29/2014 12:00:00 AM"
"69252","1","3/29/2014 12:00:00 AM"
"69253","1","3/29/2014 12:00:00 AM"
"69254","6","3/29/2014 12:00:00 AM"
"69255","1","3/29/2014 12:00:00 AM"
"69256","1","3/29/2014 12:00:00 AM"
"69257","1","3/29/2014 12:00:00 AM"
"69258","1","3/29/2014 12:00:00 AM"
"69259","1","3/29/2014 12:00:00 AM"
"69260","1","3/29/2014 12:00:00 AM"
"69261","1","3/29/2014 12:00:00 AM"
"69262","1","3/29/2014 12:00:00 AM"
"69263","1","3/29/2014 12:00:00 AM"
"69263","10","3/29/2014 12:00:00 AM"
"69264","1","3/29/2014 12:00:00 AM"
"69265","4","3/29/2014 12:00:00 AM"
"69266","1","3/29/2014 12:00:00 AM"
"69267","1","3/29/2014 12:00:00 AM"
"69268","1","3/29/2014 12:00:00 AM"
"69269","6","3/29/2014 12:00:00 AM"
"69270","1","3/29/2014 12:00:00 AM"
"69271","1","3/29/2014 12:00:00 AM"
"69273","1","3/29/2014 12:00:00 AM"
"69274","1","3/29/2014 12:00:00 AM"
"69274","10","3/29/2014 12:00:00 AM"
"69275","1","3/29/2014 12:00:00 AM"
"69276","1","3/29/2014 12:00:00 AM"
"69276","10","3/29/2014 12:00:00 AM"
"69277","1","3/29/2014 12:00:00 AM"
"69278","1","3/29/2014 12:00:00 AM"
"69279","1","3/29/2014 12:00:00 AM"
"69280","1","3/29/2014 12:00:00 AM"
"69281","1","3/29/2014 12:00:00 AM"
"69282","1","3/29/2014 12:00:00 AM"
"69283","1","3/29/2014 12:00:00 AM"
"69284","1","3/29/2014 12:00:00 AM"
"69285","1","3/29/2014 12:00:00 AM"
"69286","1","3/29/2014 12:00:00 AM"
"69286","2","3/29/2014 12:00:00 AM"
"69287","1","3/29/2014 12:00:00 AM"
"69289","2","3/29/2014 12:00:00 AM"
"69290","1","3/29/2014 12:00:00 AM"
"69291","2","3/29/2014 12:00:00 AM"
"69293","1","3/29/2014 12:00:00 AM"
"69294","1","3/29/2014 12:00:00 AM"
"69295","2","3/29/2014 12:00:00 AM"
"69297","1","3/29/2014 12:00:00 AM"
"69297","2","3/29/2014 12:00:00 AM"
"69297","10","3/29/2014 12:00:00 AM"
"69298","2","3/29/2014 12:00:00 AM"
"69299","1","3/29/2014 12:00:00 AM"
"69300","1","3/29/2014 12:00:00 AM"
"69301","1","3/29/2014 12:00:00 AM"
"69303","1","3/29/2014 12:00:00 AM"
"69304","6","3/29/2014 12:00:00 AM"
"69306","1","3/29/2014 12:00:00 AM"
"69307","1","3/29/2014 12:00:00 AM"
"69307","2","3/29/2014 12:00:00 AM"
"69308","1","3/29/2014 12:00:00 AM"
"69311","1","3/30/2014 12:00:00 AM"
"69312","1","3/30/2014 12:00:00 AM"
"69313","1","3/30/2014 12:00:00 AM"
"69314","1","3/30/2014 12:00:00 AM"
"69315","4","3/30/2014 12:00:00 AM"
"69316","4","3/30/2014 12:00:00 AM"
"69317","1","3/30/2014 12:00:00 AM"
"69317","2","3/30/2014 12:00:00 AM"
"69318","1","3/30/2014 12:00:00 AM"
"69319","1","3/30/2014 12:00:00 AM"
"69320","2","3/30/2014 12:00:00 AM"
"69321","2","3/30/2014 12:00:00 AM"
"69322","1","3/30/2014 12:00:00 AM"
"69323","1","3/30/2014 12:00:00 AM"
"69323","10","3/30/2014 12:00:00 AM"
"69324","1","3/30/2014 12:00:00 AM"
"69324","2","3/30/2014 12:00:00 AM"
"69325","1","3/30/2014 12:00:00 AM"
"69326","1","3/30/2014 12:00:00 AM"
"69327","1","3/30/2014 12:00:00 AM"
"69328","1","3/30/2014 12:00:00 AM"
"69329","1","3/30/2014 12:00:00 AM"
"69330","1","3/30/2014 12:00:00 AM"
"69331","1","3/30/2014 12:00:00 AM"
"69332","1","3/30/2014 12:00:00 AM"
"69333","1","3/30/2014 12:00:00 AM"
"69334","1","3/30/2014 12:00:00 AM"
"69335","1","3/30/2014 12:00:00 AM"
"69336","6","3/30/2014 12:00:00 AM"
"69337","1","3/30/2014 12:00:00 AM"
"69338","1","3/30/2014 12:00:00 AM"
"69339","1","3/30/2014 12:00:00 AM"
"69340","1","3/30/2014 12:00:00 AM"
"69341","1","3/30/2014 12:00:00 AM"
"69342","1","3/30/2014 12:00:00 AM"
"69343","1","3/30/2014 12:00:00 AM"
"69344","1","3/30/2014 12:00:00 AM"
"69345","1","3/30/2014 12:00:00 AM"
"69346","1","3/30/2014 12:00:00 AM"
"69346","10","3/30/2014 12:00:00 AM"
"69347","1","3/30/2014 12:00:00 AM"
"69348","1","3/30/2014 12:00:00 AM"
"69349","1","3/30/2014 12:00:00 AM"
"69350","1","3/30/2014 12:00:00 AM"
"69351","1","3/30/2014 12:00:00 AM"
"69352","1","3/30/2014 12:00:00 AM"
"69353","1","3/30/2014 12:00:00 AM"
"69354","1","3/30/2014 12:00:00 AM"
"69355","1","3/30/2014 12:00:00 AM"
"69356","1","3/30/2014 12:00:00 AM"
"69357","1","3/30/2014 12:00:00 AM"
"69358","1","3/30/2014 12:00:00 AM"
"69359","1","3/30/2014 12:00:00 AM"
"69360","1","3/30/2014 12:00:00 AM"
"69361","4","3/30/2014 12:00:00 AM"
"69362","1","3/30/2014 12:00:00 AM"
"69363","1","3/30/2014 12:00:00 AM"
"69364","1","3/30/2014 12:00:00 AM"
"69364","2","3/30/2014 12:00:00 AM"
"69365","1","3/30/2014 12:00:00 AM"
"69366","2","3/30/2014 12:00:00 AM"
"69367","2","3/30/2014 12:00:00 AM"
"69368","1","3/30/2014 12:00:00 AM"
"69369","1","3/30/2014 12:00:00 AM"
"69369","2","3/30/2014 12:00:00 AM"
"69370","1","3/30/2014 12:00:00 AM"
"69371","1","3/30/2014 12:00:00 AM"
"69373","1","3/30/2014 12:00:00 AM"
"69373","2","3/30/2014 12:00:00 AM"
"69373","10","3/30/2014 12:00:00 AM"
"69376","1","3/30/2014 12:00:00 AM"
"69378","1","3/30/2014 12:00:00 AM"
"69379","1","3/30/2014 12:00:00 AM"
"69379","2","3/30/2014 12:00:00 AM"
"69380","1","3/30/2014 12:00:00 AM"
"69380","2","3/30/2014 12:00:00 AM"
"69382","1","3/30/2014 12:00:00 AM"
"69382","2","3/30/2014 12:00:00 AM"
"69383","1","3/30/2014 12:00:00 AM"
"69383","2","3/30/2014 12:00:00 AM"
"69384","2","3/30/2014 12:00:00 AM"
"69386","1","3/30/2014 12:00:00 AM"
"69566","1","3/31/2014 12:00:00 AM"
"69567","1","3/31/2014 12:00:00 AM"
"69568","1","3/31/2014 12:00:00 AM"
"69568","10","3/31/2014 12:00:00 AM"
"69569","1","3/31/2014 12:00:00 AM"
"69570","1","3/31/2014 12:00:00 AM"
"69571","1","3/31/2014 12:00:00 AM"
"69572","1","3/31/2014 12:00:00 AM"
"69573","1","3/31/2014 12:00:00 AM"
"69574","1","3/31/2014 12:00:00 AM"
"69576","1","3/31/2014 12:00:00 AM"
"69577","1","3/31/2014 12:00:00 AM"
"69577","2","3/31/2014 12:00:00 AM"
"69578","1","3/31/2014 12:00:00 AM"
"69579","1","3/31/2014 12:00:00 AM"
"69580","1","3/31/2014 12:00:00 AM"
"69581","1","3/31/2014 12:00:00 AM"
"69582","1","3/31/2014 12:00:00 AM"
"69583","1","3/31/2014 12:00:00 AM"
"69584","1","3/31/2014 12:00:00 AM"
"69585","1","3/31/2014 12:00:00 AM"
"69586","1","3/31/2014 12:00:00 AM"
"69587","1","3/31/2014 12:00:00 AM"
"69588","1","3/31/2014 12:00:00 AM"
"69589","1","3/31/2014 12:00:00 AM"
"69590","1","3/31/2014 12:00:00 AM"
"69591","1","3/31/2014 12:00:00 AM"
"69592","1","3/31/2014 12:00:00 AM"
"69593","4","3/31/2014 12:00:00 AM"
"69593","10","3/31/2014 12:00:00 AM"
"69594","1","3/31/2014 12:00:00 AM"
"69595","4","3/31/2014 12:00:00 AM"
"69596","1","3/31/2014 12:00:00 AM"
"69597","1","3/31/2014 12:00:00 AM"
"69598","1","3/31/2014 12:00:00 AM"
"69599","1","3/31/2014 12:00:00 AM"
"69600","1","3/31/2014 12:00:00 AM"
"69601","1","3/31/2014 12:00:00 AM"
"69602","1","3/31/2014 12:00:00 AM"
"69603","1","3/31/2014 12:00:00 AM"
"69604","1","3/31/2014 12:00:00 AM"
"69605","1","3/31/2014 12:00:00 AM"
"69606","1","3/31/2014 12:00:00 AM"
"69607","1","3/31/2014 12:00:00 AM"
"69608","1","3/31/2014 12:00:00 AM"
"69609","1","3/31/2014 12:00:00 AM"
"69610","1","3/31/2014 12:00:00 AM"
"69611","1","3/31/2014 12:00:00 AM"
"69613","1","3/31/2014 12:00:00 AM"
"69614","1","3/31/2014 12:00:00 AM"
"69615","1","3/31/2014 12:00:00 AM"
"69615","10","3/31/2014 12:00:00 AM"
"69616","1","3/31/2014 12:00:00 AM"
"69617","1","3/31/2014 12:00:00 AM"
"69618","1","3/31/2014 12:00:00 AM"
"69618","2","3/31/2014 12:00:00 AM"
"69619","6","3/31/2014 12:00:00 AM"
"69620","1","3/31/2014 12:00:00 AM"
"69621","1","3/31/2014 12:00:00 AM"
"69621","2","3/31/2014 12:00:00 AM"
"69622","1","3/31/2014 12:00:00 AM"
"69623","1","3/31/2014 12:00:00 AM"
"69623","2","3/31/2014 12:00:00 AM"
"69624","1","3/31/2014 12:00:00 AM"
"69628","6","3/31/2014 12:00:00 AM"
"69629","6","3/31/2014 12:00:00 AM"
"69630","1","3/31/2014 12:00:00 AM"
"69631","1","3/31/2014 12:00:00 AM"
"69631","2","3/31/2014 12:00:00 AM"
"69632","1","3/31/2014 12:00:00 AM"
"69633","1","3/31/2014 12:00:00 AM"
"69633","2","3/31/2014 12:00:00 AM"
"69633","10","3/31/2014 12:00:00 AM"
"69634","1","3/31/2014 12:00:00 AM"
"69635","2","3/31/2014 12:00:00 AM"
"69639","5","3/31/2014 12:00:00 AM"
"69640","1","3/31/2014 12:00:00 AM"
"69641","1","3/31/2014 12:00:00 AM"
"69642","1","3/31/2014 12:00:00 AM"
"69644","1","3/31/2014 12:00:00 AM"
"69646","1","3/31/2014 12:00:00 AM"
"69647","1","3/31/2014 12:00:00 AM"
"69647","2","3/31/2014 12:00:00 AM"
"69647","10","3/31/2014 12:00:00 AM"
"69648","1","3/31/2014 12:00:00 AM"
"69649","1","3/31/2014 12:00:00 AM"
"69650","1","3/31/2014 12:00:00 AM"
"69651","1","3/31/2014 12:00:00 AM"
"69652","6","3/31/2014 12:00:00 AM"
"69653","1","3/31/2014 12:00:00 AM"
"69654","2","3/31/2014 12:00:00 AM"
"69657","1","3/31/2014 12:00:00 AM"
"69659","1","4/1/2014 12:00:00 AM"
"69660","1","4/1/2014 12:00:00 AM"
"69660","10","4/1/2014 12:00:00 AM"
"69661","1","4/1/2014 12:00:00 AM"
"69662","1","4/1/2014 12:00:00 AM"
"69663","1","4/1/2014 12:00:00 AM"
"69664","4","4/1/2014 12:00:00 AM"
"69665","1","4/1/2014 12:00:00 AM"
"69666","1","4/1/2014 12:00:00 AM"
"69667","1","4/1/2014 12:00:00 AM"
"69668","1","4/1/2014 12:00:00 AM"
"69669","1","4/1/2014 12:00:00 AM"
"69670","1","4/1/2014 12:00:00 AM"
"69671","1","4/1/2014 12:00:00 AM"
"69671","10","4/1/2014 12:00:00 AM"
"69672","1","4/1/2014 12:00:00 AM"
"69673","1","4/1/2014 12:00:00 AM"
"69674","1","4/1/2014 12:00:00 AM"
"69675","1","4/1/2014 12:00:00 AM"
"69675","10","4/1/2014 12:00:00 AM"
"69676","1","4/1/2014 12:00:00 AM"
"69677","1","4/1/2014 12:00:00 AM"
"69678","1","4/1/2014 12:00:00 AM"
"69679","1","4/1/2014 12:00:00 AM"
"69680","1","4/1/2014 12:00:00 AM"
"69681","6","4/1/2014 12:00:00 AM"
"69682","1","4/1/2014 12:00:00 AM"
"69683","6","4/1/2014 12:00:00 AM"
"69684","1","4/1/2014 12:00:00 AM"
"69685","1","4/1/2014 12:00:00 AM"
"69686","1","4/1/2014 12:00:00 AM"
"69687","1","4/1/2014 12:00:00 AM"
"69688","1","4/1/2014 12:00:00 AM"
"69689","1","4/1/2014 12:00:00 AM"
"69690","1","4/1/2014 12:00:00 AM"
"69691","1","4/1/2014 12:00:00 AM"
"69692","1","4/1/2014 12:00:00 AM"
"69693","1","4/1/2014 12:00:00 AM"
"69694","1","4/1/2014 12:00:00 AM"
"69694","10","4/1/2014 12:00:00 AM"
"69695","1","4/1/2014 12:00:00 AM"
"69696","1","4/1/2014 12:00:00 AM"
"69697","1","4/1/2014 12:00:00 AM"
"69698","1","4/1/2014 12:00:00 AM"
"69699","1","4/1/2014 12:00:00 AM"
"69700","1","4/1/2014 12:00:00 AM"
"69701","1","4/1/2014 12:00:00 AM"
"69701","2","4/1/2014 12:00:00 AM"
"69702","2","4/1/2014 12:00:00 AM"
"69703","1","4/1/2014 12:00:00 AM"
"69704","1","4/1/2014 12:00:00 AM"
"69705","1","4/1/2014 12:00:00 AM"
"69706","1","4/1/2014 12:00:00 AM"
"69709","1","4/1/2014 12:00:00 AM"
"69710","1","4/1/2014 12:00:00 AM"
"69711","1","4/1/2014 12:00:00 AM"
"69713","1","4/1/2014 12:00:00 AM"
"69715","2","4/1/2014 12:00:00 AM"
"69716","6","4/1/2014 12:00:00 AM"
"69717","1","4/1/2014 12:00:00 AM"
"69719","1","4/1/2014 12:00:00 AM"
"69720","1","4/1/2014 12:00:00 AM"
"69721","5","4/1/2014 12:00:00 AM"
"69722","1","4/2/2014 12:00:00 AM"
"69723","1","4/2/2014 12:00:00 AM"
"69724","1","4/2/2014 12:00:00 AM"
"69725","6","4/2/2014 12:00:00 AM"
"69726","1","4/2/2014 12:00:00 AM"
"69727","1","4/2/2014 12:00:00 AM"
"69728","1","4/2/2014 12:00:00 AM"
"69729","1","4/2/2014 12:00:00 AM"
"69730","1","4/2/2014 12:00:00 AM"
"69731","1","4/2/2014 12:00:00 AM"
"69732","1","4/2/2014 12:00:00 AM"
"69733","1","4/2/2014 12:00:00 AM"
"69734","1","4/2/2014 12:00:00 AM"
"69735","1","4/2/2014 12:00:00 AM"
"69738","1","4/2/2014 12:00:00 AM"
"69738","2","4/2/2014 12:00:00 AM"
"69739","4","4/2/2014 12:00:00 AM"
"69740","1","4/2/2014 12:00:00 AM"
"69741","1","4/2/2014 12:00:00 AM"
"69742","1","4/2/2014 12:00:00 AM"
"69742","10","4/2/2014 12:00:00 AM"
"69743","1","4/2/2014 12:00:00 AM"
"69745","1","4/2/2014 12:00:00 AM"
"69746","1","4/2/2014 12:00:00 AM"
"69747","1","4/2/2014 12:00:00 AM"
"69748","1","4/2/2014 12:00:00 AM"
"69749","1","4/2/2014 12:00:00 AM"
"69750","1","4/2/2014 12:00:00 AM"
"69751","1","4/2/2014 12:00:00 AM"
"69751","10","4/2/2014 12:00:00 AM"
"69752","4","4/2/2014 12:00:00 AM"
"69753","1","4/2/2014 12:00:00 AM"
"69753","10","4/2/2014 12:00:00 AM"
"69754","6","4/2/2014 12:00:00 AM"
"69755","1","4/2/2014 12:00:00 AM"
"69755","10","4/2/2014 12:00:00 AM"
"69756","1","4/2/2014 12:00:00 AM"
"69757","1","4/2/2014 12:00:00 AM"
"69758","1","4/2/2014 12:00:00 AM"
"69758","10","4/2/2014 12:00:00 AM"
"69759","1","4/2/2014 12:00:00 AM"
"69760","1","4/2/2014 12:00:00 AM"
"69761","2","4/2/2014 12:00:00 AM"
"69762","2","4/2/2014 12:00:00 AM"
"69763","1","4/2/2014 12:00:00 AM"
"69764","1","4/2/2014 12:00:00 AM"
"69765","2","4/2/2014 12:00:00 AM"
"69766","1","4/2/2014 12:00:00 AM"
"69767","1","4/2/2014 12:00:00 AM"
"69768","1","4/2/2014 12:00:00 AM"
"69769","1","4/2/2014 12:00:00 AM"
"69769","2","4/2/2014 12:00:00 AM"
"69770","1","4/2/2014 12:00:00 AM"
"69770","2","4/2/2014 12:00:00 AM"
"69772","1","4/2/2014 12:00:00 AM"
"69772","2","4/2/2014 12:00:00 AM"
"69773","1","4/2/2014 12:00:00 AM"
"69773","2","4/2/2014 12:00:00 AM"
"69774","1","4/2/2014 12:00:00 AM"
"69774","2","4/2/2014 12:00:00 AM"
"69776","2","4/2/2014 12:00:00 AM"
"69777","1","4/2/2014 12:00:00 AM"
"69778","1","4/2/2014 12:00:00 AM"
"69779","1","4/2/2014 12:00:00 AM"
"69779","2","4/2/2014 12:00:00 AM"
"69780","1","4/2/2014 12:00:00 AM"
"69780","2","4/2/2014 12:00:00 AM"
"69780","10","4/2/2014 12:00:00 AM"
"69782","1","4/2/2014 12:00:00 AM"
"69782","2","4/2/2014 12:00:00 AM"
"69783","5","4/2/2014 12:00:00 AM"
"69786","1","4/2/2014 12:00:00 AM"
"69787","1","4/2/2014 12:00:00 AM"
"69787","2","4/2/2014 12:00:00 AM"
"69788","1","4/2/2014 12:00:00 AM"
"69789","1","4/2/2014 12:00:00 AM"
"69790","5","4/2/2014 12:00:00 AM"
"69791","1","4/2/2014 12:00:00 AM"
"69792","6","4/2/2014 12:00:00 AM"
"69793","6","4/3/2014 12:00:00 AM"
"69794","1","4/3/2014 12:00:00 AM"
"69795","1","4/3/2014 12:00:00 AM"
"69796","1","4/3/2014 12:00:00 AM"
"69797","1","4/3/2014 12:00:00 AM"
"69798","1","4/3/2014 12:00:00 AM"
"69799","1","4/3/2014 12:00:00 AM"
"69800","1","4/3/2014 12:00:00 AM"
"69801","1","4/3/2014 12:00:00 AM"
"69802","1","4/3/2014 12:00:00 AM"
"69804","2","4/3/2014 12:00:00 AM"
"69805","1","4/3/2014 12:00:00 AM"
"69806","1","4/3/2014 12:00:00 AM"
"69807","1","4/3/2014 12:00:00 AM"
"69808","1","4/3/2014 12:00:00 AM"
"69809","1","4/3/2014 12:00:00 AM"
"69810","1","4/3/2014 12:00:00 AM"
"69811","1","4/3/2014 12:00:00 AM"
"69812","1","4/3/2014 12:00:00 AM"
"69813","1","4/3/2014 12:00:00 AM"
"69814","6","4/3/2014 12:00:00 AM"
"69815","1","4/3/2014 12:00:00 AM"
"69816","6","4/3/2014 12:00:00 AM"
"69817","1","4/3/2014 12:00:00 AM"
"69818","6","4/3/2014 12:00:00 AM"
"69819","1","4/3/2014 12:00:00 AM"
"69820","1","4/3/2014 12:00:00 AM"
"69821","1","4/3/2014 12:00:00 AM"
"69822","1","4/3/2014 12:00:00 AM"
"69823","1","4/3/2014 12:00:00 AM"
"69824","1","4/3/2014 12:00:00 AM"
"69825","1","4/3/2014 12:00:00 AM"
"69826","1","4/3/2014 12:00:00 AM"
"69827","1","4/3/2014 12:00:00 AM"
"69827","10","4/3/2014 12:00:00 AM"
"69828","1","4/3/2014 12:00:00 AM"
"69829","1","4/3/2014 12:00:00 AM"
"69830","1","4/3/2014 12:00:00 AM"
"69831","1","4/3/2014 12:00:00 AM"
"69832","1","4/3/2014 12:00:00 AM"
"69833","4","4/3/2014 12:00:00 AM"
"69834","1","4/3/2014 12:00:00 AM"
"69836","1","4/3/2014 12:00:00 AM"
"69837","1","4/3/2014 12:00:00 AM"
"69838","2","4/3/2014 12:00:00 AM"
"69839","1","4/3/2014 12:00:00 AM"
"69840","1","4/3/2014 12:00:00 AM"
"69841","1","4/3/2014 12:00:00 AM"
"69841","2","4/3/2014 12:00:00 AM"
"69842","1","4/3/2014 12:00:00 AM"
"69843","1","4/3/2014 12:00:00 AM"
"69843","2","4/3/2014 12:00:00 AM"
"69844","1","4/3/2014 12:00:00 AM"
"69846","6","4/3/2014 12:00:00 AM"
"69847","2","4/3/2014 12:00:00 AM"
"69848","1","4/3/2014 12:00:00 AM"
"69849","1","4/3/2014 12:00:00 AM"
"69849","2","4/3/2014 12:00:00 AM"
"69850","1","4/3/2014 12:00:00 AM"
"69851","1","4/3/2014 12:00:00 AM"
"69852","1","4/3/2014 12:00:00 AM"
"69853","1","4/3/2014 12:00:00 AM"
"69854","1","4/3/2014 12:00:00 AM"
"69854","2","4/3/2014 12:00:00 AM"
"69855","1","4/3/2014 12:00:00 AM"
"69855","2","4/3/2014 12:00:00 AM"
"69856","1","4/3/2014 12:00:00 AM"
"69858","1","4/3/2014 12:00:00 AM"
"69858","2","4/3/2014 12:00:00 AM"
"69859","1","4/3/2014 12:00:00 AM"
"69859","2","4/3/2014 12:00:00 AM"
"69861","1","4/3/2014 12:00:00 AM"
"69862","1","4/3/2014 12:00:00 AM"
"69863","1","4/3/2014 12:00:00 AM"
"69863","2","4/3/2014 12:00:00 AM"
"69864","1","4/3/2014 12:00:00 AM"
"69865","2","4/4/2014 12:00:00 AM"
"69866","1","4/4/2014 12:00:00 AM"
"69867","1","4/4/2014 12:00:00 AM"
"69868","1","4/4/2014 12:00:00 AM"
"69869","1","4/4/2014 12:00:00 AM"
"69870","1","4/4/2014 12:00:00 AM"
"69871","1","4/4/2014 12:00:00 AM"
"69872","1","4/4/2014 12:00:00 AM"
"69873","1","4/4/2014 12:00:00 AM"
"69874","1","4/4/2014 12:00:00 AM"
"69874","2","4/4/2014 12:00:00 AM"
"69875","2","4/4/2014 12:00:00 AM"
"69876","1","4/4/2014 12:00:00 AM"
"69877","1","4/4/2014 12:00:00 AM"
"69878","1","4/4/2014 12:00:00 AM"
"69878","2","4/4/2014 12:00:00 AM"
"69879","1","4/4/2014 12:00:00 AM"
"69881","1","4/4/2014 12:00:00 AM"
"69882","1","4/4/2014 12:00:00 AM"
"69883","1","4/4/2014 12:00:00 AM"
"69884","1","4/4/2014 12:00:00 AM"
"69885","1","4/4/2014 12:00:00 AM"
"69886","1","4/4/2014 12:00:00 AM"
"69887","1","4/4/2014 12:00:00 AM"
"69888","1","4/4/2014 12:00:00 AM"
"69889","1","4/4/2014 12:00:00 AM"
"69890","1","4/4/2014 12:00:00 AM"
"69891","1","4/4/2014 12:00:00 AM"
"69892","1","4/4/2014 12:00:00 AM"
"69893","1","4/4/2014 12:00:00 AM"
"69894","1","4/4/2014 12:00:00 AM"
"69895","1","4/4/2014 12:00:00 AM"
"69896","1","4/4/2014 12:00:00 AM"
"69897","1","4/4/2014 12:00:00 AM"
"69898","1","4/4/2014 12:00:00 AM"
"69899","1","4/4/2014 12:00:00 AM"
"69900","1","4/4/2014 12:00:00 AM"
"69901","1","4/4/2014 12:00:00 AM"
"69902","1","4/4/2014 12:00:00 AM"
"69903","1","4/4/2014 12:00:00 AM"
"69904","1","4/4/2014 12:00:00 AM"
"69905","1","4/4/2014 12:00:00 AM"
"69906","1","4/4/2014 12:00:00 AM"
"69907","1","4/4/2014 12:00:00 AM"
"69908","1","4/4/2014 12:00:00 AM"
"69908","10","4/4/2014 12:00:00 AM"
"69909","1","4/4/2014 12:00:00 AM"
"69909","10","4/4/2014 12:00:00 AM"
"69910","1","4/4/2014 12:00:00 AM"
"69911","1","4/4/2014 12:00:00 AM"
"69912","1","4/4/2014 12:00:00 AM"
"69913","1","4/4/2014 12:00:00 AM"
"69914","1","4/4/2014 12:00:00 AM"
"69916","1","4/4/2014 12:00:00 AM"
"69917","1","4/4/2014 12:00:00 AM"
"69919","1","4/4/2014 12:00:00 AM"
"69920","1","4/4/2014 12:00:00 AM"
"69920","2","4/4/2014 12:00:00 AM"
"69921","1","4/4/2014 12:00:00 AM"
"69922","1","4/4/2014 12:00:00 AM"
"69925","1","4/4/2014 12:00:00 AM"
"69926","1","4/4/2014 12:00:00 AM"
"69926","2","4/4/2014 12:00:00 AM"
"69927","1","4/4/2014 12:00:00 AM"
"69928","1","4/4/2014 12:00:00 AM"
"69929","1","4/4/2014 12:00:00 AM"
"69930","1","4/4/2014 12:00:00 AM"
"69933","1","4/4/2014 12:00:00 AM"
"69934","1","4/4/2014 12:00:00 AM"
"69934","2","4/4/2014 12:00:00 AM"
"69935","1","4/4/2014 12:00:00 AM"
"69937","1","4/4/2014 12:00:00 AM"
"69938","6","4/4/2014 12:00:00 AM"
"69941","1","4/4/2014 12:00:00 AM"
"69943","6","4/4/2014 12:00:00 AM"
"69944","1","4/4/2014 12:00:00 AM"
"69945","2","4/5/2014 12:00:00 AM"
"69946","1","4/5/2014 12:00:00 AM"
"69947","1","4/5/2014 12:00:00 AM"
"69948","1","4/5/2014 12:00:00 AM"
"69949","1","4/5/2014 12:00:00 AM"
"69950","1","4/5/2014 12:00:00 AM"
"69951","1","4/5/2014 12:00:00 AM"
"69952","4","4/5/2014 12:00:00 AM"
"69953","1","4/5/2014 12:00:00 AM"
"69954","1","4/5/2014 12:00:00 AM"
"69955","1","4/5/2014 12:00:00 AM"
"69956","1","4/5/2014 12:00:00 AM"
"69957","1","4/5/2014 12:00:00 AM"
"69959","1","4/5/2014 12:00:00 AM"
"69960","1","4/5/2014 12:00:00 AM"
"69961","1","4/5/2014 12:00:00 AM"
"69962","1","4/5/2014 12:00:00 AM"
"69963","1","4/5/2014 12:00:00 AM"
"69964","1","4/5/2014 12:00:00 AM"
"69965","1","4/5/2014 12:00:00 AM"
"69966","1","4/5/2014 12:00:00 AM"
"69967","1","4/5/2014 12:00:00 AM"
"69968","1","4/5/2014 12:00:00 AM"
"69969","1","4/5/2014 12:00:00 AM"
"69970","1","4/5/2014 12:00:00 AM"
"69971","1","4/5/2014 12:00:00 AM"
"69971","10","4/5/2014 12:00:00 AM"
"69972","4","4/5/2014 12:00:00 AM"
"69973","1","4/5/2014 12:00:00 AM"
"69974","1","4/5/2014 12:00:00 AM"
"69975","1","4/5/2014 12:00:00 AM"
"69976","1","4/5/2014 12:00:00 AM"
"69977","1","4/5/2014 12:00:00 AM"
"69978","1","4/5/2014 12:00:00 AM"
"69979","1","4/5/2014 12:00:00 AM"
"69980","1","4/5/2014 12:00:00 AM"
"69981","1","4/5/2014 12:00:00 AM"
"69982","1","4/5/2014 12:00:00 AM"
"69983","1","4/5/2014 12:00:00 AM"
"69984","2","4/5/2014 12:00:00 AM"
"69985","1","4/5/2014 12:00:00 AM"
"69986","1","4/5/2014 12:00:00 AM"
"69987","5","4/5/2014 12:00:00 AM"
"69989","1","4/5/2014 12:00:00 AM"
"69989","2","4/5/2014 12:00:00 AM"
"69991","1","4/5/2014 12:00:00 AM"
"69992","2","4/5/2014 12:00:00 AM"
"69993","1","4/5/2014 12:00:00 AM"
"69993","10","4/5/2014 12:00:00 AM"
"69994","1","4/5/2014 12:00:00 AM"
"69995","1","4/5/2014 12:00:00 AM"
"69997","1","4/5/2014 12:00:00 AM"
"69998","1","4/5/2014 12:00:00 AM"
"69999","1","4/5/2014 12:00:00 AM"
"70000","1","4/5/2014 12:00:00 AM"
"70000","10","4/5/2014 12:00:00 AM"
"70003","6","4/5/2014 12:00:00 AM"
"70004","6","4/5/2014 12:00:00 AM"
"70005","1","4/5/2014 12:00:00 AM"
"70010","1","4/5/2014 12:00:00 AM"
"70010","2","4/5/2014 12:00:00 AM"
"70012","1","4/5/2014 12:00:00 AM"
"70013","1","4/5/2014 12:00:00 AM"
"70014","1","4/5/2014 12:00:00 AM"
"70014","2","4/5/2014 12:00:00 AM"
"70015","2","4/5/2014 12:00:00 AM"
"70016","1","4/6/2014 12:00:00 AM"
"70017","1","4/6/2014 12:00:00 AM"
"70018","1","4/6/2014 12:00:00 AM"
"70019","6","4/6/2014 12:00:00 AM"
"70020","1","4/6/2014 12:00:00 AM"
"70021","1","4/6/2014 12:00:00 AM"
"70022","1","4/6/2014 12:00:00 AM"
"70023","1","4/6/2014 12:00:00 AM"
"70024","1","4/6/2014 12:00:00 AM"
"70025","1","4/6/2014 12:00:00 AM"
"70026","1","4/6/2014 12:00:00 AM"
"70027","1","4/6/2014 12:00:00 AM"
"70028","1","4/6/2014 12:00:00 AM"
"70029","1","4/6/2014 12:00:00 AM"
"70030","1","4/6/2014 12:00:00 AM"
"70031","1","4/6/2014 12:00:00 AM"
"70034","1","4/6/2014 12:00:00 AM"
"70035","1","4/6/2014 12:00:00 AM"
"70036","1","4/6/2014 12:00:00 AM"
"70037","1","4/6/2014 12:00:00 AM"
"70038","1","4/6/2014 12:00:00 AM"
"70039","1","4/6/2014 12:00:00 AM"
"70040","1","4/6/2014 12:00:00 AM"
"70041","1","4/6/2014 12:00:00 AM"
"70041","10","4/6/2014 12:00:00 AM"
"70042","1","4/6/2014 12:00:00 AM"
"70042","10","4/6/2014 12:00:00 AM"
"70043","1","4/6/2014 12:00:00 AM"
"70044","1","4/6/2014 12:00:00 AM"
"70045","1","4/6/2014 12:00:00 AM"
"70046","1","4/6/2014 12:00:00 AM"
"70047","1","4/6/2014 12:00:00 AM"
"70048","1","4/6/2014 12:00:00 AM"
"70049","1","4/6/2014 12:00:00 AM"
"70050","1","4/6/2014 12:00:00 AM"
"70051","1","4/6/2014 12:00:00 AM"
"70052","1","4/6/2014 12:00:00 AM"
"70053","1","4/6/2014 12:00:00 AM"
"70054","6","4/6/2014 12:00:00 AM"
"70055","1","4/6/2014 12:00:00 AM"
"70056","1","4/6/2014 12:00:00 AM"
"70057","1","4/6/2014 12:00:00 AM"
"70058","1","4/6/2014 12:00:00 AM"
"70059","4","4/6/2014 12:00:00 AM"
"70060","1","4/6/2014 12:00:00 AM"
"70061","1","4/6/2014 12:00:00 AM"
"70062","1","4/6/2014 12:00:00 AM"
"70063","1","4/6/2014 12:00:00 AM"
"70064","1","4/6/2014 12:00:00 AM"
"70065","2","4/6/2014 12:00:00 AM"
"70069","2","4/6/2014 12:00:00 AM"
"70070","1","4/6/2014 12:00:00 AM"
"70071","1","4/6/2014 12:00:00 AM"
"70072","1","4/6/2014 12:00:00 AM"
"70073","1","4/6/2014 12:00:00 AM"
"70075","1","4/6/2014 12:00:00 AM"
"70076","1","4/6/2014 12:00:00 AM"
"70077","1","4/6/2014 12:00:00 AM"
"70078","1","4/6/2014 12:00:00 AM"
"70080","1","4/6/2014 12:00:00 AM"
"70082","1","4/6/2014 12:00:00 AM"
"70084","1","4/6/2014 12:00:00 AM"
"70085","5","4/6/2014 12:00:00 AM"
"70087","2","4/6/2014 12:00:00 AM"
"70088","1","4/6/2014 12:00:00 AM"
"70088","2","4/6/2014 12:00:00 AM"
"70089","1","4/7/2014 12:00:00 AM"
"70090","1","4/7/2014 12:00:00 AM"
"70090","10","4/7/2014 12:00:00 AM"
"70091","1","4/7/2014 12:00:00 AM"
"70092","1","4/7/2014 12:00:00 AM"
"70093","1","4/7/2014 12:00:00 AM"
"70094","1","4/7/2014 12:00:00 AM"
"70095","1","4/7/2014 12:00:00 AM"
"70097","1","4/7/2014 12:00:00 AM"
"70098","1","4/7/2014 12:00:00 AM"
"70098","2","4/7/2014 12:00:00 AM"
"70099","4","4/7/2014 12:00:00 AM"
"70100","1","4/7/2014 12:00:00 AM"
"70101","1","4/7/2014 12:00:00 AM"
"70102","1","4/7/2014 12:00:00 AM"
"70103","1","4/7/2014 12:00:00 AM"
"70104","1","4/7/2014 12:00:00 AM"
"70105","1","4/7/2014 12:00:00 AM"
"70106","1","4/7/2014 12:00:00 AM"
"70107","1","4/7/2014 12:00:00 AM"
"70108","1","4/7/2014 12:00:00 AM"
"70109","1","4/7/2014 12:00:00 AM"
"70110","1","4/7/2014 12:00:00 AM"
"70111","1","4/7/2014 12:00:00 AM"
"70112","1","4/7/2014 12:00:00 AM"
"70113","1","4/7/2014 12:00:00 AM"
"70114","6","4/7/2014 12:00:00 AM"
"70115","6","4/7/2014 12:00:00 AM"
"70116","1","4/7/2014 12:00:00 AM"
"70117","1","4/7/2014 12:00:00 AM"
"70118","1","4/7/2014 12:00:00 AM"
"70119","1","4/7/2014 12:00:00 AM"
"70120","1","4/7/2014 12:00:00 AM"
"70121","1","4/7/2014 12:00:00 AM"
"70122","1","4/7/2014 12:00:00 AM"
"70123","1","4/7/2014 12:00:00 AM"
"70124","1","4/7/2014 12:00:00 AM"
"70125","1","4/7/2014 12:00:00 AM"
"70126","1","4/7/2014 12:00:00 AM"
"70127","1","4/7/2014 12:00:00 AM"
"70128","1","4/7/2014 12:00:00 AM"
"70129","1","4/7/2014 12:00:00 AM"
"70130","1","4/7/2014 12:00:00 AM"
"70131","2","4/7/2014 12:00:00 AM"
"70132","1","4/7/2014 12:00:00 AM"
"70132","2","4/7/2014 12:00:00 AM"
"70133","2","4/7/2014 12:00:00 AM"
"70134","1","4/7/2014 12:00:00 AM"
"70135","1","4/7/2014 12:00:00 AM"
"70137","1","4/7/2014 12:00:00 AM"
"70137","2","4/7/2014 12:00:00 AM"
"70138","6","4/7/2014 12:00:00 AM"
"70139","1","4/7/2014 12:00:00 AM"
"70140","1","4/7/2014 12:00:00 AM"
"70141","1","4/7/2014 12:00:00 AM"
"70142","1","4/7/2014 12:00:00 AM"
"70143","1","4/7/2014 12:00:00 AM"
"70143","2","4/7/2014 12:00:00 AM"
"70144","1","4/7/2014 12:00:00 AM"
"70145","1","4/7/2014 12:00:00 AM"
"70147","1","4/7/2014 12:00:00 AM"
"70147","2","4/7/2014 12:00:00 AM"
"70148","1","4/7/2014 12:00:00 AM"
"70149","1","4/7/2014 12:00:00 AM"
"70149","2","4/7/2014 12:00:00 AM"
"70150","1","4/7/2014 12:00:00 AM"
"70150","2","4/7/2014 12:00:00 AM"
"70151","1","4/7/2014 12:00:00 AM"
"70152","2","4/7/2014 12:00:00 AM"
"70153","1","4/7/2014 12:00:00 AM"
"70154","5","4/7/2014 12:00:00 AM"
"70155","1","4/7/2014 12:00:00 AM"
"70158","1","4/7/2014 12:00:00 AM"
"70158","2","4/7/2014 12:00:00 AM"
"70159","1","4/7/2014 12:00:00 AM"
"70160","1","4/7/2014 12:00:00 AM"
"70162","1","4/7/2014 12:00:00 AM"
"70163","1","4/7/2014 12:00:00 AM"
"70163","10","4/7/2014 12:00:00 AM"
"70166","1","4/8/2014 12:00:00 AM"
"70167","1","4/8/2014 12:00:00 AM"
"70168","1","4/8/2014 12:00:00 AM"
"70169","1","4/8/2014 12:00:00 AM"
"70170","1","4/8/2014 12:00:00 AM"
"70171","1","4/8/2014 12:00:00 AM"
"70172","1","4/8/2014 12:00:00 AM"
"70173","1","4/8/2014 12:00:00 AM"
"70174","1","4/8/2014 12:00:00 AM"
"70175","1","4/8/2014 12:00:00 AM"
"70176","1","4/8/2014 12:00:00 AM"
"70177","1","4/8/2014 12:00:00 AM"
"70178","4","4/8/2014 12:00:00 AM"
"70179","1","4/8/2014 12:00:00 AM"
"70180","1","4/8/2014 12:00:00 AM"
"70181","1","4/8/2014 12:00:00 AM"
"70182","6","4/8/2014 12:00:00 AM"
"70183","1","4/8/2014 12:00:00 AM"
"70184","1","4/8/2014 12:00:00 AM"
"70185","1","4/8/2014 12:00:00 AM"
"70186","1","4/8/2014 12:00:00 AM"
"70188","1","4/8/2014 12:00:00 AM"
"70189","1","4/8/2014 12:00:00 AM"
"70190","1","4/8/2014 12:00:00 AM"
"70191","1","4/8/2014 12:00:00 AM"
"70192","1","4/8/2014 12:00:00 AM"
"70193","1","4/8/2014 12:00:00 AM"
"70194","1","4/8/2014 12:00:00 AM"
"70195","1","4/8/2014 12:00:00 AM"
"70196","1","4/8/2014 12:00:00 AM"
"70196","10","4/8/2014 12:00:00 AM"
"70197","1","4/8/2014 12:00:00 AM"
"70198","1","4/8/2014 12:00:00 AM"
"70199","1","4/8/2014 12:00:00 AM"
"70201","1","4/8/2014 12:00:00 AM"
"70202","1","4/8/2014 12:00:00 AM"
"70203","4","4/8/2014 12:00:00 AM"
"70204","1","4/8/2014 12:00:00 AM"
"70204","10","4/8/2014 12:00:00 AM"
"70205","1","4/8/2014 12:00:00 AM"
"70206","1","4/8/2014 12:00:00 AM"
"70207","1","4/8/2014 12:00:00 AM"
"70208","1","4/8/2014 12:00:00 AM"
"70209","1","4/8/2014 12:00:00 AM"
"70210","1","4/8/2014 12:00:00 AM"
"70211","1","4/8/2014 12:00:00 AM"
"70213","2","4/8/2014 12:00:00 AM"
"70214","1","4/8/2014 12:00:00 AM"
"70215","6","4/8/2014 12:00:00 AM"
"70217","1","4/8/2014 12:00:00 AM"
"70218","1","4/8/2014 12:00:00 AM"
"70219","1","4/8/2014 12:00:00 AM"
"70220","1","4/8/2014 12:00:00 AM"
"70221","1","4/8/2014 12:00:00 AM"
"70222","1","4/8/2014 12:00:00 AM"
"70223","1","4/8/2014 12:00:00 AM"
"70225","1","4/8/2014 12:00:00 AM"
"70225","2","4/8/2014 12:00:00 AM"
"70226","1","4/8/2014 12:00:00 AM"
"70227","1","4/8/2014 12:00:00 AM"
"70229","1","4/8/2014 12:00:00 AM"
"70230","1","4/8/2014 12:00:00 AM"
"70230","2","4/8/2014 12:00:00 AM"
"70231","1","4/8/2014 12:00:00 AM"
"70233","5","4/8/2014 12:00:00 AM"
"70234","1","4/8/2014 12:00:00 AM"
"70236","1","4/8/2014 12:00:00 AM"
"70236","2","4/8/2014 12:00:00 AM"
"70237","1","4/8/2014 12:00:00 AM"
"70239","1","4/8/2014 12:00:00 AM"
"70241","6","4/8/2014 12:00:00 AM"
"70243","1","4/8/2014 12:00:00 AM"
"70246","1","4/8/2014 12:00:00 AM"
"70247","1","4/8/2014 12:00:00 AM"
"70248","1","4/9/2014 12:00:00 AM"
"70249","6","4/9/2014 12:00:00 AM"
"70250","4","4/9/2014 12:00:00 AM"
"70251","1","4/9/2014 12:00:00 AM"
"70251","10","4/9/2014 12:00:00 AM"
"70252","4","4/9/2014 12:00:00 AM"
"70253","1","4/9/2014 12:00:00 AM"
"70254","1","4/9/2014 12:00:00 AM"
"70256","1","4/9/2014 12:00:00 AM"
"70257","2","4/9/2014 12:00:00 AM"
"70258","2","4/9/2014 12:00:00 AM"
"70259","1","4/9/2014 12:00:00 AM"
"70259","2","4/9/2014 12:00:00 AM"
"70260","1","4/9/2014 12:00:00 AM"
"70260","2","4/9/2014 12:00:00 AM"
"70261","1","4/9/2014 12:00:00 AM"
"70262","1","4/9/2014 12:00:00 AM"
"70263","1","4/9/2014 12:00:00 AM"
"70264","1","4/9/2014 12:00:00 AM"
"70265","1","4/9/2014 12:00:00 AM"
"70266","1","4/9/2014 12:00:00 AM"
"70266","10","4/9/2014 12:00:00 AM"
"70267","4","4/9/2014 12:00:00 AM"
"70268","1","4/9/2014 12:00:00 AM"
"70269","1","4/9/2014 12:00:00 AM"
"70270","1","4/9/2014 12:00:00 AM"
"70271","1","4/9/2014 12:00:00 AM"
"70272","1","4/9/2014 12:00:00 AM"
"70273","1","4/9/2014 12:00:00 AM"
"70274","1","4/9/2014 12:00:00 AM"
"70275","1","4/9/2014 12:00:00 AM"
"70276","1","4/9/2014 12:00:00 AM"
"70277","1","4/9/2014 12:00:00 AM"
"70278","1","4/9/2014 12:00:00 AM"
"70279","1","4/9/2014 12:00:00 AM"
"70280","1","4/9/2014 12:00:00 AM"
"70281","1","4/9/2014 12:00:00 AM"
"70282","1","4/9/2014 12:00:00 AM"
"70283","1","4/9/2014 12:00:00 AM"
"70284","1","4/9/2014 12:00:00 AM"
"70285","1","4/9/2014 12:00:00 AM"
"70286","1","4/9/2014 12:00:00 AM"
"70287","1","4/9/2014 12:00:00 AM"
"70288","1","4/9/2014 12:00:00 AM"
"70288","10","4/9/2014 12:00:00 AM"
"70289","1","4/9/2014 12:00:00 AM"
"70289","10","4/9/2014 12:00:00 AM"
"70290","1","4/9/2014 12:00:00 AM"
"70291","1","4/9/2014 12:00:00 AM"
"70292","1","4/9/2014 12:00:00 AM"
"70293","1","4/9/2014 12:00:00 AM"
"70293","2","4/9/2014 12:00:00 AM"
"70294","1","4/9/2014 12:00:00 AM"
"70294","2","4/9/2014 12:00:00 AM"
"70295","1","4/9/2014 12:00:00 AM"
"70296","6","4/9/2014 12:00:00 AM"
"70297","1","4/9/2014 12:00:00 AM"
"70299","1","4/9/2014 12:00:00 AM"
"70299","2","4/9/2014 12:00:00 AM"
"70300","1","4/9/2014 12:00:00 AM"
"70301","1","4/9/2014 12:00:00 AM"
"70301","2","4/9/2014 12:00:00 AM"
"70302","1","4/9/2014 12:00:00 AM"
"70304","1","4/9/2014 12:00:00 AM"
"70305","1","4/9/2014 12:00:00 AM"
"70305","2","4/9/2014 12:00:00 AM"
"70306","2","4/9/2014 12:00:00 AM"
"70308","1","4/9/2014 12:00:00 AM"
"70309","1","4/9/2014 12:00:00 AM"
"70310","1","4/9/2014 12:00:00 AM"
"70312","1","4/10/2014 12:00:00 AM"
"70313","1","4/10/2014 12:00:00 AM"
"70314","1","4/10/2014 12:00:00 AM"
"70315","1","4/10/2014 12:00:00 AM"
"70316","1","4/10/2014 12:00:00 AM"
"70317","2","4/10/2014 12:00:00 AM"
"70318","1","4/10/2014 12:00:00 AM"
"70319","1","4/10/2014 12:00:00 AM"
"70320","1","4/10/2014 12:00:00 AM"
"70321","1","4/10/2014 12:00:00 AM"
"70322","1","4/10/2014 12:00:00 AM"
"70324","1","4/10/2014 12:00:00 AM"
"70325","1","4/10/2014 12:00:00 AM"
"70326","1","4/10/2014 12:00:00 AM"
"70327","1","4/10/2014 12:00:00 AM"
"70328","1","4/10/2014 12:00:00 AM"
"70329","4","4/10/2014 12:00:00 AM"
"70329","10","4/10/2014 12:00:00 AM"
"70330","1","4/10/2014 12:00:00 AM"
"70331","1","4/10/2014 12:00:00 AM"
"70331","10","4/10/2014 12:00:00 AM"
"70332","1","4/10/2014 12:00:00 AM"
"70333","1","4/10/2014 12:00:00 AM"
"70334","1","4/10/2014 12:00:00 AM"
"70335","6","4/10/2014 12:00:00 AM"
"70336","1","4/10/2014 12:00:00 AM"
"70337","1","4/10/2014 12:00:00 AM"
"70338","1","4/10/2014 12:00:00 AM"
"70339","1","4/10/2014 12:00:00 AM"
"70340","1","4/10/2014 12:00:00 AM"
"70340","10","4/10/2014 12:00:00 AM"
"70341","4","4/10/2014 12:00:00 AM"
"70341","10","4/10/2014 12:00:00 AM"
"70342","1","4/10/2014 12:00:00 AM"
"70343","1","4/10/2014 12:00:00 AM"
"70344","1","4/10/2014 12:00:00 AM"
"70345","1","4/10/2014 12:00:00 AM"
"70346","1","4/10/2014 12:00:00 AM"
"70347","1","4/10/2014 12:00:00 AM"
"70348","1","4/10/2014 12:00:00 AM"
"70349","2","4/10/2014 12:00:00 AM"
"70350","1","4/10/2014 12:00:00 AM"
"70350","2","4/10/2014 12:00:00 AM"
"70351","1","4/10/2014 12:00:00 AM"
"70352","1","4/10/2014 12:00:00 AM"
"70353","1","4/10/2014 12:00:00 AM"
"70354","1","4/10/2014 12:00:00 AM"
"70355","2","4/10/2014 12:00:00 AM"
"70356","1","4/10/2014 12:00:00 AM"
"70357","1","4/10/2014 12:00:00 AM"
"70358","6","4/10/2014 12:00:00 AM"
"70359","1","4/10/2014 12:00:00 AM"
"70361","1","4/10/2014 12:00:00 AM"
"70362","2","4/10/2014 12:00:00 AM"
"70364","1","4/10/2014 12:00:00 AM"
"70365","1","4/10/2014 12:00:00 AM"
"70365","2","4/10/2014 12:00:00 AM"
"70368","1","4/10/2014 12:00:00 AM"
"70369","1","4/10/2014 12:00:00 AM"
"70369","2","4/10/2014 12:00:00 AM"
"70370","1","4/10/2014 12:00:00 AM"
"70371","1","4/10/2014 12:00:00 AM"
"70372","1","4/10/2014 12:00:00 AM"
"70373","1","4/10/2014 12:00:00 AM"
"70374","1","4/10/2014 12:00:00 AM"
"70375","1","4/10/2014 12:00:00 AM"
"70376","1","4/11/2014 12:00:00 AM"
"70377","1","4/11/2014 12:00:00 AM"
"70378","1","4/11/2014 12:00:00 AM"
"70379","4","4/11/2014 12:00:00 AM"
"70380","1","4/11/2014 12:00:00 AM"
"70381","1","4/11/2014 12:00:00 AM"
"70382","1","4/11/2014 12:00:00 AM"
"70384","5","4/11/2014 12:00:00 AM"
"70384","10","4/11/2014 12:00:00 AM"
"70385","1","4/11/2014 12:00:00 AM"
"70386","1","4/11/2014 12:00:00 AM"
"70387","1","4/11/2014 12:00:00 AM"
"70387","2","4/11/2014 12:00:00 AM"
"70388","4","4/11/2014 12:00:00 AM"
"70389","1","4/11/2014 12:00:00 AM"
"70390","1","4/11/2014 12:00:00 AM"
"70391","1","4/11/2014 12:00:00 AM"
"70392","1","4/11/2014 12:00:00 AM"
"70393","1","4/11/2014 12:00:00 AM"
"70393","10","4/11/2014 12:00:00 AM"
"70394","1","4/11/2014 12:00:00 AM"
"70395","1","4/11/2014 12:00:00 AM"
"70396","1","4/11/2014 12:00:00 AM"
"70397","1","4/11/2014 12:00:00 AM"
"70398","6","4/11/2014 12:00:00 AM"
"70400","1","4/11/2014 12:00:00 AM"
"70401","1","4/11/2014 12:00:00 AM"
"70402","1","4/11/2014 12:00:00 AM"
"70403","1","4/11/2014 12:00:00 AM"
"70404","1","4/11/2014 12:00:00 AM"
"70405","1","4/11/2014 12:00:00 AM"
"70406","4","4/11/2014 12:00:00 AM"
"70407","1","4/11/2014 12:00:00 AM"
"70408","1","4/11/2014 12:00:00 AM"
"70409","1","4/11/2014 12:00:00 AM"
"70410","1","4/11/2014 12:00:00 AM"
"70411","1","4/11/2014 12:00:00 AM"
"70412","1","4/11/2014 12:00:00 AM"
"70413","1","4/11/2014 12:00:00 AM"
"70414","1","4/11/2014 12:00:00 AM"
"70415","1","4/11/2014 12:00:00 AM"
"70416","1","4/11/2014 12:00:00 AM"
"70417","1","4/11/2014 12:00:00 AM"
"70418","1","4/11/2014 12:00:00 AM"
"70419","1","4/11/2014 12:00:00 AM"
"70419","10","4/11/2014 12:00:00 AM"
"70420","1","4/11/2014 12:00:00 AM"
"70420","10","4/11/2014 12:00:00 AM"
"70421","1","4/11/2014 12:00:00 AM"
"70422","1","4/11/2014 12:00:00 AM"
"70423","1","4/11/2014 12:00:00 AM"
"70423","2","4/11/2014 12:00:00 AM"
"70424","1","4/11/2014 12:00:00 AM"
"70425","1","4/11/2014 12:00:00 AM"
"70425","2","4/11/2014 12:00:00 AM"
"70426","1","4/11/2014 12:00:00 AM"
"70427","1","4/11/2014 12:00:00 AM"
"70427","2","4/11/2014 12:00:00 AM"
"70427","10","4/11/2014 12:00:00 AM"
"70428","1","4/11/2014 12:00:00 AM"
"70428","2","4/11/2014 12:00:00 AM"
"70429","2","4/11/2014 12:00:00 AM"
"70431","1","4/11/2014 12:00:00 AM"
"70432","1","4/11/2014 12:00:00 AM"
"70435","5","4/11/2014 12:00:00 AM"
"70436","1","4/11/2014 12:00:00 AM"
"70437","1","4/11/2014 12:00:00 AM"
"70437","2","4/11/2014 12:00:00 AM"
"70438","1","4/11/2014 12:00:00 AM"
"70438","2","4/11/2014 12:00:00 AM"
"70439","1","4/11/2014 12:00:00 AM"
"70440","1","4/11/2014 12:00:00 AM"
"70440","10","4/11/2014 12:00:00 AM"
"70441","1","4/11/2014 12:00:00 AM"
"70442","1","4/11/2014 12:00:00 AM"
"70443","1","4/11/2014 12:00:00 AM"
"70443","2","4/11/2014 12:00:00 AM"
"70444","1","4/11/2014 12:00:00 AM"
"70445","1","4/11/2014 12:00:00 AM"
"70446","1","4/11/2014 12:00:00 AM"
"70446","2","4/11/2014 12:00:00 AM"
"70448","1","4/11/2014 12:00:00 AM"
"70449","1","4/11/2014 12:00:00 AM"
"70450","1","4/11/2014 12:00:00 AM"
"70451","1","4/11/2014 12:00:00 AM"
"70451","2","4/11/2014 12:00:00 AM"
"70452","1","4/11/2014 12:00:00 AM"
"70452","2","4/11/2014 12:00:00 AM"
"70452","10","4/11/2014 12:00:00 AM"
"70453","1","4/12/2014 12:00:00 AM"
"70454","1","4/12/2014 12:00:00 AM"
"70455","1","4/12/2014 12:00:00 AM"
"70456","1","4/12/2014 12:00:00 AM"
"70456","10","4/12/2014 12:00:00 AM"
"70457","1","4/12/2014 12:00:00 AM"
"70458","1","4/12/2014 12:00:00 AM"
"70459","1","4/12/2014 12:00:00 AM"
"70460","1","4/12/2014 12:00:00 AM"
"70463","1","4/12/2014 12:00:00 AM"
"70464","1","4/12/2014 12:00:00 AM"
"70465","1","4/12/2014 12:00:00 AM"
"70466","1","4/12/2014 12:00:00 AM"
"70467","1","4/12/2014 12:00:00 AM"
"70467","2","4/12/2014 12:00:00 AM"
"70468","1","4/12/2014 12:00:00 AM"
"70468","2","4/12/2014 12:00:00 AM"
"70469","4","4/12/2014 12:00:00 AM"
"70470","1","4/12/2014 12:00:00 AM"
"70471","1","4/12/2014 12:00:00 AM"
"70472","1","4/12/2014 12:00:00 AM"
"70473","1","4/12/2014 12:00:00 AM"
"70474","1","4/12/2014 12:00:00 AM"
"70476","1","4/12/2014 12:00:00 AM"
"70477","1","4/12/2014 12:00:00 AM"
"70477","10","4/12/2014 12:00:00 AM"
"70478","1","4/12/2014 12:00:00 AM"
"70479","1","4/12/2014 12:00:00 AM"
"70480","1","4/12/2014 12:00:00 AM"
"70481","1","4/12/2014 12:00:00 AM"
"70482","1","4/12/2014 12:00:00 AM"
"70483","1","4/12/2014 12:00:00 AM"
"70484","1","4/12/2014 12:00:00 AM"
"70485","1","4/12/2014 12:00:00 AM"
"70486","1","4/12/2014 12:00:00 AM"
"70487","1","4/12/2014 12:00:00 AM"
"70488","1","4/12/2014 12:00:00 AM"
"70489","1","4/12/2014 12:00:00 AM"
"70490","1","4/12/2014 12:00:00 AM"
"70491","1","4/12/2014 12:00:00 AM"
"70492","1","4/12/2014 12:00:00 AM"
"70493","1","4/12/2014 12:00:00 AM"
"70494","1","4/12/2014 12:00:00 AM"
"70495","1","4/12/2014 12:00:00 AM"
"70496","4","4/12/2014 12:00:00 AM"
"70497","1","4/12/2014 12:00:00 AM"
"70498","1","4/12/2014 12:00:00 AM"
"70499","1","4/12/2014 12:00:00 AM"
"70499","10","4/12/2014 12:00:00 AM"
"70500","4","4/12/2014 12:00:00 AM"
"70501","2","4/12/2014 12:00:00 AM"
"70502","1","4/12/2014 12:00:00 AM"
"70502","2","4/12/2014 12:00:00 AM"
"70504","2","4/12/2014 12:00:00 AM"
"70505","2","4/12/2014 12:00:00 AM"
"70506","1","4/12/2014 12:00:00 AM"
"70508","2","4/12/2014 12:00:00 AM"
"70509","6","4/12/2014 12:00:00 AM"
"70512","1","4/12/2014 12:00:00 AM"
"70514","1","4/12/2014 12:00:00 AM"
"70514","2","4/12/2014 12:00:00 AM"
"70515","1","4/12/2014 12:00:00 AM"
"70516","1","4/12/2014 12:00:00 AM"
"70517","1","4/12/2014 12:00:00 AM"
"70518","1","4/12/2014 12:00:00 AM"
"70518","10","4/12/2014 12:00:00 AM"
"70520","6","4/12/2014 12:00:00 AM"
"70521","2","4/12/2014 12:00:00 AM"
"70522","1","4/12/2014 12:00:00 AM"
"70523","2","4/13/2014 12:00:00 AM"
"70524","6","4/13/2014 12:00:00 AM"
"70525","6","4/13/2014 12:00:00 AM"
"70526","1","4/13/2014 12:00:00 AM"
"70527","1","4/13/2014 12:00:00 AM"
"70528","1","4/13/2014 12:00:00 AM"
"70529","4","4/13/2014 12:00:00 AM"
"70530","1","4/13/2014 12:00:00 AM"
"70531","6","4/13/2014 12:00:00 AM"
"70532","1","4/13/2014 12:00:00 AM"
"70533","1","4/13/2014 12:00:00 AM"
"70534","1","4/13/2014 12:00:00 AM"
"70534","10","4/13/2014 12:00:00 AM"
"70535","1","4/13/2014 12:00:00 AM"
"70536","1","4/13/2014 12:00:00 AM"
"70537","1","4/13/2014 12:00:00 AM"
"70538","1","4/13/2014 12:00:00 AM"
"70539","1","4/13/2014 12:00:00 AM"
"70540","1","4/13/2014 12:00:00 AM"
"70540","10","4/13/2014 12:00:00 AM"
"70541","1","4/13/2014 12:00:00 AM"
"70542","6","4/13/2014 12:00:00 AM"
"70543","1","4/13/2014 12:00:00 AM"
"70544","1","4/13/2014 12:00:00 AM"
"70545","1","4/13/2014 12:00:00 AM"
"70546","1","4/13/2014 12:00:00 AM"
"70547","1","4/13/2014 12:00:00 AM"
"70548","1","4/13/2014 12:00:00 AM"
"70548","10","4/13/2014 12:00:00 AM"
"70549","1","4/13/2014 12:00:00 AM"
"70549","10","4/13/2014 12:00:00 AM"
"70550","1","4/13/2014 12:00:00 AM"
"70552","1","4/13/2014 12:00:00 AM"
"70553","1","4/13/2014 12:00:00 AM"
"70554","1","4/13/2014 12:00:00 AM"
"70555","1","4/13/2014 12:00:00 AM"
"70556","1","4/13/2014 12:00:00 AM"
"70556","10","4/13/2014 12:00:00 AM"
"70557","1","4/13/2014 12:00:00 AM"
"70558","1","4/13/2014 12:00:00 AM"
"70558","10","4/13/2014 12:00:00 AM"
"70559","1","4/13/2014 12:00:00 AM"
"70560","1","4/13/2014 12:00:00 AM"
"70561","1","4/13/2014 12:00:00 AM"
"70562","1","4/13/2014 12:00:00 AM"
"70562","10","4/13/2014 12:00:00 AM"
"70563","1","4/13/2014 12:00:00 AM"
"70564","1","4/13/2014 12:00:00 AM"
"70564","2","4/13/2014 12:00:00 AM"
"70565","1","4/13/2014 12:00:00 AM"
"70566","1","4/13/2014 12:00:00 AM"
"70566","2","4/13/2014 12:00:00 AM"
"70568","1","4/13/2014 12:00:00 AM"
"70570","1","4/13/2014 12:00:00 AM"
"70571","1","4/13/2014 12:00:00 AM"
"70572","1","4/13/2014 12:00:00 AM"
"70574","1","4/13/2014 12:00:00 AM"
"70577","1","4/13/2014 12:00:00 AM"
"70579","2","4/13/2014 12:00:00 AM"
"70581","1","4/13/2014 12:00:00 AM"
"70582","1","4/13/2014 12:00:00 AM"
"70585","1","4/13/2014 12:00:00 AM"
"70587","1","4/13/2014 12:00:00 AM"
"70588","1","4/13/2014 12:00:00 AM"
"70590","1","4/13/2014 12:00:00 AM"
"70593","1","4/13/2014 12:00:00 AM"
"70593","2","4/13/2014 12:00:00 AM"
"70594","1","4/13/2014 12:00:00 AM"
"70594","2","4/13/2014 12:00:00 AM"
"70596","2","4/13/2014 12:00:00 AM"
"70597","1","4/13/2014 12:00:00 AM"
"70598","1","4/14/2014 12:00:00 AM"
"70599","1","4/14/2014 12:00:00 AM"
"70600","1","4/14/2014 12:00:00 AM"
"70602","2","4/14/2014 12:00:00 AM"
"70604","1","4/14/2014 12:00:00 AM"
"70604","2","4/14/2014 12:00:00 AM"
"70605","4","4/14/2014 12:00:00 AM"
"70606","1","4/14/2014 12:00:00 AM"
"70607","1","4/14/2014 12:00:00 AM"
"70608","1","4/14/2014 12:00:00 AM"
"70609","1","4/14/2014 12:00:00 AM"
"70609","10","4/14/2014 12:00:00 AM"
"70611","1","4/14/2014 12:00:00 AM"
"70612","1","4/14/2014 12:00:00 AM"
"70613","1","4/14/2014 12:00:00 AM"
"70614","1","4/14/2014 12:00:00 AM"
"70615","4","4/14/2014 12:00:00 AM"
"70615","10","4/14/2014 12:00:00 AM"
"70616","1","4/14/2014 12:00:00 AM"
"70617","4","4/14/2014 12:00:00 AM"
"70617","10","4/14/2014 12:00:00 AM"
"70618","1","4/14/2014 12:00:00 AM"
"70619","1","4/14/2014 12:00:00 AM"
"70620","1","4/14/2014 12:00:00 AM"
"70621","1","4/14/2014 12:00:00 AM"
"70622","1","4/14/2014 12:00:00 AM"
"70623","1","4/14/2014 12:00:00 AM"
"70624","1","4/14/2014 12:00:00 AM"
"70625","1","4/14/2014 12:00:00 AM"
"70626","1","4/14/2014 12:00:00 AM"
"70627","1","4/14/2014 12:00:00 AM"
"70628","1","4/14/2014 12:00:00 AM"
"70629","1","4/14/2014 12:00:00 AM"
"70630","1","4/14/2014 12:00:00 AM"
"70631","1","4/14/2014 12:00:00 AM"
"70632","1","4/14/2014 12:00:00 AM"
"70633","1","4/14/2014 12:00:00 AM"
"70634","1","4/14/2014 12:00:00 AM"
"70634","10","4/14/2014 12:00:00 AM"
"70635","1","4/14/2014 12:00:00 AM"
"70636","1","4/14/2014 12:00:00 AM"
"70637","2","4/14/2014 12:00:00 AM"
"70638","1","4/14/2014 12:00:00 AM"
"70639","1","4/14/2014 12:00:00 AM"
"70640","1","4/14/2014 12:00:00 AM"
"70641","1","4/14/2014 12:00:00 AM"
"70642","1","4/14/2014 12:00:00 AM"
"70643","2","4/14/2014 12:00:00 AM"
"70644","1","4/14/2014 12:00:00 AM"
"70645","1","4/14/2014 12:00:00 AM"
"70646","1","4/14/2014 12:00:00 AM"
"70648","1","4/14/2014 12:00:00 AM"
"70650","6","4/14/2014 12:00:00 AM"
"70651","2","4/14/2014 12:00:00 AM"
"70653","1","4/14/2014 12:00:00 AM"
"70653","2","4/14/2014 12:00:00 AM"
"70654","1","4/14/2014 12:00:00 AM"
"70656","1","4/14/2014 12:00:00 AM"
"70658","1","4/14/2014 12:00:00 AM"
"70660","1","4/14/2014 12:00:00 AM"
"70662","1","4/14/2014 12:00:00 AM"
"70662","2","4/14/2014 12:00:00 AM"
"70663","1","4/14/2014 12:00:00 AM"
"70664","1","4/14/2014 12:00:00 AM"
"70667","1","4/14/2014 12:00:00 AM"
"70668","1","4/14/2014 12:00:00 AM"
"70670","1","4/14/2014 12:00:00 AM"
"70671","2","4/14/2014 12:00:00 AM"
"70674","1","4/15/2014 12:00:00 AM"
"70675","1","4/15/2014 12:00:00 AM"
"70676","6","4/15/2014 12:00:00 AM"
"70677","1","4/15/2014 12:00:00 AM"
"70678","4","4/15/2014 12:00:00 AM"
"70679","1","4/15/2014 12:00:00 AM"
"70680","1","4/15/2014 12:00:00 AM"
"70680","10","4/15/2014 12:00:00 AM"
"70681","1","4/15/2014 12:00:00 AM"
"70682","1","4/15/2014 12:00:00 AM"
"70682","2","4/15/2014 12:00:00 AM"
"70683","1","4/15/2014 12:00:00 AM"
"70683","2","4/15/2014 12:00:00 AM"
"70684","1","4/15/2014 12:00:00 AM"
"70685","1","4/15/2014 12:00:00 AM"
"70686","1","4/15/2014 12:00:00 AM"
"70687","1","4/15/2014 12:00:00 AM"
"70688","1","4/15/2014 12:00:00 AM"
"70689","1","4/15/2014 12:00:00 AM"
"70690","1","4/15/2014 12:00:00 AM"
"70691","1","4/15/2014 12:00:00 AM"
"70692","1","4/15/2014 12:00:00 AM"
"70693","1","4/15/2014 12:00:00 AM"
"70694","1","4/15/2014 12:00:00 AM"
"70695","1","4/15/2014 12:00:00 AM"
"70696","1","4/15/2014 12:00:00 AM"
"70697","1","4/15/2014 12:00:00 AM"
"70698","1","4/15/2014 12:00:00 AM"
"70699","1","4/15/2014 12:00:00 AM"
"70701","1","4/15/2014 12:00:00 AM"
"70702","1","4/15/2014 12:00:00 AM"
"70703","1","4/15/2014 12:00:00 AM"
"70704","1","4/15/2014 12:00:00 AM"
"70705","1","4/15/2014 12:00:00 AM"
"70706","1","4/15/2014 12:00:00 AM"
"70707","1","4/15/2014 12:00:00 AM"
"70708","4","4/15/2014 12:00:00 AM"
"70709","1","4/15/2014 12:00:00 AM"
"70710","1","4/15/2014 12:00:00 AM"
"70711","1","4/15/2014 12:00:00 AM"
"70712","1","4/15/2014 12:00:00 AM"
"70712","2","4/15/2014 12:00:00 AM"
"70713","1","4/15/2014 12:00:00 AM"
"70714","1","4/15/2014 12:00:00 AM"
"70715","1","4/15/2014 12:00:00 AM"
"70716","2","4/15/2014 12:00:00 AM"
"70717","1","4/15/2014 12:00:00 AM"
"70718","1","4/15/2014 12:00:00 AM"
"70719","1","4/15/2014 12:00:00 AM"
"70721","1","4/15/2014 12:00:00 AM"
"70722","1","4/15/2014 12:00:00 AM"
"70723","1","4/15/2014 12:00:00 AM"
"70725","1","4/15/2014 12:00:00 AM"
"70726","6","4/15/2014 12:00:00 AM"
"70729","1","4/15/2014 12:00:00 AM"
"70730","2","4/15/2014 12:00:00 AM"
"70731","1","4/15/2014 12:00:00 AM"
"70732","1","4/15/2014 12:00:00 AM"
"70737","1","4/15/2014 12:00:00 AM"
"70741","6","4/15/2014 12:00:00 AM"
"70744","1","4/15/2014 12:00:00 AM"
"70746","1","4/15/2014 12:00:00 AM"
"70746","2","4/15/2014 12:00:00 AM"
"70747","1","4/15/2014 12:00:00 AM"
"70748","1","4/15/2014 12:00:00 AM"
"70748","2","4/15/2014 12:00:00 AM"
"70749","2","4/15/2014 12:00:00 AM"
"70752","1","4/16/2014 12:00:00 AM"
"70752","2","4/16/2014 12:00:00 AM"
"70753","1","4/16/2014 12:00:00 AM"
"70754","1","4/16/2014 12:00:00 AM"
"70755","4","4/16/2014 12:00:00 AM"
"70756","1","4/16/2014 12:00:00 AM"
"70756","10","4/16/2014 12:00:00 AM"
"70757","1","4/16/2014 12:00:00 AM"
"70758","1","4/16/2014 12:00:00 AM"
"70759","4","4/16/2014 12:00:00 AM"
"70760","1","4/16/2014 12:00:00 AM"
"70761","1","4/16/2014 12:00:00 AM"
"70762","1","4/16/2014 12:00:00 AM"
"70763","1","4/16/2014 12:00:00 AM"
"70764","1","4/16/2014 12:00:00 AM"
"70765","1","4/16/2014 12:00:00 AM"
"70766","1","4/16/2014 12:00:00 AM"
"70767","1","4/16/2014 12:00:00 AM"
"70768","4","4/16/2014 12:00:00 AM"
"70769","1","4/16/2014 12:00:00 AM"
"70771","4","4/16/2014 12:00:00 AM"
"70772","1","4/16/2014 12:00:00 AM"
"70773","1","4/16/2014 12:00:00 AM"
"70774","1","4/16/2014 12:00:00 AM"
"70775","1","4/16/2014 12:00:00 AM"
"70776","1","4/16/2014 12:00:00 AM"
"70777","1","4/16/2014 12:00:00 AM"
"70778","1","4/16/2014 12:00:00 AM"
"70779","1","4/16/2014 12:00:00 AM"
"70780","1","4/16/2014 12:00:00 AM"
"70780","10","4/16/2014 12:00:00 AM"
"70781","1","4/16/2014 12:00:00 AM"
"70782","1","4/16/2014 12:00:00 AM"
"70783","4","4/16/2014 12:00:00 AM"
"70783","10","4/16/2014 12:00:00 AM"
"70784","1","4/16/2014 12:00:00 AM"
"70784","10","4/16/2014 12:00:00 AM"
"70785","1","4/16/2014 12:00:00 AM"
"70786","1","4/16/2014 12:00:00 AM"
"70787","1","4/16/2014 12:00:00 AM"
"70787","10","4/16/2014 12:00:00 AM"
"70788","1","4/16/2014 12:00:00 AM"
"70788","10","4/16/2014 12:00:00 AM"
"70789","1","4/16/2014 12:00:00 AM"
"70790","1","4/16/2014 12:00:00 AM"
"70791","1","4/16/2014 12:00:00 AM"
"70792","1","4/16/2014 12:00:00 AM"
"70793","1","4/16/2014 12:00:00 AM"
"70794","1","4/16/2014 12:00:00 AM"
"70795","1","4/16/2014 12:00:00 AM"
"70796","1","4/16/2014 12:00:00 AM"
"70797","1","4/16/2014 12:00:00 AM"
"70797","2","4/16/2014 12:00:00 AM"
"70798","1","4/16/2014 12:00:00 AM"
"70800","1","4/16/2014 12:00:00 AM"
"70801","1","4/16/2014 12:00:00 AM"
"70801","2","4/16/2014 12:00:00 AM"
"70802","2","4/16/2014 12:00:00 AM"
"70803","6","4/16/2014 12:00:00 AM"
"70804","1","4/16/2014 12:00:00 AM"
"70805","6","4/16/2014 12:00:00 AM"
"70806","2","4/16/2014 12:00:00 AM"
"70807","2","4/16/2014 12:00:00 AM"
"70809","1","4/16/2014 12:00:00 AM"
"70809","2","4/16/2014 12:00:00 AM"
"70810","1","4/16/2014 12:00:00 AM"
"70811","1","4/16/2014 12:00:00 AM"
"70814","1","4/16/2014 12:00:00 AM"
"70814","2","4/16/2014 12:00:00 AM"
"70819","1","4/16/2014 12:00:00 AM"
"70820","1","4/16/2014 12:00:00 AM"
"70821","1","4/16/2014 12:00:00 AM"
"70823","1","4/17/2014 12:00:00 AM"
"70824","1","4/17/2014 12:00:00 AM"
"70825","1","4/17/2014 12:00:00 AM"
"70825","10","4/17/2014 12:00:00 AM"
"70826","1","4/17/2014 12:00:00 AM"
"70827","1","4/17/2014 12:00:00 AM"
"70828","1","4/17/2014 12:00:00 AM"
"70829","1","4/17/2014 12:00:00 AM"
"70830","1","4/17/2014 12:00:00 AM"
"70831","6","4/17/2014 12:00:00 AM"
"70832","4","4/17/2014 12:00:00 AM"
"70833","1","4/17/2014 12:00:00 AM"
"70834","1","4/17/2014 12:00:00 AM"
"70835","1","4/17/2014 12:00:00 AM"
"70836","6","4/17/2014 12:00:00 AM"
"70837","6","4/17/2014 12:00:00 AM"
"70838","1","4/17/2014 12:00:00 AM"
"70839","1","4/17/2014 12:00:00 AM"
"70840","1","4/17/2014 12:00:00 AM"
"70841","1","4/17/2014 12:00:00 AM"
"70842","1","4/17/2014 12:00:00 AM"
"70843","1","4/17/2014 12:00:00 AM"
"70844","1","4/17/2014 12:00:00 AM"
"70845","1","4/17/2014 12:00:00 AM"
"70846","1","4/17/2014 12:00:00 AM"
"70847","1","4/17/2014 12:00:00 AM"
"70848","1","4/17/2014 12:00:00 AM"
"70848","2","4/17/2014 12:00:00 AM"
"70850","1","4/17/2014 12:00:00 AM"
"70851","1","4/17/2014 12:00:00 AM"
"70852","1","4/17/2014 12:00:00 AM"
"70852","2","4/17/2014 12:00:00 AM"
"70853","1","4/17/2014 12:00:00 AM"
"70854","1","4/17/2014 12:00:00 AM"
"70854","2","4/17/2014 12:00:00 AM"
"70855","1","4/17/2014 12:00:00 AM"
"70856","1","4/17/2014 12:00:00 AM"
"70857","5","4/17/2014 12:00:00 AM"
"70858","1","4/17/2014 12:00:00 AM"
"70859","1","4/17/2014 12:00:00 AM"
"70860","1","4/17/2014 12:00:00 AM"
"70862","1","4/17/2014 12:00:00 AM"
"70863","1","4/17/2014 12:00:00 AM"
"70864","1","4/17/2014 12:00:00 AM"
"70865","1","4/17/2014 12:00:00 AM"
"70867","1","4/17/2014 12:00:00 AM"
"70867","2","4/17/2014 12:00:00 AM"
"70867","10","4/17/2014 12:00:00 AM"
"70868","1","4/17/2014 12:00:00 AM"
"70868","2","4/17/2014 12:00:00 AM"
"70869","1","4/17/2014 12:00:00 AM"
"70870","1","4/17/2014 12:00:00 AM"
"70870","2","4/17/2014 12:00:00 AM"
"70871","1","4/17/2014 12:00:00 AM"
"70871","2","4/17/2014 12:00:00 AM"
"70872","6","4/17/2014 12:00:00 AM"
"70873","6","4/18/2014 12:00:00 AM"
"70874","1","4/18/2014 12:00:00 AM"
"70875","1","4/18/2014 12:00:00 AM"
"70876","1","4/18/2014 12:00:00 AM"
"70877","1","4/18/2014 12:00:00 AM"
"70878","1","4/18/2014 12:00:00 AM"
"70879","1","4/18/2014 12:00:00 AM"
"70880","1","4/18/2014 12:00:00 AM"
"70881","1","4/18/2014 12:00:00 AM"
"70881","2","4/18/2014 12:00:00 AM"
"70882","1","4/18/2014 12:00:00 AM"
"70883","1","4/18/2014 12:00:00 AM"
"70884","1","4/18/2014 12:00:00 AM"
"70885","1","4/18/2014 12:00:00 AM"
"70886","1","4/18/2014 12:00:00 AM"
"70887","1","4/18/2014 12:00:00 AM"
"70888","1","4/18/2014 12:00:00 AM"
"70889","1","4/18/2014 12:00:00 AM"
"70889","10","4/18/2014 12:00:00 AM"
"70890","1","4/18/2014 12:00:00 AM"
"70891","1","4/18/2014 12:00:00 AM"
"70892","1","4/18/2014 12:00:00 AM"
"70893","1","4/18/2014 12:00:00 AM"
"70894","1","4/18/2014 12:00:00 AM"
"70895","6","4/18/2014 12:00:00 AM"
"70896","1","4/18/2014 12:00:00 AM"
"70897","1","4/18/2014 12:00:00 AM"
"70898","1","4/18/2014 12:00:00 AM"
"70899","1","4/18/2014 12:00:00 AM"
"70900","1","4/18/2014 12:00:00 AM"
"70901","1","4/18/2014 12:00:00 AM"
"70902","1","4/18/2014 12:00:00 AM"
"70903","1","4/18/2014 12:00:00 AM"
"70904","1","4/18/2014 12:00:00 AM"
"70905","1","4/18/2014 12:00:00 AM"
"70906","1","4/18/2014 12:00:00 AM"
"70907","1","4/18/2014 12:00:00 AM"
"70908","1","4/18/2014 12:00:00 AM"
"70909","1","4/18/2014 12:00:00 AM"
"70910","1","4/18/2014 12:00:00 AM"
"70911","1","4/18/2014 12:00:00 AM"
"70911","2","4/18/2014 12:00:00 AM"
"70912","1","4/18/2014 12:00:00 AM"
"70913","1","4/18/2014 12:00:00 AM"
"70913","2","4/18/2014 12:00:00 AM"
"70914","1","4/18/2014 12:00:00 AM"
"70915","1","4/18/2014 12:00:00 AM"
"70916","1","4/18/2014 12:00:00 AM"
"70917","1","4/18/2014 12:00:00 AM"
"70918","2","4/18/2014 12:00:00 AM"
"70920","1","4/18/2014 12:00:00 AM"
"70921","1","4/18/2014 12:00:00 AM"
"70921","10","4/18/2014 12:00:00 AM"
"70922","2","4/18/2014 12:00:00 AM"
"70923","2","4/18/2014 12:00:00 AM"
"70925","1","4/18/2014 12:00:00 AM"
"70925","2","4/18/2014 12:00:00 AM"
"70926","1","4/18/2014 12:00:00 AM"
"70926","2","4/18/2014 12:00:00 AM"
"70927","1","4/18/2014 12:00:00 AM"
"70928","6","4/18/2014 12:00:00 AM"
"70929","2","4/18/2014 12:00:00 AM"
"70930","1","4/18/2014 12:00:00 AM"
"70931","1","4/18/2014 12:00:00 AM"
"70932","2","4/18/2014 12:00:00 AM"
"70933","1","4/18/2014 12:00:00 AM"
"70934","1","4/18/2014 12:00:00 AM"
"70934","2","4/18/2014 12:00:00 AM"
"70935","1","4/18/2014 12:00:00 AM"
"70937","1","4/18/2014 12:00:00 AM"
"70937","2","4/18/2014 12:00:00 AM"
"70938","2","4/18/2014 12:00:00 AM"
"70939","6","4/18/2014 12:00:00 AM"
"70940","1","4/18/2014 12:00:00 AM"
"70940","2","4/18/2014 12:00:00 AM"
"70940","10","4/18/2014 12:00:00 AM"
"70941","1","4/19/2014 12:00:00 AM"
"70942","1","4/19/2014 12:00:00 AM"
"70943","1","4/19/2014 12:00:00 AM"
"70944","1","4/19/2014 12:00:00 AM"
"70945","1","4/19/2014 12:00:00 AM"
"70946","4","4/19/2014 12:00:00 AM"
"70947","1","4/19/2014 12:00:00 AM"
"70947","10","4/19/2014 12:00:00 AM"
"70948","1","4/19/2014 12:00:00 AM"
"70949","1","4/19/2014 12:00:00 AM"
"70950","1","4/19/2014 12:00:00 AM"
"70951","1","4/19/2014 12:00:00 AM"
"70952","1","4/19/2014 12:00:00 AM"
"70954","1","4/19/2014 12:00:00 AM"
"70955","1","4/19/2014 12:00:00 AM"
"70957","1","4/19/2014 12:00:00 AM"
"70958","1","4/19/2014 12:00:00 AM"
"70959","4","4/19/2014 12:00:00 AM"
"70959","10","4/19/2014 12:00:00 AM"
"70960","1","4/19/2014 12:00:00 AM"
"70961","1","4/19/2014 12:00:00 AM"
"70963","1","4/19/2014 12:00:00 AM"
"70964","1","4/19/2014 12:00:00 AM"
"70965","1","4/19/2014 12:00:00 AM"
"70966","1","4/19/2014 12:00:00 AM"
"70967","1","4/19/2014 12:00:00 AM"
"70968","1","4/19/2014 12:00:00 AM"
"70969","1","4/19/2014 12:00:00 AM"
"70970","1","4/19/2014 12:00:00 AM"
"70971","1","4/19/2014 12:00:00 AM"
"70972","1","4/19/2014 12:00:00 AM"
"70973","1","4/19/2014 12:00:00 AM"
"70974","1","4/19/2014 12:00:00 AM"
"70975","1","4/19/2014 12:00:00 AM"
"70976","1","4/19/2014 12:00:00 AM"
"70977","1","4/19/2014 12:00:00 AM"
"70978","1","4/19/2014 12:00:00 AM"
"70978","10","4/19/2014 12:00:00 AM"
"70979","1","4/19/2014 12:00:00 AM"
"70979","10","4/19/2014 12:00:00 AM"
"70980","1","4/19/2014 12:00:00 AM"
"70981","4","4/19/2014 12:00:00 AM"
"70982","1","4/19/2014 12:00:00 AM"
"70983","1","4/19/2014 12:00:00 AM"
"70984","1","4/19/2014 12:00:00 AM"
"70985","1","4/19/2014 12:00:00 AM"
"70986","1","4/19/2014 12:00:00 AM"
"70987","2","4/19/2014 12:00:00 AM"
"70988","1","4/19/2014 12:00:00 AM"
"70988","2","4/19/2014 12:00:00 AM"
"70989","1","4/19/2014 12:00:00 AM"
"70990","1","4/19/2014 12:00:00 AM"
"70991","1","4/19/2014 12:00:00 AM"
"70992","1","4/19/2014 12:00:00 AM"
"70993","2","4/19/2014 12:00:00 AM"
"70994","1","4/19/2014 12:00:00 AM"
"70995","1","4/19/2014 12:00:00 AM"
"70996","2","4/19/2014 12:00:00 AM"
"70997","1","4/19/2014 12:00:00 AM"
"70998","5","4/19/2014 12:00:00 AM"
"70999","2","4/19/2014 12:00:00 AM"
"71002","1","4/19/2014 12:00:00 AM"
"71003","6","4/19/2014 12:00:00 AM"
"71005","1","4/19/2014 12:00:00 AM"
"71005","2","4/19/2014 12:00:00 AM"
"71007","5","4/19/2014 12:00:00 AM"
"71009","1","4/19/2014 12:00:00 AM"
"71010","1","4/19/2014 12:00:00 AM"
"71012","1","4/19/2014 12:00:00 AM"
"71013","1","4/19/2014 12:00:00 AM"
"71014","1","4/19/2014 12:00:00 AM"
"71015","1","4/19/2014 12:00:00 AM"
"71017","1","4/19/2014 12:00:00 AM"
"71017","2","4/19/2014 12:00:00 AM"
"71017","10","4/19/2014 12:00:00 AM"
"71018","1","4/19/2014 12:00:00 AM"
"71018","2","4/19/2014 12:00:00 AM"
"71022","6","4/19/2014 12:00:00 AM"
"71023","1","4/19/2014 12:00:00 AM"
"71023","2","4/19/2014 12:00:00 AM"
"71024","1","4/20/2014 12:00:00 AM"
"71024","2","4/20/2014 12:00:00 AM"
"71025","1","4/20/2014 12:00:00 AM"
"71026","1","4/20/2014 12:00:00 AM"
"71027","1","4/20/2014 12:00:00 AM"
"71027","10","4/20/2014 12:00:00 AM"
"71028","1","4/20/2014 12:00:00 AM"
"71029","1","4/20/2014 12:00:00 AM"
"71030","1","4/20/2014 12:00:00 AM"
"71030","2","4/20/2014 12:00:00 AM"
"71031","1","4/20/2014 12:00:00 AM"
"71032","1","4/20/2014 12:00:00 AM"
"71033","1","4/20/2014 12:00:00 AM"
"71034","1","4/20/2014 12:00:00 AM"
"71035","1","4/20/2014 12:00:00 AM"
"71036","1","4/20/2014 12:00:00 AM"
"71037","1","4/20/2014 12:00:00 AM"
"71038","1","4/20/2014 12:00:00 AM"
"71038","10","4/20/2014 12:00:00 AM"
"71039","1","4/20/2014 12:00:00 AM"
"71040","1","4/20/2014 12:00:00 AM"
"71041","1","4/20/2014 12:00:00 AM"
"71042","1","4/20/2014 12:00:00 AM"
"71043","1","4/20/2014 12:00:00 AM"
"71044","1","4/20/2014 12:00:00 AM"
"71045","1","4/20/2014 12:00:00 AM"
"71046","1","4/20/2014 12:00:00 AM"
"71047","1","4/20/2014 12:00:00 AM"
"71047","10","4/20/2014 12:00:00 AM"
"71048","1","4/20/2014 12:00:00 AM"
"71049","1","4/20/2014 12:00:00 AM"
"71050","1","4/20/2014 12:00:00 AM"
"71051","1","4/20/2014 12:00:00 AM"
"71051","10","4/20/2014 12:00:00 AM"
"71052","1","4/20/2014 12:00:00 AM"
"71053","1","4/20/2014 12:00:00 AM"
"71054","1","4/20/2014 12:00:00 AM"
"71055","1","4/20/2014 12:00:00 AM"
"71056","1","4/20/2014 12:00:00 AM"
"71057","1","4/20/2014 12:00:00 AM"
"71057","10","4/20/2014 12:00:00 AM"
"71058","1","4/20/2014 12:00:00 AM"
"71060","1","4/20/2014 12:00:00 AM"
"71061","1","4/20/2014 12:00:00 AM"
"71062","1","4/20/2014 12:00:00 AM"
"71063","1","4/20/2014 12:00:00 AM"
"71065","2","4/20/2014 12:00:00 AM"
"71066","1","4/20/2014 12:00:00 AM"
"71067","1","4/20/2014 12:00:00 AM"
"71073","2","4/20/2014 12:00:00 AM"
"71074","1","4/20/2014 12:00:00 AM"
"71075","1","4/20/2014 12:00:00 AM"
"71076","1","4/20/2014 12:00:00 AM"
"71077","1","4/20/2014 12:00:00 AM"
"71077","2","4/20/2014 12:00:00 AM"
"71078","1","4/20/2014 12:00:00 AM"
"71079","1","4/20/2014 12:00:00 AM"
"71079","2","4/20/2014 12:00:00 AM"
"71082","1","4/20/2014 12:00:00 AM"
"71084","1","4/20/2014 12:00:00 AM"
"71086","1","4/20/2014 12:00:00 AM"
"71087","1","4/20/2014 12:00:00 AM"
"71088","1","4/20/2014 12:00:00 AM"
"71089","1","4/20/2014 12:00:00 AM"
"71089","2","4/20/2014 12:00:00 AM"
"71090","1","4/20/2014 12:00:00 AM"
"71091","6","4/20/2014 12:00:00 AM"
"71093","1","4/21/2014 12:00:00 AM"
"71094","1","4/21/2014 12:00:00 AM"
"71095","1","4/21/2014 12:00:00 AM"
"71096","1","4/21/2014 12:00:00 AM"
"71097","1","4/21/2014 12:00:00 AM"
"71098","1","4/21/2014 12:00:00 AM"
"71100","1","4/21/2014 12:00:00 AM"
"71100","10","4/21/2014 12:00:00 AM"
"71101","1","4/21/2014 12:00:00 AM"
"71103","1","4/21/2014 12:00:00 AM"
"71104","1","4/21/2014 12:00:00 AM"
"71105","1","4/21/2014 12:00:00 AM"
"71106","1","4/21/2014 12:00:00 AM"
"71107","1","4/21/2014 12:00:00 AM"
"71108","1","4/21/2014 12:00:00 AM"
"71109","1","4/21/2014 12:00:00 AM"
"71110","1","4/21/2014 12:00:00 AM"
"71111","4","4/21/2014 12:00:00 AM"
"71111","10","4/21/2014 12:00:00 AM"
"71112","4","4/21/2014 12:00:00 AM"
"71112","10","4/21/2014 12:00:00 AM"
"71113","4","4/21/2014 12:00:00 AM"
"71113","10","4/21/2014 12:00:00 AM"
"71115","1","4/21/2014 12:00:00 AM"
"71116","1","4/21/2014 12:00:00 AM"
"71117","1","4/21/2014 12:00:00 AM"
"71118","1","4/21/2014 12:00:00 AM"
"71119","1","4/21/2014 12:00:00 AM"
"71120","1","4/21/2014 12:00:00 AM"
"71121","1","4/21/2014 12:00:00 AM"
"71122","1","4/21/2014 12:00:00 AM"
"71123","1","4/21/2014 12:00:00 AM"
"71123","10","4/21/2014 12:00:00 AM"
"71124","1","4/21/2014 12:00:00 AM"
"71124","2","4/21/2014 12:00:00 AM"
"71125","1","4/21/2014 12:00:00 AM"
"71126","1","4/21/2014 12:00:00 AM"
"71128","1","4/21/2014 12:00:00 AM"
"71129","1","4/21/2014 12:00:00 AM"
"71130","1","4/21/2014 12:00:00 AM"
"71131","2","4/21/2014 12:00:00 AM"
"71132","2","4/21/2014 12:00:00 AM"
"71133","1","4/21/2014 12:00:00 AM"
"71136","1","4/21/2014 12:00:00 AM"
"71136","2","4/21/2014 12:00:00 AM"
"71137","1","4/21/2014 12:00:00 AM"
"71138","1","4/21/2014 12:00:00 AM"
"71138","2","4/21/2014 12:00:00 AM"
"71139","1","4/21/2014 12:00:00 AM"
"71140","2","4/21/2014 12:00:00 AM"
"71143","1","4/21/2014 12:00:00 AM"
"71143","2","4/21/2014 12:00:00 AM"
"71144","1","4/21/2014 12:00:00 AM"
"71145","1","4/21/2014 12:00:00 AM"
"71146","1","4/21/2014 12:00:00 AM"
"71149","1","4/21/2014 12:00:00 AM"
"71149","2","4/21/2014 12:00:00 AM"
"71150","2","4/21/2014 12:00:00 AM"
"71152","1","4/22/2014 12:00:00 AM"
"71153","1","4/22/2014 12:00:00 AM"
"71154","1","4/22/2014 12:00:00 AM"
"71155","1","4/22/2014 12:00:00 AM"
"71157","1","4/22/2014 12:00:00 AM"
"71158","1","4/22/2014 12:00:00 AM"
"71159","6","4/22/2014 12:00:00 AM"
"71160","2","4/22/2014 12:00:00 AM"
"71162","6","4/22/2014 12:00:00 AM"
"71163","1","4/22/2014 12:00:00 AM"
"71164","4","4/22/2014 12:00:00 AM"
"71165","1","4/22/2014 12:00:00 AM"
"71166","6","4/22/2014 12:00:00 AM"
"71167","6","4/22/2014 12:00:00 AM"
"71168","1","4/22/2014 12:00:00 AM"
"71169","1","4/22/2014 12:00:00 AM"
"71170","1","4/22/2014 12:00:00 AM"
"71171","1","4/22/2014 12:00:00 AM"
"71172","1","4/22/2014 12:00:00 AM"
"71173","1","4/22/2014 12:00:00 AM"
"71174","1","4/22/2014 12:00:00 AM"
"71175","1","4/22/2014 12:00:00 AM"
"71176","1","4/22/2014 12:00:00 AM"
"71177","1","4/22/2014 12:00:00 AM"
"71178","1","4/22/2014 12:00:00 AM"
"71179","1","4/22/2014 12:00:00 AM"
"71180","1","4/22/2014 12:00:00 AM"
"71181","4","4/22/2014 12:00:00 AM"
"71182","1","4/22/2014 12:00:00 AM"
"71183","1","4/22/2014 12:00:00 AM"
"71184","1","4/22/2014 12:00:00 AM"
"71185","1","4/22/2014 12:00:00 AM"
"71186","1","4/22/2014 12:00:00 AM"
"71186","2","4/22/2014 12:00:00 AM"
"71188","1","4/22/2014 12:00:00 AM"
"71191","1","4/22/2014 12:00:00 AM"
"71191","2","4/22/2014 12:00:00 AM"
"71193","1","4/22/2014 12:00:00 AM"
"71193","2","4/22/2014 12:00:00 AM"
"71195","1","4/22/2014 12:00:00 AM"
"71196","1","4/22/2014 12:00:00 AM"
"71197","1","4/22/2014 12:00:00 AM"
"71198","1","4/22/2014 12:00:00 AM"
"71200","1","4/22/2014 12:00:00 AM"
"71201","1","4/22/2014 12:00:00 AM"
"71203","1","4/22/2014 12:00:00 AM"
"71203","2","4/22/2014 12:00:00 AM"
"71205","1","4/22/2014 12:00:00 AM"
"71205","2","4/22/2014 12:00:00 AM"
"71206","1","4/22/2014 12:00:00 AM"
"71207","1","4/22/2014 12:00:00 AM"
"71207","10","4/22/2014 12:00:00 AM"
"71209","1","4/22/2014 12:00:00 AM"
"71209","2","4/22/2014 12:00:00 AM"
"71212","1","4/22/2014 12:00:00 AM"
"71213","2","4/22/2014 12:00:00 AM"
"71214","1","4/22/2014 12:00:00 AM"
"71214","10","4/22/2014 12:00:00 AM"
"71217","1","4/22/2014 12:00:00 AM"
"71217","2","4/22/2014 12:00:00 AM"
"71218","1","4/22/2014 12:00:00 AM"
"71218","2","4/22/2014 12:00:00 AM"
"71219","1","4/22/2014 12:00:00 AM"
"71220","1","4/23/2014 12:00:00 AM"
"71221","1","4/23/2014 12:00:00 AM"
"71222","1","4/23/2014 12:00:00 AM"
"71223","1","4/23/2014 12:00:00 AM"
"71224","1","4/23/2014 12:00:00 AM"
"71225","1","4/23/2014 12:00:00 AM"
"71226","1","4/23/2014 12:00:00 AM"
"71227","1","4/23/2014 12:00:00 AM"
"71228","1","4/23/2014 12:00:00 AM"
"71229","1","4/23/2014 12:00:00 AM"
"71230","1","4/23/2014 12:00:00 AM"
"71230","2","4/23/2014 12:00:00 AM"
"71231","1","4/23/2014 12:00:00 AM"
"71232","1","4/23/2014 12:00:00 AM"
"71233","1","4/23/2014 12:00:00 AM"
"71234","1","4/23/2014 12:00:00 AM"
"71235","1","4/23/2014 12:00:00 AM"
"71236","1","4/23/2014 12:00:00 AM"
"71236","10","4/23/2014 12:00:00 AM"
"71237","1","4/23/2014 12:00:00 AM"
"71238","1","4/23/2014 12:00:00 AM"
"71239","6","4/23/2014 12:00:00 AM"
"71240","1","4/23/2014 12:00:00 AM"
"71241","1","4/23/2014 12:00:00 AM"
"71242","1","4/23/2014 12:00:00 AM"
"71243","1","4/23/2014 12:00:00 AM"
"71244","1","4/23/2014 12:00:00 AM"
"71245","1","4/23/2014 12:00:00 AM"
"71246","1","4/23/2014 12:00:00 AM"
"71247","1","4/23/2014 12:00:00 AM"
"71248","1","4/23/2014 12:00:00 AM"
"71249","2","4/23/2014 12:00:00 AM"
"71249","10","4/23/2014 12:00:00 AM"
"71250","1","4/23/2014 12:00:00 AM"
"71251","1","4/23/2014 12:00:00 AM"
"71252","1","4/23/2014 12:00:00 AM"
"71252","2","4/23/2014 12:00:00 AM"
"71253","1","4/23/2014 12:00:00 AM"
"71254","6","4/23/2014 12:00:00 AM"
"71256","1","4/23/2014 12:00:00 AM"
"71257","1","4/23/2014 12:00:00 AM"
"71260","1","4/23/2014 12:00:00 AM"
"71260","2","4/23/2014 12:00:00 AM"
"71261","1","4/23/2014 12:00:00 AM"
"71262","1","4/23/2014 12:00:00 AM"
"71265","2","4/23/2014 12:00:00 AM"
"71267","1","4/23/2014 12:00:00 AM"
"71268","1","4/23/2014 12:00:00 AM"
"71269","1","4/23/2014 12:00:00 AM"
"71270","1","4/23/2014 12:00:00 AM"
"71270","2","4/23/2014 12:00:00 AM"
"71271","1","4/23/2014 12:00:00 AM"
"71271","2","4/23/2014 12:00:00 AM"
"71272","1","4/23/2014 12:00:00 AM"
"71273","1","4/23/2014 12:00:00 AM"
"71273","2","4/23/2014 12:00:00 AM"
"71273","10","4/23/2014 12:00:00 AM"
"71276","1","4/23/2014 12:00:00 AM"
"71278","1","4/23/2014 12:00:00 AM"
"71278","2","4/23/2014 12:00:00 AM"
"71280","2","4/23/2014 12:00:00 AM"
"71281","1","4/23/2014 12:00:00 AM"
"71282","1","4/24/2014 12:00:00 AM"
"71283","1","4/24/2014 12:00:00 AM"
"71284","1","4/24/2014 12:00:00 AM"
"71284","2","4/24/2014 12:00:00 AM"
"71285","2","4/24/2014 12:00:00 AM"
"71286","4","4/24/2014 12:00:00 AM"
"71287","4","4/24/2014 12:00:00 AM"
"71288","1","4/24/2014 12:00:00 AM"
"71289","1","4/24/2014 12:00:00 AM"
"71290","1","4/24/2014 12:00:00 AM"
"71291","1","4/24/2014 12:00:00 AM"
"71292","1","4/24/2014 12:00:00 AM"
"71293","1","4/24/2014 12:00:00 AM"
"71294","1","4/24/2014 12:00:00 AM"
"71295","1","4/24/2014 12:00:00 AM"
"71296","1","4/24/2014 12:00:00 AM"
"71297","1","4/24/2014 12:00:00 AM"
"71298","1","4/24/2014 12:00:00 AM"
"71299","1","4/24/2014 12:00:00 AM"
"71300","4","4/24/2014 12:00:00 AM"
"71300","10","4/24/2014 12:00:00 AM"
"71301","1","4/24/2014 12:00:00 AM"
"71302","1","4/24/2014 12:00:00 AM"
"71303","1","4/24/2014 12:00:00 AM"
"71304","1","4/24/2014 12:00:00 AM"
"71305","1","4/24/2014 12:00:00 AM"
"71306","1","4/24/2014 12:00:00 AM"
"71307","1","4/24/2014 12:00:00 AM"
"71308","1","4/24/2014 12:00:00 AM"
"71309","1","4/24/2014 12:00:00 AM"
"71310","1","4/24/2014 12:00:00 AM"
"71311","1","4/24/2014 12:00:00 AM"
"71312","1","4/24/2014 12:00:00 AM"
"71313","1","4/24/2014 12:00:00 AM"
"71314","1","4/24/2014 12:00:00 AM"
"71315","1","4/24/2014 12:00:00 AM"
"71316","1","4/24/2014 12:00:00 AM"
"71316","10","4/24/2014 12:00:00 AM"
"71317","1","4/24/2014 12:00:00 AM"
"71318","1","4/24/2014 12:00:00 AM"
"71319","1","4/24/2014 12:00:00 AM"
"71320","1","4/24/2014 12:00:00 AM"
"71321","1","4/24/2014 12:00:00 AM"
"71322","1","4/24/2014 12:00:00 AM"
"71323","1","4/24/2014 12:00:00 AM"
"71324","1","4/24/2014 12:00:00 AM"
"71325","1","4/24/2014 12:00:00 AM"
"71326","1","4/24/2014 12:00:00 AM"
"71327","1","4/24/2014 12:00:00 AM"
"71329","1","4/24/2014 12:00:00 AM"
"71330","1","4/24/2014 12:00:00 AM"
"71330","2","4/24/2014 12:00:00 AM"
"71332","1","4/24/2014 12:00:00 AM"
"71333","1","4/24/2014 12:00:00 AM"
"71334","1","4/24/2014 12:00:00 AM"
"71336","1","4/24/2014 12:00:00 AM"
"71336","10","4/24/2014 12:00:00 AM"
"71337","1","4/24/2014 12:00:00 AM"
"71338","1","4/24/2014 12:00:00 AM"
"71338","2","4/24/2014 12:00:00 AM"
"71341","1","4/24/2014 12:00:00 AM"
"71342","1","4/24/2014 12:00:00 AM"
"71343","1","4/24/2014 12:00:00 AM"
"71344","1","4/24/2014 12:00:00 AM"
"71345","1","4/24/2014 12:00:00 AM"
"71346","1","4/24/2014 12:00:00 AM"
"71346","10","4/24/2014 12:00:00 AM"
"71347","1","4/24/2014 12:00:00 AM"
"71348","1","4/24/2014 12:00:00 AM"
"71348","2","4/24/2014 12:00:00 AM"
"71349","1","4/24/2014 12:00:00 AM"
"71349","10","4/24/2014 12:00:00 AM"
"71350","1","4/24/2014 12:00:00 AM"
"71351","1","4/25/2014 12:00:00 AM"
"71351","10","4/25/2014 12:00:00 AM"
"71352","1","4/25/2014 12:00:00 AM"
"71353","1","4/25/2014 12:00:00 AM"
"71354","1","4/25/2014 12:00:00 AM"
"71355","1","4/25/2014 12:00:00 AM"
"71356","1","4/25/2014 12:00:00 AM"
"71357","1","4/25/2014 12:00:00 AM"
"71358","1","4/25/2014 12:00:00 AM"
"71359","1","4/25/2014 12:00:00 AM"
"71360","1","4/25/2014 12:00:00 AM"
"71361","1","4/25/2014 12:00:00 AM"
"71362","1","4/25/2014 12:00:00 AM"
"71363","1","4/25/2014 12:00:00 AM"
"71364","1","4/25/2014 12:00:00 AM"
"71365","1","4/25/2014 12:00:00 AM"
"71366","1","4/25/2014 12:00:00 AM"
"71367","1","4/25/2014 12:00:00 AM"
"71368","1","4/25/2014 12:00:00 AM"
"71369","1","4/25/2014 12:00:00 AM"
"71370","1","4/25/2014 12:00:00 AM"
"71371","4","4/25/2014 12:00:00 AM"
"71372","1","4/25/2014 12:00:00 AM"
"71373","4","4/25/2014 12:00:00 AM"
"71374","1","4/25/2014 12:00:00 AM"
"71374","10","4/25/2014 12:00:00 AM"
"71375","1","4/25/2014 12:00:00 AM"
"71376","1","4/25/2014 12:00:00 AM"
"71377","1","4/25/2014 12:00:00 AM"
"71378","1","4/25/2014 12:00:00 AM"
"71379","1","4/25/2014 12:00:00 AM"
"71380","1","4/25/2014 12:00:00 AM"
"71381","1","4/25/2014 12:00:00 AM"
"71382","1","4/25/2014 12:00:00 AM"
"71383","1","4/25/2014 12:00:00 AM"
"71384","1","4/25/2014 12:00:00 AM"
"71385","1","4/25/2014 12:00:00 AM"
"71386","1","4/25/2014 12:00:00 AM"
"71386","10","4/25/2014 12:00:00 AM"
"71387","1","4/25/2014 12:00:00 AM"
"71388","1","4/25/2014 12:00:00 AM"
"71389","1","4/25/2014 12:00:00 AM"
"71390","1","4/25/2014 12:00:00 AM"
"71391","1","4/25/2014 12:00:00 AM"
"71391","10","4/25/2014 12:00:00 AM"
"71392","1","4/25/2014 12:00:00 AM"
"71393","1","4/25/2014 12:00:00 AM"
"71394","1","4/25/2014 12:00:00 AM"
"71395","1","4/25/2014 12:00:00 AM"
"71396","1","4/25/2014 12:00:00 AM"
"71397","1","4/25/2014 12:00:00 AM"
"71398","1","4/25/2014 12:00:00 AM"
"71399","1","4/25/2014 12:00:00 AM"
"71400","1","4/25/2014 12:00:00 AM"
"71401","1","4/25/2014 12:00:00 AM"
"71402","1","4/25/2014 12:00:00 AM"
"71403","1","4/25/2014 12:00:00 AM"
"71404","1","4/25/2014 12:00:00 AM"
"71405","1","4/25/2014 12:00:00 AM"
"71406","1","4/25/2014 12:00:00 AM"
"71406","2","4/25/2014 12:00:00 AM"
"71407","1","4/25/2014 12:00:00 AM"
"71407","2","4/25/2014 12:00:00 AM"
"71408","2","4/25/2014 12:00:00 AM"
"71410","1","4/25/2014 12:00:00 AM"
"71411","2","4/25/2014 12:00:00 AM"
"71412","1","4/25/2014 12:00:00 AM"
"71413","1","4/25/2014 12:00:00 AM"
"71414","1","4/25/2014 12:00:00 AM"
"71415","6","4/25/2014 12:00:00 AM"
"71416","1","4/25/2014 12:00:00 AM"
"71417","5","4/25/2014 12:00:00 AM"
"71418","2","4/25/2014 12:00:00 AM"
"71420","1","4/25/2014 12:00:00 AM"
"71421","1","4/25/2014 12:00:00 AM"
"71422","1","4/25/2014 12:00:00 AM"
"71423","1","4/25/2014 12:00:00 AM"
"71424","1","4/25/2014 12:00:00 AM"
"71424","2","4/25/2014 12:00:00 AM"
"71425","1","4/25/2014 12:00:00 AM"
"71426","1","4/26/2014 12:00:00 AM"
"71427","1","4/26/2014 12:00:00 AM"
"71428","1","4/26/2014 12:00:00 AM"
"71429","1","4/26/2014 12:00:00 AM"
"71430","1","4/26/2014 12:00:00 AM"
"71431","1","4/26/2014 12:00:00 AM"
"71432","1","4/26/2014 12:00:00 AM"
"71433","1","4/26/2014 12:00:00 AM"
"71433","2","4/26/2014 12:00:00 AM"
"71435","4","4/26/2014 12:00:00 AM"
"71436","1","4/26/2014 12:00:00 AM"
"71437","1","4/26/2014 12:00:00 AM"
"71438","1","4/26/2014 12:00:00 AM"
"71438","10","4/26/2014 12:00:00 AM"
"71439","1","4/26/2014 12:00:00 AM"
"71440","1","4/26/2014 12:00:00 AM"
"71441","1","4/26/2014 12:00:00 AM"
"71442","1","4/26/2014 12:00:00 AM"
"71443","1","4/26/2014 12:00:00 AM"
"71444","1","4/26/2014 12:00:00 AM"
"71445","1","4/26/2014 12:00:00 AM"
"71446","1","4/26/2014 12:00:00 AM"
"71447","1","4/26/2014 12:00:00 AM"
"71448","1","4/26/2014 12:00:00 AM"
"71449","1","4/26/2014 12:00:00 AM"
"71449","10","4/26/2014 12:00:00 AM"
"71450","1","4/26/2014 12:00:00 AM"
"71451","4","4/26/2014 12:00:00 AM"
"71452","1","4/26/2014 12:00:00 AM"
"71453","1","4/26/2014 12:00:00 AM"
"71454","1","4/26/2014 12:00:00 AM"
"71455","1","4/26/2014 12:00:00 AM"
"71456","1","4/26/2014 12:00:00 AM"
"71456","10","4/26/2014 12:00:00 AM"
"71457","1","4/26/2014 12:00:00 AM"
"71457","10","4/26/2014 12:00:00 AM"
"71458","1","4/26/2014 12:00:00 AM"
"71459","1","4/26/2014 12:00:00 AM"
"71460","4","4/26/2014 12:00:00 AM"
"71461","1","4/26/2014 12:00:00 AM"
"71462","1","4/26/2014 12:00:00 AM"
"71463","1","4/26/2014 12:00:00 AM"
"71464","2","4/26/2014 12:00:00 AM"
"71465","1","4/26/2014 12:00:00 AM"
"71466","1","4/26/2014 12:00:00 AM"
"71466","2","4/26/2014 12:00:00 AM"
"71467","1","4/26/2014 12:00:00 AM"
"71468","1","4/26/2014 12:00:00 AM"
"71470","1","4/26/2014 12:00:00 AM"
"71470","2","4/26/2014 12:00:00 AM"
"71471","1","4/26/2014 12:00:00 AM"
"71472","1","4/26/2014 12:00:00 AM"
"71473","2","4/26/2014 12:00:00 AM"
"71474","1","4/26/2014 12:00:00 AM"
"71475","1","4/26/2014 12:00:00 AM"
"71475","2","4/26/2014 12:00:00 AM"
"71478","1","4/26/2014 12:00:00 AM"
"71480","1","4/26/2014 12:00:00 AM"
"71482","1","4/26/2014 12:00:00 AM"
"71483","1","4/26/2014 12:00:00 AM"
"71485","1","4/26/2014 12:00:00 AM"
"71485","2","4/26/2014 12:00:00 AM"
"71486","2","4/26/2014 12:00:00 AM"
"71489","1","4/27/2014 12:00:00 AM"
"71490","1","4/27/2014 12:00:00 AM"
"71490","10","4/27/2014 12:00:00 AM"
"71491","1","4/27/2014 12:00:00 AM"
"71492","4","4/27/2014 12:00:00 AM"
"71493","1","4/27/2014 12:00:00 AM"
"71494","1","4/27/2014 12:00:00 AM"
"71495","1","4/27/2014 12:00:00 AM"
"71496","4","4/27/2014 12:00:00 AM"
"71497","4","4/27/2014 12:00:00 AM"
"71498","1","4/27/2014 12:00:00 AM"
"71500","1","4/27/2014 12:00:00 AM"
"71501","1","4/27/2014 12:00:00 AM"
"71501","2","4/27/2014 12:00:00 AM"
"71503","1","4/27/2014 12:00:00 AM"
"71504","1","4/27/2014 12:00:00 AM"
"71505","1","4/27/2014 12:00:00 AM"
"71506","1","4/27/2014 12:00:00 AM"
"71507","1","4/27/2014 12:00:00 AM"
"71508","1","4/27/2014 12:00:00 AM"
"71509","1","4/27/2014 12:00:00 AM"
"71510","1","4/27/2014 12:00:00 AM"
"71511","2","4/27/2014 12:00:00 AM"
"71512","1","4/27/2014 12:00:00 AM"
"71512","2","4/27/2014 12:00:00 AM"
"71513","1","4/27/2014 12:00:00 AM"
"71514","1","4/27/2014 12:00:00 AM"
"71515","1","4/27/2014 12:00:00 AM"
"71516","1","4/27/2014 12:00:00 AM"
"71518","1","4/27/2014 12:00:00 AM"
"71519","1","4/27/2014 12:00:00 AM"
"71520","1","4/27/2014 12:00:00 AM"
"71521","1","4/27/2014 12:00:00 AM"
"71522","1","4/27/2014 12:00:00 AM"
"71523","1","4/27/2014 12:00:00 AM"
"71524","1","4/27/2014 12:00:00 AM"
"71525","1","4/27/2014 12:00:00 AM"
"71526","1","4/27/2014 12:00:00 AM"
"71527","1","4/27/2014 12:00:00 AM"
"71529","1","4/27/2014 12:00:00 AM"
"71530","1","4/27/2014 12:00:00 AM"
"71531","1","4/27/2014 12:00:00 AM"
"71532","1","4/27/2014 12:00:00 AM"
"71533","1","4/27/2014 12:00:00 AM"
"71534","1","4/27/2014 12:00:00 AM"
"71535","1","4/27/2014 12:00:00 AM"
"71535","10","4/27/2014 12:00:00 AM"
"71536","1","4/27/2014 12:00:00 AM"
"71537","1","4/27/2014 12:00:00 AM"
"71538","1","4/27/2014 12:00:00 AM"
"71540","1","4/27/2014 12:00:00 AM"
"71541","1","4/27/2014 12:00:00 AM"
"71544","1","4/27/2014 12:00:00 AM"
"71545","1","4/27/2014 12:00:00 AM"
"71546","1","4/27/2014 12:00:00 AM"
"71546","2","4/27/2014 12:00:00 AM"
"71547","1","4/27/2014 12:00:00 AM"
"71547","2","4/27/2014 12:00:00 AM"
"71548","1","4/27/2014 12:00:00 AM"
"71549","1","4/27/2014 12:00:00 AM"
"71550","1","4/27/2014 12:00:00 AM"
"71551","1","4/27/2014 12:00:00 AM"
"71551","2","4/27/2014 12:00:00 AM"
"71553","1","4/27/2014 12:00:00 AM"
"71554","1","4/27/2014 12:00:00 AM"
"71555","1","4/27/2014 12:00:00 AM"
"71555","2","4/27/2014 12:00:00 AM"
"71556","1","4/27/2014 12:00:00 AM"
"71558","1","4/27/2014 12:00:00 AM"
"71560","1","4/28/2014 12:00:00 AM"
"71561","1","4/28/2014 12:00:00 AM"
"71562","2","4/28/2014 12:00:00 AM"
"71563","1","4/28/2014 12:00:00 AM"
"71564","1","4/28/2014 12:00:00 AM"
"71565","1","4/28/2014 12:00:00 AM"
"71565","10","4/28/2014 12:00:00 AM"
"71566","1","4/28/2014 12:00:00 AM"
"71567","1","4/28/2014 12:00:00 AM"
"71568","1","4/28/2014 12:00:00 AM"
"71568","2","4/28/2014 12:00:00 AM"
"71569","1","4/28/2014 12:00:00 AM"
"71570","1","4/28/2014 12:00:00 AM"
"71571","1","4/28/2014 12:00:00 AM"
"71571","2","4/28/2014 12:00:00 AM"
"71572","1","4/28/2014 12:00:00 AM"
"71572","2","4/28/2014 12:00:00 AM"
"71573","1","4/28/2014 12:00:00 AM"
"71573","2","4/28/2014 12:00:00 AM"
"71574","1","4/28/2014 12:00:00 AM"
"71575","1","4/28/2014 12:00:00 AM"
"71576","1","4/28/2014 12:00:00 AM"
"71577","4","4/28/2014 12:00:00 AM"
"71578","1","4/28/2014 12:00:00 AM"
"71579","1","4/28/2014 12:00:00 AM"
"71580","1","4/28/2014 12:00:00 AM"
"71581","1","4/28/2014 12:00:00 AM"
"71582","1","4/28/2014 12:00:00 AM"
"71583","1","4/28/2014 12:00:00 AM"
"71584","1","4/28/2014 12:00:00 AM"
"71585","1","4/28/2014 12:00:00 AM"
"71585","10","4/28/2014 12:00:00 AM"
"71586","1","4/28/2014 12:00:00 AM"
"71587","1","4/28/2014 12:00:00 AM"
"71588","1","4/28/2014 12:00:00 AM"
"71589","1","4/28/2014 12:00:00 AM"
"71590","1","4/28/2014 12:00:00 AM"
"71591","1","4/28/2014 12:00:00 AM"
"71592","1","4/28/2014 12:00:00 AM"
"71593","1","4/28/2014 12:00:00 AM"
"71594","1","4/28/2014 12:00:00 AM"
"71595","4","4/28/2014 12:00:00 AM"
"71596","1","4/28/2014 12:00:00 AM"
"71597","1","4/28/2014 12:00:00 AM"
"71598","2","4/28/2014 12:00:00 AM"
"71599","1","4/28/2014 12:00:00 AM"
"71601","1","4/28/2014 12:00:00 AM"
"71602","1","4/28/2014 12:00:00 AM"
"71603","1","4/28/2014 12:00:00 AM"
"71604","1","4/28/2014 12:00:00 AM"
"71606","1","4/28/2014 12:00:00 AM"
"71608","1","4/28/2014 12:00:00 AM"
"71608","2","4/28/2014 12:00:00 AM"
"71608","10","4/28/2014 12:00:00 AM"
"71609","1","4/28/2014 12:00:00 AM"
"71610","1","4/28/2014 12:00:00 AM"
"71610","2","4/28/2014 12:00:00 AM"
"71611","1","4/28/2014 12:00:00 AM"
"71612","1","4/28/2014 12:00:00 AM"
"71614","1","4/28/2014 12:00:00 AM"
"71614","2","4/28/2014 12:00:00 AM"
"71614","10","4/28/2014 12:00:00 AM"
"71617","1","4/28/2014 12:00:00 AM"
"71617","2","4/28/2014 12:00:00 AM"
"71618","1","4/28/2014 12:00:00 AM"
"71619","1","4/28/2014 12:00:00 AM"
"71619","2","4/28/2014 12:00:00 AM"
"71620","2","4/28/2014 12:00:00 AM"
"71621","1","4/28/2014 12:00:00 AM"
"71623","1","4/28/2014 12:00:00 AM"
"71624","1","4/29/2014 12:00:00 AM"
"71625","1","4/29/2014 12:00:00 AM"
"71626","1","4/29/2014 12:00:00 AM"
"71627","1","4/29/2014 12:00:00 AM"
"71628","1","4/29/2014 12:00:00 AM"
"71629","1","4/29/2014 12:00:00 AM"
"71629","2","4/29/2014 12:00:00 AM"
"71629","10","4/29/2014 12:00:00 AM"
"71630","1","4/29/2014 12:00:00 AM"
"71631","1","4/29/2014 12:00:00 AM"
"71631","2","4/29/2014 12:00:00 AM"
"71632","1","4/29/2014 12:00:00 AM"
"71633","1","4/29/2014 12:00:00 AM"
"71634","1","4/29/2014 12:00:00 AM"
"71634","2","4/29/2014 12:00:00 AM"
"71635","1","4/29/2014 12:00:00 AM"
"71636","1","4/29/2014 12:00:00 AM"
"71637","1","4/29/2014 12:00:00 AM"
"71638","1","4/29/2014 12:00:00 AM"
"71639","1","4/29/2014 12:00:00 AM"
"71640","1","4/29/2014 12:00:00 AM"
"71641","1","4/29/2014 12:00:00 AM"
"71642","1","4/29/2014 12:00:00 AM"
"71643","1","4/29/2014 12:00:00 AM"
"71644","1","4/29/2014 12:00:00 AM"
"71645","1","4/29/2014 12:00:00 AM"
"71646","1","4/29/2014 12:00:00 AM"
"71647","1","4/29/2014 12:00:00 AM"
"71648","1","4/29/2014 12:00:00 AM"
"71649","1","4/29/2014 12:00:00 AM"
"71650","1","4/29/2014 12:00:00 AM"
"71651","1","4/29/2014 12:00:00 AM"
"71652","6","4/29/2014 12:00:00 AM"
"71653","1","4/29/2014 12:00:00 AM"
"71654","1","4/29/2014 12:00:00 AM"
"71655","1","4/29/2014 12:00:00 AM"
"71656","1","4/29/2014 12:00:00 AM"
"71657","1","4/29/2014 12:00:00 AM"
"71658","1","4/29/2014 12:00:00 AM"
"71659","1","4/29/2014 12:00:00 AM"
"71659","10","4/29/2014 12:00:00 AM"
"71660","1","4/29/2014 12:00:00 AM"
"71661","1","4/29/2014 12:00:00 AM"
"71661","10","4/29/2014 12:00:00 AM"
"71662","4","4/29/2014 12:00:00 AM"
"71663","1","4/29/2014 12:00:00 AM"
"71664","4","4/29/2014 12:00:00 AM"
"71665","2","4/29/2014 12:00:00 AM"
"71666","1","4/29/2014 12:00:00 AM"
"71667","1","4/29/2014 12:00:00 AM"
"71668","2","4/29/2014 12:00:00 AM"
"71669","1","4/29/2014 12:00:00 AM"
"71670","1","4/29/2014 12:00:00 AM"
"71672","1","4/29/2014 12:00:00 AM"
"71672","2","4/29/2014 12:00:00 AM"
"71673","1","4/29/2014 12:00:00 AM"
"71674","1","4/29/2014 12:00:00 AM"
"71675","2","4/29/2014 12:00:00 AM"
"71676","6","4/29/2014 12:00:00 AM"
"71677","1","4/29/2014 12:00:00 AM"
"71678","5","4/29/2014 12:00:00 AM"
"71679","1","4/29/2014 12:00:00 AM"
"71680","1","4/29/2014 12:00:00 AM"
"71681","1","4/29/2014 12:00:00 AM"
"71681","2","4/29/2014 12:00:00 AM"
"71681","10","4/29/2014 12:00:00 AM"
"71682","1","4/29/2014 12:00:00 AM"
"71683","1","4/29/2014 12:00:00 AM"
"71683","2","4/29/2014 12:00:00 AM"
"71685","1","4/29/2014 12:00:00 AM"
"71685","2","4/29/2014 12:00:00 AM"
"71687","1","4/29/2014 12:00:00 AM"
"71690","1","4/29/2014 12:00:00 AM"
"71693","2","4/30/2014 12:00:00 AM"
"71694","6","4/30/2014 12:00:00 AM"
"71695","1","4/30/2014 12:00:00 AM"
"71695","10","4/30/2014 12:00:00 AM"
"71696","1","4/30/2014 12:00:00 AM"
"71697","1","4/30/2014 12:00:00 AM"
"71698","1","4/30/2014 12:00:00 AM"
"71699","4","4/30/2014 12:00:00 AM"
"71699","10","4/30/2014 12:00:00 AM"
"71700","1","4/30/2014 12:00:00 AM"
"71701","1","4/30/2014 12:00:00 AM"
"71702","1","4/30/2014 12:00:00 AM"
"71704","1","4/30/2014 12:00:00 AM"
"71705","1","4/30/2014 12:00:00 AM"
"71705","2","4/30/2014 12:00:00 AM"
"71707","1","4/30/2014 12:00:00 AM"
"71708","1","4/30/2014 12:00:00 AM"
"71709","1","4/30/2014 12:00:00 AM"
"71710","1","4/30/2014 12:00:00 AM"
"71711","1","4/30/2014 12:00:00 AM"
"71712","1","4/30/2014 12:00:00 AM"
"71713","1","4/30/2014 12:00:00 AM"
"71714","1","4/30/2014 12:00:00 AM"
"71715","1","4/30/2014 12:00:00 AM"
"71716","1","4/30/2014 12:00:00 AM"
"71717","1","4/30/2014 12:00:00 AM"
"71718","1","4/30/2014 12:00:00 AM"
"71719","1","4/30/2014 12:00:00 AM"
"71720","1","4/30/2014 12:00:00 AM"
"71721","1","4/30/2014 12:00:00 AM"
"71722","1","4/30/2014 12:00:00 AM"
"71723","1","4/30/2014 12:00:00 AM"
"71724","1","4/30/2014 12:00:00 AM"
"71724","10","4/30/2014 12:00:00 AM"
"71725","1","4/30/2014 12:00:00 AM"
"71726","1","4/30/2014 12:00:00 AM"
"71727","4","4/30/2014 12:00:00 AM"
"71728","1","4/30/2014 12:00:00 AM"
"71728","10","4/30/2014 12:00:00 AM"
"71729","1","4/30/2014 12:00:00 AM"
"71730","1","4/30/2014 12:00:00 AM"
"71731","1","4/30/2014 12:00:00 AM"
"71731","10","4/30/2014 12:00:00 AM"
"71732","1","4/30/2014 12:00:00 AM"
"71733","1","4/30/2014 12:00:00 AM"
"71734","1","4/30/2014 12:00:00 AM"
"71735","1","4/30/2014 12:00:00 AM"
"71736","1","4/30/2014 12:00:00 AM"
"71737","2","4/30/2014 12:00:00 AM"
"71738","1","4/30/2014 12:00:00 AM"
"71739","1","4/30/2014 12:00:00 AM"
"71740","2","4/30/2014 12:00:00 AM"
"71741","1","4/30/2014 12:00:00 AM"
"71742","1","4/30/2014 12:00:00 AM"
"71743","1","4/30/2014 12:00:00 AM"
"71744","1","4/30/2014 12:00:00 AM"
"71745","1","4/30/2014 12:00:00 AM"
"71746","1","4/30/2014 12:00:00 AM"
"71747","1","4/30/2014 12:00:00 AM"
"71748","1","4/30/2014 12:00:00 AM"
"71750","2","4/30/2014 12:00:00 AM"
"71751","1","4/30/2014 12:00:00 AM"
"71752","1","4/30/2014 12:00:00 AM"
"71753","1","4/30/2014 12:00:00 AM"
"71754","1","4/30/2014 12:00:00 AM"
"71754","2","4/30/2014 12:00:00 AM"
"71755","2","4/30/2014 12:00:00 AM"
"71757","2","4/30/2014 12:00:00 AM"
"71758","2","4/30/2014 12:00:00 AM"
"71759","1","4/30/2014 12:00:00 AM"
"71759","2","4/30/2014 12:00:00 AM"
"71760","1","4/30/2014 12:00:00 AM"
"71761","1","4/30/2014 12:00:00 AM"
"71761","2","4/30/2014 12:00:00 AM"
"71762","1","4/30/2014 12:00:00 AM"
"71762","2","4/30/2014 12:00:00 AM"
"71764","1","4/30/2014 12:00:00 AM"
"71765","1","4/30/2014 12:00:00 AM"
"71768","6","4/30/2014 12:00:00 AM"
"71770","1","4/30/2014 12:00:00 AM"
"71773","1","4/30/2014 12:00:00 AM"
"71953","1","5/1/2014 12:00:00 AM"
"71953","10","5/1/2014 12:00:00 AM"
"71954","1","5/1/2014 12:00:00 AM"
"71955","1","5/1/2014 12:00:00 AM"
"71956","1","5/1/2014 12:00:00 AM"
"71957","1","5/1/2014 12:00:00 AM"
"71958","1","5/1/2014 12:00:00 AM"
"71959","1","5/1/2014 12:00:00 AM"
"71960","1","5/1/2014 12:00:00 AM"
"71961","1","5/1/2014 12:00:00 AM"
"71961","2","5/1/2014 12:00:00 AM"
"71962","4","5/1/2014 12:00:00 AM"
"71963","1","5/1/2014 12:00:00 AM"
"71964","1","5/1/2014 12:00:00 AM"
"71965","1","5/1/2014 12:00:00 AM"
"71966","1","5/1/2014 12:00:00 AM"
"71967","1","5/1/2014 12:00:00 AM"
"71968","1","5/1/2014 12:00:00 AM"
"71969","1","5/1/2014 12:00:00 AM"
"71970","1","5/1/2014 12:00:00 AM"
"71971","1","5/1/2014 12:00:00 AM"
"71972","1","5/1/2014 12:00:00 AM"
"71972","10","5/1/2014 12:00:00 AM"
"71973","1","5/1/2014 12:00:00 AM"
"71974","1","5/1/2014 12:00:00 AM"
"71974","10","5/1/2014 12:00:00 AM"
"71975","1","5/1/2014 12:00:00 AM"
"71976","1","5/1/2014 12:00:00 AM"
"71977","1","5/1/2014 12:00:00 AM"
"71978","4","5/1/2014 12:00:00 AM"
"71979","1","5/1/2014 12:00:00 AM"
"71980","2","5/1/2014 12:00:00 AM"
"71981","2","5/1/2014 12:00:00 AM"
"71982","2","5/1/2014 12:00:00 AM"
"71984","1","5/1/2014 12:00:00 AM"
"71986","1","5/1/2014 12:00:00 AM"
"71987","1","5/1/2014 12:00:00 AM"
"71988","6","5/1/2014 12:00:00 AM"
"71989","6","5/1/2014 12:00:00 AM"
"71990","1","5/1/2014 12:00:00 AM"
"71991","2","5/1/2014 12:00:00 AM"
"71992","1","5/1/2014 12:00:00 AM"
"71994","1","5/1/2014 12:00:00 AM"
"71995","1","5/1/2014 12:00:00 AM"
"71995","2","5/1/2014 12:00:00 AM"
"71995","10","5/1/2014 12:00:00 AM"
"71996","1","5/1/2014 12:00:00 AM"
"71997","1","5/1/2014 12:00:00 AM"
"71997","10","5/1/2014 12:00:00 AM"
"71998","1","5/1/2014 12:00:00 AM"
"71999","1","5/1/2014 12:00:00 AM"
"71999","2","5/1/2014 12:00:00 AM"
"72000","5","5/1/2014 12:00:00 AM"
"72001","1","5/2/2014 12:00:00 AM"
"72001","10","5/2/2014 12:00:00 AM"
"72002","1","5/2/2014 12:00:00 AM"
"72003","1","5/2/2014 12:00:00 AM"
"72004","1","5/2/2014 12:00:00 AM"
"72005","1","5/2/2014 12:00:00 AM"
"72006","1","5/2/2014 12:00:00 AM"
"72006","10","5/2/2014 12:00:00 AM"
"72007","1","5/2/2014 12:00:00 AM"
"72008","1","5/2/2014 12:00:00 AM"
"72009","2","5/2/2014 12:00:00 AM"
"72011","1","5/2/2014 12:00:00 AM"
"72011","2","5/2/2014 12:00:00 AM"
"72012","1","5/2/2014 12:00:00 AM"
"72013","1","5/2/2014 12:00:00 AM"
"72014","1","5/2/2014 12:00:00 AM"
"72015","1","5/2/2014 12:00:00 AM"
"72016","1","5/2/2014 12:00:00 AM"
"72017","1","5/2/2014 12:00:00 AM"
"72018","1","5/2/2014 12:00:00 AM"
"72019","1","5/2/2014 12:00:00 AM"
"72020","6","5/2/2014 12:00:00 AM"
"72021","1","5/2/2014 12:00:00 AM"
"72022","1","5/2/2014 12:00:00 AM"
"72023","1","5/2/2014 12:00:00 AM"
"72024","1","5/2/2014 12:00:00 AM"
"72025","1","5/2/2014 12:00:00 AM"
"72026","1","5/2/2014 12:00:00 AM"
"72026","10","5/2/2014 12:00:00 AM"
"72027","1","5/2/2014 12:00:00 AM"
"72028","1","5/2/2014 12:00:00 AM"
"72029","1","5/2/2014 12:00:00 AM"
"72030","1","5/2/2014 12:00:00 AM"
"72031","1","5/2/2014 12:00:00 AM"
"72032","1","5/2/2014 12:00:00 AM"
"72033","1","5/2/2014 12:00:00 AM"
"72035","4","5/2/2014 12:00:00 AM"
"72036","1","5/2/2014 12:00:00 AM"
"72037","1","5/2/2014 12:00:00 AM"
"72038","1","5/2/2014 12:00:00 AM"
"72038","10","5/2/2014 12:00:00 AM"
"72039","1","5/2/2014 12:00:00 AM"
"72040","1","5/2/2014 12:00:00 AM"
"72041","1","5/2/2014 12:00:00 AM"
"72042","1","5/2/2014 12:00:00 AM"
"72043","6","5/2/2014 12:00:00 AM"
"72044","6","5/2/2014 12:00:00 AM"
"72046","2","5/2/2014 12:00:00 AM"
"72047","2","5/2/2014 12:00:00 AM"
"72048","1","5/2/2014 12:00:00 AM"
"72048","2","5/2/2014 12:00:00 AM"
"72049","2","5/2/2014 12:00:00 AM"
"72051","1","5/2/2014 12:00:00 AM"
"72051","10","5/2/2014 12:00:00 AM"
"72053","1","5/2/2014 12:00:00 AM"
"72053","2","5/2/2014 12:00:00 AM"
"72053","10","5/2/2014 12:00:00 AM"
"72054","1","5/2/2014 12:00:00 AM"
"72055","6","5/2/2014 12:00:00 AM"
"72056","1","5/2/2014 12:00:00 AM"
"72057","1","5/2/2014 12:00:00 AM"
"72058","1","5/2/2014 12:00:00 AM"
"72059","1","5/2/2014 12:00:00 AM"
"72061","1","5/3/2014 12:00:00 AM"
"72062","1","5/3/2014 12:00:00 AM"
"72063","1","5/3/2014 12:00:00 AM"
"72064","1","5/3/2014 12:00:00 AM"
"72065","1","5/3/2014 12:00:00 AM"
"72066","1","5/3/2014 12:00:00 AM"
"72066","10","5/3/2014 12:00:00 AM"
"72067","1","5/3/2014 12:00:00 AM"
"72068","1","5/3/2014 12:00:00 AM"
"72070","1","5/3/2014 12:00:00 AM"
"72071","1","5/3/2014 12:00:00 AM"
"72071","2","5/3/2014 12:00:00 AM"
"72072","1","5/3/2014 12:00:00 AM"
"72073","2","5/3/2014 12:00:00 AM"
"72074","1","5/3/2014 12:00:00 AM"
"72074","2","5/3/2014 12:00:00 AM"
"72075","4","5/3/2014 12:00:00 AM"
"72076","1","5/3/2014 12:00:00 AM"
"72077","1","5/3/2014 12:00:00 AM"
"72078","1","5/3/2014 12:00:00 AM"
"72079","1","5/3/2014 12:00:00 AM"
"72079","10","5/3/2014 12:00:00 AM"
"72080","1","5/3/2014 12:00:00 AM"
"72081","1","5/3/2014 12:00:00 AM"
"72082","1","5/3/2014 12:00:00 AM"
"72082","10","5/3/2014 12:00:00 AM"
"72083","1","5/3/2014 12:00:00 AM"
"72083","10","5/3/2014 12:00:00 AM"
"72084","6","5/3/2014 12:00:00 AM"
"72085","6","5/3/2014 12:00:00 AM"
"72086","6","5/3/2014 12:00:00 AM"
"72087","1","5/3/2014 12:00:00 AM"
"72088","1","5/3/2014 12:00:00 AM"
"72089","1","5/3/2014 12:00:00 AM"
"72090","1","5/3/2014 12:00:00 AM"
"72091","1","5/3/2014 12:00:00 AM"
"72092","1","5/3/2014 12:00:00 AM"
"72093","1","5/3/2014 12:00:00 AM"
"72094","1","5/3/2014 12:00:00 AM"
"72095","1","5/3/2014 12:00:00 AM"
"72096","2","5/3/2014 12:00:00 AM"
"72097","2","5/3/2014 12:00:00 AM"
"72098","1","5/3/2014 12:00:00 AM"
"72098","2","5/3/2014 12:00:00 AM"
"72100","1","5/3/2014 12:00:00 AM"
"72100","2","5/3/2014 12:00:00 AM"
"72102","1","5/3/2014 12:00:00 AM"
"72102","10","5/3/2014 12:00:00 AM"
"72105","1","5/3/2014 12:00:00 AM"
"72106","1","5/3/2014 12:00:00 AM"
"72107","6","5/3/2014 12:00:00 AM"
"72108","1","5/3/2014 12:00:00 AM"
"72109","1","5/3/2014 12:00:00 AM"
"72110","5","5/3/2014 12:00:00 AM"
"72112","1","5/3/2014 12:00:00 AM"
"72114","1","5/3/2014 12:00:00 AM"
"72115","1","5/3/2014 12:00:00 AM"
"72118","6","5/3/2014 12:00:00 AM"
"72119","6","5/3/2014 12:00:00 AM"
"72121","1","5/3/2014 12:00:00 AM"
"72122","1","5/3/2014 12:00:00 AM"
"72123","1","5/3/2014 12:00:00 AM"
"72124","1","5/3/2014 12:00:00 AM"
"72125","1","5/3/2014 12:00:00 AM"
"72126","1","5/3/2014 12:00:00 AM"
"72126","2","5/3/2014 12:00:00 AM"
"72127","2","5/3/2014 12:00:00 AM"
"72128","1","5/3/2014 12:00:00 AM"
"72130","1","5/4/2014 12:00:00 AM"
"72131","4","5/4/2014 12:00:00 AM"
"72132","1","5/4/2014 12:00:00 AM"
"72133","1","5/4/2014 12:00:00 AM"
"72135","1","5/4/2014 12:00:00 AM"
"72136","1","5/4/2014 12:00:00 AM"
"72137","1","5/4/2014 12:00:00 AM"
"72138","1","5/4/2014 12:00:00 AM"
"72139","1","5/4/2014 12:00:00 AM"
"72139","10","5/4/2014 12:00:00 AM"
"72140","1","5/4/2014 12:00:00 AM"
"72140","2","5/4/2014 12:00:00 AM"
"72141","1","5/4/2014 12:00:00 AM"
"72142","1","5/4/2014 12:00:00 AM"
"72143","2","5/4/2014 12:00:00 AM"
"72144","1","5/4/2014 12:00:00 AM"
"72144","2","5/4/2014 12:00:00 AM"
"72145","1","5/4/2014 12:00:00 AM"
"72146","1","5/4/2014 12:00:00 AM"
"72146","10","5/4/2014 12:00:00 AM"
"72147","1","5/4/2014 12:00:00 AM"
"72148","4","5/4/2014 12:00:00 AM"
"72149","1","5/4/2014 12:00:00 AM"
"72150","1","5/4/2014 12:00:00 AM"
"72151","1","5/4/2014 12:00:00 AM"
"72152","1","5/4/2014 12:00:00 AM"
"72154","1","5/4/2014 12:00:00 AM"
"72155","1","5/4/2014 12:00:00 AM"
"72156","1","5/4/2014 12:00:00 AM"
"72157","1","5/4/2014 12:00:00 AM"
"72158","1","5/4/2014 12:00:00 AM"
"72159","1","5/4/2014 12:00:00 AM"
"72160","1","5/4/2014 12:00:00 AM"
"72161","1","5/4/2014 12:00:00 AM"
"72162","2","5/4/2014 12:00:00 AM"
"72163","1","5/4/2014 12:00:00 AM"
"72164","2","5/4/2014 12:00:00 AM"
"72165","1","5/4/2014 12:00:00 AM"
"72166","2","5/4/2014 12:00:00 AM"
"72167","1","5/4/2014 12:00:00 AM"
"72168","1","5/4/2014 12:00:00 AM"
"72168","2","5/4/2014 12:00:00 AM"
"72169","1","5/4/2014 12:00:00 AM"
"72171","6","5/4/2014 12:00:00 AM"
"72172","1","5/4/2014 12:00:00 AM"
"72173","1","5/4/2014 12:00:00 AM"
"72175","1","5/4/2014 12:00:00 AM"
"72176","1","5/4/2014 12:00:00 AM"
"72177","1","5/4/2014 12:00:00 AM"
"72178","6","5/4/2014 12:00:00 AM"
"72179","1","5/4/2014 12:00:00 AM"
"72180","1","5/4/2014 12:00:00 AM"
"72181","6","5/4/2014 12:00:00 AM"
"72182","1","5/4/2014 12:00:00 AM"
"72183","5","5/4/2014 12:00:00 AM"
"72184","5","5/4/2014 12:00:00 AM"
"72185","1","5/4/2014 12:00:00 AM"
"72185","2","5/4/2014 12:00:00 AM"
"72186","1","5/5/2014 12:00:00 AM"
"72187","4","5/5/2014 12:00:00 AM"
"72188","1","5/5/2014 12:00:00 AM"
"72189","6","5/5/2014 12:00:00 AM"
"72190","6","5/5/2014 12:00:00 AM"
"72191","1","5/5/2014 12:00:00 AM"
"72192","1","5/5/2014 12:00:00 AM"
"72193","1","5/5/2014 12:00:00 AM"
"72194","1","5/5/2014 12:00:00 AM"
"72195","1","5/5/2014 12:00:00 AM"
"72195","2","5/5/2014 12:00:00 AM"
"72196","1","5/5/2014 12:00:00 AM"
"72197","1","5/5/2014 12:00:00 AM"
"72198","1","5/5/2014 12:00:00 AM"
"72199","1","5/5/2014 12:00:00 AM"
"72200","1","5/5/2014 12:00:00 AM"
"72201","1","5/5/2014 12:00:00 AM"
"72202","1","5/5/2014 12:00:00 AM"
"72203","1","5/5/2014 12:00:00 AM"
"72204","1","5/5/2014 12:00:00 AM"
"72205","4","5/5/2014 12:00:00 AM"
"72205","10","5/5/2014 12:00:00 AM"
"72206","4","5/5/2014 12:00:00 AM"
"72206","10","5/5/2014 12:00:00 AM"
"72207","4","5/5/2014 12:00:00 AM"
"72207","10","5/5/2014 12:00:00 AM"
"72208","1","5/5/2014 12:00:00 AM"
"72209","4","5/5/2014 12:00:00 AM"
"72209","10","5/5/2014 12:00:00 AM"
"72210","1","5/5/2014 12:00:00 AM"
"72211","1","5/5/2014 12:00:00 AM"
"72212","1","5/5/2014 12:00:00 AM"
"72213","1","5/5/2014 12:00:00 AM"
"72214","1","5/5/2014 12:00:00 AM"
"72215","1","5/5/2014 12:00:00 AM"
"72216","1","5/5/2014 12:00:00 AM"
"72217","1","5/5/2014 12:00:00 AM"
"72218","1","5/5/2014 12:00:00 AM"
"72219","1","5/5/2014 12:00:00 AM"
"72220","1","5/5/2014 12:00:00 AM"
"72220","10","5/5/2014 12:00:00 AM"
"72221","1","5/5/2014 12:00:00 AM"
"72222","1","5/5/2014 12:00:00 AM"
"72223","1","5/5/2014 12:00:00 AM"
"72224","1","5/5/2014 12:00:00 AM"
"72225","1","5/5/2014 12:00:00 AM"
"72226","1","5/5/2014 12:00:00 AM"
"72227","1","5/5/2014 12:00:00 AM"
"72228","1","5/5/2014 12:00:00 AM"
"72229","1","5/5/2014 12:00:00 AM"
"72230","1","5/5/2014 12:00:00 AM"
"72231","1","5/5/2014 12:00:00 AM"
"72232","1","5/5/2014 12:00:00 AM"
"72232","10","5/5/2014 12:00:00 AM"
"72234","1","5/5/2014 12:00:00 AM"
"72235","1","5/5/2014 12:00:00 AM"
"72235","10","5/5/2014 12:00:00 AM"
"72236","1","5/5/2014 12:00:00 AM"
"72237","4","5/5/2014 12:00:00 AM"
"72238","1","5/5/2014 12:00:00 AM"
"72240","1","5/5/2014 12:00:00 AM"
"72241","1","5/5/2014 12:00:00 AM"
"72242","1","5/5/2014 12:00:00 AM"
"72242","2","5/5/2014 12:00:00 AM"
"72243","1","5/5/2014 12:00:00 AM"
"72243","2","5/5/2014 12:00:00 AM"
"72245","1","5/5/2014 12:00:00 AM"
"72245","10","5/5/2014 12:00:00 AM"
"72246","1","5/5/2014 12:00:00 AM"
"72247","1","5/5/2014 12:00:00 AM"
"72247","2","5/5/2014 12:00:00 AM"
"72248","1","5/5/2014 12:00:00 AM"
"72249","1","5/5/2014 12:00:00 AM"
"72250","2","5/5/2014 12:00:00 AM"
"72251","1","5/5/2014 12:00:00 AM"
"72252","1","5/5/2014 12:00:00 AM"
"72252","2","5/5/2014 12:00:00 AM"
"72253","1","5/5/2014 12:00:00 AM"
"72253","2","5/5/2014 12:00:00 AM"
"72254","2","5/5/2014 12:00:00 AM"
"72255","1","5/5/2014 12:00:00 AM"
"72258","5","5/5/2014 12:00:00 AM"
"72260","1","5/5/2014 12:00:00 AM"
"72261","1","5/5/2014 12:00:00 AM"
"72262","1","5/5/2014 12:00:00 AM"
"72263","1","5/5/2014 12:00:00 AM"
"72264","1","5/5/2014 12:00:00 AM"
"72264","2","5/5/2014 12:00:00 AM"
"72267","1","5/5/2014 12:00:00 AM"
"72268","5","5/5/2014 12:00:00 AM"
"72269","1","5/5/2014 12:00:00 AM"
"72271","1","5/6/2014 12:00:00 AM"
"72272","1","5/6/2014 12:00:00 AM"
"72273","4","5/6/2014 12:00:00 AM"
"72274","1","5/6/2014 12:00:00 AM"
"72275","1","5/6/2014 12:00:00 AM"
"72276","1","5/6/2014 12:00:00 AM"
"72277","1","5/6/2014 12:00:00 AM"
"72278","1","5/6/2014 12:00:00 AM"
"72279","1","5/6/2014 12:00:00 AM"
"72280","1","5/6/2014 12:00:00 AM"
"72281","1","5/6/2014 12:00:00 AM"
"72282","1","5/6/2014 12:00:00 AM"
"72283","1","5/6/2014 12:00:00 AM"
"72285","2","5/6/2014 12:00:00 AM"
"72286","1","5/6/2014 12:00:00 AM"
"72287","2","5/6/2014 12:00:00 AM"
"72288","1","5/6/2014 12:00:00 AM"
"72289","1","5/6/2014 12:00:00 AM"
"72290","1","5/6/2014 12:00:00 AM"
"72291","1","5/6/2014 12:00:00 AM"
"72292","1","5/6/2014 12:00:00 AM"
"72293","1","5/6/2014 12:00:00 AM"
"72294","4","5/6/2014 12:00:00 AM"
"72295","1","5/6/2014 12:00:00 AM"
"72296","1","5/6/2014 12:00:00 AM"
"72297","6","5/6/2014 12:00:00 AM"
"72298","1","5/6/2014 12:00:00 AM"
"72299","6","5/6/2014 12:00:00 AM"
"72300","1","5/6/2014 12:00:00 AM"
"72301","1","5/6/2014 12:00:00 AM"
"72302","1","5/6/2014 12:00:00 AM"
"72303","1","5/6/2014 12:00:00 AM"
"72304","1","5/6/2014 12:00:00 AM"
"72305","1","5/6/2014 12:00:00 AM"
"72306","1","5/6/2014 12:00:00 AM"
"72307","1","5/6/2014 12:00:00 AM"
"72308","1","5/6/2014 12:00:00 AM"
"72309","1","5/6/2014 12:00:00 AM"
"72310","1","5/6/2014 12:00:00 AM"
"72311","1","5/6/2014 12:00:00 AM"
"72312","1","5/6/2014 12:00:00 AM"
"72313","1","5/6/2014 12:00:00 AM"
"72314","1","5/6/2014 12:00:00 AM"
"72315","1","5/6/2014 12:00:00 AM"
"72316","1","5/6/2014 12:00:00 AM"
"72317","1","5/6/2014 12:00:00 AM"
"72318","6","5/6/2014 12:00:00 AM"
"72319","1","5/6/2014 12:00:00 AM"
"72320","1","5/6/2014 12:00:00 AM"
"72321","1","5/6/2014 12:00:00 AM"
"72322","1","5/6/2014 12:00:00 AM"
"72323","1","5/6/2014 12:00:00 AM"
"72325","1","5/6/2014 12:00:00 AM"
"72326","1","5/6/2014 12:00:00 AM"
"72326","2","5/6/2014 12:00:00 AM"
"72327","2","5/6/2014 12:00:00 AM"
"72328","2","5/6/2014 12:00:00 AM"
"72329","6","5/6/2014 12:00:00 AM"
"72330","1","5/6/2014 12:00:00 AM"
"72330","2","5/6/2014 12:00:00 AM"
"72331","1","5/6/2014 12:00:00 AM"
"72334","1","5/6/2014 12:00:00 AM"
"72335","1","5/6/2014 12:00:00 AM"
"72336","5","5/6/2014 12:00:00 AM"
"72338","1","5/6/2014 12:00:00 AM"
"72340","1","5/6/2014 12:00:00 AM"
"72340","2","5/6/2014 12:00:00 AM"
"72340","10","5/6/2014 12:00:00 AM"
"72341","1","5/6/2014 12:00:00 AM"
"72343","1","5/6/2014 12:00:00 AM"
"72344","1","5/6/2014 12:00:00 AM"
"72344","2","5/6/2014 12:00:00 AM"
"72345","1","5/6/2014 12:00:00 AM"
"72347","1","5/6/2014 12:00:00 AM"
"72348","1","5/6/2014 12:00:00 AM"
"72349","1","5/6/2014 12:00:00 AM"
"72350","1","5/6/2014 12:00:00 AM"
"72351","1","5/6/2014 12:00:00 AM"
"72351","10","5/6/2014 12:00:00 AM"
"72353","1","5/6/2014 12:00:00 AM"
"72354","1","5/6/2014 12:00:00 AM"
"72354","2","5/6/2014 12:00:00 AM"
"72354","10","5/6/2014 12:00:00 AM"
"72355","1","5/6/2014 12:00:00 AM"
"72356","1","5/6/2014 12:00:00 AM"
"72357","1","5/6/2014 12:00:00 AM"
"72357","2","5/6/2014 12:00:00 AM"
"72357","10","5/6/2014 12:00:00 AM"
"72359","1","5/7/2014 12:00:00 AM"
"72360","1","5/7/2014 12:00:00 AM"
"72360","10","5/7/2014 12:00:00 AM"
"72361","1","5/7/2014 12:00:00 AM"
"72362","6","5/7/2014 12:00:00 AM"
"72363","4","5/7/2014 12:00:00 AM"
"72364","4","5/7/2014 12:00:00 AM"
"72365","1","5/7/2014 12:00:00 AM"
"72366","1","5/7/2014 12:00:00 AM"
"72366","2","5/7/2014 12:00:00 AM"
"72367","1","5/7/2014 12:00:00 AM"
"72368","1","5/7/2014 12:00:00 AM"
"72368","2","5/7/2014 12:00:00 AM"
"72369","1","5/7/2014 12:00:00 AM"
"72370","1","5/7/2014 12:00:00 AM"
"72371","1","5/7/2014 12:00:00 AM"
"72372","1","5/7/2014 12:00:00 AM"
"72373","1","5/7/2014 12:00:00 AM"
"72374","1","5/7/2014 12:00:00 AM"
"72375","1","5/7/2014 12:00:00 AM"
"72376","1","5/7/2014 12:00:00 AM"
"72377","1","5/7/2014 12:00:00 AM"
"72378","1","5/7/2014 12:00:00 AM"
"72379","1","5/7/2014 12:00:00 AM"
"72380","1","5/7/2014 12:00:00 AM"
"72381","1","5/7/2014 12:00:00 AM"
"72382","1","5/7/2014 12:00:00 AM"
"72383","1","5/7/2014 12:00:00 AM"
"72384","1","5/7/2014 12:00:00 AM"
"72385","1","5/7/2014 12:00:00 AM"
"72386","1","5/7/2014 12:00:00 AM"
"72387","1","5/7/2014 12:00:00 AM"
"72388","1","5/7/2014 12:00:00 AM"
"72389","1","5/7/2014 12:00:00 AM"
"72390","1","5/7/2014 12:00:00 AM"
"72391","4","5/7/2014 12:00:00 AM"
"72392","1","5/7/2014 12:00:00 AM"
"72393","1","5/7/2014 12:00:00 AM"
"72394","1","5/7/2014 12:00:00 AM"
"72395","1","5/7/2014 12:00:00 AM"
"72396","1","5/7/2014 12:00:00 AM"
"72397","1","5/7/2014 12:00:00 AM"
"72398","1","5/7/2014 12:00:00 AM"
"72399","1","5/7/2014 12:00:00 AM"
"72400","1","5/7/2014 12:00:00 AM"
"72401","1","5/7/2014 12:00:00 AM"
"72402","1","5/7/2014 12:00:00 AM"
"72403","1","5/7/2014 12:00:00 AM"
"72404","1","5/7/2014 12:00:00 AM"
"72406","1","5/7/2014 12:00:00 AM"
"72406","2","5/7/2014 12:00:00 AM"
"72407","1","5/7/2014 12:00:00 AM"
"72408","1","5/7/2014 12:00:00 AM"
"72408","2","5/7/2014 12:00:00 AM"
"72409","1","5/7/2014 12:00:00 AM"
"72409","2","5/7/2014 12:00:00 AM"
"72410","1","5/7/2014 12:00:00 AM"
"72411","1","5/7/2014 12:00:00 AM"
"72411","2","5/7/2014 12:00:00 AM"
"72412","1","5/7/2014 12:00:00 AM"
"72413","1","5/7/2014 12:00:00 AM"
"72414","6","5/7/2014 12:00:00 AM"
"72415","1","5/7/2014 12:00:00 AM"
"72416","1","5/7/2014 12:00:00 AM"
"72417","1","5/7/2014 12:00:00 AM"
"72418","2","5/7/2014 12:00:00 AM"
"72422","1","5/7/2014 12:00:00 AM"
"72422","2","5/7/2014 12:00:00 AM"
"72424","1","5/7/2014 12:00:00 AM"
"72425","1","5/7/2014 12:00:00 AM"
"72427","1","5/7/2014 12:00:00 AM"
"72427","2","5/7/2014 12:00:00 AM"
"72428","1","5/7/2014 12:00:00 AM"
"72428","2","5/7/2014 12:00:00 AM"
"72428","10","5/7/2014 12:00:00 AM"
"72429","1","5/7/2014 12:00:00 AM"
"72430","1","5/7/2014 12:00:00 AM"
"72430","2","5/7/2014 12:00:00 AM"
"72431","1","5/7/2014 12:00:00 AM"
"72432","1","5/7/2014 12:00:00 AM"
"72433","1","5/7/2014 12:00:00 AM"
"72434","1","5/7/2014 12:00:00 AM"
"72434","2","5/7/2014 12:00:00 AM"
"72435","1","5/7/2014 12:00:00 AM"
"72436","1","5/7/2014 12:00:00 AM"
"72436","2","5/7/2014 12:00:00 AM"
"72437","5","5/7/2014 12:00:00 AM"
"72438","1","5/7/2014 12:00:00 AM"
"72438","10","5/7/2014 12:00:00 AM"
"72439","1","5/7/2014 12:00:00 AM"
"72440","6","5/8/2014 12:00:00 AM"
"72441","1","5/8/2014 12:00:00 AM"
"72442","1","5/8/2014 12:00:00 AM"
"72443","1","5/8/2014 12:00:00 AM"
"72444","1","5/8/2014 12:00:00 AM"
"72445","4","5/8/2014 12:00:00 AM"
"72446","1","5/8/2014 12:00:00 AM"
"72447","1","5/8/2014 12:00:00 AM"
"72448","6","5/8/2014 12:00:00 AM"
"72449","1","5/8/2014 12:00:00 AM"
"72450","1","5/8/2014 12:00:00 AM"
"72450","2","5/8/2014 12:00:00 AM"
"72451","1","5/8/2014 12:00:00 AM"
"72452","1","5/8/2014 12:00:00 AM"
"72453","1","5/8/2014 12:00:00 AM"
"72454","1","5/8/2014 12:00:00 AM"
"72455","1","5/8/2014 12:00:00 AM"
"72455","10","5/8/2014 12:00:00 AM"
"72456","1","5/8/2014 12:00:00 AM"
"72457","1","5/8/2014 12:00:00 AM"
"72458","1","5/8/2014 12:00:00 AM"
"72459","1","5/8/2014 12:00:00 AM"
"72460","1","5/8/2014 12:00:00 AM"
"72461","1","5/8/2014 12:00:00 AM"
"72462","1","5/8/2014 12:00:00 AM"
"72463","1","5/8/2014 12:00:00 AM"
"72464","1","5/8/2014 12:00:00 AM"
"72465","1","5/8/2014 12:00:00 AM"
"72466","1","5/8/2014 12:00:00 AM"
"72467","1","5/8/2014 12:00:00 AM"
"72468","1","5/8/2014 12:00:00 AM"
"72469","1","5/8/2014 12:00:00 AM"
"72470","1","5/8/2014 12:00:00 AM"
"72470","10","5/8/2014 12:00:00 AM"
"72471","1","5/8/2014 12:00:00 AM"
"72472","1","5/8/2014 12:00:00 AM"
"72473","1","5/8/2014 12:00:00 AM"
"72474","1","5/8/2014 12:00:00 AM"
"72475","1","5/8/2014 12:00:00 AM"
"72476","1","5/8/2014 12:00:00 AM"
"72477","1","5/8/2014 12:00:00 AM"
"72478","1","5/8/2014 12:00:00 AM"
"72479","1","5/8/2014 12:00:00 AM"
"72480","2","5/8/2014 12:00:00 AM"
"72481","6","5/8/2014 12:00:00 AM"
"72482","6","5/8/2014 12:00:00 AM"
"72483","2","5/8/2014 12:00:00 AM"
"72484","1","5/8/2014 12:00:00 AM"
"72485","6","5/8/2014 12:00:00 AM"
"72486","1","5/8/2014 12:00:00 AM"
"72486","2","5/8/2014 12:00:00 AM"
"72487","2","5/8/2014 12:00:00 AM"
"72488","1","5/8/2014 12:00:00 AM"
"72489","1","5/8/2014 12:00:00 AM"
"72492","1","5/8/2014 12:00:00 AM"
"72492","2","5/8/2014 12:00:00 AM"
"72493","1","5/8/2014 12:00:00 AM"
"72494","1","5/8/2014 12:00:00 AM"
"72495","1","5/8/2014 12:00:00 AM"
"72495","2","5/8/2014 12:00:00 AM"
"72496","1","5/8/2014 12:00:00 AM"
"72496","2","5/8/2014 12:00:00 AM"
"72497","2","5/8/2014 12:00:00 AM"
"72498","1","5/8/2014 12:00:00 AM"
"72498","2","5/8/2014 12:00:00 AM"
"72499","1","5/8/2014 12:00:00 AM"
"72500","1","5/8/2014 12:00:00 AM"
"72502","1","5/8/2014 12:00:00 AM"
"72503","6","5/8/2014 12:00:00 AM"
"72504","1","5/8/2014 12:00:00 AM"
"72505","1","5/8/2014 12:00:00 AM"
"72505","2","5/8/2014 12:00:00 AM"
"72506","1","5/8/2014 12:00:00 AM"
"72507","2","5/8/2014 12:00:00 AM"
"72508","1","5/8/2014 12:00:00 AM"
"72509","1","5/8/2014 12:00:00 AM"
"72510","1","5/8/2014 12:00:00 AM"
"72510","2","5/8/2014 12:00:00 AM"
"72510","10","5/8/2014 12:00:00 AM"
"72512","2","5/8/2014 12:00:00 AM"
"72514","1","5/9/2014 12:00:00 AM"
"72515","1","5/9/2014 12:00:00 AM"
"72516","1","5/9/2014 12:00:00 AM"
"72517","1","5/9/2014 12:00:00 AM"
"72517","10","5/9/2014 12:00:00 AM"
"72518","1","5/9/2014 12:00:00 AM"
"72518","10","5/9/2014 12:00:00 AM"
"72519","1","5/9/2014 12:00:00 AM"
"72520","1","5/9/2014 12:00:00 AM"
"72520","10","5/9/2014 12:00:00 AM"
"72521","1","5/9/2014 12:00:00 AM"
"72521","2","5/9/2014 12:00:00 AM"
"72522","1","5/9/2014 12:00:00 AM"
"72523","4","5/9/2014 12:00:00 AM"
"72523","10","5/9/2014 12:00:00 AM"
"72524","1","5/9/2014 12:00:00 AM"
"72525","1","5/9/2014 12:00:00 AM"
"72526","4","5/9/2014 12:00:00 AM"
"72527","1","5/9/2014 12:00:00 AM"
"72528","1","5/9/2014 12:00:00 AM"
"72529","1","5/9/2014 12:00:00 AM"
"72530","1","5/9/2014 12:00:00 AM"
"72531","1","5/9/2014 12:00:00 AM"
"72532","1","5/9/2014 12:00:00 AM"
"72533","1","5/9/2014 12:00:00 AM"
"72534","1","5/9/2014 12:00:00 AM"
"72535","1","5/9/2014 12:00:00 AM"
"72536","1","5/9/2014 12:00:00 AM"
"72537","1","5/9/2014 12:00:00 AM"
"72538","1","5/9/2014 12:00:00 AM"
"72538","10","5/9/2014 12:00:00 AM"
"72539","1","5/9/2014 12:00:00 AM"
"72540","1","5/9/2014 12:00:00 AM"
"72541","1","5/9/2014 12:00:00 AM"
"72542","1","5/9/2014 12:00:00 AM"
"72543","1","5/9/2014 12:00:00 AM"
"72543","10","5/9/2014 12:00:00 AM"
"72544","1","5/9/2014 12:00:00 AM"
"72545","1","5/9/2014 12:00:00 AM"
"72545","2","5/9/2014 12:00:00 AM"
"72546","1","5/9/2014 12:00:00 AM"
"72547","1","5/9/2014 12:00:00 AM"
"72548","1","5/9/2014 12:00:00 AM"
"72548","2","5/9/2014 12:00:00 AM"
"72549","1","5/9/2014 12:00:00 AM"
"72551","1","5/9/2014 12:00:00 AM"
"72551","2","5/9/2014 12:00:00 AM"
"72552","1","5/9/2014 12:00:00 AM"
"72553","1","5/9/2014 12:00:00 AM"
"72554","1","5/9/2014 12:00:00 AM"
"72555","1","5/9/2014 12:00:00 AM"
"72556","1","5/9/2014 12:00:00 AM"
"72557","1","5/9/2014 12:00:00 AM"
"72557","2","5/9/2014 12:00:00 AM"
"72559","1","5/9/2014 12:00:00 AM"
"72560","1","5/9/2014 12:00:00 AM"
"72560","2","5/9/2014 12:00:00 AM"
"72561","1","5/9/2014 12:00:00 AM"
"72564","1","5/9/2014 12:00:00 AM"
"72564","2","5/9/2014 12:00:00 AM"
"72566","1","5/9/2014 12:00:00 AM"
"72566","2","5/9/2014 12:00:00 AM"
"72567","1","5/9/2014 12:00:00 AM"
"72568","1","5/9/2014 12:00:00 AM"
"72569","1","5/9/2014 12:00:00 AM"
"72571","1","5/9/2014 12:00:00 AM"
"72572","1","5/9/2014 12:00:00 AM"
"72572","2","5/9/2014 12:00:00 AM"
"72574","1","5/9/2014 12:00:00 AM"
"72575","1","5/9/2014 12:00:00 AM"
"72576","2","5/9/2014 12:00:00 AM"
"72577","6","5/9/2014 12:00:00 AM"
"72578","1","5/9/2014 12:00:00 AM"
"72578","2","5/9/2014 12:00:00 AM"
"72580","1","5/9/2014 12:00:00 AM"
"72581","1","5/9/2014 12:00:00 AM"
"72581","2","5/9/2014 12:00:00 AM"
"72582","1","5/10/2014 12:00:00 AM"
"72582","10","5/10/2014 12:00:00 AM"
"72583","1","5/10/2014 12:00:00 AM"
"72584","1","5/10/2014 12:00:00 AM"
"72585","1","5/10/2014 12:00:00 AM"
"72586","4","5/10/2014 12:00:00 AM"
"72587","1","5/10/2014 12:00:00 AM"
"72587","2","5/10/2014 12:00:00 AM"
"72588","1","5/10/2014 12:00:00 AM"
"72588","2","5/10/2014 12:00:00 AM"
"72590","1","5/10/2014 12:00:00 AM"
"72590","2","5/10/2014 12:00:00 AM"
"72592","1","5/10/2014 12:00:00 AM"
"72592","2","5/10/2014 12:00:00 AM"
"72593","1","5/10/2014 12:00:00 AM"
"72594","1","5/10/2014 12:00:00 AM"
"72596","1","5/10/2014 12:00:00 AM"
"72597","1","5/10/2014 12:00:00 AM"
"72598","1","5/10/2014 12:00:00 AM"
"72599","1","5/10/2014 12:00:00 AM"
"72600","1","5/10/2014 12:00:00 AM"
"72601","1","5/10/2014 12:00:00 AM"
"72602","1","5/10/2014 12:00:00 AM"
"72603","1","5/10/2014 12:00:00 AM"
"72603","10","5/10/2014 12:00:00 AM"
"72604","1","5/10/2014 12:00:00 AM"
"72605","6","5/10/2014 12:00:00 AM"
"72606","1","5/10/2014 12:00:00 AM"
"72607","1","5/10/2014 12:00:00 AM"
"72608","1","5/10/2014 12:00:00 AM"
"72609","1","5/10/2014 12:00:00 AM"
"72610","1","5/10/2014 12:00:00 AM"
"72611","1","5/10/2014 12:00:00 AM"
"72612","1","5/10/2014 12:00:00 AM"
"72613","1","5/10/2014 12:00:00 AM"
"72614","1","5/10/2014 12:00:00 AM"
"72615","1","5/10/2014 12:00:00 AM"
"72616","1","5/10/2014 12:00:00 AM"
"72617","1","5/10/2014 12:00:00 AM"
"72617","2","5/10/2014 12:00:00 AM"
"72618","2","5/10/2014 12:00:00 AM"
"72619","1","5/10/2014 12:00:00 AM"
"72620","1","5/10/2014 12:00:00 AM"
"72621","1","5/10/2014 12:00:00 AM"
"72622","1","5/10/2014 12:00:00 AM"
"72622","2","5/10/2014 12:00:00 AM"
"72623","1","5/10/2014 12:00:00 AM"
"72624","1","5/10/2014 12:00:00 AM"
"72625","1","5/10/2014 12:00:00 AM"
"72626","2","5/10/2014 12:00:00 AM"
"72627","1","5/10/2014 12:00:00 AM"
"72628","1","5/10/2014 12:00:00 AM"
"72628","2","5/10/2014 12:00:00 AM"
"72629","1","5/10/2014 12:00:00 AM"
"72630","1","5/10/2014 12:00:00 AM"
"72631","1","5/10/2014 12:00:00 AM"
"72632","1","5/10/2014 12:00:00 AM"
"72633","1","5/10/2014 12:00:00 AM"
"72634","1","5/10/2014 12:00:00 AM"
"72635","2","5/10/2014 12:00:00 AM"
"72636","6","5/10/2014 12:00:00 AM"
"72637","1","5/10/2014 12:00:00 AM"
"72637","2","5/10/2014 12:00:00 AM"
"72641","1","5/11/2014 12:00:00 AM"
"72642","1","5/11/2014 12:00:00 AM"
"72643","1","5/11/2014 12:00:00 AM"
"72644","1","5/11/2014 12:00:00 AM"
"72645","1","5/11/2014 12:00:00 AM"
"72646","1","5/11/2014 12:00:00 AM"
"72647","1","5/11/2014 12:00:00 AM"
"72648","1","5/11/2014 12:00:00 AM"
"72649","1","5/11/2014 12:00:00 AM"
"72650","1","5/11/2014 12:00:00 AM"
"72651","1","5/11/2014 12:00:00 AM"
"72651","2","5/11/2014 12:00:00 AM"
"72652","1","5/11/2014 12:00:00 AM"
"72653","2","5/11/2014 12:00:00 AM"
"72655","1","5/11/2014 12:00:00 AM"
"72656","1","5/11/2014 12:00:00 AM"
"72657","2","5/11/2014 12:00:00 AM"
"72658","2","5/11/2014 12:00:00 AM"
"72659","1","5/11/2014 12:00:00 AM"
"72660","2","5/11/2014 12:00:00 AM"
"72661","2","5/11/2014 12:00:00 AM"
"72662","1","5/11/2014 12:00:00 AM"
"72663","4","5/11/2014 12:00:00 AM"
"72664","1","5/11/2014 12:00:00 AM"
"72665","1","5/11/2014 12:00:00 AM"
"72666","1","5/11/2014 12:00:00 AM"
"72666","10","5/11/2014 12:00:00 AM"
"72667","1","5/11/2014 12:00:00 AM"
"72668","1","5/11/2014 12:00:00 AM"
"72669","1","5/11/2014 12:00:00 AM"
"72670","1","5/11/2014 12:00:00 AM"
"72671","1","5/11/2014 12:00:00 AM"
"72672","1","5/11/2014 12:00:00 AM"
"72673","1","5/11/2014 12:00:00 AM"
"72674","1","5/11/2014 12:00:00 AM"
"72674","10","5/11/2014 12:00:00 AM"
"72675","1","5/11/2014 12:00:00 AM"
"72675","10","5/11/2014 12:00:00 AM"
"72676","1","5/11/2014 12:00:00 AM"
"72677","1","5/11/2014 12:00:00 AM"
"72678","1","5/11/2014 12:00:00 AM"
"72679","1","5/11/2014 12:00:00 AM"
"72679","10","5/11/2014 12:00:00 AM"
"72680","1","5/11/2014 12:00:00 AM"
"72681","1","5/11/2014 12:00:00 AM"
"72682","1","5/11/2014 12:00:00 AM"
"72683","1","5/11/2014 12:00:00 AM"
"72684","1","5/11/2014 12:00:00 AM"
"72685","1","5/11/2014 12:00:00 AM"
"72686","1","5/11/2014 12:00:00 AM"
"72687","1","5/11/2014 12:00:00 AM"
"72687","10","5/11/2014 12:00:00 AM"
"72688","1","5/11/2014 12:00:00 AM"
"72689","1","5/11/2014 12:00:00 AM"
"72690","1","5/11/2014 12:00:00 AM"
"72691","1","5/11/2014 12:00:00 AM"
"72692","1","5/11/2014 12:00:00 AM"
"72692","2","5/11/2014 12:00:00 AM"
"72693","1","5/11/2014 12:00:00 AM"
"72694","1","5/11/2014 12:00:00 AM"
"72695","1","5/11/2014 12:00:00 AM"
"72696","1","5/11/2014 12:00:00 AM"
"72697","1","5/11/2014 12:00:00 AM"
"72697","2","5/11/2014 12:00:00 AM"
"72698","1","5/11/2014 12:00:00 AM"
"72700","2","5/11/2014 12:00:00 AM"
"72702","1","5/11/2014 12:00:00 AM"
"72702","2","5/11/2014 12:00:00 AM"
"72703","1","5/11/2014 12:00:00 AM"
"72703","2","5/11/2014 12:00:00 AM"
"72704","1","5/11/2014 12:00:00 AM"
"72706","1","5/11/2014 12:00:00 AM"
"72706","10","5/11/2014 12:00:00 AM"
"72707","6","5/11/2014 12:00:00 AM"
"72708","1","5/11/2014 12:00:00 AM"
"72709","1","5/11/2014 12:00:00 AM"
"72710","6","5/11/2014 12:00:00 AM"
"72711","1","5/11/2014 12:00:00 AM"
"72711","2","5/11/2014 12:00:00 AM"
"72712","1","5/11/2014 12:00:00 AM"
"72715","1","5/11/2014 12:00:00 AM"
"72716","1","5/11/2014 12:00:00 AM"
"72717","1","5/11/2014 12:00:00 AM"
"72718","1","5/11/2014 12:00:00 AM"
"72721","1","5/11/2014 12:00:00 AM"
"72721","10","5/11/2014 12:00:00 AM"
"72722","1","5/11/2014 12:00:00 AM"
"72722","2","5/11/2014 12:00:00 AM"
"72723","1","5/11/2014 12:00:00 AM"
"72723","2","5/11/2014 12:00:00 AM"
"72724","1","5/11/2014 12:00:00 AM"
"72724","2","5/11/2014 12:00:00 AM"
"72724","10","5/11/2014 12:00:00 AM"
"72725","1","5/11/2014 12:00:00 AM"
"72726","1","5/11/2014 12:00:00 AM"
"72726","2","5/11/2014 12:00:00 AM"
"72726","10","5/11/2014 12:00:00 AM"
"72727","1","5/12/2014 12:00:00 AM"
"72727","2","5/12/2014 12:00:00 AM"
"72729","5","5/12/2014 12:00:00 AM"
"72732","1","5/12/2014 12:00:00 AM"
"72733","1","5/12/2014 12:00:00 AM"
"72734","1","5/12/2014 12:00:00 AM"
"72735","6","5/12/2014 12:00:00 AM"
"72736","4","5/12/2014 12:00:00 AM"
"72737","1","5/12/2014 12:00:00 AM"
"72738","1","5/12/2014 12:00:00 AM"
"72739","1","5/12/2014 12:00:00 AM"
"72740","1","5/12/2014 12:00:00 AM"
"72741","1","5/12/2014 12:00:00 AM"
"72742","1","5/12/2014 12:00:00 AM"
"72743","1","5/12/2014 12:00:00 AM"
"72744","1","5/12/2014 12:00:00 AM"
"72745","1","5/12/2014 12:00:00 AM"
"72746","1","5/12/2014 12:00:00 AM"
"72748","1","5/12/2014 12:00:00 AM"
"72749","1","5/12/2014 12:00:00 AM"
"72750","1","5/12/2014 12:00:00 AM"
"72751","1","5/12/2014 12:00:00 AM"
"72752","1","5/12/2014 12:00:00 AM"
"72753","1","5/12/2014 12:00:00 AM"
"72754","1","5/12/2014 12:00:00 AM"
"72754","10","5/12/2014 12:00:00 AM"
"72755","1","5/12/2014 12:00:00 AM"
"72756","1","5/12/2014 12:00:00 AM"
"72757","1","5/12/2014 12:00:00 AM"
"72758","1","5/12/2014 12:00:00 AM"
"72759","1","5/12/2014 12:00:00 AM"
"72760","1","5/12/2014 12:00:00 AM"
"72761","1","5/12/2014 12:00:00 AM"
"72762","1","5/12/2014 12:00:00 AM"
"72763","1","5/12/2014 12:00:00 AM"
"72764","1","5/12/2014 12:00:00 AM"
"72764","10","5/12/2014 12:00:00 AM"
"72765","1","5/12/2014 12:00:00 AM"
"72766","1","5/12/2014 12:00:00 AM"
"72767","1","5/12/2014 12:00:00 AM"
"72768","1","5/12/2014 12:00:00 AM"
"72768","2","5/12/2014 12:00:00 AM"
"72770","1","5/12/2014 12:00:00 AM"
"72771","1","5/12/2014 12:00:00 AM"
"72772","1","5/12/2014 12:00:00 AM"
"72773","1","5/12/2014 12:00:00 AM"
"72775","1","5/12/2014 12:00:00 AM"
"72776","1","5/12/2014 12:00:00 AM"
"72777","1","5/12/2014 12:00:00 AM"
"72777","2","5/12/2014 12:00:00 AM"
"72779","1","5/12/2014 12:00:00 AM"
"72779","2","5/12/2014 12:00:00 AM"
"72780","1","5/12/2014 12:00:00 AM"
"72781","6","5/12/2014 12:00:00 AM"
"72782","1","5/12/2014 12:00:00 AM"
"72782","2","5/12/2014 12:00:00 AM"
"72783","1","5/12/2014 12:00:00 AM"
"72786","1","5/12/2014 12:00:00 AM"
"72786","2","5/12/2014 12:00:00 AM"
"72787","1","5/12/2014 12:00:00 AM"
"72787","2","5/12/2014 12:00:00 AM"
"72789","1","5/13/2014 12:00:00 AM"
"72790","1","5/13/2014 12:00:00 AM"
"72791","1","5/13/2014 12:00:00 AM"
"72792","1","5/13/2014 12:00:00 AM"
"72793","1","5/13/2014 12:00:00 AM"
"72794","1","5/13/2014 12:00:00 AM"
"72795","1","5/13/2014 12:00:00 AM"
"72796","1","5/13/2014 12:00:00 AM"
"72797","1","5/13/2014 12:00:00 AM"
"72797","2","5/13/2014 12:00:00 AM"
"72798","1","5/13/2014 12:00:00 AM"
"72799","1","5/13/2014 12:00:00 AM"
"72800","1","5/13/2014 12:00:00 AM"
"72801","1","5/13/2014 12:00:00 AM"
"72803","1","5/13/2014 12:00:00 AM"
"72804","1","5/13/2014 12:00:00 AM"
"72805","1","5/13/2014 12:00:00 AM"
"72806","1","5/13/2014 12:00:00 AM"
"72806","10","5/13/2014 12:00:00 AM"
"72807","1","5/13/2014 12:00:00 AM"
"72808","1","5/13/2014 12:00:00 AM"
"72809","1","5/13/2014 12:00:00 AM"
"72810","1","5/13/2014 12:00:00 AM"
"72811","1","5/13/2014 12:00:00 AM"
"72812","1","5/13/2014 12:00:00 AM"
"72813","1","5/13/2014 12:00:00 AM"
"72814","1","5/13/2014 12:00:00 AM"
"72814","10","5/13/2014 12:00:00 AM"
"72815","1","5/13/2014 12:00:00 AM"
"72816","1","5/13/2014 12:00:00 AM"
"72817","1","5/13/2014 12:00:00 AM"
"72818","1","5/13/2014 12:00:00 AM"
"72819","1","5/13/2014 12:00:00 AM"
"72819","10","5/13/2014 12:00:00 AM"
"72820","1","5/13/2014 12:00:00 AM"
"72821","2","5/13/2014 12:00:00 AM"
"72822","1","5/13/2014 12:00:00 AM"
"72822","2","5/13/2014 12:00:00 AM"
"72823","1","5/13/2014 12:00:00 AM"
"72824","1","5/13/2014 12:00:00 AM"
"72824","2","5/13/2014 12:00:00 AM"
"72825","1","5/13/2014 12:00:00 AM"
"72825","2","5/13/2014 12:00:00 AM"
"72826","1","5/13/2014 12:00:00 AM"
"72826","2","5/13/2014 12:00:00 AM"
"72827","1","5/13/2014 12:00:00 AM"
"72827","2","5/13/2014 12:00:00 AM"
"72828","1","5/13/2014 12:00:00 AM"
"72828","10","5/13/2014 12:00:00 AM"
"72831","1","5/13/2014 12:00:00 AM"
"72833","5","5/13/2014 12:00:00 AM"
"72835","1","5/13/2014 12:00:00 AM"
"72836","1","5/13/2014 12:00:00 AM"
"72837","2","5/13/2014 12:00:00 AM"
"72838","1","5/13/2014 12:00:00 AM"
"72840","1","5/13/2014 12:00:00 AM"
"72841","1","5/13/2014 12:00:00 AM"
"72841","10","5/13/2014 12:00:00 AM"
"72843","1","5/13/2014 12:00:00 AM"
"72844","1","5/13/2014 12:00:00 AM"
"72844","2","5/13/2014 12:00:00 AM"
"72845","1","5/13/2014 12:00:00 AM"
"72845","2","5/13/2014 12:00:00 AM"
"72848","5","5/13/2014 12:00:00 AM"
"72850","1","5/14/2014 12:00:00 AM"
"72851","1","5/14/2014 12:00:00 AM"
"72852","1","5/14/2014 12:00:00 AM"
"72853","1","5/14/2014 12:00:00 AM"
"72854","1","5/14/2014 12:00:00 AM"
"72855","1","5/14/2014 12:00:00 AM"
"72855","10","5/14/2014 12:00:00 AM"
"72856","1","5/14/2014 12:00:00 AM"
"72857","1","5/14/2014 12:00:00 AM"
"72858","1","5/14/2014 12:00:00 AM"
"72859","6","5/14/2014 12:00:00 AM"
"72860","1","5/14/2014 12:00:00 AM"
"72861","4","5/14/2014 12:00:00 AM"
"72862","1","5/14/2014 12:00:00 AM"
"72863","1","5/14/2014 12:00:00 AM"
"72863","2","5/14/2014 12:00:00 AM"
"72864","1","5/14/2014 12:00:00 AM"
"72865","1","5/14/2014 12:00:00 AM"
"72866","1","5/14/2014 12:00:00 AM"
"72867","1","5/14/2014 12:00:00 AM"
"72868","1","5/14/2014 12:00:00 AM"
"72869","1","5/14/2014 12:00:00 AM"
"72869","2","5/14/2014 12:00:00 AM"
"72871","2","5/14/2014 12:00:00 AM"
"72872","1","5/14/2014 12:00:00 AM"
"72873","1","5/14/2014 12:00:00 AM"
"72874","1","5/14/2014 12:00:00 AM"
"72875","1","5/14/2014 12:00:00 AM"
"72876","1","5/14/2014 12:00:00 AM"
"72877","6","5/14/2014 12:00:00 AM"
"72878","1","5/14/2014 12:00:00 AM"
"72879","6","5/14/2014 12:00:00 AM"
"72880","1","5/14/2014 12:00:00 AM"
"72881","1","5/14/2014 12:00:00 AM"
"72882","1","5/14/2014 12:00:00 AM"
"72883","1","5/14/2014 12:00:00 AM"
"72884","1","5/14/2014 12:00:00 AM"
"72885","1","5/14/2014 12:00:00 AM"
"72886","1","5/14/2014 12:00:00 AM"
"72887","1","5/14/2014 12:00:00 AM"
"72888","1","5/14/2014 12:00:00 AM"
"72889","4","5/14/2014 12:00:00 AM"
"72889","10","5/14/2014 12:00:00 AM"
"72890","1","5/14/2014 12:00:00 AM"
"72891","1","5/14/2014 12:00:00 AM"
"72892","1","5/14/2014 12:00:00 AM"
"72893","1","5/14/2014 12:00:00 AM"
"72894","1","5/14/2014 12:00:00 AM"
"72895","1","5/14/2014 12:00:00 AM"
"72896","1","5/14/2014 12:00:00 AM"
"72897","1","5/14/2014 12:00:00 AM"
"72898","1","5/14/2014 12:00:00 AM"
"72899","4","5/14/2014 12:00:00 AM"
"72900","1","5/14/2014 12:00:00 AM"
"72901","1","5/14/2014 12:00:00 AM"
"72902","1","5/14/2014 12:00:00 AM"
"72903","1","5/14/2014 12:00:00 AM"
"72904","1","5/14/2014 12:00:00 AM"
"72905","1","5/14/2014 12:00:00 AM"
"72905","2","5/14/2014 12:00:00 AM"
"72906","1","5/14/2014 12:00:00 AM"
"72907","6","5/14/2014 12:00:00 AM"
"72908","1","5/14/2014 12:00:00 AM"
"72909","1","5/14/2014 12:00:00 AM"
"72910","1","5/14/2014 12:00:00 AM"
"72911","1","5/14/2014 12:00:00 AM"
"72911","2","5/14/2014 12:00:00 AM"
"72912","1","5/14/2014 12:00:00 AM"
"72913","2","5/14/2014 12:00:00 AM"
"72914","2","5/14/2014 12:00:00 AM"
"72915","1","5/14/2014 12:00:00 AM"
"72919","1","5/14/2014 12:00:00 AM"
"72921","1","5/14/2014 12:00:00 AM"
"72922","6","5/14/2014 12:00:00 AM"
"72923","1","5/14/2014 12:00:00 AM"
"72923","2","5/14/2014 12:00:00 AM"
"72925","2","5/14/2014 12:00:00 AM"
"72926","1","5/14/2014 12:00:00 AM"
"72927","1","5/14/2014 12:00:00 AM"
"72929","1","5/14/2014 12:00:00 AM"
"72929","2","5/14/2014 12:00:00 AM"
"72931","1","5/14/2014 12:00:00 AM"
"72932","6","5/14/2014 12:00:00 AM"
"72933","1","5/14/2014 12:00:00 AM"
"72933","2","5/14/2014 12:00:00 AM"
"72934","1","5/14/2014 12:00:00 AM"
"72935","6","5/14/2014 12:00:00 AM"
"72936","1","5/14/2014 12:00:00 AM"
"72937","2","5/14/2014 12:00:00 AM"
"72938","1","5/14/2014 12:00:00 AM"
"72939","6","5/14/2014 12:00:00 AM"
"72940","1","5/14/2014 12:00:00 AM"
"72941","6","5/14/2014 12:00:00 AM"
"72943","6","5/14/2014 12:00:00 AM"
"72944","6","5/14/2014 12:00:00 AM"
"72945","1","5/14/2014 12:00:00 AM"
"72946","1","5/14/2014 12:00:00 AM"
"72946","2","5/14/2014 12:00:00 AM"
"72948","1","5/14/2014 12:00:00 AM"
"72949","1","5/14/2014 12:00:00 AM"
"72950","1","5/14/2014 12:00:00 AM"
"72950","10","5/14/2014 12:00:00 AM"
"72952","1","5/15/2014 12:00:00 AM"
"72953","1","5/15/2014 12:00:00 AM"
"72954","1","5/15/2014 12:00:00 AM"
"72955","1","5/15/2014 12:00:00 AM"
"72955","10","5/15/2014 12:00:00 AM"
"72956","1","5/15/2014 12:00:00 AM"
"72957","4","5/15/2014 12:00:00 AM"
"72958","1","5/15/2014 12:00:00 AM"
"72959","1","5/15/2014 12:00:00 AM"
"72960","1","5/15/2014 12:00:00 AM"
"72961","1","5/15/2014 12:00:00 AM"
"72962","1","5/15/2014 12:00:00 AM"
"72963","1","5/15/2014 12:00:00 AM"
"72964","1","5/15/2014 12:00:00 AM"
"72966","1","5/15/2014 12:00:00 AM"
"72967","1","5/15/2014 12:00:00 AM"
"72967","10","5/15/2014 12:00:00 AM"
"72968","1","5/15/2014 12:00:00 AM"
"72969","1","5/15/2014 12:00:00 AM"
"72970","1","5/15/2014 12:00:00 AM"
"72971","1","5/15/2014 12:00:00 AM"
"72972","1","5/15/2014 12:00:00 AM"
"72973","1","5/15/2014 12:00:00 AM"
"72974","1","5/15/2014 12:00:00 AM"
"72975","1","5/15/2014 12:00:00 AM"
"72976","1","5/15/2014 12:00:00 AM"
"72977","1","5/15/2014 12:00:00 AM"
"72978","1","5/15/2014 12:00:00 AM"
"72979","1","5/15/2014 12:00:00 AM"
"72980","1","5/15/2014 12:00:00 AM"
"72981","1","5/15/2014 12:00:00 AM"
"72982","6","5/15/2014 12:00:00 AM"
"72983","6","5/15/2014 12:00:00 AM"
"72984","1","5/15/2014 12:00:00 AM"
"72985","1","5/15/2014 12:00:00 AM"
"72986","1","5/15/2014 12:00:00 AM"
"72987","1","5/15/2014 12:00:00 AM"
"72988","1","5/15/2014 12:00:00 AM"
"72989","1","5/15/2014 12:00:00 AM"
"72990","6","5/15/2014 12:00:00 AM"
"72991","1","5/15/2014 12:00:00 AM"
"72992","1","5/15/2014 12:00:00 AM"
"72993","1","5/15/2014 12:00:00 AM"
"72993","10","5/15/2014 12:00:00 AM"
"72994","1","5/15/2014 12:00:00 AM"
"72995","1","5/15/2014 12:00:00 AM"
"72996","1","5/15/2014 12:00:00 AM"
"72997","1","5/15/2014 12:00:00 AM"
"72998","1","5/15/2014 12:00:00 AM"
"72998","10","5/15/2014 12:00:00 AM"
"72999","1","5/15/2014 12:00:00 AM"
"72999","10","5/15/2014 12:00:00 AM"
"73000","1","5/15/2014 12:00:00 AM"
"73001","4","5/15/2014 12:00:00 AM"
"73003","1","5/15/2014 12:00:00 AM"
"73004","1","5/15/2014 12:00:00 AM"
"73004","2","5/15/2014 12:00:00 AM"
"73005","1","5/15/2014 12:00:00 AM"
"73006","1","5/15/2014 12:00:00 AM"
"73006","2","5/15/2014 12:00:00 AM"
"73008","2","5/15/2014 12:00:00 AM"
"73009","1","5/15/2014 12:00:00 AM"
"73010","1","5/15/2014 12:00:00 AM"
"73011","1","5/15/2014 12:00:00 AM"
"73012","1","5/15/2014 12:00:00 AM"
"73013","1","5/15/2014 12:00:00 AM"
"73016","2","5/15/2014 12:00:00 AM"
"73017","1","5/15/2014 12:00:00 AM"
"73018","1","5/15/2014 12:00:00 AM"
"73018","2","5/15/2014 12:00:00 AM"
"73021","1","5/15/2014 12:00:00 AM"
"73021","2","5/15/2014 12:00:00 AM"
"73025","1","5/15/2014 12:00:00 AM"
"73026","1","5/15/2014 12:00:00 AM"
"73026","2","5/15/2014 12:00:00 AM"
"73028","1","5/15/2014 12:00:00 AM"
"73029","1","5/15/2014 12:00:00 AM"
"73029","2","5/15/2014 12:00:00 AM"
"73030","2","5/15/2014 12:00:00 AM"
"73031","1","5/15/2014 12:00:00 AM"
"73032","1","5/15/2014 12:00:00 AM"
"73033","2","5/16/2014 12:00:00 AM"
"73034","1","5/16/2014 12:00:00 AM"
"73034","10","5/16/2014 12:00:00 AM"
"73035","4","5/16/2014 12:00:00 AM"
"73036","1","5/16/2014 12:00:00 AM"
"73036","10","5/16/2014 12:00:00 AM"
"73038","4","5/16/2014 12:00:00 AM"
"73039","1","5/16/2014 12:00:00 AM"
"73040","1","5/16/2014 12:00:00 AM"
"73041","1","5/16/2014 12:00:00 AM"
"73042","1","5/16/2014 12:00:00 AM"
"73042","2","5/16/2014 12:00:00 AM"
"73043","1","5/16/2014 12:00:00 AM"
"73044","1","5/16/2014 12:00:00 AM"
"73045","1","5/16/2014 12:00:00 AM"
"73046","1","5/16/2014 12:00:00 AM"
"73048","1","5/16/2014 12:00:00 AM"
"73049","1","5/16/2014 12:00:00 AM"
"73050","1","5/16/2014 12:00:00 AM"
"73051","1","5/16/2014 12:00:00 AM"
"73052","1","5/16/2014 12:00:00 AM"
"73053","1","5/16/2014 12:00:00 AM"
"73054","1","5/16/2014 12:00:00 AM"
"73055","1","5/16/2014 12:00:00 AM"
"73056","1","5/16/2014 12:00:00 AM"
"73056","10","5/16/2014 12:00:00 AM"
"73057","1","5/16/2014 12:00:00 AM"
"73058","1","5/16/2014 12:00:00 AM"
"73059","1","5/16/2014 12:00:00 AM"
"73060","1","5/16/2014 12:00:00 AM"
"73061","1","5/16/2014 12:00:00 AM"
"73062","4","5/16/2014 12:00:00 AM"
"73063","1","5/16/2014 12:00:00 AM"
"73064","1","5/16/2014 12:00:00 AM"
"73065","1","5/16/2014 12:00:00 AM"
"73066","1","5/16/2014 12:00:00 AM"
"73067","4","5/16/2014 12:00:00 AM"
"73068","1","5/16/2014 12:00:00 AM"
"73069","1","5/16/2014 12:00:00 AM"
"73070","1","5/16/2014 12:00:00 AM"
"73070","2","5/16/2014 12:00:00 AM"
"73074","2","5/16/2014 12:00:00 AM"
"73075","1","5/16/2014 12:00:00 AM"
"73075","2","5/16/2014 12:00:00 AM"
"73076","1","5/16/2014 12:00:00 AM"
"73079","1","5/16/2014 12:00:00 AM"
"73081","1","5/16/2014 12:00:00 AM"
"73081","2","5/16/2014 12:00:00 AM"
"73082","5","5/16/2014 12:00:00 AM"
"73083","1","5/16/2014 12:00:00 AM"
"73084","1","5/16/2014 12:00:00 AM"
"73085","1","5/16/2014 12:00:00 AM"
"73085","2","5/16/2014 12:00:00 AM"
"73087","1","5/16/2014 12:00:00 AM"
"73088","1","5/16/2014 12:00:00 AM"
"73089","1","5/16/2014 12:00:00 AM"
"73090","2","5/16/2014 12:00:00 AM"
"73091","1","5/16/2014 12:00:00 AM"
"73094","1","5/16/2014 12:00:00 AM"
"73094","10","5/16/2014 12:00:00 AM"
"73095","5","5/16/2014 12:00:00 AM"
"73096","2","5/16/2014 12:00:00 AM"
"73097","1","5/16/2014 12:00:00 AM"
"73098","1","5/17/2014 12:00:00 AM"
"73098","2","5/17/2014 12:00:00 AM"
"73099","6","5/17/2014 12:00:00 AM"
"73100","2","5/17/2014 12:00:00 AM"
"73101","1","5/17/2014 12:00:00 AM"
"73102","1","5/17/2014 12:00:00 AM"
"73103","1","5/17/2014 12:00:00 AM"
"73104","1","5/17/2014 12:00:00 AM"
"73105","1","5/17/2014 12:00:00 AM"
"73106","1","5/17/2014 12:00:00 AM"
"73107","4","5/17/2014 12:00:00 AM"
"73108","1","5/17/2014 12:00:00 AM"
"73109","1","5/17/2014 12:00:00 AM"
"73109","10","5/17/2014 12:00:00 AM"
"73110","1","5/17/2014 12:00:00 AM"
"73111","1","5/17/2014 12:00:00 AM"
"73112","2","5/17/2014 12:00:00 AM"
"73113","1","5/17/2014 12:00:00 AM"
"73114","2","5/17/2014 12:00:00 AM"
"73115","1","5/17/2014 12:00:00 AM"
"73115","2","5/17/2014 12:00:00 AM"
"73116","1","5/17/2014 12:00:00 AM"
"73118","1","5/17/2014 12:00:00 AM"
"73119","1","5/17/2014 12:00:00 AM"
"73119","2","5/17/2014 12:00:00 AM"
"73120","1","5/17/2014 12:00:00 AM"
"73121","1","5/17/2014 12:00:00 AM"
"73122","1","5/17/2014 12:00:00 AM"
"73123","1","5/17/2014 12:00:00 AM"
"73123","10","5/17/2014 12:00:00 AM"
"73124","1","5/17/2014 12:00:00 AM"
"73125","1","5/17/2014 12:00:00 AM"
"73126","1","5/17/2014 12:00:00 AM"
"73127","1","5/17/2014 12:00:00 AM"
"73127","10","5/17/2014 12:00:00 AM"
"73128","1","5/17/2014 12:00:00 AM"
"73128","10","5/17/2014 12:00:00 AM"
"73129","1","5/17/2014 12:00:00 AM"
"73130","1","5/17/2014 12:00:00 AM"
"73131","1","5/17/2014 12:00:00 AM"
"73132","1","5/17/2014 12:00:00 AM"
"73133","1","5/17/2014 12:00:00 AM"
"73134","6","5/17/2014 12:00:00 AM"
"73135","1","5/17/2014 12:00:00 AM"
"73137","1","5/17/2014 12:00:00 AM"
"73138","1","5/17/2014 12:00:00 AM"
"73139","1","5/17/2014 12:00:00 AM"
"73140","1","5/17/2014 12:00:00 AM"
"73141","1","5/17/2014 12:00:00 AM"
"73141","10","5/17/2014 12:00:00 AM"
"73142","1","5/17/2014 12:00:00 AM"
"73143","4","5/17/2014 12:00:00 AM"
"73144","1","5/17/2014 12:00:00 AM"
"73145","1","5/17/2014 12:00:00 AM"
"73146","1","5/17/2014 12:00:00 AM"
"73147","1","5/17/2014 12:00:00 AM"
"73148","1","5/17/2014 12:00:00 AM"
"73149","1","5/17/2014 12:00:00 AM"
"73150","1","5/17/2014 12:00:00 AM"
"73151","1","5/17/2014 12:00:00 AM"
"73152","1","5/17/2014 12:00:00 AM"
"73152","2","5/17/2014 12:00:00 AM"
"73153","1","5/17/2014 12:00:00 AM"
"73154","2","5/17/2014 12:00:00 AM"
"73155","1","5/17/2014 12:00:00 AM"
"73156","1","5/17/2014 12:00:00 AM"
"73157","1","5/17/2014 12:00:00 AM"
"73158","1","5/17/2014 12:00:00 AM"
"73159","1","5/17/2014 12:00:00 AM"
"73160","1","5/17/2014 12:00:00 AM"
"73164","1","5/17/2014 12:00:00 AM"
"73165","1","5/17/2014 12:00:00 AM"
"73166","1","5/17/2014 12:00:00 AM"
"73167","5","5/17/2014 12:00:00 AM"
"73168","1","5/17/2014 12:00:00 AM"
"73168","2","5/17/2014 12:00:00 AM"
"73169","1","5/17/2014 12:00:00 AM"
"73170","1","5/17/2014 12:00:00 AM"
"73171","1","5/17/2014 12:00:00 AM"
"73173","1","5/17/2014 12:00:00 AM"
"73174","1","5/17/2014 12:00:00 AM"
"73176","1","5/17/2014 12:00:00 AM"
"73176","2","5/17/2014 12:00:00 AM"
"73178","2","5/17/2014 12:00:00 AM"
"73179","1","5/17/2014 12:00:00 AM"
"73179","2","5/17/2014 12:00:00 AM"
"73180","1","5/17/2014 12:00:00 AM"
"73180","2","5/17/2014 12:00:00 AM"
"73181","1","5/17/2014 12:00:00 AM"
"73181","2","5/17/2014 12:00:00 AM"
"73181","10","5/17/2014 12:00:00 AM"
"73182","1","5/17/2014 12:00:00 AM"
"73183","1","5/17/2014 12:00:00 AM"
"73184","2","5/18/2014 12:00:00 AM"
"73185","6","5/18/2014 12:00:00 AM"
"73186","1","5/18/2014 12:00:00 AM"
"73186","10","5/18/2014 12:00:00 AM"
"73187","1","5/18/2014 12:00:00 AM"
"73188","1","5/18/2014 12:00:00 AM"
"73189","1","5/18/2014 12:00:00 AM"
"73190","2","5/18/2014 12:00:00 AM"
"73191","1","5/18/2014 12:00:00 AM"
"73191","10","5/18/2014 12:00:00 AM"
"73192","1","5/18/2014 12:00:00 AM"
"73193","1","5/18/2014 12:00:00 AM"
"73193","2","5/18/2014 12:00:00 AM"
"73194","1","5/18/2014 12:00:00 AM"
"73195","1","5/18/2014 12:00:00 AM"
"73196","1","5/18/2014 12:00:00 AM"
"73197","1","5/18/2014 12:00:00 AM"
"73198","1","5/18/2014 12:00:00 AM"
"73199","1","5/18/2014 12:00:00 AM"
"73200","1","5/18/2014 12:00:00 AM"
"73201","4","5/18/2014 12:00:00 AM"
"73201","10","5/18/2014 12:00:00 AM"
"73202","1","5/18/2014 12:00:00 AM"
"73202","10","5/18/2014 12:00:00 AM"
"73203","1","5/18/2014 12:00:00 AM"
"73204","4","5/18/2014 12:00:00 AM"
"73205","1","5/18/2014 12:00:00 AM"
"73205","10","5/18/2014 12:00:00 AM"
"73206","1","5/18/2014 12:00:00 AM"
"73207","1","5/18/2014 12:00:00 AM"
"73208","1","5/18/2014 12:00:00 AM"
"73209","1","5/18/2014 12:00:00 AM"
"73210","1","5/18/2014 12:00:00 AM"
"73211","1","5/18/2014 12:00:00 AM"
"73212","4","5/18/2014 12:00:00 AM"
"73213","1","5/18/2014 12:00:00 AM"
"73214","1","5/18/2014 12:00:00 AM"
"73215","1","5/18/2014 12:00:00 AM"
"73216","1","5/18/2014 12:00:00 AM"
"73216","10","5/18/2014 12:00:00 AM"
"73217","1","5/18/2014 12:00:00 AM"
"73218","1","5/18/2014 12:00:00 AM"
"73219","1","5/18/2014 12:00:00 AM"
"73220","1","5/18/2014 12:00:00 AM"
"73221","1","5/18/2014 12:00:00 AM"
"73222","1","5/18/2014 12:00:00 AM"
"73223","1","5/18/2014 12:00:00 AM"
"73224","1","5/18/2014 12:00:00 AM"
"73225","1","5/18/2014 12:00:00 AM"
"73226","1","5/18/2014 12:00:00 AM"
"73227","1","5/18/2014 12:00:00 AM"
"73228","1","5/18/2014 12:00:00 AM"
"73228","2","5/18/2014 12:00:00 AM"
"73229","1","5/18/2014 12:00:00 AM"
"73230","1","5/18/2014 12:00:00 AM"
"73230","2","5/18/2014 12:00:00 AM"
"73231","1","5/18/2014 12:00:00 AM"
"73232","1","5/18/2014 12:00:00 AM"
"73233","1","5/18/2014 12:00:00 AM"
"73234","1","5/18/2014 12:00:00 AM"
"73236","1","5/18/2014 12:00:00 AM"
"73237","6","5/18/2014 12:00:00 AM"
"73240","1","5/18/2014 12:00:00 AM"
"73240","2","5/18/2014 12:00:00 AM"
"73241","1","5/18/2014 12:00:00 AM"
"73242","1","5/18/2014 12:00:00 AM"
"73243","1","5/18/2014 12:00:00 AM"
"73244","1","5/18/2014 12:00:00 AM"
"73244","2","5/18/2014 12:00:00 AM"
"73245","1","5/18/2014 12:00:00 AM"
"73247","6","5/18/2014 12:00:00 AM"
"73248","1","5/18/2014 12:00:00 AM"
"73249","6","5/18/2014 12:00:00 AM"
"73250","6","5/18/2014 12:00:00 AM"
"73253","2","5/18/2014 12:00:00 AM"
"73254","1","5/18/2014 12:00:00 AM"
"73256","1","5/19/2014 12:00:00 AM"
"73256","2","5/19/2014 12:00:00 AM"
"73257","6","5/19/2014 12:00:00 AM"
"73258","1","5/19/2014 12:00:00 AM"
"73258","10","5/19/2014 12:00:00 AM"
"73259","1","5/19/2014 12:00:00 AM"
"73259","10","5/19/2014 12:00:00 AM"
"73260","1","5/19/2014 12:00:00 AM"
"73261","1","5/19/2014 12:00:00 AM"
"73262","4","5/19/2014 12:00:00 AM"
"73263","1","5/19/2014 12:00:00 AM"
"73265","1","5/19/2014 12:00:00 AM"
"73265","2","5/19/2014 12:00:00 AM"
"73266","1","5/19/2014 12:00:00 AM"
"73268","1","5/19/2014 12:00:00 AM"
"73269","1","5/19/2014 12:00:00 AM"
"73272","4","5/19/2014 12:00:00 AM"
"73273","1","5/19/2014 12:00:00 AM"
"73275","1","5/19/2014 12:00:00 AM"
"73276","1","5/19/2014 12:00:00 AM"
"73278","1","5/19/2014 12:00:00 AM"
"73279","1","5/19/2014 12:00:00 AM"
"73280","1","5/19/2014 12:00:00 AM"
"73281","1","5/19/2014 12:00:00 AM"
"73282","6","5/19/2014 12:00:00 AM"
"73283","1","5/19/2014 12:00:00 AM"
"73284","6","5/19/2014 12:00:00 AM"
"73285","1","5/19/2014 12:00:00 AM"
"73286","1","5/19/2014 12:00:00 AM"
"73287","1","5/19/2014 12:00:00 AM"
"73288","1","5/19/2014 12:00:00 AM"
"73289","1","5/19/2014 12:00:00 AM"
"73289","10","5/19/2014 12:00:00 AM"
"73290","1","5/19/2014 12:00:00 AM"
"73291","1","5/19/2014 12:00:00 AM"
"73292","1","5/19/2014 12:00:00 AM"
"73293","1","5/19/2014 12:00:00 AM"
"73294","1","5/19/2014 12:00:00 AM"
"73295","1","5/19/2014 12:00:00 AM"
"73296","1","5/19/2014 12:00:00 AM"
"73297","1","5/19/2014 12:00:00 AM"
"73298","1","5/19/2014 12:00:00 AM"
"73299","1","5/19/2014 12:00:00 AM"
"73300","1","5/19/2014 12:00:00 AM"
"73301","1","5/19/2014 12:00:00 AM"
"73302","1","5/19/2014 12:00:00 AM"
"73303","1","5/19/2014 12:00:00 AM"
"73304","1","5/19/2014 12:00:00 AM"
"73305","1","5/19/2014 12:00:00 AM"
"73306","2","5/19/2014 12:00:00 AM"
"73307","1","5/19/2014 12:00:00 AM"
"73307","10","5/19/2014 12:00:00 AM"
"73308","1","5/19/2014 12:00:00 AM"
"73309","1","5/19/2014 12:00:00 AM"
"73310","6","5/19/2014 12:00:00 AM"
"73313","1","5/19/2014 12:00:00 AM"
"73314","5","5/19/2014 12:00:00 AM"
"73315","1","5/19/2014 12:00:00 AM"
"73315","2","5/19/2014 12:00:00 AM"
"73316","1","5/19/2014 12:00:00 AM"
"73316","2","5/19/2014 12:00:00 AM"
"73317","1","5/19/2014 12:00:00 AM"
"73318","1","5/19/2014 12:00:00 AM"
"73320","1","5/19/2014 12:00:00 AM"
"73320","2","5/19/2014 12:00:00 AM"
"73321","1","5/19/2014 12:00:00 AM"
"73322","1","5/19/2014 12:00:00 AM"
"73322","2","5/19/2014 12:00:00 AM"
"73323","6","5/19/2014 12:00:00 AM"
"73324","1","5/19/2014 12:00:00 AM"
"73324","2","5/19/2014 12:00:00 AM"
"73328","1","5/19/2014 12:00:00 AM"
"73330","1","5/19/2014 12:00:00 AM"
"73331","1","5/19/2014 12:00:00 AM"
"73332","1","5/19/2014 12:00:00 AM"
"73333","2","5/19/2014 12:00:00 AM"
"73334","1","5/19/2014 12:00:00 AM"
"73334","2","5/19/2014 12:00:00 AM"
"73335","1","5/19/2014 12:00:00 AM"
"73335","2","5/19/2014 12:00:00 AM"
"73337","1","5/19/2014 12:00:00 AM"
"73337","2","5/19/2014 12:00:00 AM"
"73339","1","5/20/2014 12:00:00 AM"
"73340","1","5/20/2014 12:00:00 AM"
"73341","1","5/20/2014 12:00:00 AM"
"73342","1","5/20/2014 12:00:00 AM"
"73343","1","5/20/2014 12:00:00 AM"
"73344","4","5/20/2014 12:00:00 AM"
"73346","1","5/20/2014 12:00:00 AM"
"73346","10","5/20/2014 12:00:00 AM"
"73347","1","5/20/2014 12:00:00 AM"
"73348","1","5/20/2014 12:00:00 AM"
"73350","1","5/20/2014 12:00:00 AM"
"73352","1","5/20/2014 12:00:00 AM"
"73353","1","5/20/2014 12:00:00 AM"
"73354","1","5/20/2014 12:00:00 AM"
"73355","1","5/20/2014 12:00:00 AM"
"73356","1","5/20/2014 12:00:00 AM"
"73357","1","5/20/2014 12:00:00 AM"
"73358","1","5/20/2014 12:00:00 AM"
"73360","1","5/20/2014 12:00:00 AM"
"73361","1","5/20/2014 12:00:00 AM"
"73362","1","5/20/2014 12:00:00 AM"
"73363","1","5/20/2014 12:00:00 AM"
"73363","10","5/20/2014 12:00:00 AM"
"73364","1","5/20/2014 12:00:00 AM"
"73365","1","5/20/2014 12:00:00 AM"
"73366","1","5/20/2014 12:00:00 AM"
"73367","1","5/20/2014 12:00:00 AM"
"73367","10","5/20/2014 12:00:00 AM"
"73368","1","5/20/2014 12:00:00 AM"
"73369","1","5/20/2014 12:00:00 AM"
"73370","1","5/20/2014 12:00:00 AM"
"73371","1","5/20/2014 12:00:00 AM"
"73372","1","5/20/2014 12:00:00 AM"
"73373","1","5/20/2014 12:00:00 AM"
"73374","1","5/20/2014 12:00:00 AM"
"73375","1","5/20/2014 12:00:00 AM"
"73376","1","5/20/2014 12:00:00 AM"
"73377","2","5/20/2014 12:00:00 AM"
"73377","10","5/20/2014 12:00:00 AM"
"73378","1","5/20/2014 12:00:00 AM"
"73379","1","5/20/2014 12:00:00 AM"
"73381","1","5/20/2014 12:00:00 AM"
"73382","1","5/20/2014 12:00:00 AM"
"73383","2","5/20/2014 12:00:00 AM"
"73384","1","5/20/2014 12:00:00 AM"
"73385","2","5/20/2014 12:00:00 AM"
"73387","1","5/20/2014 12:00:00 AM"
"73388","6","5/20/2014 12:00:00 AM"
"73389","1","5/20/2014 12:00:00 AM"
"73390","1","5/20/2014 12:00:00 AM"
"73393","1","5/20/2014 12:00:00 AM"
"73394","1","5/20/2014 12:00:00 AM"
"73395","2","5/20/2014 12:00:00 AM"
"73397","1","5/20/2014 12:00:00 AM"
"73397","10","5/20/2014 12:00:00 AM"
"73399","1","5/20/2014 12:00:00 AM"
"73399","2","5/20/2014 12:00:00 AM"
"73400","1","5/20/2014 12:00:00 AM"
"73400","2","5/20/2014 12:00:00 AM"
"73402","1","5/20/2014 12:00:00 AM"
"73403","1","5/20/2014 12:00:00 AM"
"73404","1","5/20/2014 12:00:00 AM"
"73404","2","5/20/2014 12:00:00 AM"
"73404","10","5/20/2014 12:00:00 AM"
"73405","1","5/20/2014 12:00:00 AM"
"73405","2","5/20/2014 12:00:00 AM"
"73406","1","5/20/2014 12:00:00 AM"
"73408","6","5/20/2014 12:00:00 AM"
"73409","1","5/20/2014 12:00:00 AM"
"73410","1","5/20/2014 12:00:00 AM"
"73411","2","5/20/2014 12:00:00 AM"
"73412","1","5/20/2014 12:00:00 AM"
"73412","2","5/20/2014 12:00:00 AM"
"73412","10","5/20/2014 12:00:00 AM"
"73413","1","5/21/2014 12:00:00 AM"
"73414","1","5/21/2014 12:00:00 AM"
"73415","1","5/21/2014 12:00:00 AM"
"73416","1","5/21/2014 12:00:00 AM"
"73417","1","5/21/2014 12:00:00 AM"
"73418","1","5/21/2014 12:00:00 AM"
"73419","1","5/21/2014 12:00:00 AM"
"73420","1","5/21/2014 12:00:00 AM"
"73421","1","5/21/2014 12:00:00 AM"
"73421","10","5/21/2014 12:00:00 AM"
"73422","1","5/21/2014 12:00:00 AM"
"73423","1","5/21/2014 12:00:00 AM"
"73423","2","5/21/2014 12:00:00 AM"
"73424","2","5/21/2014 12:00:00 AM"
"73425","2","5/21/2014 12:00:00 AM"
"73426","1","5/21/2014 12:00:00 AM"
"73426","2","5/21/2014 12:00:00 AM"
"73428","2","5/21/2014 12:00:00 AM"
"73428","10","5/21/2014 12:00:00 AM"
"73429","1","5/21/2014 12:00:00 AM"
"73430","1","5/21/2014 12:00:00 AM"
"73431","1","5/21/2014 12:00:00 AM"
"73432","1","5/21/2014 12:00:00 AM"
"73433","1","5/21/2014 12:00:00 AM"
"73434","1","5/21/2014 12:00:00 AM"
"73434","10","5/21/2014 12:00:00 AM"
"73435","1","5/21/2014 12:00:00 AM"
"73436","1","5/21/2014 12:00:00 AM"
"73437","1","5/21/2014 12:00:00 AM"
"73438","4","5/21/2014 12:00:00 AM"
"73439","1","5/21/2014 12:00:00 AM"
"73439","10","5/21/2014 12:00:00 AM"
"73440","1","5/21/2014 12:00:00 AM"
"73441","1","5/21/2014 12:00:00 AM"
"73442","1","5/21/2014 12:00:00 AM"
"73443","1","5/21/2014 12:00:00 AM"
"73444","6","5/21/2014 12:00:00 AM"
"73445","1","5/21/2014 12:00:00 AM"
"73446","1","5/21/2014 12:00:00 AM"
"73447","1","5/21/2014 12:00:00 AM"
"73448","1","5/21/2014 12:00:00 AM"
"73449","1","5/21/2014 12:00:00 AM"
"73450","1","5/21/2014 12:00:00 AM"
"73451","1","5/21/2014 12:00:00 AM"
"73452","1","5/21/2014 12:00:00 AM"
"73453","1","5/21/2014 12:00:00 AM"
"73454","4","5/21/2014 12:00:00 AM"
"73455","1","5/21/2014 12:00:00 AM"
"73455","10","5/21/2014 12:00:00 AM"
"73456","1","5/21/2014 12:00:00 AM"
"73457","1","5/21/2014 12:00:00 AM"
"73458","1","5/21/2014 12:00:00 AM"
"73459","1","5/21/2014 12:00:00 AM"
"73460","1","5/21/2014 12:00:00 AM"
"73461","1","5/21/2014 12:00:00 AM"
"73462","1","5/21/2014 12:00:00 AM"
"73463","1","5/21/2014 12:00:00 AM"
"73464","2","5/21/2014 12:00:00 AM"
"73465","1","5/21/2014 12:00:00 AM"
"73466","2","5/21/2014 12:00:00 AM"
"73467","1","5/21/2014 12:00:00 AM"
"73468","1","5/21/2014 12:00:00 AM"
"73469","5","5/21/2014 12:00:00 AM"
"73470","1","5/21/2014 12:00:00 AM"
"73471","1","5/21/2014 12:00:00 AM"
"73471","2","5/21/2014 12:00:00 AM"
"73472","2","5/21/2014 12:00:00 AM"
"73473","2","5/21/2014 12:00:00 AM"
"73474","1","5/21/2014 12:00:00 AM"
"73475","6","5/21/2014 12:00:00 AM"
"73478","1","5/21/2014 12:00:00 AM"
"73478","2","5/21/2014 12:00:00 AM"
"73480","5","5/21/2014 12:00:00 AM"
"73481","5","5/21/2014 12:00:00 AM"
"73482","5","5/21/2014 12:00:00 AM"
"73483","1","5/21/2014 12:00:00 AM"
"73484","1","5/21/2014 12:00:00 AM"
"73485","1","5/21/2014 12:00:00 AM"
"73488","6","5/21/2014 12:00:00 AM"
"73489","6","5/21/2014 12:00:00 AM"
"73490","6","5/21/2014 12:00:00 AM"
"73491","1","5/21/2014 12:00:00 AM"
"73492","1","5/21/2014 12:00:00 AM"
"73495","1","5/21/2014 12:00:00 AM"
"73496","1","5/21/2014 12:00:00 AM"
"73496","2","5/21/2014 12:00:00 AM"
"73496","10","5/21/2014 12:00:00 AM"
"73497","1","5/21/2014 12:00:00 AM"
"73499","1","5/21/2014 12:00:00 AM"
"73499","2","5/21/2014 12:00:00 AM"
"73501","1","5/21/2014 12:00:00 AM"
"73501","2","5/21/2014 12:00:00 AM"
"73501","10","5/21/2014 12:00:00 AM"
"73502","1","5/21/2014 12:00:00 AM"
"73502","2","5/21/2014 12:00:00 AM"
"73503","1","5/21/2014 12:00:00 AM"
"73504","2","5/22/2014 12:00:00 AM"
"73504","10","5/22/2014 12:00:00 AM"
"73505","1","5/22/2014 12:00:00 AM"
"73506","1","5/22/2014 12:00:00 AM"
"73507","1","5/22/2014 12:00:00 AM"
"73508","1","5/22/2014 12:00:00 AM"
"73510","1","5/22/2014 12:00:00 AM"
"73511","1","5/22/2014 12:00:00 AM"
"73512","1","5/22/2014 12:00:00 AM"
"73513","1","5/22/2014 12:00:00 AM"
"73514","1","5/22/2014 12:00:00 AM"
"73516","1","5/22/2014 12:00:00 AM"
"73517","1","5/22/2014 12:00:00 AM"
"73518","1","5/22/2014 12:00:00 AM"
"73519","1","5/22/2014 12:00:00 AM"
"73520","1","5/22/2014 12:00:00 AM"
"73521","1","5/22/2014 12:00:00 AM"
"73522","1","5/22/2014 12:00:00 AM"
"73523","1","5/22/2014 12:00:00 AM"
"73523","10","5/22/2014 12:00:00 AM"
"73524","4","5/22/2014 12:00:00 AM"
"73525","1","5/22/2014 12:00:00 AM"
"73526","1","5/22/2014 12:00:00 AM"
"73527","1","5/22/2014 12:00:00 AM"
"73529","1","5/22/2014 12:00:00 AM"
"73530","1","5/22/2014 12:00:00 AM"
"73531","6","5/22/2014 12:00:00 AM"
"73533","1","5/22/2014 12:00:00 AM"
"73534","1","5/22/2014 12:00:00 AM"
"73535","1","5/22/2014 12:00:00 AM"
"73536","1","5/22/2014 12:00:00 AM"
"73537","1","5/22/2014 12:00:00 AM"
"73538","1","5/22/2014 12:00:00 AM"
"73539","1","5/22/2014 12:00:00 AM"
"73539","10","5/22/2014 12:00:00 AM"
"73540","1","5/22/2014 12:00:00 AM"
"73541","1","5/22/2014 12:00:00 AM"
"73542","1","5/22/2014 12:00:00 AM"
"73543","1","5/22/2014 12:00:00 AM"
"73544","1","5/22/2014 12:00:00 AM"
"73545","1","5/22/2014 12:00:00 AM"
"73546","1","5/22/2014 12:00:00 AM"
"73547","1","5/22/2014 12:00:00 AM"
"73548","1","5/22/2014 12:00:00 AM"
"73549","1","5/22/2014 12:00:00 AM"
"73550","1","5/22/2014 12:00:00 AM"
"73551","4","5/22/2014 12:00:00 AM"
"73552","1","5/22/2014 12:00:00 AM"
"73553","1","5/22/2014 12:00:00 AM"
"73554","1","5/22/2014 12:00:00 AM"
"73555","1","5/22/2014 12:00:00 AM"
"73556","1","5/22/2014 12:00:00 AM"
"73557","2","5/22/2014 12:00:00 AM"
"73558","1","5/22/2014 12:00:00 AM"
"73559","1","5/22/2014 12:00:00 AM"
"73560","2","5/22/2014 12:00:00 AM"
"73561","1","5/22/2014 12:00:00 AM"
"73562","1","5/22/2014 12:00:00 AM"
"73564","1","5/22/2014 12:00:00 AM"
"73567","1","5/22/2014 12:00:00 AM"
"73569","1","5/22/2014 12:00:00 AM"
"73569","2","5/22/2014 12:00:00 AM"
"73570","1","5/22/2014 12:00:00 AM"
"73572","1","5/22/2014 12:00:00 AM"
"73572","2","5/22/2014 12:00:00 AM"
"73574","1","5/22/2014 12:00:00 AM"
"73574","2","5/22/2014 12:00:00 AM"
"73575","2","5/22/2014 12:00:00 AM"
"73576","6","5/22/2014 12:00:00 AM"
"73577","1","5/22/2014 12:00:00 AM"
"73579","1","5/22/2014 12:00:00 AM"
"73580","1","5/23/2014 12:00:00 AM"
"73581","1","5/23/2014 12:00:00 AM"
"73582","1","5/23/2014 12:00:00 AM"
"73583","1","5/23/2014 12:00:00 AM"
"73584","1","5/23/2014 12:00:00 AM"
"73585","1","5/23/2014 12:00:00 AM"
"73586","1","5/23/2014 12:00:00 AM"
"73587","1","5/23/2014 12:00:00 AM"
"73588","1","5/23/2014 12:00:00 AM"
"73589","1","5/23/2014 12:00:00 AM"
"73590","1","5/23/2014 12:00:00 AM"
"73591","1","5/23/2014 12:00:00 AM"
"73592","1","5/23/2014 12:00:00 AM"
"73593","1","5/23/2014 12:00:00 AM"
"73594","1","5/23/2014 12:00:00 AM"
"73595","1","5/23/2014 12:00:00 AM"
"73596","1","5/23/2014 12:00:00 AM"
"73597","6","5/23/2014 12:00:00 AM"
"73598","6","5/23/2014 12:00:00 AM"
"73599","1","5/23/2014 12:00:00 AM"
"73600","6","5/23/2014 12:00:00 AM"
"73601","1","5/23/2014 12:00:00 AM"
"73602","1","5/23/2014 12:00:00 AM"
"73602","10","5/23/2014 12:00:00 AM"
"73603","1","5/23/2014 12:00:00 AM"
"73604","1","5/23/2014 12:00:00 AM"
"73605","4","5/23/2014 12:00:00 AM"
"73606","1","5/23/2014 12:00:00 AM"
"73607","1","5/23/2014 12:00:00 AM"
"73607","10","5/23/2014 12:00:00 AM"
"73608","1","5/23/2014 12:00:00 AM"
"73609","1","5/23/2014 12:00:00 AM"
"73610","1","5/23/2014 12:00:00 AM"
"73611","4","5/23/2014 12:00:00 AM"
"73612","1","5/23/2014 12:00:00 AM"
"73613","1","5/23/2014 12:00:00 AM"
"73614","1","5/23/2014 12:00:00 AM"
"73615","2","5/23/2014 12:00:00 AM"
"73616","1","5/23/2014 12:00:00 AM"
"73617","1","5/23/2014 12:00:00 AM"
"73618","1","5/23/2014 12:00:00 AM"
"73619","1","5/23/2014 12:00:00 AM"
"73619","2","5/23/2014 12:00:00 AM"
"73620","1","5/23/2014 12:00:00 AM"
"73621","1","5/23/2014 12:00:00 AM"
"73621","2","5/23/2014 12:00:00 AM"
"73622","1","5/23/2014 12:00:00 AM"
"73624","5","5/23/2014 12:00:00 AM"
"73626","1","5/23/2014 12:00:00 AM"
"73627","1","5/23/2014 12:00:00 AM"
"73628","1","5/23/2014 12:00:00 AM"
"73629","1","5/23/2014 12:00:00 AM"
"73629","2","5/23/2014 12:00:00 AM"
"73630","1","5/23/2014 12:00:00 AM"
"73631","1","5/23/2014 12:00:00 AM"
"73631","2","5/23/2014 12:00:00 AM"
"73632","1","5/23/2014 12:00:00 AM"
"73633","1","5/23/2014 12:00:00 AM"
"73634","1","5/23/2014 12:00:00 AM"
"73634","2","5/23/2014 12:00:00 AM"
"73634","10","5/23/2014 12:00:00 AM"
"73637","5","5/23/2014 12:00:00 AM"
"73638","1","5/23/2014 12:00:00 AM"
"73639","1","5/23/2014 12:00:00 AM"
"73639","2","5/23/2014 12:00:00 AM"
"73640","1","5/23/2014 12:00:00 AM"
"73641","1","5/23/2014 12:00:00 AM"
"73641","2","5/23/2014 12:00:00 AM"
"73642","1","5/24/2014 12:00:00 AM"
"73643","1","5/24/2014 12:00:00 AM"
"73644","1","5/24/2014 12:00:00 AM"
"73645","1","5/24/2014 12:00:00 AM"
"73645","10","5/24/2014 12:00:00 AM"
"73646","1","5/24/2014 12:00:00 AM"
"73647","1","5/24/2014 12:00:00 AM"
"73648","1","5/24/2014 12:00:00 AM"
"73649","1","5/24/2014 12:00:00 AM"
"73650","1","5/24/2014 12:00:00 AM"
"73651","1","5/24/2014 12:00:00 AM"
"73651","10","5/24/2014 12:00:00 AM"
"73652","1","5/24/2014 12:00:00 AM"
"73653","1","5/24/2014 12:00:00 AM"
"73654","1","5/24/2014 12:00:00 AM"
"73655","1","5/24/2014 12:00:00 AM"
"73655","2","5/24/2014 12:00:00 AM"
"73656","1","5/24/2014 12:00:00 AM"
"73657","1","5/24/2014 12:00:00 AM"
"73658","1","5/24/2014 12:00:00 AM"
"73659","1","5/24/2014 12:00:00 AM"
"73660","1","5/24/2014 12:00:00 AM"
"73660","2","5/24/2014 12:00:00 AM"
"73662","2","5/24/2014 12:00:00 AM"
"73663","4","5/24/2014 12:00:00 AM"
"73664","1","5/24/2014 12:00:00 AM"
"73665","1","5/24/2014 12:00:00 AM"
"73666","1","5/24/2014 12:00:00 AM"
"73667","1","5/24/2014 12:00:00 AM"
"73668","1","5/24/2014 12:00:00 AM"
"73669","4","5/24/2014 12:00:00 AM"
"73670","1","5/24/2014 12:00:00 AM"
"73671","1","5/24/2014 12:00:00 AM"
"73672","1","5/24/2014 12:00:00 AM"
"73673","1","5/24/2014 12:00:00 AM"
"73674","1","5/24/2014 12:00:00 AM"
"73675","4","5/24/2014 12:00:00 AM"
"73675","10","5/24/2014 12:00:00 AM"
"73676","1","5/24/2014 12:00:00 AM"
"73677","1","5/24/2014 12:00:00 AM"
"73678","1","5/24/2014 12:00:00 AM"
"73679","1","5/24/2014 12:00:00 AM"
"73680","1","5/24/2014 12:00:00 AM"
"73681","1","5/24/2014 12:00:00 AM"
"73682","1","5/24/2014 12:00:00 AM"
"73683","1","5/24/2014 12:00:00 AM"
"73683","10","5/24/2014 12:00:00 AM"
"73684","1","5/24/2014 12:00:00 AM"
"73685","1","5/24/2014 12:00:00 AM"
"73686","1","5/24/2014 12:00:00 AM"
"73687","1","5/24/2014 12:00:00 AM"
"73688","1","5/24/2014 12:00:00 AM"
"73689","1","5/24/2014 12:00:00 AM"
"73690","1","5/24/2014 12:00:00 AM"
"73691","1","5/24/2014 12:00:00 AM"
"73691","2","5/24/2014 12:00:00 AM"
"73692","1","5/24/2014 12:00:00 AM"
"73693","1","5/24/2014 12:00:00 AM"
"73694","1","5/24/2014 12:00:00 AM"
"73695","1","5/24/2014 12:00:00 AM"
"73696","5","5/24/2014 12:00:00 AM"
"73697","1","5/24/2014 12:00:00 AM"
"73698","1","5/24/2014 12:00:00 AM"
"73700","1","5/24/2014 12:00:00 AM"
"73700","2","5/24/2014 12:00:00 AM"
"73701","1","5/24/2014 12:00:00 AM"
"73701","2","5/24/2014 12:00:00 AM"
"73702","1","5/24/2014 12:00:00 AM"
"73703","1","5/24/2014 12:00:00 AM"
"73705","1","5/24/2014 12:00:00 AM"
"73706","1","5/24/2014 12:00:00 AM"
"73707","1","5/24/2014 12:00:00 AM"
"73708","1","5/24/2014 12:00:00 AM"
"73710","1","5/24/2014 12:00:00 AM"
"73710","2","5/24/2014 12:00:00 AM"
"73711","2","5/24/2014 12:00:00 AM"
"73713","1","5/24/2014 12:00:00 AM"
"73714","1","5/24/2014 12:00:00 AM"
"73715","1","5/24/2014 12:00:00 AM"
"73716","1","5/25/2014 12:00:00 AM"
"73716","2","5/25/2014 12:00:00 AM"
"73717","1","5/25/2014 12:00:00 AM"
"73718","1","5/25/2014 12:00:00 AM"
"73719","1","5/25/2014 12:00:00 AM"
"73720","1","5/25/2014 12:00:00 AM"
"73721","1","5/25/2014 12:00:00 AM"
"73722","1","5/25/2014 12:00:00 AM"
"73724","1","5/25/2014 12:00:00 AM"
"73725","2","5/25/2014 12:00:00 AM"
"73726","1","5/25/2014 12:00:00 AM"
"73727","1","5/25/2014 12:00:00 AM"
"73727","2","5/25/2014 12:00:00 AM"
"73728","1","5/25/2014 12:00:00 AM"
"73729","1","5/25/2014 12:00:00 AM"
"73730","1","5/25/2014 12:00:00 AM"
"73731","1","5/25/2014 12:00:00 AM"
"73732","4","5/25/2014 12:00:00 AM"
"73732","10","5/25/2014 12:00:00 AM"
"73733","1","5/25/2014 12:00:00 AM"
"73734","1","5/25/2014 12:00:00 AM"
"73735","1","5/25/2014 12:00:00 AM"
"73736","1","5/25/2014 12:00:00 AM"
"73737","1","5/25/2014 12:00:00 AM"
"73738","1","5/25/2014 12:00:00 AM"
"73739","1","5/25/2014 12:00:00 AM"
"73740","1","5/25/2014 12:00:00 AM"
"73741","6","5/25/2014 12:00:00 AM"
"73742","1","5/25/2014 12:00:00 AM"
"73743","1","5/25/2014 12:00:00 AM"
"73744","1","5/25/2014 12:00:00 AM"
"73745","1","5/25/2014 12:00:00 AM"
"73746","1","5/25/2014 12:00:00 AM"
"73748","1","5/25/2014 12:00:00 AM"
"73749","1","5/25/2014 12:00:00 AM"
"73750","1","5/25/2014 12:00:00 AM"
"73751","1","5/25/2014 12:00:00 AM"
"73753","1","5/25/2014 12:00:00 AM"
"73753","2","5/25/2014 12:00:00 AM"
"73754","2","5/25/2014 12:00:00 AM"
"73756","1","5/25/2014 12:00:00 AM"
"73757","1","5/25/2014 12:00:00 AM"
"73758","1","5/25/2014 12:00:00 AM"
"73759","2","5/25/2014 12:00:00 AM"
"73760","1","5/25/2014 12:00:00 AM"
"73761","1","5/25/2014 12:00:00 AM"
"73762","1","5/25/2014 12:00:00 AM"
"73763","1","5/25/2014 12:00:00 AM"
"73763","2","5/25/2014 12:00:00 AM"
"73764","1","5/25/2014 12:00:00 AM"
"73765","1","5/25/2014 12:00:00 AM"
"73765","2","5/25/2014 12:00:00 AM"
"73766","1","5/25/2014 12:00:00 AM"
"73767","1","5/25/2014 12:00:00 AM"
"73768","2","5/25/2014 12:00:00 AM"
"73770","1","5/25/2014 12:00:00 AM"
"73771","1","5/25/2014 12:00:00 AM"
"73771","2","5/25/2014 12:00:00 AM"
"73771","10","5/25/2014 12:00:00 AM"
"73773","1","5/25/2014 12:00:00 AM"
"73773","2","5/25/2014 12:00:00 AM"
"73774","6","5/25/2014 12:00:00 AM"
"73775","1","5/25/2014 12:00:00 AM"
"73776","2","5/25/2014 12:00:00 AM"
"73777","1","5/25/2014 12:00:00 AM"
"73778","1","5/25/2014 12:00:00 AM"
"73779","1","5/25/2014 12:00:00 AM"
"73780","1","5/25/2014 12:00:00 AM"
"73782","1","5/25/2014 12:00:00 AM"
"73783","1","5/25/2014 12:00:00 AM"
"73784","5","5/25/2014 12:00:00 AM"
"73786","1","5/25/2014 12:00:00 AM"
"73788","1","5/26/2014 12:00:00 AM"
"73788","2","5/26/2014 12:00:00 AM"
"73790","1","5/26/2014 12:00:00 AM"
"73791","1","5/26/2014 12:00:00 AM"
"73792","1","5/26/2014 12:00:00 AM"
"73793","1","5/26/2014 12:00:00 AM"
"73794","1","5/26/2014 12:00:00 AM"
"73794","10","5/26/2014 12:00:00 AM"
"73795","1","5/26/2014 12:00:00 AM"
"73796","1","5/26/2014 12:00:00 AM"
"73797","1","5/26/2014 12:00:00 AM"
"73798","1","5/26/2014 12:00:00 AM"
"73799","4","5/26/2014 12:00:00 AM"
"73800","4","5/26/2014 12:00:00 AM"
"73801","1","5/26/2014 12:00:00 AM"
"73802","1","5/26/2014 12:00:00 AM"
"73803","5","5/26/2014 12:00:00 AM"
"73804","1","5/26/2014 12:00:00 AM"
"73804","2","5/26/2014 12:00:00 AM"
"73805","2","5/26/2014 12:00:00 AM"
"73806","1","5/26/2014 12:00:00 AM"
"73807","1","5/26/2014 12:00:00 AM"
"73808","1","5/26/2014 12:00:00 AM"
"73809","1","5/26/2014 12:00:00 AM"
"73810","1","5/26/2014 12:00:00 AM"
"73811","1","5/26/2014 12:00:00 AM"
"73812","1","5/26/2014 12:00:00 AM"
"73813","1","5/26/2014 12:00:00 AM"
"73814","1","5/26/2014 12:00:00 AM"
"73815","4","5/26/2014 12:00:00 AM"
"73815","10","5/26/2014 12:00:00 AM"
"73816","1","5/26/2014 12:00:00 AM"
"73817","1","5/26/2014 12:00:00 AM"
"73817","10","5/26/2014 12:00:00 AM"
"73818","1","5/26/2014 12:00:00 AM"
"73820","1","5/26/2014 12:00:00 AM"
"73821","1","5/26/2014 12:00:00 AM"
"73822","1","5/26/2014 12:00:00 AM"
"73823","1","5/26/2014 12:00:00 AM"
"73824","1","5/26/2014 12:00:00 AM"
"73825","1","5/26/2014 12:00:00 AM"
"73825","10","5/26/2014 12:00:00 AM"
"73826","1","5/26/2014 12:00:00 AM"
"73827","1","5/26/2014 12:00:00 AM"
"73828","1","5/26/2014 12:00:00 AM"
"73829","1","5/26/2014 12:00:00 AM"
"73830","1","5/26/2014 12:00:00 AM"
"73831","1","5/26/2014 12:00:00 AM"
"73832","1","5/26/2014 12:00:00 AM"
"73833","1","5/26/2014 12:00:00 AM"
"73834","4","5/26/2014 12:00:00 AM"
"73835","1","5/26/2014 12:00:00 AM"
"73836","1","5/26/2014 12:00:00 AM"
"73838","1","5/26/2014 12:00:00 AM"
"73839","2","5/26/2014 12:00:00 AM"
"73840","1","5/26/2014 12:00:00 AM"
"73842","1","5/26/2014 12:00:00 AM"
"73842","2","5/26/2014 12:00:00 AM"
"73843","1","5/26/2014 12:00:00 AM"
"73844","1","5/26/2014 12:00:00 AM"
"73845","1","5/26/2014 12:00:00 AM"
"73847","1","5/26/2014 12:00:00 AM"
"73847","2","5/26/2014 12:00:00 AM"
"73848","1","5/26/2014 12:00:00 AM"
"73849","5","5/26/2014 12:00:00 AM"
"73851","1","5/26/2014 12:00:00 AM"
"73851","2","5/26/2014 12:00:00 AM"
"73854","1","5/26/2014 12:00:00 AM"
"73854","2","5/26/2014 12:00:00 AM"
"73857","1","5/26/2014 12:00:00 AM"
"73858","6","5/26/2014 12:00:00 AM"
"73859","6","5/26/2014 12:00:00 AM"
"73860","6","5/26/2014 12:00:00 AM"
"73861","1","5/26/2014 12:00:00 AM"
"73862","1","5/26/2014 12:00:00 AM"
"73864","1","5/26/2014 12:00:00 AM"
"73865","1","5/26/2014 12:00:00 AM"
"73865","2","5/26/2014 12:00:00 AM"
"73866","1","5/26/2014 12:00:00 AM"
"73867","2","5/27/2014 12:00:00 AM"
"73867","10","5/27/2014 12:00:00 AM"
"73868","5","5/27/2014 12:00:00 AM"
"73869","1","5/27/2014 12:00:00 AM"
"73870","1","5/27/2014 12:00:00 AM"
"73871","1","5/27/2014 12:00:00 AM"
"73872","1","5/27/2014 12:00:00 AM"
"73873","1","5/27/2014 12:00:00 AM"
"73875","1","5/27/2014 12:00:00 AM"
"73875","2","5/27/2014 12:00:00 AM"
"73876","1","5/27/2014 12:00:00 AM"
"73876","2","5/27/2014 12:00:00 AM"
"73877","1","5/27/2014 12:00:00 AM"
"73878","4","5/27/2014 12:00:00 AM"
"73879","1","5/27/2014 12:00:00 AM"
"73880","1","5/27/2014 12:00:00 AM"
"73881","1","5/27/2014 12:00:00 AM"
"73882","1","5/27/2014 12:00:00 AM"
"73883","1","5/27/2014 12:00:00 AM"
"73884","4","5/27/2014 12:00:00 AM"
"73885","4","5/27/2014 12:00:00 AM"
"73886","1","5/27/2014 12:00:00 AM"
"73887","1","5/27/2014 12:00:00 AM"
"73889","6","5/27/2014 12:00:00 AM"
"73890","1","5/27/2014 12:00:00 AM"
"73891","1","5/27/2014 12:00:00 AM"
"73892","1","5/27/2014 12:00:00 AM"
"73893","1","5/27/2014 12:00:00 AM"
"73894","1","5/27/2014 12:00:00 AM"
"73895","1","5/27/2014 12:00:00 AM"
"73896","1","5/27/2014 12:00:00 AM"
"73897","1","5/27/2014 12:00:00 AM"
"73898","1","5/27/2014 12:00:00 AM"
"73898","10","5/27/2014 12:00:00 AM"
"73899","1","5/27/2014 12:00:00 AM"
"73899","10","5/27/2014 12:00:00 AM"
"73900","1","5/27/2014 12:00:00 AM"
"73900","10","5/27/2014 12:00:00 AM"
"73901","1","5/27/2014 12:00:00 AM"
"73902","1","5/27/2014 12:00:00 AM"
"73903","1","5/27/2014 12:00:00 AM"
"73904","1","5/27/2014 12:00:00 AM"
"73905","4","5/27/2014 12:00:00 AM"
"73906","1","5/27/2014 12:00:00 AM"
"73907","1","5/27/2014 12:00:00 AM"
"73908","1","5/27/2014 12:00:00 AM"
"73909","1","5/27/2014 12:00:00 AM"
"73910","1","5/27/2014 12:00:00 AM"
"73911","1","5/27/2014 12:00:00 AM"
"73912","6","5/27/2014 12:00:00 AM"
"73913","1","5/27/2014 12:00:00 AM"
"73913","10","5/27/2014 12:00:00 AM"
"73914","1","5/27/2014 12:00:00 AM"
"73915","1","5/27/2014 12:00:00 AM"
"73916","1","5/27/2014 12:00:00 AM"
"73916","2","5/27/2014 12:00:00 AM"
"73917","6","5/27/2014 12:00:00 AM"
"73919","1","5/27/2014 12:00:00 AM"
"73920","1","5/27/2014 12:00:00 AM"
"73921","2","5/27/2014 12:00:00 AM"
"73922","6","5/27/2014 12:00:00 AM"
"73923","1","5/27/2014 12:00:00 AM"
"73923","2","5/27/2014 12:00:00 AM"
"73924","1","5/27/2014 12:00:00 AM"
"73925","5","5/27/2014 12:00:00 AM"
"73928","1","5/27/2014 12:00:00 AM"
"73929","1","5/27/2014 12:00:00 AM"
"73930","1","5/27/2014 12:00:00 AM"
"73932","1","5/27/2014 12:00:00 AM"
"73933","1","5/27/2014 12:00:00 AM"
"73934","1","5/27/2014 12:00:00 AM"
"73935","1","5/27/2014 12:00:00 AM"
"73937","1","5/27/2014 12:00:00 AM"
"73938","1","5/27/2014 12:00:00 AM"
"73939","2","5/27/2014 12:00:00 AM"
"73940","1","5/28/2014 12:00:00 AM"
"73941","1","5/28/2014 12:00:00 AM"
"73942","1","5/28/2014 12:00:00 AM"
"73942","10","5/28/2014 12:00:00 AM"
"73943","1","5/28/2014 12:00:00 AM"
"73944","1","5/28/2014 12:00:00 AM"
"73945","1","5/28/2014 12:00:00 AM"
"73946","1","5/28/2014 12:00:00 AM"
"73947","1","5/28/2014 12:00:00 AM"
"73948","1","5/28/2014 12:00:00 AM"
"73949","4","5/28/2014 12:00:00 AM"
"73950","1","5/28/2014 12:00:00 AM"
"73951","1","5/28/2014 12:00:00 AM"
"73953","1","5/28/2014 12:00:00 AM"
"73953","2","5/28/2014 12:00:00 AM"
"73954","1","5/28/2014 12:00:00 AM"
"73955","2","5/28/2014 12:00:00 AM"
"73956","2","5/28/2014 12:00:00 AM"
"73957","1","5/28/2014 12:00:00 AM"
"73958","1","5/28/2014 12:00:00 AM"
"73958","2","5/28/2014 12:00:00 AM"
"73959","1","5/28/2014 12:00:00 AM"
"73960","1","5/28/2014 12:00:00 AM"
"73961","1","5/28/2014 12:00:00 AM"
"73962","1","5/28/2014 12:00:00 AM"
"73963","1","5/28/2014 12:00:00 AM"
"73964","1","5/28/2014 12:00:00 AM"
"73965","4","5/28/2014 12:00:00 AM"
"73966","4","5/28/2014 12:00:00 AM"
"73967","1","5/28/2014 12:00:00 AM"
"73968","1","5/28/2014 12:00:00 AM"
"73969","1","5/28/2014 12:00:00 AM"
"73970","6","5/28/2014 12:00:00 AM"
"73971","1","5/28/2014 12:00:00 AM"
"73972","1","5/28/2014 12:00:00 AM"
"73973","1","5/28/2014 12:00:00 AM"
"73974","1","5/28/2014 12:00:00 AM"
"73975","1","5/28/2014 12:00:00 AM"
"73976","1","5/28/2014 12:00:00 AM"
"73977","1","5/28/2014 12:00:00 AM"
"73977","10","5/28/2014 12:00:00 AM"
"73978","1","5/28/2014 12:00:00 AM"
"73979","1","5/28/2014 12:00:00 AM"
"73980","1","5/28/2014 12:00:00 AM"
"73981","1","5/28/2014 12:00:00 AM"
"73982","1","5/28/2014 12:00:00 AM"
"73983","1","5/28/2014 12:00:00 AM"
"73984","1","5/28/2014 12:00:00 AM"
"73985","1","5/28/2014 12:00:00 AM"
"73986","1","5/28/2014 12:00:00 AM"
"73986","10","5/28/2014 12:00:00 AM"
"73987","1","5/28/2014 12:00:00 AM"
"73988","4","5/28/2014 12:00:00 AM"
"73989","1","5/28/2014 12:00:00 AM"
"73990","1","5/28/2014 12:00:00 AM"
"73991","1","5/28/2014 12:00:00 AM"
"73992","1","5/28/2014 12:00:00 AM"
"73993","1","5/28/2014 12:00:00 AM"
"73994","1","5/28/2014 12:00:00 AM"
"73994","2","5/28/2014 12:00:00 AM"
"73995","1","5/28/2014 12:00:00 AM"
"73996","1","5/28/2014 12:00:00 AM"
"73997","1","5/28/2014 12:00:00 AM"
"73997","2","5/28/2014 12:00:00 AM"
"73998","1","5/28/2014 12:00:00 AM"
"73999","1","5/28/2014 12:00:00 AM"
"74000","1","5/28/2014 12:00:00 AM"
"74002","1","5/28/2014 12:00:00 AM"
"74003","1","5/28/2014 12:00:00 AM"
"74007","1","5/28/2014 12:00:00 AM"
"74007","2","5/28/2014 12:00:00 AM"
"74009","1","5/28/2014 12:00:00 AM"
"74011","1","5/28/2014 12:00:00 AM"
"74012","1","5/28/2014 12:00:00 AM"
"74012","2","5/28/2014 12:00:00 AM"
"74013","1","5/28/2014 12:00:00 AM"
"74015","1","5/28/2014 12:00:00 AM"
"74015","2","5/28/2014 12:00:00 AM"
"74016","1","5/28/2014 12:00:00 AM"
"74017","2","5/28/2014 12:00:00 AM"
"74018","1","5/28/2014 12:00:00 AM"
"74020","1","5/28/2014 12:00:00 AM"
"74023","1","5/28/2014 12:00:00 AM"
"74023","2","5/28/2014 12:00:00 AM"
"74024","1","5/28/2014 12:00:00 AM"
"74025","5","5/28/2014 12:00:00 AM"
"74026","2","5/28/2014 12:00:00 AM"
"74027","1","5/28/2014 12:00:00 AM"
"74029","1","5/29/2014 12:00:00 AM"
"74030","2","5/29/2014 12:00:00 AM"
"74031","1","5/29/2014 12:00:00 AM"
"74031","10","5/29/2014 12:00:00 AM"
"74032","1","5/29/2014 12:00:00 AM"
"74033","1","5/29/2014 12:00:00 AM"
"74034","1","5/29/2014 12:00:00 AM"
"74035","4","5/29/2014 12:00:00 AM"
"74036","1","5/29/2014 12:00:00 AM"
"74037","1","5/29/2014 12:00:00 AM"
"74038","1","5/29/2014 12:00:00 AM"
"74039","1","5/29/2014 12:00:00 AM"
"74040","1","5/29/2014 12:00:00 AM"
"74041","1","5/29/2014 12:00:00 AM"
"74042","1","5/29/2014 12:00:00 AM"
"74043","1","5/29/2014 12:00:00 AM"
"74044","1","5/29/2014 12:00:00 AM"
"74044","10","5/29/2014 12:00:00 AM"
"74045","1","5/29/2014 12:00:00 AM"
"74046","1","5/29/2014 12:00:00 AM"
"74047","1","5/29/2014 12:00:00 AM"
"74049","1","5/29/2014 12:00:00 AM"
"74050","1","5/29/2014 12:00:00 AM"
"74051","6","5/29/2014 12:00:00 AM"
"74052","1","5/29/2014 12:00:00 AM"
"74053","6","5/29/2014 12:00:00 AM"
"74054","1","5/29/2014 12:00:00 AM"
"74055","1","5/29/2014 12:00:00 AM"
"74056","1","5/29/2014 12:00:00 AM"
"74057","1","5/29/2014 12:00:00 AM"
"74058","1","5/29/2014 12:00:00 AM"
"74059","1","5/29/2014 12:00:00 AM"
"74060","1","5/29/2014 12:00:00 AM"
"74061","1","5/29/2014 12:00:00 AM"
"74062","1","5/29/2014 12:00:00 AM"
"74064","1","5/29/2014 12:00:00 AM"
"74065","6","5/29/2014 12:00:00 AM"
"74066","1","5/29/2014 12:00:00 AM"
"74067","1","5/29/2014 12:00:00 AM"
"74068","1","5/29/2014 12:00:00 AM"
"74069","1","5/29/2014 12:00:00 AM"
"74071","1","5/29/2014 12:00:00 AM"
"74071","2","5/29/2014 12:00:00 AM"
"74072","2","5/29/2014 12:00:00 AM"
"74073","2","5/29/2014 12:00:00 AM"
"74075","1","5/29/2014 12:00:00 AM"
"74077","2","5/29/2014 12:00:00 AM"
"74078","1","5/29/2014 12:00:00 AM"
"74078","2","5/29/2014 12:00:00 AM"
"74079","1","5/29/2014 12:00:00 AM"
"74080","1","5/29/2014 12:00:00 AM"
"74081","5","5/29/2014 12:00:00 AM"
"74082","1","5/29/2014 12:00:00 AM"
"74082","2","5/29/2014 12:00:00 AM"
"74084","1","5/29/2014 12:00:00 AM"
"74085","1","5/29/2014 12:00:00 AM"
"74086","1","5/29/2014 12:00:00 AM"
"74087","1","5/29/2014 12:00:00 AM"
"74087","2","5/29/2014 12:00:00 AM"
"74088","1","5/29/2014 12:00:00 AM"
"74088","2","5/29/2014 12:00:00 AM"
"74091","1","5/29/2014 12:00:00 AM"
"74092","1","5/29/2014 12:00:00 AM"
"74093","2","5/29/2014 12:00:00 AM"
"74095","1","5/29/2014 12:00:00 AM"
"74095","2","5/29/2014 12:00:00 AM"
"74096","1","5/30/2014 12:00:00 AM"
"74096","10","5/30/2014 12:00:00 AM"
"74097","1","5/30/2014 12:00:00 AM"
"74098","1","5/30/2014 12:00:00 AM"
"74099","1","5/30/2014 12:00:00 AM"
"74100","1","5/30/2014 12:00:00 AM"
"74101","1","5/30/2014 12:00:00 AM"
"74102","1","5/30/2014 12:00:00 AM"
"74103","1","5/30/2014 12:00:00 AM"
"74104","1","5/30/2014 12:00:00 AM"
"74105","1","5/30/2014 12:00:00 AM"
"74107","1","5/30/2014 12:00:00 AM"
"74108","1","5/30/2014 12:00:00 AM"
"74109","1","5/30/2014 12:00:00 AM"
"74109","2","5/30/2014 12:00:00 AM"
"74110","1","5/30/2014 12:00:00 AM"
"74111","1","5/30/2014 12:00:00 AM"
"74112","4","5/30/2014 12:00:00 AM"
"74113","1","5/30/2014 12:00:00 AM"
"74114","1","5/30/2014 12:00:00 AM"
"74115","1","5/30/2014 12:00:00 AM"
"74116","1","5/30/2014 12:00:00 AM"
"74117","1","5/30/2014 12:00:00 AM"
"74118","1","5/30/2014 12:00:00 AM"
"74119","1","5/30/2014 12:00:00 AM"
"74120","1","5/30/2014 12:00:00 AM"
"74120","10","5/30/2014 12:00:00 AM"
"74121","1","5/30/2014 12:00:00 AM"
"74122","1","5/30/2014 12:00:00 AM"
"74123","1","5/30/2014 12:00:00 AM"
"74124","1","5/30/2014 12:00:00 AM"
"74125","1","5/30/2014 12:00:00 AM"
"74125","10","5/30/2014 12:00:00 AM"
"74126","1","5/30/2014 12:00:00 AM"
"74127","1","5/30/2014 12:00:00 AM"
"74127","2","5/30/2014 12:00:00 AM"
"74128","1","5/30/2014 12:00:00 AM"
"74128","2","5/30/2014 12:00:00 AM"
"74129","1","5/30/2014 12:00:00 AM"
"74130","1","5/30/2014 12:00:00 AM"
"74130","2","5/30/2014 12:00:00 AM"
"74131","1","5/30/2014 12:00:00 AM"
"74132","2","5/30/2014 12:00:00 AM"
"74133","5","5/30/2014 12:00:00 AM"
"74135","1","5/30/2014 12:00:00 AM"
"74136","1","5/30/2014 12:00:00 AM"
"74137","1","5/30/2014 12:00:00 AM"
"74137","2","5/30/2014 12:00:00 AM"
"74139","1","5/30/2014 12:00:00 AM"
"74140","1","5/30/2014 12:00:00 AM"
"74140","10","5/30/2014 12:00:00 AM"
"74143","1","5/30/2014 12:00:00 AM"
"74143","10","5/30/2014 12:00:00 AM"
"74145","5","5/30/2014 12:00:00 AM"
"74147","1","5/30/2014 12:00:00 AM"
"74147","2","5/30/2014 12:00:00 AM"
"74148","4","5/31/2014 12:00:00 AM"
"74149","1","5/31/2014 12:00:00 AM"
"74150","1","5/31/2014 12:00:00 AM"
"74151","1","5/31/2014 12:00:00 AM"
"74152","1","5/31/2014 12:00:00 AM"
"74153","1","5/31/2014 12:00:00 AM"
"74154","1","5/31/2014 12:00:00 AM"
"74154","10","5/31/2014 12:00:00 AM"
"74155","1","5/31/2014 12:00:00 AM"
"74156","1","5/31/2014 12:00:00 AM"
"74157","4","5/31/2014 12:00:00 AM"
"74158","1","5/31/2014 12:00:00 AM"
"74158","10","5/31/2014 12:00:00 AM"
"74159","1","5/31/2014 12:00:00 AM"
"74160","1","5/31/2014 12:00:00 AM"
"74161","1","5/31/2014 12:00:00 AM"
"74162","1","5/31/2014 12:00:00 AM"
"74163","1","5/31/2014 12:00:00 AM"
"74164","1","5/31/2014 12:00:00 AM"
"74165","1","5/31/2014 12:00:00 AM"
"74166","1","5/31/2014 12:00:00 AM"
"74167","1","5/31/2014 12:00:00 AM"
"74169","1","5/31/2014 12:00:00 AM"
"74170","1","5/31/2014 12:00:00 AM"
"74171","1","5/31/2014 12:00:00 AM"
"74172","1","5/31/2014 12:00:00 AM"
"74173","1","5/31/2014 12:00:00 AM"
"74174","1","5/31/2014 12:00:00 AM"
"74175","1","5/31/2014 12:00:00 AM"
"74176","1","5/31/2014 12:00:00 AM"
"74177","1","5/31/2014 12:00:00 AM"
"74178","1","5/31/2014 12:00:00 AM"
"74179","1","5/31/2014 12:00:00 AM"
"74180","1","5/31/2014 12:00:00 AM"
"74181","1","5/31/2014 12:00:00 AM"
"74182","1","5/31/2014 12:00:00 AM"
"74183","4","5/31/2014 12:00:00 AM"
"74184","1","5/31/2014 12:00:00 AM"
"74185","1","6/1/2014 12:00:00 AM"
"74185","10","6/1/2014 12:00:00 AM"
"74186","1","6/1/2014 12:00:00 AM"
"74187","1","6/1/2014 12:00:00 AM"
"74188","1","6/1/2014 12:00:00 AM"
"74190","1","6/1/2014 12:00:00 AM"
"74191","4","6/1/2014 12:00:00 AM"
"74192","1","6/1/2014 12:00:00 AM"
"74193","1","6/1/2014 12:00:00 AM"
"74194","1","6/1/2014 12:00:00 AM"
"74195","1","6/1/2014 12:00:00 AM"
"74196","1","6/1/2014 12:00:00 AM"
"74196","10","6/1/2014 12:00:00 AM"
"74197","1","6/1/2014 12:00:00 AM"
"74197","10","6/1/2014 12:00:00 AM"
"74198","1","6/1/2014 12:00:00 AM"
"74198","10","6/1/2014 12:00:00 AM"
"74199","1","6/1/2014 12:00:00 AM"
"74200","1","6/1/2014 12:00:00 AM"
"74201","1","6/1/2014 12:00:00 AM"
"74202","1","6/1/2014 12:00:00 AM"
"74203","1","6/1/2014 12:00:00 AM"
"74204","1","6/1/2014 12:00:00 AM"
"74205","1","6/1/2014 12:00:00 AM"
"74206","1","6/1/2014 12:00:00 AM"
"74206","10","6/1/2014 12:00:00 AM"
"74207","1","6/1/2014 12:00:00 AM"
"74208","1","6/1/2014 12:00:00 AM"
"74208","10","6/1/2014 12:00:00 AM"
"74209","1","6/1/2014 12:00:00 AM"
"74210","1","6/1/2014 12:00:00 AM"
"74211","1","6/1/2014 12:00:00 AM"
"74212","1","6/1/2014 12:00:00 AM"
"74213","1","6/1/2014 12:00:00 AM"
"74214","1","6/1/2014 12:00:00 AM"
"74215","1","6/1/2014 12:00:00 AM"
"74216","1","6/1/2014 12:00:00 AM"
"74217","1","6/1/2014 12:00:00 AM"
"74218","4","6/1/2014 12:00:00 AM"
"74219","1","6/2/2014 12:00:00 AM"
"74219","10","6/2/2014 12:00:00 AM"
"74220","4","6/2/2014 12:00:00 AM"
"74221","1","6/2/2014 12:00:00 AM"
"74222","1","6/2/2014 12:00:00 AM"
"74223","1","6/2/2014 12:00:00 AM"
"74224","1","6/2/2014 12:00:00 AM"
"74224","10","6/2/2014 12:00:00 AM"
"74225","1","6/2/2014 12:00:00 AM"
"74226","1","6/2/2014 12:00:00 AM"
"74227","1","6/2/2014 12:00:00 AM"
"74228","1","6/2/2014 12:00:00 AM"
"74229","1","6/2/2014 12:00:00 AM"
"74230","1","6/2/2014 12:00:00 AM"
"74231","1","6/2/2014 12:00:00 AM"
"74232","1","6/2/2014 12:00:00 AM"
"74233","1","6/2/2014 12:00:00 AM"
"74234","1","6/2/2014 12:00:00 AM"
"74235","1","6/2/2014 12:00:00 AM"
"74236","1","6/2/2014 12:00:00 AM"
"74237","1","6/2/2014 12:00:00 AM"
"74238","4","6/2/2014 12:00:00 AM"
"74239","6","6/2/2014 12:00:00 AM"
"74240","1","6/2/2014 12:00:00 AM"
"74241","1","6/2/2014 12:00:00 AM"
"74241","10","6/2/2014 12:00:00 AM"
"74242","1","6/2/2014 12:00:00 AM"
"74243","1","6/2/2014 12:00:00 AM"
"74244","1","6/2/2014 12:00:00 AM"
"74245","1","6/2/2014 12:00:00 AM"
"74246","1","6/2/2014 12:00:00 AM"
"74247","1","6/2/2014 12:00:00 AM"
"74248","1","6/2/2014 12:00:00 AM"
"74249","1","6/2/2014 12:00:00 AM"
"74249","10","6/2/2014 12:00:00 AM"
"74250","1","6/2/2014 12:00:00 AM"
"74251","1","6/2/2014 12:00:00 AM"
"74252","1","6/2/2014 12:00:00 AM"
"74253","1","6/3/2014 12:00:00 AM"
"74253","10","6/3/2014 12:00:00 AM"
"74254","1","6/3/2014 12:00:00 AM"
"74255","1","6/3/2014 12:00:00 AM"
"74256","1","6/3/2014 12:00:00 AM"
"74257","1","6/3/2014 12:00:00 AM"
"74258","1","6/3/2014 12:00:00 AM"
"74258","10","6/3/2014 12:00:00 AM"
"74260","1","6/3/2014 12:00:00 AM"
"74261","4","6/3/2014 12:00:00 AM"
"74262","1","6/3/2014 12:00:00 AM"
"74264","1","6/3/2014 12:00:00 AM"
"74264","10","6/3/2014 12:00:00 AM"
"74265","1","6/3/2014 12:00:00 AM"
"74266","6","6/3/2014 12:00:00 AM"
"74267","1","6/3/2014 12:00:00 AM"
"74268","1","6/3/2014 12:00:00 AM"
"74270","1","6/3/2014 12:00:00 AM"
"74271","1","6/3/2014 12:00:00 AM"
"74272","1","6/3/2014 12:00:00 AM"
"74273","1","6/3/2014 12:00:00 AM"
"74274","1","6/3/2014 12:00:00 AM"
"74275","1","6/3/2014 12:00:00 AM"
"74275","10","6/3/2014 12:00:00 AM"
"74276","1","6/3/2014 12:00:00 AM"
"74276","10","6/3/2014 12:00:00 AM"
"74277","1","6/4/2014 12:00:00 AM"
"74279","1","6/4/2014 12:00:00 AM"
"74280","1","6/4/2014 12:00:00 AM"
"74280","10","6/4/2014 12:00:00 AM"
"74281","1","6/4/2014 12:00:00 AM"
"74282","1","6/4/2014 12:00:00 AM"
"74283","1","6/4/2014 12:00:00 AM"
"74284","1","6/4/2014 12:00:00 AM"
"74285","1","6/4/2014 12:00:00 AM"
"74286","1","6/4/2014 12:00:00 AM"
"74286","10","6/4/2014 12:00:00 AM"
"74287","1","6/4/2014 12:00:00 AM"
"74288","1","6/4/2014 12:00:00 AM"
"74289","1","6/4/2014 12:00:00 AM"
"74290","1","6/4/2014 12:00:00 AM"
"74291","1","6/4/2014 12:00:00 AM"
"74292","1","6/4/2014 12:00:00 AM"
"74293","1","6/4/2014 12:00:00 AM"
"74293","10","6/4/2014 12:00:00 AM"
"74294","1","6/4/2014 12:00:00 AM"
"74295","1","6/4/2014 12:00:00 AM"
"74296","1","6/4/2014 12:00:00 AM"
"74297","1","6/4/2014 12:00:00 AM"
"74298","1","6/4/2014 12:00:00 AM"
"74299","1","6/4/2014 12:00:00 AM"
"74300","1","6/4/2014 12:00:00 AM"
"74300","10","6/4/2014 12:00:00 AM"
"74301","1","6/4/2014 12:00:00 AM"
"74302","1","6/4/2014 12:00:00 AM"
"74303","1","6/4/2014 12:00:00 AM"
"74304","1","6/4/2014 12:00:00 AM"
"74305","1","6/4/2014 12:00:00 AM"
"74306","1","6/5/2014 12:00:00 AM"
"74307","1","6/5/2014 12:00:00 AM"
"74308","1","6/5/2014 12:00:00 AM"
"74309","1","6/5/2014 12:00:00 AM"
"74311","1","6/5/2014 12:00:00 AM"
"74312","1","6/5/2014 12:00:00 AM"
"74313","1","6/5/2014 12:00:00 AM"
"74314","1","6/5/2014 12:00:00 AM"
"74315","1","6/5/2014 12:00:00 AM"
"74316","1","6/5/2014 12:00:00 AM"
"74317","1","6/5/2014 12:00:00 AM"
"74318","1","6/5/2014 12:00:00 AM"
"74319","1","6/5/2014 12:00:00 AM"
"74320","1","6/5/2014 12:00:00 AM"
"74321","1","6/5/2014 12:00:00 AM"
"74322","1","6/5/2014 12:00:00 AM"
"74323","1","6/5/2014 12:00:00 AM"
"74324","1","6/5/2014 12:00:00 AM"
"74325","1","6/5/2014 12:00:00 AM"
"74326","1","6/5/2014 12:00:00 AM"
"74327","1","6/5/2014 12:00:00 AM"
"74328","1","6/5/2014 12:00:00 AM"
"74329","1","6/5/2014 12:00:00 AM"
"74330","1","6/5/2014 12:00:00 AM"
"74330","10","6/5/2014 12:00:00 AM"
"74331","1","6/5/2014 12:00:00 AM"
"74332","1","6/5/2014 12:00:00 AM"
"74333","1","6/5/2014 12:00:00 AM"
"74334","1","6/5/2014 12:00:00 AM"
"74335","1","6/5/2014 12:00:00 AM"
"74336","1","6/6/2014 12:00:00 AM"
"74337","1","6/6/2014 12:00:00 AM"
"74338","1","6/6/2014 12:00:00 AM"
"74339","1","6/6/2014 12:00:00 AM"
"74340","1","6/6/2014 12:00:00 AM"
"74341","1","6/6/2014 12:00:00 AM"
"74342","4","6/6/2014 12:00:00 AM"
"74343","1","6/6/2014 12:00:00 AM"
"74344","4","6/6/2014 12:00:00 AM"
"74344","10","6/6/2014 12:00:00 AM"
"74345","1","6/6/2014 12:00:00 AM"
"74346","1","6/6/2014 12:00:00 AM"
"74347","1","6/6/2014 12:00:00 AM"
"74348","1","6/6/2014 12:00:00 AM"
"74349","1","6/6/2014 12:00:00 AM"
"74350","1","6/6/2014 12:00:00 AM"
"74351","1","6/6/2014 12:00:00 AM"
"74352","1","6/6/2014 12:00:00 AM"
"74353","1","6/6/2014 12:00:00 AM"
"74354","1","6/6/2014 12:00:00 AM"
"74355","1","6/6/2014 12:00:00 AM"
"74355","10","6/6/2014 12:00:00 AM"
"74356","1","6/6/2014 12:00:00 AM"
"74356","10","6/6/2014 12:00:00 AM"
"74357","1","6/6/2014 12:00:00 AM"
"74358","1","6/6/2014 12:00:00 AM"
"74359","1","6/6/2014 12:00:00 AM"
"74360","1","6/6/2014 12:00:00 AM"
"74361","1","6/6/2014 12:00:00 AM"
"74362","1","6/6/2014 12:00:00 AM"
"74363","1","6/6/2014 12:00:00 AM"
"74363","10","6/6/2014 12:00:00 AM"
"74364","4","6/6/2014 12:00:00 AM"
"74365","1","6/7/2014 12:00:00 AM"
"74366","1","6/7/2014 12:00:00 AM"
"74367","1","6/7/2014 12:00:00 AM"
"74368","4","6/7/2014 12:00:00 AM"
"74369","1","6/7/2014 12:00:00 AM"
"74370","1","6/7/2014 12:00:00 AM"
"74372","4","6/7/2014 12:00:00 AM"
"74373","4","6/7/2014 12:00:00 AM"
"74374","4","6/7/2014 12:00:00 AM"
"74375","1","6/7/2014 12:00:00 AM"
"74376","1","6/7/2014 12:00:00 AM"
"74377","1","6/7/2014 12:00:00 AM"
"74378","1","6/7/2014 12:00:00 AM"
"74379","1","6/7/2014 12:00:00 AM"
"74381","1","6/7/2014 12:00:00 AM"
"74382","1","6/7/2014 12:00:00 AM"
"74383","1","6/7/2014 12:00:00 AM"
"74384","1","6/7/2014 12:00:00 AM"
"74385","1","6/7/2014 12:00:00 AM"
"74386","1","6/7/2014 12:00:00 AM"
"74386","10","6/7/2014 12:00:00 AM"
"74387","1","6/7/2014 12:00:00 AM"
"74388","1","6/7/2014 12:00:00 AM"
"74389","1","6/7/2014 12:00:00 AM"
"74390","1","6/7/2014 12:00:00 AM"
"74391","1","6/7/2014 12:00:00 AM"
"74392","1","6/7/2014 12:00:00 AM"
"74393","1","6/7/2014 12:00:00 AM"
"74394","1","6/7/2014 12:00:00 AM"
"74394","10","6/7/2014 12:00:00 AM"
"74395","1","6/7/2014 12:00:00 AM"
"74396","1","6/7/2014 12:00:00 AM"
"74397","1","6/7/2014 12:00:00 AM"
"74397","10","6/7/2014 12:00:00 AM"
"74398","1","6/7/2014 12:00:00 AM"
"74399","1","6/7/2014 12:00:00 AM"
"74399","10","6/7/2014 12:00:00 AM"
"74400","1","6/7/2014 12:00:00 AM"
"74401","1","6/7/2014 12:00:00 AM"
"74402","1","6/7/2014 12:00:00 AM"
"74403","1","6/7/2014 12:00:00 AM"
"74404","1","6/7/2014 12:00:00 AM"
"74405","1","6/7/2014 12:00:00 AM"
"74406","1","6/7/2014 12:00:00 AM"
"74407","1","6/7/2014 12:00:00 AM"
"74408","1","6/7/2014 12:00:00 AM"
"74409","1","6/7/2014 12:00:00 AM"
"74410","1","6/7/2014 12:00:00 AM"
"74411","1","6/7/2014 12:00:00 AM"
"74412","1","6/7/2014 12:00:00 AM"
"74413","1","6/7/2014 12:00:00 AM"
"74414","1","6/7/2014 12:00:00 AM"
"74414","10","6/7/2014 12:00:00 AM"
"74415","4","6/7/2014 12:00:00 AM"
"74416","1","6/8/2014 12:00:00 AM"
"74417","1","6/8/2014 12:00:00 AM"
"74417","10","6/8/2014 12:00:00 AM"
"74418","1","6/8/2014 12:00:00 AM"
"74419","1","6/8/2014 12:00:00 AM"
"74420","4","6/8/2014 12:00:00 AM"
"74421","1","6/8/2014 12:00:00 AM"
"74422","1","6/8/2014 12:00:00 AM"
"74423","1","6/8/2014 12:00:00 AM"
"74424","1","6/8/2014 12:00:00 AM"
"74425","1","6/8/2014 12:00:00 AM"
"74426","1","6/8/2014 12:00:00 AM"
"74427","4","6/8/2014 12:00:00 AM"
"74427","10","6/8/2014 12:00:00 AM"
"74428","1","6/8/2014 12:00:00 AM"
"74429","1","6/8/2014 12:00:00 AM"
"74430","1","6/8/2014 12:00:00 AM"
"74431","1","6/8/2014 12:00:00 AM"
"74432","1","6/8/2014 12:00:00 AM"
"74433","1","6/8/2014 12:00:00 AM"
"74434","1","6/8/2014 12:00:00 AM"
"74435","1","6/8/2014 12:00:00 AM"
"74436","1","6/8/2014 12:00:00 AM"
"74437","1","6/8/2014 12:00:00 AM"
"74438","1","6/8/2014 12:00:00 AM"
"74439","1","6/8/2014 12:00:00 AM"
"74440","1","6/8/2014 12:00:00 AM"
"74441","4","6/8/2014 12:00:00 AM"
"74442","1","6/9/2014 12:00:00 AM"
"74443","1","6/9/2014 12:00:00 AM"
"74444","1","6/9/2014 12:00:00 AM"
"74445","1","6/9/2014 12:00:00 AM"
"74446","1","6/9/2014 12:00:00 AM"
"74447","1","6/9/2014 12:00:00 AM"
"74448","1","6/9/2014 12:00:00 AM"
"74448","10","6/9/2014 12:00:00 AM"
"74449","1","6/9/2014 12:00:00 AM"
"74450","1","6/9/2014 12:00:00 AM"
"74451","1","6/9/2014 12:00:00 AM"
"74452","1","6/9/2014 12:00:00 AM"
"74453","1","6/9/2014 12:00:00 AM"
"74454","6","6/9/2014 12:00:00 AM"
"74455","6","6/9/2014 12:00:00 AM"
"74456","1","6/9/2014 12:00:00 AM"
"74457","1","6/9/2014 12:00:00 AM"
"74458","1","6/9/2014 12:00:00 AM"
"74458","10","6/9/2014 12:00:00 AM"
"74459","1","6/9/2014 12:00:00 AM"
"74460","1","6/9/2014 12:00:00 AM"
"74461","1","6/9/2014 12:00:00 AM"
"74462","1","6/9/2014 12:00:00 AM"
"74463","1","6/9/2014 12:00:00 AM"
"74464","1","6/9/2014 12:00:00 AM"
"74465","1","6/9/2014 12:00:00 AM"
"74466","1","6/9/2014 12:00:00 AM"
"74467","1","6/9/2014 12:00:00 AM"
"74468","1","6/9/2014 12:00:00 AM"
"74468","10","6/9/2014 12:00:00 AM"
"74469","4","6/9/2014 12:00:00 AM"
"74470","6","6/10/2014 12:00:00 AM"
"74471","1","6/10/2014 12:00:00 AM"
"74471","10","6/10/2014 12:00:00 AM"
"74472","1","6/10/2014 12:00:00 AM"
"74473","1","6/10/2014 12:00:00 AM"
"74474","1","6/10/2014 12:00:00 AM"
"74475","1","6/10/2014 12:00:00 AM"
"74476","1","6/10/2014 12:00:00 AM"
"74477","4","6/10/2014 12:00:00 AM"
"74478","1","6/10/2014 12:00:00 AM"
"74479","1","6/10/2014 12:00:00 AM"
"74480","1","6/10/2014 12:00:00 AM"
"74481","1","6/10/2014 12:00:00 AM"
"74482","4","6/10/2014 12:00:00 AM"
"74482","10","6/10/2014 12:00:00 AM"
"74483","1","6/10/2014 12:00:00 AM"
"74484","1","6/10/2014 12:00:00 AM"
"74485","1","6/10/2014 12:00:00 AM"
"74486","4","6/10/2014 12:00:00 AM"
"74487","4","6/10/2014 12:00:00 AM"
"74488","6","6/10/2014 12:00:00 AM"
"74489","1","6/10/2014 12:00:00 AM"
"74490","1","6/10/2014 12:00:00 AM"
"74491","1","6/10/2014 12:00:00 AM"
"74492","1","6/10/2014 12:00:00 AM"
"74493","1","6/10/2014 12:00:00 AM"
"74494","1","6/10/2014 12:00:00 AM"
"74495","1","6/10/2014 12:00:00 AM"
"74496","1","6/10/2014 12:00:00 AM"
"74497","1","6/10/2014 12:00:00 AM"
"74498","1","6/10/2014 12:00:00 AM"
"74499","1","6/10/2014 12:00:00 AM"
"74500","1","6/10/2014 12:00:00 AM"
"74501","1","6/10/2014 12:00:00 AM"
"74502","1","6/10/2014 12:00:00 AM"
"74503","1","6/11/2014 12:00:00 AM"
"74503","10","6/11/2014 12:00:00 AM"
"74504","1","6/11/2014 12:00:00 AM"
"74505","1","6/11/2014 12:00:00 AM"
"74506","1","6/11/2014 12:00:00 AM"
"74507","4","6/11/2014 12:00:00 AM"
"74508","1","6/11/2014 12:00:00 AM"
"74509","1","6/11/2014 12:00:00 AM"
"74510","1","6/11/2014 12:00:00 AM"
"74511","1","6/11/2014 12:00:00 AM"
"74512","1","6/11/2014 12:00:00 AM"
"74513","1","6/11/2014 12:00:00 AM"
"74514","1","6/11/2014 12:00:00 AM"
"74515","1","6/11/2014 12:00:00 AM"
"74516","1","6/11/2014 12:00:00 AM"
"74517","1","6/11/2014 12:00:00 AM"
"74518","6","6/11/2014 12:00:00 AM"
"74519","1","6/11/2014 12:00:00 AM"
"74520","6","6/11/2014 12:00:00 AM"
"74521","1","6/11/2014 12:00:00 AM"
"74522","1","6/11/2014 12:00:00 AM"
"74523","1","6/11/2014 12:00:00 AM"
"74524","1","6/11/2014 12:00:00 AM"
"74525","1","6/11/2014 12:00:00 AM"
"74525","10","6/11/2014 12:00:00 AM"
"74526","1","6/11/2014 12:00:00 AM"
"74527","1","6/11/2014 12:00:00 AM"
"74528","1","6/11/2014 12:00:00 AM"
"74529","4","6/11/2014 12:00:00 AM"
"74530","4","6/11/2014 12:00:00 AM"
"74531","1","6/11/2014 12:00:00 AM"
"74531","10","6/11/2014 12:00:00 AM"
"74532","1","6/11/2014 12:00:00 AM"
"74533","1","6/12/2014 12:00:00 AM"
"74533","10","6/12/2014 12:00:00 AM"
"74534","1","6/12/2014 12:00:00 AM"
"74536","1","6/12/2014 12:00:00 AM"
"74537","6","6/12/2014 12:00:00 AM"
"74538","1","6/12/2014 12:00:00 AM"
"74540","1","6/12/2014 12:00:00 AM"
"74540","10","6/12/2014 12:00:00 AM"
"74541","1","6/12/2014 12:00:00 AM"
"74542","1","6/12/2014 12:00:00 AM"
"74542","10","6/12/2014 12:00:00 AM"
"74543","1","6/12/2014 12:00:00 AM"
"74544","1","6/12/2014 12:00:00 AM"
"74545","1","6/12/2014 12:00:00 AM"
"74545","10","6/12/2014 12:00:00 AM"
"74546","1","6/12/2014 12:00:00 AM"
"74547","1","6/12/2014 12:00:00 AM"
"74548","4","6/12/2014 12:00:00 AM"
"74549","1","6/12/2014 12:00:00 AM"
"74550","1","6/12/2014 12:00:00 AM"
"74551","1","6/12/2014 12:00:00 AM"
"74552","1","6/13/2014 12:00:00 AM"
"74553","1","6/13/2014 12:00:00 AM"
"74554","1","6/13/2014 12:00:00 AM"
"74555","1","6/13/2014 12:00:00 AM"
"74556","6","6/13/2014 12:00:00 AM"
"74557","1","6/13/2014 12:00:00 AM"
"74558","1","6/13/2014 12:00:00 AM"
"74559","1","6/13/2014 12:00:00 AM"
"74559","10","6/13/2014 12:00:00 AM"
"74560","4","6/13/2014 12:00:00 AM"
"74561","6","6/13/2014 12:00:00 AM"
"74562","1","6/13/2014 12:00:00 AM"
"74563","1","6/13/2014 12:00:00 AM"
"74564","1","6/13/2014 12:00:00 AM"
"74565","1","6/13/2014 12:00:00 AM"
"74566","1","6/13/2014 12:00:00 AM"
"74567","1","6/13/2014 12:00:00 AM"
"74567","10","6/13/2014 12:00:00 AM"
"74568","1","6/13/2014 12:00:00 AM"
"74569","1","6/13/2014 12:00:00 AM"
"74570","1","6/13/2014 12:00:00 AM"
"74571","1","6/13/2014 12:00:00 AM"
"74572","1","6/13/2014 12:00:00 AM"
"74573","1","6/13/2014 12:00:00 AM"
"74574","6","6/13/2014 12:00:00 AM"
"74575","6","6/13/2014 12:00:00 AM"
"74576","1","6/13/2014 12:00:00 AM"
"74577","1","6/13/2014 12:00:00 AM"
"74578","1","6/13/2014 12:00:00 AM"
"74579","1","6/13/2014 12:00:00 AM"
"74580","1","6/13/2014 12:00:00 AM"
"74581","1","6/13/2014 12:00:00 AM"
"74581","10","6/13/2014 12:00:00 AM"
"74582","1","6/13/2014 12:00:00 AM"
"74583","1","6/13/2014 12:00:00 AM"
"74584","1","6/13/2014 12:00:00 AM"
"74585","1","6/14/2014 12:00:00 AM"
"74586","1","6/14/2014 12:00:00 AM"
"74587","1","6/14/2014 12:00:00 AM"
"74588","1","6/14/2014 12:00:00 AM"
"74589","1","6/14/2014 12:00:00 AM"
"74590","1","6/14/2014 12:00:00 AM"
"74591","1","6/14/2014 12:00:00 AM"
"74591","10","6/14/2014 12:00:00 AM"
"74592","1","6/14/2014 12:00:00 AM"
"74593","1","6/14/2014 12:00:00 AM"
"74594","1","6/14/2014 12:00:00 AM"
"74594","10","6/14/2014 12:00:00 AM"
"74595","1","6/14/2014 12:00:00 AM"
"74596","1","6/14/2014 12:00:00 AM"
"74597","1","6/14/2014 12:00:00 AM"
"74598","1","6/14/2014 12:00:00 AM"
"74599","1","6/14/2014 12:00:00 AM"
"74600","1","6/14/2014 12:00:00 AM"
"74601","1","6/14/2014 12:00:00 AM"
"74602","1","6/14/2014 12:00:00 AM"
"74603","1","6/14/2014 12:00:00 AM"
"74604","1","6/14/2014 12:00:00 AM"
"74605","1","6/14/2014 12:00:00 AM"
"74606","1","6/14/2014 12:00:00 AM"
"74607","1","6/14/2014 12:00:00 AM"
"74608","1","6/14/2014 12:00:00 AM"
"74609","1","6/14/2014 12:00:00 AM"
"74610","1","6/14/2014 12:00:00 AM"
"74611","1","6/14/2014 12:00:00 AM"
"74612","1","6/14/2014 12:00:00 AM"
"74613","1","6/14/2014 12:00:00 AM"
"74614","1","6/14/2014 12:00:00 AM"
"74615","1","6/14/2014 12:00:00 AM"
"74616","1","6/14/2014 12:00:00 AM"
"74617","1","6/14/2014 12:00:00 AM"
"74618","1","6/14/2014 12:00:00 AM"
"74619","1","6/15/2014 12:00:00 AM"
"74620","1","6/15/2014 12:00:00 AM"
"74620","10","6/15/2014 12:00:00 AM"
"74621","1","6/15/2014 12:00:00 AM"
"74623","4","6/15/2014 12:00:00 AM"
"74624","4","6/15/2014 12:00:00 AM"
"74625","1","6/15/2014 12:00:00 AM"
"74626","1","6/15/2014 12:00:00 AM"
"74627","1","6/15/2014 12:00:00 AM"
"74628","1","6/15/2014 12:00:00 AM"
"74629","1","6/15/2014 12:00:00 AM"
"74629","10","6/15/2014 12:00:00 AM"
"74630","4","6/15/2014 12:00:00 AM"
"74630","10","6/15/2014 12:00:00 AM"
"74631","4","6/15/2014 12:00:00 AM"
"74632","1","6/15/2014 12:00:00 AM"
"74633","1","6/15/2014 12:00:00 AM"
"74634","1","6/15/2014 12:00:00 AM"
"74635","1","6/15/2014 12:00:00 AM"
"74636","1","6/15/2014 12:00:00 AM"
"74637","6","6/15/2014 12:00:00 AM"
"74639","1","6/15/2014 12:00:00 AM"
"74640","1","6/15/2014 12:00:00 AM"
"74641","1","6/15/2014 12:00:00 AM"
"74642","1","6/15/2014 12:00:00 AM"
"74643","1","6/15/2014 12:00:00 AM"
"74644","1","6/15/2014 12:00:00 AM"
"74645","1","6/15/2014 12:00:00 AM"
"74646","1","6/15/2014 12:00:00 AM"
"74647","4","6/15/2014 12:00:00 AM"
"74648","1","6/15/2014 12:00:00 AM"
"74649","1","6/15/2014 12:00:00 AM"
"74650","1","6/15/2014 12:00:00 AM"
"74651","1","6/16/2014 12:00:00 AM"
"74652","1","6/16/2014 12:00:00 AM"
"74653","1","6/16/2014 12:00:00 AM"
"74654","1","6/16/2014 12:00:00 AM"
"74655","1","6/16/2014 12:00:00 AM"
"74656","1","6/16/2014 12:00:00 AM"
"74657","1","6/16/2014 12:00:00 AM"
"74658","1","6/16/2014 12:00:00 AM"
"74659","1","6/16/2014 12:00:00 AM"
"74660","1","6/16/2014 12:00:00 AM"
"74661","1","6/16/2014 12:00:00 AM"
"74662","4","6/16/2014 12:00:00 AM"
"74663","4","6/16/2014 12:00:00 AM"
"74664","1","6/16/2014 12:00:00 AM"
"74665","1","6/16/2014 12:00:00 AM"
"74666","1","6/16/2014 12:00:00 AM"
"74667","1","6/16/2014 12:00:00 AM"
"74668","1","6/16/2014 12:00:00 AM"
"74669","1","6/16/2014 12:00:00 AM"
"74670","1","6/16/2014 12:00:00 AM"
"74670","10","6/16/2014 12:00:00 AM"
"74671","1","6/16/2014 12:00:00 AM"
"74672","1","6/16/2014 12:00:00 AM"
"74673","1","6/16/2014 12:00:00 AM"
"74674","1","6/16/2014 12:00:00 AM"
"74674","10","6/16/2014 12:00:00 AM"
"74675","1","6/16/2014 12:00:00 AM"
"74676","1","6/16/2014 12:00:00 AM"
"74677","1","6/16/2014 12:00:00 AM"
"74678","1","6/16/2014 12:00:00 AM"
"74679","1","6/16/2014 12:00:00 AM"
"74680","1","6/16/2014 12:00:00 AM"
"74681","1","6/16/2014 12:00:00 AM"
"74682","1","6/16/2014 12:00:00 AM"
"74683","1","6/16/2014 12:00:00 AM"
"74684","1","6/16/2014 12:00:00 AM"
"74685","1","6/16/2014 12:00:00 AM"
"74686","1","6/16/2014 12:00:00 AM"
"74687","1","6/16/2014 12:00:00 AM"
"74688","1","6/16/2014 12:00:00 AM"
"74689","1","6/16/2014 12:00:00 AM"
"74690","1","6/17/2014 12:00:00 AM"
"74691","1","6/17/2014 12:00:00 AM"
"74692","1","6/17/2014 12:00:00 AM"
"74693","1","6/17/2014 12:00:00 AM"
"74694","1","6/17/2014 12:00:00 AM"
"74695","1","6/17/2014 12:00:00 AM"
"74696","1","6/17/2014 12:00:00 AM"
"74697","1","6/17/2014 12:00:00 AM"
"74698","1","6/17/2014 12:00:00 AM"
"74699","1","6/17/2014 12:00:00 AM"
"74700","1","6/17/2014 12:00:00 AM"
"74701","1","6/17/2014 12:00:00 AM"
"74702","1","6/17/2014 12:00:00 AM"
"74703","1","6/17/2014 12:00:00 AM"
"74704","1","6/17/2014 12:00:00 AM"
"74705","1","6/17/2014 12:00:00 AM"
"74706","1","6/17/2014 12:00:00 AM"
"74707","1","6/17/2014 12:00:00 AM"
"74708","1","6/17/2014 12:00:00 AM"
"74709","1","6/17/2014 12:00:00 AM"
"74709","10","6/17/2014 12:00:00 AM"
"74710","1","6/17/2014 12:00:00 AM"
"74711","1","6/17/2014 12:00:00 AM"
"74712","1","6/17/2014 12:00:00 AM"
"74713","1","6/17/2014 12:00:00 AM"
"74714","1","6/17/2014 12:00:00 AM"
"74715","1","6/17/2014 12:00:00 AM"
"74716","1","6/17/2014 12:00:00 AM"
"74717","1","6/17/2014 12:00:00 AM"
"74718","1","6/17/2014 12:00:00 AM"
"74718","10","6/17/2014 12:00:00 AM"
"74719","1","6/18/2014 12:00:00 AM"
"74720","6","6/18/2014 12:00:00 AM"
"74721","1","6/18/2014 12:00:00 AM"
"74722","1","6/18/2014 12:00:00 AM"
"74723","1","6/18/2014 12:00:00 AM"
"74724","1","6/18/2014 12:00:00 AM"
"74725","1","6/18/2014 12:00:00 AM"
"74726","4","6/18/2014 12:00:00 AM"
"74727","1","6/18/2014 12:00:00 AM"
"74728","1","6/18/2014 12:00:00 AM"
"74728","10","6/18/2014 12:00:00 AM"
"74729","1","6/18/2014 12:00:00 AM"
"74730","1","6/18/2014 12:00:00 AM"
"74731","1","6/18/2014 12:00:00 AM"
"74732","1","6/18/2014 12:00:00 AM"
"74732","10","6/18/2014 12:00:00 AM"
"74733","1","6/18/2014 12:00:00 AM"
"74734","1","6/18/2014 12:00:00 AM"
"74735","1","6/18/2014 12:00:00 AM"
"74736","1","6/18/2014 12:00:00 AM"
"74737","1","6/18/2014 12:00:00 AM"
"74738","1","6/18/2014 12:00:00 AM"
"74738","10","6/18/2014 12:00:00 AM"
"74739","1","6/18/2014 12:00:00 AM"
"74740","1","6/18/2014 12:00:00 AM"
"74741","1","6/18/2014 12:00:00 AM"
"74742","1","6/18/2014 12:00:00 AM"
"74743","1","6/18/2014 12:00:00 AM"
"74744","1","6/18/2014 12:00:00 AM"
"74745","1","6/18/2014 12:00:00 AM"
"74746","1","6/18/2014 12:00:00 AM"
"74747","1","6/18/2014 12:00:00 AM"
"74748","1","6/18/2014 12:00:00 AM"
"74749","1","6/18/2014 12:00:00 AM"
"74750","1","6/18/2014 12:00:00 AM"
"74751","1","6/18/2014 12:00:00 AM"
"74752","1","6/18/2014 12:00:00 AM"
"74753","1","6/18/2014 12:00:00 AM"
"74754","1","6/19/2014 12:00:00 AM"
"74755","4","6/19/2014 12:00:00 AM"
"74756","1","6/19/2014 12:00:00 AM"
"74757","1","6/19/2014 12:00:00 AM"
"74758","4","6/19/2014 12:00:00 AM"
"74759","1","6/19/2014 12:00:00 AM"
"74760","1","6/19/2014 12:00:00 AM"
"74761","1","6/19/2014 12:00:00 AM"
"74762","1","6/19/2014 12:00:00 AM"
"74763","1","6/19/2014 12:00:00 AM"
"74764","1","6/19/2014 12:00:00 AM"
"74765","1","6/19/2014 12:00:00 AM"
"74766","1","6/19/2014 12:00:00 AM"
"74766","10","6/19/2014 12:00:00 AM"
"74767","1","6/19/2014 12:00:00 AM"
"74768","1","6/19/2014 12:00:00 AM"
"74769","1","6/19/2014 12:00:00 AM"
"74770","1","6/19/2014 12:00:00 AM"
"74771","1","6/19/2014 12:00:00 AM"
"74772","1","6/19/2014 12:00:00 AM"
"74773","1","6/19/2014 12:00:00 AM"
"74774","1","6/19/2014 12:00:00 AM"
"74775","1","6/19/2014 12:00:00 AM"
"74776","1","6/19/2014 12:00:00 AM"
"74778","1","6/19/2014 12:00:00 AM"
"74779","1","6/19/2014 12:00:00 AM"
"74780","1","6/19/2014 12:00:00 AM"
"74781","1","6/19/2014 12:00:00 AM"
"74782","4","6/19/2014 12:00:00 AM"
"74783","1","6/19/2014 12:00:00 AM"
"74784","1","6/20/2014 12:00:00 AM"
"74784","10","6/20/2014 12:00:00 AM"
"74785","1","6/20/2014 12:00:00 AM"
"74785","10","6/20/2014 12:00:00 AM"
"74786","1","6/20/2014 12:00:00 AM"
"74787","1","6/20/2014 12:00:00 AM"
"74788","1","6/20/2014 12:00:00 AM"
"74789","1","6/20/2014 12:00:00 AM"
"74790","1","6/20/2014 12:00:00 AM"
"74791","1","6/20/2014 12:00:00 AM"
"74792","4","6/20/2014 12:00:00 AM"
"74793","1","6/20/2014 12:00:00 AM"
"74793","10","6/20/2014 12:00:00 AM"
"74794","1","6/20/2014 12:00:00 AM"
"74795","1","6/20/2014 12:00:00 AM"
"74795","10","6/20/2014 12:00:00 AM"
"74796","1","6/20/2014 12:00:00 AM"
"74797","1","6/20/2014 12:00:00 AM"
"74798","4","6/20/2014 12:00:00 AM"
"74799","4","6/20/2014 12:00:00 AM"
"74800","1","6/20/2014 12:00:00 AM"
"74801","1","6/20/2014 12:00:00 AM"
"74802","1","6/20/2014 12:00:00 AM"
"74803","1","6/20/2014 12:00:00 AM"
"74804","1","6/20/2014 12:00:00 AM"
"74805","1","6/20/2014 12:00:00 AM"
"74806","1","6/20/2014 12:00:00 AM"
"74806","10","6/20/2014 12:00:00 AM"
"74807","1","6/20/2014 12:00:00 AM"
"74807","10","6/20/2014 12:00:00 AM"
"74808","1","6/20/2014 12:00:00 AM"
"74809","1","6/20/2014 12:00:00 AM"
"74810","1","6/20/2014 12:00:00 AM"
"74811","1","6/21/2014 12:00:00 AM"
"74812","1","6/21/2014 12:00:00 AM"
"74813","1","6/21/2014 12:00:00 AM"
"74814","4","6/21/2014 12:00:00 AM"
"74815","1","6/21/2014 12:00:00 AM"
"74816","1","6/21/2014 12:00:00 AM"
"74817","1","6/21/2014 12:00:00 AM"
"74819","1","6/21/2014 12:00:00 AM"
"74820","1","6/21/2014 12:00:00 AM"
"74821","1","6/21/2014 12:00:00 AM"
"74822","1","6/21/2014 12:00:00 AM"
"74824","1","6/21/2014 12:00:00 AM"
"74825","1","6/21/2014 12:00:00 AM"
"74826","1","6/21/2014 12:00:00 AM"
"74827","1","6/21/2014 12:00:00 AM"
"74827","10","6/21/2014 12:00:00 AM"
"74828","1","6/21/2014 12:00:00 AM"
"74829","1","6/21/2014 12:00:00 AM"
"74830","1","6/21/2014 12:00:00 AM"
"74831","1","6/21/2014 12:00:00 AM"
"74832","1","6/21/2014 12:00:00 AM"
"74833","1","6/21/2014 12:00:00 AM"
"74834","1","6/21/2014 12:00:00 AM"
"74835","1","6/21/2014 12:00:00 AM"
"74836","1","6/21/2014 12:00:00 AM"
"74837","1","6/21/2014 12:00:00 AM"
"74838","1","6/21/2014 12:00:00 AM"
"74839","1","6/21/2014 12:00:00 AM"
"74840","1","6/21/2014 12:00:00 AM"
"74841","1","6/21/2014 12:00:00 AM"
"74842","1","6/21/2014 12:00:00 AM"
"74843","1","6/22/2014 12:00:00 AM"
"74844","1","6/22/2014 12:00:00 AM"
"74845","1","6/22/2014 12:00:00 AM"
"74847","1","6/22/2014 12:00:00 AM"
"74848","1","6/22/2014 12:00:00 AM"
"74849","1","6/22/2014 12:00:00 AM"
"74850","1","6/22/2014 12:00:00 AM"
"74851","1","6/22/2014 12:00:00 AM"
"74853","1","6/22/2014 12:00:00 AM"
"74854","1","6/22/2014 12:00:00 AM"
"74854","10","6/22/2014 12:00:00 AM"
"74855","1","6/22/2014 12:00:00 AM"
"74856","1","6/22/2014 12:00:00 AM"
"74857","1","6/22/2014 12:00:00 AM"
"74858","1","6/22/2014 12:00:00 AM"
"74859","1","6/22/2014 12:00:00 AM"
"74860","1","6/22/2014 12:00:00 AM"
"74861","1","6/22/2014 12:00:00 AM"
"74862","1","6/22/2014 12:00:00 AM"
"74863","1","6/22/2014 12:00:00 AM"
"74864","1","6/22/2014 12:00:00 AM"
"74865","1","6/22/2014 12:00:00 AM"
"74866","1","6/22/2014 12:00:00 AM"
"74867","1","6/22/2014 12:00:00 AM"
"74868","1","6/22/2014 12:00:00 AM"
"74869","1","6/22/2014 12:00:00 AM"
"74870","1","6/22/2014 12:00:00 AM"
"74871","1","6/22/2014 12:00:00 AM"
"74872","1","6/22/2014 12:00:00 AM"
"74873","4","6/23/2014 12:00:00 AM"
"74874","1","6/23/2014 12:00:00 AM"
"74874","10","6/23/2014 12:00:00 AM"
"74875","1","6/23/2014 12:00:00 AM"
"74876","1","6/23/2014 12:00:00 AM"
"74877","1","6/23/2014 12:00:00 AM"
"74878","4","6/23/2014 12:00:00 AM"
"74880","1","6/23/2014 12:00:00 AM"
"74881","1","6/23/2014 12:00:00 AM"
"74882","1","6/23/2014 12:00:00 AM"
"74883","1","6/23/2014 12:00:00 AM"
"74884","1","6/23/2014 12:00:00 AM"
"74885","1","6/23/2014 12:00:00 AM"
"74886","1","6/23/2014 12:00:00 AM"
"74887","1","6/23/2014 12:00:00 AM"
"74888","1","6/23/2014 12:00:00 AM"
"74889","1","6/23/2014 12:00:00 AM"
"74890","1","6/23/2014 12:00:00 AM"
"74891","1","6/23/2014 12:00:00 AM"
"74891","10","6/23/2014 12:00:00 AM"
"74892","1","6/23/2014 12:00:00 AM"
"74893","1","6/23/2014 12:00:00 AM"
"74894","6","6/23/2014 12:00:00 AM"
"74895","6","6/23/2014 12:00:00 AM"
"74896","6","6/23/2014 12:00:00 AM"
"74897","1","6/23/2014 12:00:00 AM"
"74898","1","6/23/2014 12:00:00 AM"
"74899","1","6/23/2014 12:00:00 AM"
"74900","1","6/23/2014 12:00:00 AM"
"74901","1","6/23/2014 12:00:00 AM"
"74902","1","6/23/2014 12:00:00 AM"
"74902","10","6/23/2014 12:00:00 AM"
"74903","1","6/23/2014 12:00:00 AM"
"74904","1","6/23/2014 12:00:00 AM"
"74905","1","6/23/2014 12:00:00 AM"
"74906","1","6/23/2014 12:00:00 AM"
"74907","1","6/23/2014 12:00:00 AM"
"74908","1","6/23/2014 12:00:00 AM"
"74909","1","6/23/2014 12:00:00 AM"
"74909","10","6/23/2014 12:00:00 AM"
"74910","1","6/23/2014 12:00:00 AM"
"74911","1","6/23/2014 12:00:00 AM"
"74912","1","6/23/2014 12:00:00 AM"
"74912","10","6/23/2014 12:00:00 AM"
"74913","1","6/24/2014 12:00:00 AM"
"74913","10","6/24/2014 12:00:00 AM"
"74914","1","6/24/2014 12:00:00 AM"
"74915","1","6/24/2014 12:00:00 AM"
"74916","1","6/24/2014 12:00:00 AM"
"74917","4","6/24/2014 12:00:00 AM"
"74918","1","6/24/2014 12:00:00 AM"
"74919","4","6/24/2014 12:00:00 AM"
"74920","1","6/24/2014 12:00:00 AM"
"74920","10","6/24/2014 12:00:00 AM"
"74921","1","6/24/2014 12:00:00 AM"
"74922","1","6/24/2014 12:00:00 AM"
"74923","1","6/24/2014 12:00:00 AM"
"74924","4","6/24/2014 12:00:00 AM"
"74924","10","6/24/2014 12:00:00 AM"
"74925","1","6/24/2014 12:00:00 AM"
"74927","1","6/24/2014 12:00:00 AM"
"74928","1","6/24/2014 12:00:00 AM"
"74929","1","6/24/2014 12:00:00 AM"
"74930","6","6/24/2014 12:00:00 AM"
"74931","1","6/24/2014 12:00:00 AM"
"74932","1","6/24/2014 12:00:00 AM"
"74933","1","6/24/2014 12:00:00 AM"
"74933","10","6/24/2014 12:00:00 AM"
"74934","1","6/24/2014 12:00:00 AM"
"74935","4","6/24/2014 12:00:00 AM"
"74936","1","6/24/2014 12:00:00 AM"
"74937","1","6/25/2014 12:00:00 AM"
"74938","1","6/25/2014 12:00:00 AM"
"74939","1","6/25/2014 12:00:00 AM"
"74939","10","6/25/2014 12:00:00 AM"
"74940","4","6/25/2014 12:00:00 AM"
"74941","1","6/25/2014 12:00:00 AM"
"74942","1","6/25/2014 12:00:00 AM"
"74943","1","6/25/2014 12:00:00 AM"
"74944","1","6/25/2014 12:00:00 AM"
"74945","1","6/25/2014 12:00:00 AM"
"74946","1","6/25/2014 12:00:00 AM"
"74947","1","6/25/2014 12:00:00 AM"
"74948","1","6/25/2014 12:00:00 AM"
"74949","1","6/25/2014 12:00:00 AM"
"74950","1","6/25/2014 12:00:00 AM"
"74951","1","6/25/2014 12:00:00 AM"
"74952","1","6/25/2014 12:00:00 AM"
"74953","1","6/25/2014 12:00:00 AM"
"74954","1","6/25/2014 12:00:00 AM"
"74955","1","6/25/2014 12:00:00 AM"
"74956","1","6/25/2014 12:00:00 AM"
"74957","1","6/25/2014 12:00:00 AM"
"74958","1","6/25/2014 12:00:00 AM"
"74959","1","6/25/2014 12:00:00 AM"
"74960","1","6/25/2014 12:00:00 AM"
"74961","1","6/25/2014 12:00:00 AM"
"74962","1","6/25/2014 12:00:00 AM"
"74963","1","6/25/2014 12:00:00 AM"
"74964","1","6/25/2014 12:00:00 AM"
"74965","1","6/25/2014 12:00:00 AM"
"74966","1","6/25/2014 12:00:00 AM"
"74967","1","6/25/2014 12:00:00 AM"
"74968","1","6/25/2014 12:00:00 AM"
"74969","1","6/26/2014 12:00:00 AM"
"74970","1","6/26/2014 12:00:00 AM"
"74971","1","6/26/2014 12:00:00 AM"
"74972","6","6/26/2014 12:00:00 AM"
"74973","1","6/26/2014 12:00:00 AM"
"74974","4","6/26/2014 12:00:00 AM"
"74975","1","6/26/2014 12:00:00 AM"
"74976","1","6/26/2014 12:00:00 AM"
"74977","1","6/26/2014 12:00:00 AM"
"74977","10","6/26/2014 12:00:00 AM"
"74978","1","6/26/2014 12:00:00 AM"
"74979","1","6/26/2014 12:00:00 AM"
"74980","1","6/26/2014 12:00:00 AM"
"74981","1","6/26/2014 12:00:00 AM"
"74982","1","6/26/2014 12:00:00 AM"
"74983","1","6/26/2014 12:00:00 AM"
"74984","1","6/26/2014 12:00:00 AM"
"74985","1","6/26/2014 12:00:00 AM"
"74986","1","6/26/2014 12:00:00 AM"
"74987","1","6/26/2014 12:00:00 AM"
"74988","1","6/26/2014 12:00:00 AM"
"74989","1","6/26/2014 12:00:00 AM"
"74989","10","6/26/2014 12:00:00 AM"
"74990","1","6/26/2014 12:00:00 AM"
"74991","1","6/26/2014 12:00:00 AM"
"74992","1","6/26/2014 12:00:00 AM"
"74993","1","6/26/2014 12:00:00 AM"
"74994","1","6/26/2014 12:00:00 AM"
"74995","1","6/26/2014 12:00:00 AM"
"74996","1","6/26/2014 12:00:00 AM"
"74997","1","6/26/2014 12:00:00 AM"
"74998","1","6/27/2014 12:00:00 AM"
"74999","1","6/27/2014 12:00:00 AM"
"75000","1","6/27/2014 12:00:00 AM"
"75001","1","6/27/2014 12:00:00 AM"
"75002","4","6/27/2014 12:00:00 AM"
"75003","1","6/27/2014 12:00:00 AM"
"75004","1","6/27/2014 12:00:00 AM"
"75005","1","6/27/2014 12:00:00 AM"
"75006","1","6/27/2014 12:00:00 AM"
"75007","1","6/27/2014 12:00:00 AM"
"75008","1","6/27/2014 12:00:00 AM"
"75008","10","6/27/2014 12:00:00 AM"
"75009","1","6/27/2014 12:00:00 AM"
"75010","4","6/27/2014 12:00:00 AM"
"75011","4","6/27/2014 12:00:00 AM"
"75012","1","6/27/2014 12:00:00 AM"
"75014","1","6/27/2014 12:00:00 AM"
"75015","1","6/27/2014 12:00:00 AM"
"75016","1","6/27/2014 12:00:00 AM"
"75017","1","6/27/2014 12:00:00 AM"
"75017","10","6/27/2014 12:00:00 AM"
"75018","1","6/27/2014 12:00:00 AM"
"75019","1","6/27/2014 12:00:00 AM"
"75020","1","6/27/2014 12:00:00 AM"
"75021","1","6/27/2014 12:00:00 AM"
"75022","1","6/27/2014 12:00:00 AM"
"75023","1","6/27/2014 12:00:00 AM"
"75024","1","6/27/2014 12:00:00 AM"
"75025","1","6/27/2014 12:00:00 AM"
"75026","1","6/27/2014 12:00:00 AM"
"75027","1","6/27/2014 12:00:00 AM"
"75028","1","6/27/2014 12:00:00 AM"
"75029","1","6/27/2014 12:00:00 AM"
"75030","1","6/28/2014 12:00:00 AM"
"75031","1","6/28/2014 12:00:00 AM"
"75032","1","6/28/2014 12:00:00 AM"
"75033","1","6/28/2014 12:00:00 AM"
"75034","1","6/28/2014 12:00:00 AM"
"75034","10","6/28/2014 12:00:00 AM"
"75035","1","6/28/2014 12:00:00 AM"
"75036","1","6/28/2014 12:00:00 AM"
"75037","1","6/28/2014 12:00:00 AM"
"75038","1","6/28/2014 12:00:00 AM"
"75039","1","6/28/2014 12:00:00 AM"
"75040","1","6/28/2014 12:00:00 AM"
"75041","1","6/28/2014 12:00:00 AM"
"75042","1","6/28/2014 12:00:00 AM"
"75043","6","6/28/2014 12:00:00 AM"
"75044","1","6/28/2014 12:00:00 AM"
"75046","6","6/28/2014 12:00:00 AM"
"75047","1","6/28/2014 12:00:00 AM"
"75048","1","6/28/2014 12:00:00 AM"
"75049","1","6/28/2014 12:00:00 AM"
"75050","1","6/28/2014 12:00:00 AM"
"75051","1","6/28/2014 12:00:00 AM"
"75052","1","6/28/2014 12:00:00 AM"
"75053","1","6/28/2014 12:00:00 AM"
"75054","1","6/28/2014 12:00:00 AM"
"75055","1","6/28/2014 12:00:00 AM"
"75056","4","6/28/2014 12:00:00 AM"
"75057","1","6/28/2014 12:00:00 AM"
"75058","1","6/28/2014 12:00:00 AM"
"75059","1","6/28/2014 12:00:00 AM"
"75059","10","6/28/2014 12:00:00 AM"
"75060","1","6/28/2014 12:00:00 AM"
"75061","1","6/29/2014 12:00:00 AM"
"75062","1","6/29/2014 12:00:00 AM"
"75063","1","6/29/2014 12:00:00 AM"
"75063","10","6/29/2014 12:00:00 AM"
"75064","1","6/29/2014 12:00:00 AM"
"75065","4","6/29/2014 12:00:00 AM"
"75065","10","6/29/2014 12:00:00 AM"
"75066","1","6/29/2014 12:00:00 AM"
"75067","1","6/29/2014 12:00:00 AM"
"75068","1","6/29/2014 12:00:00 AM"
"75069","1","6/29/2014 12:00:00 AM"
"75070","1","6/29/2014 12:00:00 AM"
"75071","1","6/29/2014 12:00:00 AM"
"75071","10","6/29/2014 12:00:00 AM"
"75072","1","6/29/2014 12:00:00 AM"
"75073","1","6/29/2014 12:00:00 AM"
"75074","1","6/29/2014 12:00:00 AM"
"75075","1","6/29/2014 12:00:00 AM"
"75076","1","6/29/2014 12:00:00 AM"
"75077","1","6/29/2014 12:00:00 AM"
"75078","1","6/29/2014 12:00:00 AM"
"75079","1","6/29/2014 12:00:00 AM"
"75081","1","6/29/2014 12:00:00 AM"
"75082","1","6/29/2014 12:00:00 AM"
"75083","1","6/29/2014 12:00:00 AM"
"75084","6","6/30/2014 12:00:00 AM"
"75085","1","6/30/2014 12:00:00 AM"
"75086","1","6/30/2014 12:00:00 AM"
"75086","10","6/30/2014 12:00:00 AM"
"75087","4","6/30/2014 12:00:00 AM"
"75088","1","6/30/2014 12:00:00 AM"
"75088","10","6/30/2014 12:00:00 AM"
"75089","1","6/30/2014 12:00:00 AM"
"75090","1","6/30/2014 12:00:00 AM"
"75091","1","6/30/2014 12:00:00 AM"
"75092","1","6/30/2014 12:00:00 AM"
"75093","1","6/30/2014 12:00:00 AM"
"75094","1","6/30/2014 12:00:00 AM"
"75094","10","6/30/2014 12:00:00 AM"
"75095","4","6/30/2014 12:00:00 AM"
"75096","1","6/30/2014 12:00:00 AM"
"75097","1","6/30/2014 12:00:00 AM"
"75098","1","6/30/2014 12:00:00 AM"
"75099","1","6/30/2014 12:00:00 AM"
"75099","10","6/30/2014 12:00:00 AM"
"75100","1","6/30/2014 12:00:00 AM"
"75102","1","6/30/2014 12:00:00 AM"
"75103","1","6/30/2014 12:00:00 AM"
"75104","1","6/30/2014 12:00:00 AM"
"75105","1","6/30/2014 12:00:00 AM"
"75106","1","6/30/2014 12:00:00 AM"
"75107","1","6/30/2014 12:00:00 AM"
"75107","10","6/30/2014 12:00:00 AM"
"75108","1","6/30/2014 12:00:00 AM"
"75109","1","6/30/2014 12:00:00 AM"
"75110","1","6/30/2014 12:00:00 AM"
"75111","1","6/30/2014 12:00:00 AM"
"75111","10","6/30/2014 12:00:00 AM"
"75112","1","6/30/2014 12:00:00 AM"
"75113","1","6/30/2014 12:00:00 AM"
"75114","1","6/30/2014 12:00:00 AM"
"75115","1","6/30/2014 12:00:00 AM"
"75116","1","6/30/2014 12:00:00 AM"
"75117","1","6/30/2014 12:00:00 AM"
"75118","1","6/30/2014 12:00:00 AM"
"75119","1","6/30/2014 12:00:00 AM"
"75120","1","6/30/2014 12:00:00 AM"
"75121","1","6/30/2014 12:00:00 AM"
"75122","1","6/30/2014 12:00:00 AM"
"75123","1","6/30/2014 12:00:00 AM"
